{
  "timestamp": "20260520_101431",
  "val_accuracy": 0.8925657298277425,
  "val_f1": 0.8925170068027211,
  "best_combo": [
    "MLP",
    "LGBM"
  ],
  "best_weights": [
    0.2,
    0.8
  ],
  "best_threshold": 0.39999999999999997,
  "val_auc": 0.9541701565581052
}