Model,F1,AUC
Random Forest (comb),0.8817802503477051,0.943949946120734
Logistic Regression (comb),0.8728929384965831,0.935413103141601
Fine-tuned ESM2+PEPE,0.8648018648018648,0.9379598788747823
