motif,k,n_sequences,n_toxic,toxic_fraction,background,p_value,p_bonferroni,p_bh
CC,2,2238,2179,0.9736371760500446,0.5,0.0,0.0,0.0
CS,2,1404,1222,0.8703703703703703,0.5,2.483367979543184e-189,9.933471918172737e-187,4.966735959086369e-187
CR,2,762,680,0.8923884514435696,0.5,4.476656648622849e-118,1.7906626594491398e-115,5.968875531497133e-116
GC,2,1214,994,0.8187808896210873,0.5,8.675951532495749e-118,3.4703806129982996e-115,8.675951532495748e-116
PC,2,936,803,0.8579059829059829,0.5,2.201243876956948e-117,8.804975507827792e-115,1.7609951015655584e-115
CG,2,1178,950,0.8064516129032258,0.5,4.340836015923741e-105,1.7363344063694964e-102,2.893890677282494e-103
DC,2,717,631,0.8800557880055788,0.5,2.562868706727964e-103,1.0251474826911855e-100,1.4644964038445506e-101
EC,2,652,580,0.8895705521472392,0.5,1.4361407313089765e-99,5.744562925235906e-97,7.180703656544883e-98
AC,2,787,675,0.8576874205844981,0.5,8.276923889688818e-99,3.310769555875527e-96,3.678632839861697e-97
CN,2,609,541,0.8883415435139573,0.5,2.0103305543276017e-92,8.041322217310407e-90,8.041322217310406e-91
WC,2,380,365,0.9605263157894737,0.5,2.4347079254345957e-88,9.738831701738382e-86,8.85348336521671e-87
CT,2,737,622,0.8439620081411127,0.5,5.534312731141545e-85,2.213725092456618e-82,1.80464138201119e-83
CP,2,648,560,0.8641975308641975,0.5,5.865084491536369e-85,2.3460337966145474e-82,1.80464138201119e-83
RC,2,624,543,0.8701923076923077,0.5,6.548443900311745e-85,2.6193775601246978e-82,1.8709839715176414e-83
SC,2,907,720,0.7938257993384785,0.5,2.22749514568499e-74,8.909980582739961e-72,5.939987055159974e-73
CD,2,514,452,0.8793774319066148,0.5,3.5608562866139404e-74,1.4243425146455762e-71,8.902140716534851e-73
VC,2,818,660,0.8068459657701712,0.5,1.1752380109142047e-73,4.7009520436568185e-71,2.765265908033423e-72
LC,2,691,573,0.829232995658466,0.5,1.4754500596330573e-72,5.90180023853223e-70,3.278777910295683e-71
TC,2,680,548,0.8058823529411765,0.5,4.4199847946109606e-61,1.7679939178443842e-58,9.305231146549391e-60
YC,2,491,419,0.8533604887983707,0.5,1.4731016718574818e-60,5.8924066874299274e-58,2.9462033437149634e-59
KC,2,692,555,0.8020231213872833,0.5,1.7021167802276437e-60,6.808467120910576e-58,3.2421272004336074e-59
CK,2,865,664,0.7676300578034682,0.5,1.695623340896804e-58,6.782493363587215e-56,3.0829515289032797e-57
CH,2,347,313,0.9020172910662824,0.5,1.1704191205439167e-57,4.6816764821756666e-55,2.0355115139894203e-56
CA,2,634,505,0.7965299684542587,0.5,1.8468150149950298e-53,7.38726005998012e-51,3.0780250249917164e-52
CE,2,426,363,0.852112676056338,0.5,2.5337807024012004e-52,1.0135122809604801e-49,4.0540491238419207e-51
CI,2,563,453,0.8046181172291297,0.5,2.18154756507383e-50,8.726190260295319e-48,3.3562270231905074e-49
IC,2,549,439,0.7996357012750456,0.5,1.653788609841461e-47,6.615154439365844e-45,2.4500571997651273e-46
FC,2,530,425,0.8018867924528302,0.5,1.2343256916983152e-46,4.937302766793261e-44,1.7633224167118786e-45
NC,2,363,309,0.8512396694214877,0.5,1.5084158797947004e-44,6.033663519178801e-42,2.080573627303035e-43
CL,2,588,458,0.7789115646258503,0.5,8.7516837200235e-44,3.5006734880094e-41,1.1668911626698001e-42
HC,2,266,239,0.8984962406015038,0.5,1.3191974964195752e-43,5.276789985678301e-41,1.702190317960742e-42
CV,2,657,494,0.7519025875190258,0.5,1.2770299202365096e-39,5.108119680946039e-37,1.596287400295637e-38
CF,2,425,341,0.8023529411764706,0.5,8.467313930900893e-38,3.3869255723603575e-35,1.0263410825334415e-36
HP,2,465,364,0.7827956989247312,0.5,6.33560775152326e-36,2.534243100609304e-33,7.453656178262659e-35
MC,2,206,187,0.9077669902912622,0.5,6.940370625252511e-36,2.7761482501010045e-33,7.931852143145728e-35
CY,2,532,406,0.7631578947368421,0.5,2.5055844173410845e-35,1.0022337669364338e-32,2.7839826859345387e-34
NP,2,594,443,0.7457912457912458,0.5,3.092820825221972e-34,1.2371283300887888e-31,3.3435900813210504e-33
CW,2,177,163,0.9209039548022598,0.5,2.2867541893667074e-33,9.14701675746683e-31,2.4071096730175866e-32
CQ,2,287,241,0.8397212543554007,0.5,4.593717490068294e-33,1.8374869960273174e-30,4.7115051180187625e-32
LA,2,1097,352,0.32087511394712853,0.5,5.317659816925837e-33,2.1270639267703347e-30,5.317659816925836e-32
QC,2,357,286,0.8011204481792717,0.5,1.0504245498323128e-31,4.201698199329251e-29,1.024804438860793e-30
TL,2,728,214,0.29395604395604397,0.5,2.41081685464201e-29,9.64326741856804e-27,2.2960160520400095e-28
VV,2,677,197,0.29098966026587886,0.5,3.648559875161922e-28,1.4594239500647687e-25,3.394009186197137e-27
ME,2,285,53,0.18596491228070175,0.5,7.1187576623430215e-28,2.847503064937209e-25,6.471597874857292e-27
EV,2,482,123,0.2551867219917012,0.5,7.869201039357145e-28,3.147680415742858e-25,6.994845368317463e-27
LV,2,959,312,0.32533889468196037,0.5,1.1712752327670455e-27,4.685100931068182e-25,1.0185002024061265e-26
VL,2,896,288,0.32142857142857145,0.5,4.564095989603353e-27,1.825638395841341e-24,3.884337012428385e-26
EA,2,549,153,0.2786885245901639,0.5,8.032130342279063e-26,3.212852136911625e-23,6.693441951899219e-25
VE,2,369,92,0.24932249322493225,0.5,1.1809110294575996e-22,4.723644117830398e-20,9.640090036388568e-22
AV,2,738,237,0.32113821138211385,0.5,1.2742622663002146e-22,5.0970490652008584e-20,1.0194098130401717e-21
VS,2,595,182,0.3058823529411765,0.5,1.2729328827122487e-21,5.091731530848995e-19,9.983787315390185e-21
CM,2,163,139,0.852760736196319,0.5,6.921990662020086e-21,2.7687962648080345e-18,5.324608201553912e-20
AL,2,1345,507,0.3769516728624535,0.5,1.514299158426321e-19,6.057196633705284e-17,1.1428672893783555e-18
LD,2,549,170,0.30965391621129323,0.5,2.5196046442531317e-19,1.0078418577012527e-16,1.866373810557875e-18
QL,2,417,119,0.2853717026378897,0.5,8.236146237220227e-19,3.294458494888091e-16,5.989924536160165e-18
LI,2,911,325,0.3567508232711306,0.5,4.1854901704582285e-18,1.6741960681832914e-15,2.9896358360415913e-17
AE,2,566,182,0.3215547703180212,0.5,1.3368981063685282e-17,5.347592425474113e-15,9.381741097323006e-17
QV,2,244,57,0.2336065573770492,0.5,2.4475213494629977e-17,9.79008539785199e-15,1.6879457582503434e-16
LT,2,680,232,0.3411764705882353,0.5,9.166225363723526e-17,3.6664901454894104e-14,6.214390077100696e-16
MR,2,207,45,0.21739130434782608,0.5,1.0542698300415469e-16,4.217079320166188e-14,7.028465533610313e-16
LL,2,1366,530,0.38799414348462663,0.5,1.1644083207441602e-16,4.657633282976641e-14,7.635464398322362e-16
FT,2,363,105,0.2892561983471074,0.5,5.466942638190188e-16,2.186777055276075e-13,3.5270597665743145e-15
VA,2,798,288,0.3609022556390977,0.5,3.4371327893787123e-15,1.374853115751485e-12,2.182306532938865e-14
LF,2,744,265,0.35618279569892475,0.5,3.749283146817123e-15,1.4997132587268493e-12,2.343301966760702e-14
YV,2,271,72,0.2656826568265683,0.5,6.123013838005352e-15,2.4492055352021408e-12,3.7680085156956014e-14
IT,2,480,155,0.3229166666666667,0.5,6.397971103154997e-15,2.559188441261999e-12,3.8775582443363615e-14
YI,2,252,65,0.25793650793650796,0.5,7.263346913098864e-15,2.9053387652395454e-12,4.3363265152829037e-14
IY,2,208,49,0.23557692307692307,0.5,9.380127233588239e-15,3.752050893435296e-12,5.5177219021107286e-14
PP,2,725,466,0.6427586206896552,0.5,1.3314148702514994e-14,5.325659481005998e-12,7.62274637430808e-14
AI,2,739,265,0.35859269282814615,0.5,1.333980615503914e-14,5.335922462015656e-12,7.62274637430808e-14
AD,2,499,164,0.3286573146292585,0.5,1.520462090392906e-14,6.081848361571624e-12,8.565983607847358e-14
VT,2,497,165,0.3319919517102616,0.5,5.605092027848723e-14,2.2420368111394892e-11,3.113940015471513e-13
TF,2,427,137,0.32084309133489464,0.5,1.0396807541205594e-13,4.158723016482237e-11,5.696880844496216e-13
IA,2,809,299,0.3695920889987639,0.5,1.1284177654515837e-13,4.513671061806335e-11,6.09955548892748e-13
II,2,589,206,0.34974533106960953,0.5,2.7383883748074393e-13,1.0953553499229757e-10,1.4604737998973009e-12
VQ,2,273,77,0.28205128205128205,0.5,3.904606444692048e-13,1.5618425778768193e-10,2.0550560235221304e-12
VF,2,404,130,0.3217821782178218,0.5,6.439160268213617e-13,2.575664107285447e-10,3.3450183211499307e-12
FS,2,416,135,0.3245192307692308,0.5,6.816873181335059e-13,2.726749272534024e-10,3.4958324006846457e-12
LQ,2,406,131,0.3226600985221675,0.5,7.373771261147625e-13,2.94950850445905e-10,3.733555068935506e-12
FE,2,219,57,0.2602739726027397,0.5,7.554853454263772e-13,3.021941381705509e-10,3.777426727131886e-12
DA,2,444,147,0.3310810810810811,0.5,9.396782378738962e-13,3.758712951495585e-10,4.6403863598710925e-12
GK,2,1112,675,0.6070143884892086,0.5,9.751451595038282e-13,3.9005806380153126e-10,4.7093795107915635e-12
VY,2,356,111,0.31179775280898875,0.5,9.771962484892493e-13,3.908784993956997e-10,4.7093795107915635e-12
IE,2,331,101,0.30513595166163143,0.5,1.029969762451045e-12,4.11987904980418e-10,4.904617916433548e-12
AQ,2,346,108,0.31213872832369943,0.5,2.2507500077360284e-12,9.003000030944114e-10,1.0591764742287193e-11
RI,2,408,134,0.3284313725490196,0.5,3.663746063674207e-12,1.4654984254696827e-09,1.7040679365926545e-11
EQ,2,282,83,0.29432624113475175,0.5,3.727946756543269e-12,1.4911787026173074e-09,1.7139985087555258e-11
ML,2,317,97,0.305993690851735,0.5,3.927476741335393e-12,1.5709906965341573e-09,1.785216700606997e-11
TE,2,284,84,0.29577464788732394,0.5,4.480459616449765e-12,1.792183846579906e-09,2.0136897152583212e-11
VI,2,571,203,0.3555166374781086,0.5,4.819308250993846e-12,1.9277233003975383e-09,2.141914778219487e-11
LE,2,512,178,0.34765625,0.5,5.088904266167692e-12,2.0355617064670768e-09,2.2368809961176666e-11
IL,2,858,328,0.3822843822843823,0.5,5.4486593535190585e-12,2.1794637414076235e-09,2.3689823276169818e-11
MD,2,184,46,0.25,0.5,7.0891076523441896e-12,2.8356430609376757e-09,3.0490785601480386e-11
QA,2,334,105,0.3143712574850299,0.5,9.858315950426322e-12,3.9433263801705285e-09,4.195028064011201e-11
TI,2,476,164,0.3445378151260504,0.5,1.1059133801407597e-11,4.423653520563039e-09,4.656477390066357e-11
NI,2,374,123,0.32887700534759357,0.5,3.325640340785134e-11,1.3302561363140537e-08,1.3856834753271393e-10
QD,2,224,63,0.28125,0.5,4.47700876962718e-11,1.790803507850872e-08,1.8461891833514144e-10
DF,2,312,99,0.3173076923076923,0.5,9.862044820441429e-11,3.944817928176571e-08,4.0253244165067057e-10
RV,2,444,154,0.34684684684684686,0.5,1.0703987575189872e-10,4.281595030075949e-08,4.3248434647231807e-10
MV,2,258,78,0.3023255813953488,0.5,1.8784873513020997e-10,7.513949405208399e-08,7.513949405208399e-10
SI,2,504,182,0.3611111111111111,0.5,4.638662122218354e-10,1.8554648488873415e-07,1.8370939097894471e-09
TA,2,594,221,0.3720538720538721,0.5,4.69769870647278e-10,1.879079482589112e-07,1.8422347868520705e-09
SL,2,905,359,0.3966850828729282,0.5,5.491509763834997e-10,2.1966039055339988e-07,2.132625151003882e-09
AF,2,433,152,0.3510392609699769,0.5,5.779180716535066e-10,2.3116722866140266e-07,2.2186301709071147e-09
LS,2,898,356,0.39643652561247217,0.5,5.823904198631176e-10,2.3295616794524706e-07,2.2186301709071147e-09
EL,2,618,232,0.37540453074433655,0.5,6.176203194947436e-10,2.4704812779789743e-07,2.330642715074504e-09
TV,2,565,209,0.36991150442477877,0.5,6.559256185264133e-10,2.623702474105653e-07,2.452058387014629e-09
IS,2,581,216,0.3717728055077453,0.5,6.693049964021594e-10,2.677219985608638e-07,2.4789073940820716e-09
RE,2,453,161,0.3554083885209713,0.5,7.748617866515504e-10,3.0994471466062014e-07,2.8435294922992672e-09
IF,2,462,165,0.35714285714285715,0.5,8.48334135733645e-10,3.39333654293458e-07,3.0848514026678e-09
KH,2,295,200,0.6779661016949152,0.5,9.413974720985514e-10,3.7655898883942057e-07,3.3924233228776626e-09
AS,2,749,291,0.3885180240320427,0.5,1.128401301113391e-09,4.5136052044535644e-07,4.030004646833539e-09
YL,2,333,111,0.3333333333333333,0.5,1.1759267854587065e-09,4.7037071418348263e-07,4.162572691889227e-09
YF,2,235,71,0.3021276595744681,0.5,1.1986892181568054e-09,4.794756872627221e-07,4.2059270812519494e-09
ID,2,396,138,0.3484848484848485,0.5,1.6888742621633924e-09,6.755497048653569e-07,5.874345259698757e-09
ET,2,407,143,0.35135135135135137,0.5,2.080083214662957e-09,8.320332858651828e-07,7.172700740217093e-09
FQ,2,167,45,0.2694610778443114,0.5,2.125851535615673e-09,8.503406142462692e-07,7.267868497831361e-09
ER,2,328,110,0.3353658536585366,0.5,2.5062449269601254e-09,1.00249797078405e-06,8.49574551511907e-09
FD,2,262,83,0.31679389312977096,0.5,2.9431829838359163e-09,1.1772731935343666e-06,9.893052046507282e-09
WW,2,86,70,0.813953488372093,0.5,3.2063803510815303e-09,1.2825521404326122e-06,1.0687934503605101e-08
TQ,2,234,73,0.31196581196581197,0.5,8.701698847637693e-09,3.480679539055077e-06,2.876594660376097e-08
ES,2,507,189,0.3727810650887574,0.5,1.0993922126218403e-08,4.397568850487361e-06,3.604564631547018e-08
SH,2,310,205,0.6612903225806451,0.5,1.4205143081211174e-08,5.68205723248447e-06,4.61955872559713e-08
RA,2,411,148,0.36009732360097324,0.5,1.5214514648094185e-08,6.085805859237674e-06,4.907907950998124e-08
AY,2,270,89,0.3296296296296296,0.5,2.2575435560775137e-08,9.030174224310055e-06,7.224139379448044e-08
IV,2,608,235,0.38651315789473684,0.5,2.4154594881238507e-08,9.661837952495402e-06,7.668125359123335e-08
FV,2,418,152,0.36363636363636365,0.5,2.6906240801014286e-08,1.0762496320405714e-05,8.474406551500562e-08
WA,2,155,43,0.27741935483870966,0.5,2.8064874546953347e-08,1.1225949818781338e-05,8.77027329592292e-08
VR,2,406,147,0.3620689655172414,0.5,2.9741395750053592e-08,1.1896558300021437e-05,9.222138217070881e-08
FA,2,491,184,0.37474541751527496,0.5,3.133561388684986e-08,1.2534245554739943e-05,9.641727349799955e-08
KW,2,149,108,0.7248322147651006,0.5,3.818342534747489e-08,1.5273370138989955e-05,1.159275047167139e-07
VM,2,167,48,0.2874251497005988,0.5,3.825607655651559e-08,1.5302430622606235e-05,1.159275047167139e-07
SF,2,383,138,0.360313315926893,0.5,5.01710289326337e-08,2.0068411573053482e-05,1.5089031257934948e-07
MN,2,148,41,0.27702702702702703,0.5,5.564457739264457e-08,2.225783095705783e-05,1.6610321609744646e-07
MK,2,252,83,0.32936507936507936,0.5,6.458061346098725e-08,2.58322453843949e-05,1.9134996581033258e-07
EI,2,437,162,0.3707093821510298,0.5,7.176830917553954e-08,2.8707323670215814e-05,2.1108326228099864e-07
PG,2,778,464,0.596401028277635,0.5,8.420547236269277e-08,3.368218894507711e-05,2.458553937596869e-07
LN,2,497,189,0.38028169014084506,0.5,1.0520113307858481e-07,4.208045323143393e-05,3.0493082051763716e-07
SV,2,558,216,0.3870967741935484,0.5,1.0759395727220686e-07,4.3037582908882744e-05,3.0958174066968776e-07
SQ,2,352,126,0.35795454545454547,0.5,1.0887574498417385e-07,4.355029799366954e-05,3.0958174066968776e-07
LR,2,670,266,0.3970149253731343,0.5,1.0912756358606493e-07,4.3651025434425974e-05,3.0958174066968776e-07
AR,2,537,207,0.3854748603351955,0.5,1.2438348151486147e-07,4.9753392605944584e-05,3.503760042672154e-07
PA,2,802,476,0.5935162094763092,0.5,1.3192979665914393e-07,5.277191866365757e-05,3.6903439624935366e-07
MT,2,163,48,0.294478527607362,0.5,1.589263267596854e-07,6.357053070387416e-05,4.414620187769039e-07
PR,2,557,217,0.3895870736086176,0.5,2.108005615455573e-07,8.432022461822293e-05,5.815187904705029e-07
DV,2,471,179,0.38004246284501064,0.5,2.164971305568142e-07,8.659885222272568e-05,5.931428234433267e-07
GW,2,332,213,0.641566265060241,0.5,2.7904031880010164e-07,0.00011161612752004065,7.592933844900725e-07
SN,2,515,316,0.6135922330097088,0.5,2.8554571591558563e-07,0.00011421828636623426,7.717451781502315e-07
FI,2,488,188,0.38524590163934425,0.5,4.512988222841898e-07,0.00018051952891367593,1.2115404625078922e-06
IQ,2,235,79,0.33617021276595743,0.5,5.709252204829663e-07,0.00022837008819318654,1.5224672546212437e-06
QP,2,249,85,0.3413654618473896,0.5,6.252089653533038e-07,0.0002500835861413215,1.6561826896776258e-06
EK,2,477,184,0.3857442348008386,0.5,6.847961227062689e-07,0.00027391844908250757,1.802095059753339e-06
AA,2,1166,499,0.427958833619211,0.5,9.645923814888643e-07,0.0003858369525955457,2.521810147683305e-06
DL,2,596,238,0.39932885906040266,0.5,1.0074891251010607e-06,0.0004029956500404243,2.6168548703923654e-06
MA,2,316,115,0.3639240506329114,0.5,1.5097418010775497e-06,0.0006038967204310199,3.896107873748515e-06
QT,2,241,83,0.34439834024896265,0.5,1.5564803144029363e-06,0.0006225921257611745,3.990975165135734e-06
MF,2,121,34,0.2809917355371901,0.5,1.5716537188665445e-06,0.0006286614875466179,4.004213296475272e-06
WD,2,123,88,0.7154471544715447,0.5,1.9351247809692454e-06,0.0007740499123876981,4.899050078403153e-06
DR,2,259,91,0.35135135135135137,0.5,1.976333487702692e-06,0.0007905333950810767,4.971908145164004e-06
RF,2,372,140,0.3763440860215054,0.5,2.1255842138393324e-06,0.0008502336855357329,5.313960534598331e-06
TD,2,321,118,0.367601246105919,0.5,2.421685534992239e-06,0.0009686742139968955,6.016610024825438e-06
YP,2,300,191,0.6366666666666667,0.5,2.54626341997208e-06,0.001018505367988832,6.287070172770568e-06
MP,2,152,47,0.3092105263157895,0.5,2.8999100586031144e-06,0.0011599640234412458,7.116343702093533e-06
NN,2,399,246,0.6165413533834586,0.5,3.7353653130969557e-06,0.0014941461252387823,9.110647105114526e-06
QK,2,344,129,0.375,0.5,4.112671989432331e-06,0.0016450687957729323,9.970113913775349e-06
RL,2,724,300,0.4143646408839779,0.5,4.6090596857697164e-06,0.0018436238743078865,1.110616791751739e-05
QR,2,251,89,0.3545816733067729,0.5,4.758252295047303e-06,0.001903300918018921,1.139701148514324e-05
DW,2,150,103,0.6866666666666666,0.5,5.597619670017182e-06,0.0022390478680068726,1.332766588099329e-05
LG,2,1251,545,0.43565147881694644,0.5,5.910263341176923e-06,0.0023641053364707692,1.3908399098393552e-05
RT,2,331,124,0.37462235649546827,0.5,5.91106961681726e-06,0.002364427846726904,1.3908399098393552e-05
YA,2,243,86,0.35390946502057613,0.5,6.1566035052261815e-06,0.0024626414020904727,1.4401411708131418e-05
LM,2,349,132,0.37822349570200575,0.5,6.2575546833759844e-06,0.002503021873350394,1.4552452752037173e-05
NF,2,310,115,0.3709677419354839,0.5,6.466435927750859e-06,0.0025865743711003435,1.4951296942776553e-05
RM,2,120,36,0.3,0.5,1.3897012121027625e-05,0.00555880484841105,3.194715430121293e-05
RW,2,137,94,0.6861313868613139,0.5,1.567942262150113e-05,0.006271769048600452,3.583868027771687e-05
MQ,2,99,28,0.2828282828282828,0.5,1.8257600947585227e-05,0.007303040379034091,4.1494547608148246e-05
RP,2,462,277,0.5995670995670995,0.5,2.1683363534809574e-05,0.00867334541392383,4.900195149109508e-05
VP,2,528,215,0.4071969696969697,0.5,2.3087312134364512e-05,0.009234924853745805,5.1881600301942724e-05
KE,2,487,197,0.40451745379876797,0.5,2.9054134877700954e-05,0.011621653951080382,6.480260975279808e-05
PH,2,202,131,0.6485148514851485,0.5,2.9161174388759137e-05,0.011664469755503655,6.480260975279808e-05
FL,2,971,420,0.4325437693099897,0.5,2.943287606765122e-05,0.011773150427060487,6.50450299837596e-05
LY,2,329,127,0.3860182370820669,0.5,4.199481938460176e-05,0.016797927753840702,9.229630633978408e-05
FR,2,351,137,0.3903133903133903,0.5,4.666657554036054e-05,0.018666630216144214,0.00010200344380406674
DI,2,451,182,0.4035476718403548,0.5,4.880891175854212e-05,0.019523564703416846,0.00010610632990987416
WE,2,117,80,0.6837606837606838,0.5,8.717436729426461e-05,0.03486974691770584,0.00018848511847408564
PT,2,412,166,0.4029126213592233,0.5,9.487473759236436e-05,0.03794989503694574,0.00020403169374702012
TK,2,453,185,0.4083885209713024,0.5,0.00011217506424267093,0.044870025697068376,0.00023994666148164905
QQ,2,236,88,0.3728813559322034,0.5,0.00011354789956325295,0.04541915982530118,0.00024159127566649566
QY,2,116,37,0.31896551724137934,0.5,0.00012034422931947831,0.048137691727791324,0.0002546967816285255
ST,2,492,203,0.41260162601626016,0.5,0.00012249646574054586,0.048998586296218345,0.00025788729629588604
QI,2,294,114,0.3877551020408163,0.5,0.0001415160456916919,0.056606418276676757,0.00029636868207684165
AM,2,184,66,0.358695652173913,0.5,0.00015508545345345207,0.06203418138138083,0.0003230946946946918
FY,2,195,71,0.3641025641025641,0.5,0.00018052543813809876,0.0722101752552395,0.000374145985778443
VK,2,604,256,0.423841059602649,0.5,0.00020784588337100757,0.08313835334840303,0.0004285482131360981
NQ,2,210,78,0.37142857142857144,0.5,0.00023716581503275367,0.09486632601310147,0.0004864939795543665
ED,2,325,129,0.39692307692307693,0.5,0.00023986891981598316,0.09594756792639327,0.0004895284077877207
WN,2,111,75,0.6756756756756757,0.5,0.0002718177522028417,0.10872710088113668,0.0005519142176707446
QG,2,408,167,0.40931372549019607,0.5,0.00029115414438067025,0.1164616577522681,0.0005881901906680207
WF,2,101,32,0.31683168316831684,0.5,0.0002959601961545845,0.1183840784618338,0.0005948948666423809
NA,2,516,299,0.5794573643410853,0.5,0.0003534097095398023,0.1413638838159209,0.0007068194190796046
PV,2,531,224,0.4218455743879473,0.5,0.00036376374228457253,0.14550549691382902,0.0007206761654469383
GL,2,1436,650,0.45264623955431754,0.5,0.00036394146355070385,0.14557658542028154,0.0007206761654469383
NW,2,110,74,0.6727272727272727,0.5,0.00037125120307886553,0.14850048123154622,0.000731529464194809
WK,2,182,115,0.6318681318681318,0.5,0.00046164440496473545,0.18465776198589418,0.0009051851077739911
PW,2,191,120,0.6282722513089005,0.5,0.00048245230382587935,0.19298092153035173,0.0009413703489285452
PL,2,531,225,0.423728813559322,0.5,0.0005055925013719503,0.2022370005487801,0.000981733012372719
KF,2,374,221,0.5909090909090909,0.5,0.0005145211817559411,0.20580847270237645,0.0009942438294800796
EF,2,283,112,0.3957597173144876,0.5,0.0005422551737218316,0.21690206948873264,0.0010427984110035222
IR,2,426,177,0.4154929577464789,0.5,0.0005661673403479158,0.2264669361391663,0.0010835738571251976
SA,2,700,304,0.4342857142857143,0.5,0.0005733065432831873,0.2293226173132749,0.001092012463396547
YT,2,295,118,0.4,0.5,0.0007067303696507345,0.28269214786029384,0.0013397732126080276
IW,2,143,92,0.6433566433566433,0.5,0.0007643052018738799,0.3057220807495519,0.0014420852865544903
KK,2,980,543,0.5540816326530612,0.5,0.0007878243054933727,0.3151297221973491,0.0014794822638373197
TT,2,345,141,0.40869565217391307,0.5,0.0008191512517643767,0.32766050070575065,0.0015242634328556438
MI,2,234,91,0.3888888888888889,0.5,0.0008192915951599085,0.3277166380639634,0.0015242634328556438
DQ,2,175,65,0.37142857142857144,0.5,0.0008305791597672849,0.33223166390691394,0.0015381095551246016
QE,2,274,109,0.3978102189781022,0.5,0.000859251770803331,0.34370070832133237,0.001583874231895541
YE,2,193,73,0.37823834196891193,0.5,0.0008819823006755211,0.3527929202702084,0.0016183161480284789
VG,2,855,379,0.4432748538011696,0.5,0.001015221607215955,0.406088642886382,0.0018542860405770867
EG,2,477,203,0.42557651991614254,0.5,0.0013259088017009936,0.5303635206803974,0.0024107432758199883
VW,2,191,73,0.38219895287958117,0.5,0.0013902601073185463,0.5561040429274186,0.0025163078865494052
VH,2,138,50,0.36231884057971014,0.5,0.0015398549685237176,0.615941987409487,0.0027745134567994907
TS,2,520,224,0.4307692307692308,0.5,0.0018213028907152773,0.7285211562861109,0.0032669110147359234
FF,2,438,186,0.4246575342465753,0.5,0.0018647409016255914,0.7458963606502366,0.0033298944671885555
QS,2,294,120,0.40816326530612246,0.5,0.0019443363694669894,0.7777345477867957,0.0034565979901635367
KV,2,744,330,0.4435483870967742,0.5,0.002320967224961237,0.9283868899844947,0.0041079065928517474
NH,2,184,113,0.6141304347826086,0.5,0.002414157684001146,0.9656630736004584,0.004254022350662813
VD,2,462,198,0.42857142857142855,0.5,0.002457320234284492,0.9829280937137967,0.0043110881303236705
NR,2,299,123,0.411371237458194,0.5,0.0025778318381482223,1.0,0.004502763036066764
SG,2,1086,593,0.5460405156537753,0.5,0.0026471234918739625,1.0,0.004601563890703996
LH,2,246,99,0.4024390243902439,0.5,0.0026574031468815577,1.0,0.004601563890703996
PN,2,327,191,0.5840978593272171,0.5,0.002768921739113858,1.0,0.004774002998472169
DT,2,348,146,0.41954022988505746,0.5,0.003138985361520191,1.0,0.005388816071279298
KG,2,780,430,0.5512820512820513,0.5,0.004643504922283407,1.0,0.007932003361089592
TY,2,201,80,0.39800995024875624,0.5,0.004660051974640135,1.0,0.007932003361089592
DY,2,256,105,0.41015625,0.5,0.004818913568992314,1.0,0.008167650116936126
KY,2,345,199,0.5768115942028985,0.5,0.005043426803346418,1.0,0.008510842787746055
LP,2,857,470,0.5484247374562428,0.5,0.005063951458708903,1.0,0.008510842787746055
VN,2,495,216,0.43636363636363634,0.5,0.005272687193020143,1.0,0.00882458107618434
HI,2,211,126,0.5971563981042654,0.5,0.005763098755847979,1.0,0.009574817157698288
IG,2,862,390,0.45243619489559167,0.5,0.005768827337513219,1.0,0.009574817157698288
EW,2,98,63,0.6428571428571429,0.5,0.00609262967206472,1.0,0.010070462267875571
WP,2,168,102,0.6071428571428571,0.5,0.006751369163205512,1.0,0.011113364877704545
MH,2,52,16,0.3076923076923077,0.5,0.0077874363057435225,1.0,0.012766289025809053
HR,2,176,106,0.6022727272727273,0.5,0.008150448639403542,1.0,0.013306854921475169
EP,2,346,148,0.4277456647398844,0.5,0.008338407850182365,1.0,0.013558386748264008
AP,2,440,192,0.43636363636363634,0.5,0.008666031075553837,1.0,0.014032303107362521
FM,2,115,43,0.3739130434782609,0.5,0.00873510868433317,1.0,0.014032303107362521
WT,2,115,72,0.6260869565217392,0.5,0.00873510868433317,1.0,0.014032303107362521
EN,2,298,126,0.4228187919463087,0.5,0.009026785017499919,1.0,0.01444285602799987
FN,2,230,95,0.41304347826086957,0.5,0.009970063452442373,1.0,0.01588854733456952
LW,2,242,141,0.5826446280991735,0.5,0.012017901696012806,1.0,0.019076034438115563
MW,2,79,28,0.35443037974683544,0.5,0.012812402175831373,1.0,0.020256762333330236
YH,2,129,79,0.6124031007751938,0.5,0.013380437039567929,1.0,0.021071554393020362
MG,2,213,88,0.4131455399061033,0.5,0.013449713099605078,1.0,0.021097589175851104
FG,2,673,304,0.45170876671619614,0.5,0.013565140423763118,1.0,0.02119553191212987
GF,2,680,308,0.45294117647058824,0.5,0.015632865480085044,1.0,0.024331308140210187
PS,2,553,305,0.5515370705244123,0.5,0.017170136236846305,1.0,0.02662036625867644
QM,2,96,36,0.375,0.5,0.018433352931462543,1.0,0.028468498735849487
RK,2,477,264,0.5534591194968553,0.5,0.021960808898906115,1.0,0.033785859844470946
EE,2,527,237,0.4497153700189753,0.5,0.023412235089202635,1.0,0.03588082006008067
WL,2,201,117,0.582089552238806,0.5,0.023761175886632374,1.0,0.036276604407072324
SE,2,459,205,0.4466230936819172,0.5,0.02495562813238575,1.0,0.03782699277466177
NE,2,319,139,0.43573667711598746,0.5,0.02496581523127677,1.0,0.03782699277466177
RD,2,441,244,0.5532879818594104,0.5,0.02837562778317951,1.0,0.04283113627649738
KR,2,424,189,0.44575471698113206,0.5,0.02874100830403023,1.0,0.04321956135944395
HK,2,142,58,0.4084507042253521,0.5,0.03553746207714298,1.0,0.053239643561262893
GN,2,478,216,0.45188284518828453,0.5,0.03945436249233099,1.0,0.05888710819750893
KQ,2,362,161,0.4447513812154696,0.5,0.04023673003781448,1.0,0.05983156882946391
SW,2,191,110,0.5759162303664922,0.5,0.04248168820746479,1.0,0.06293583438142931
DG,2,542,247,0.45571955719557194,0.5,0.04340625525204381,1.0,0.06406827343475101
RQ,2,268,117,0.43656716417910446,0.5,0.04361997977786555,1.0,0.0641470290850964
WS,2,156,91,0.5833333333333334,0.5,0.044980164189043687,1.0,0.06590500247478928
HH,2,123,73,0.5934959349593496,0.5,0.046850079186455736,1.0,0.0683942761846069
KT,2,565,259,0.4584070796460177,0.5,0.05286531566616375,1.0,0.0768950046053291
GQ,2,412,186,0.45145631067961167,0.5,0.05455033541343267,1.0,0.07905845712091691
RN,2,432,196,0.4537037037037037,0.5,0.06047662488782255,1.0,0.08725504394350975
PE,2,455,248,0.545054945054945,0.5,0.06064225554073927,1.0,0.08725504394350975
GG,2,1142,603,0.5280210157618214,0.5,0.062237300577457515,1.0,0.0892291047705484
AT,2,615,284,0.46178861788617886,0.5,0.06352296332274511,1.0,0.09074709046106445
FK,2,404,221,0.5470297029702971,0.5,0.06551501043240908,1.0,0.09325980132727271
DP,2,493,267,0.5415821501014199,0.5,0.071514864939374,1.0,0.10143952473670072
YG,2,340,153,0.45,0.5,0.07335035630340475,1.0,0.10367541526983004
KL,2,946,501,0.5295983086680761,0.5,0.07368720718206911,1.0,0.10378479884798468
RG,2,592,318,0.5371621621621622,0.5,0.07709135118059772,1.0,0.10819838762189153
SD,2,569,306,0.5377855887521968,0.5,0.07819208035243708,1.0,0.10935955294047144
YQ,2,144,61,0.4236111111111111,0.5,0.07975707036384032,1.0,0.11115967994960323
NG,2,550,296,0.5381818181818182,0.5,0.08032712578364518,1.0,0.11156545247728497
SM,2,178,77,0.43258426966292135,0.5,0.08443396247897403,1.0,0.11686361588785332
MY,2,139,80,0.5755395683453237,0.5,0.08945231499446932,1.0,0.12338250344064734
DN,2,273,122,0.4468864468864469,0.5,0.08996033580406228,1.0,0.12365681897465605
YM,2,91,37,0.4065934065934066,0.5,0.09294694311794119,1.0,0.12732457961361807
DS,2,444,204,0.4594594594594595,0.5,0.09659795271459866,1.0,0.13187433817692648
HF,2,136,58,0.4264705882352941,0.5,0.10291318499743221,1.0,0.14001793877201663
PF,2,391,212,0.5421994884910486,0.5,0.10547560051627251,1.0,0.14301776341189493
WR,2,125,72,0.576,0.5,0.10703141160601269,1.0,0.14415004930102718
HT,2,125,72,0.576,0.5,0.10703141160601269,1.0,0.14415004930102718
GY,2,476,256,0.5378151260504201,0.5,0.10856765815347708,1.0,0.1457284002060095
EH,2,210,117,0.5571428571428572,0.5,0.11226185575991317,1.0,0.15018308462864638
IM,2,129,55,0.4263565891472868,0.5,0.1126574161116803,1.0,0.15020988814890707
FW,2,103,60,0.5825242718446602,0.5,0.11446824201255822,1.0,0.15211726513296775
DK,2,442,204,0.46153846153846156,0.5,0.11639574736697818,1.0,0.15416655280394462
HN,2,133,76,0.5714285714285714,0.5,0.11824011046976073,1.0,0.15609255507559172
SR,2,510,273,0.5352941176470588,0.5,0.12109804979177588,1.0,0.15933953919970512
GI,2,823,389,0.4726609963547995,0.5,0.12504106621700772,1.0,0.16398828356328882
HE,2,124,53,0.4274193548387097,0.5,0.1265100563218553,1.0,0.1653726226429481
AK,2,919,483,0.5255712731229597,0.5,0.1291205148323824,1.0,0.16823519847867416
WV,2,117,50,0.42735042735042733,0.5,0.13875316894302603,1.0,0.1801989207052286
GV,2,780,369,0.47307692307692306,0.5,0.14204539374414168,1.0,0.18387753235487597
ND,2,269,122,0.45353159851301117,0.5,0.143242399494048,1.0,0.18482890257296514
DE,2,510,238,0.4666666666666667,0.5,0.1438685414019112,1.0,0.1850399246326832
YD,2,306,166,0.5424836601307189,0.5,0.15284331671941787,1.0,0.19595297015309981
EM,2,146,64,0.4383561643835616,0.5,0.15921582224632144,1.0,0.20347069935632134
KP,2,432,201,0.4652777777777778,0.5,0.16285979854270977,1.0,0.20746471151937548
WY,2,55,33,0.6,0.5,0.1770013647703581,1.0,0.22476363780362935
DH,2,143,80,0.5594405594405595,0.5,0.18070108584148586,1.0,0.22873555169808335
NK,2,509,240,0.4715127701375246,0.5,0.21453646041289162,1.0,0.2707084673979705
TR,2,461,244,0.5292841648590022,0.5,0.22587917820957018,1.0,0.2841247524648681
GT,2,709,338,0.4767277856135402,0.5,0.22942250941157885,1.0,0.2876771277888136
FH,2,107,47,0.4392523364485981,0.5,0.2458913146126843,1.0,0.30736414326585537
TW,2,92,52,0.5652173913043478,0.5,0.25132210347485456,1.0,0.3131739607163297
HW,2,38,15,0.39473684210526316,0.5,0.2558750795433298,1.0,0.31785724166873264
KD,2,508,241,0.4744094488188976,0.5,0.26732790143769414,1.0,0.3310562246906429
GM,2,265,123,0.4641509433962264,0.5,0.2688100302830913,1.0,0.33186423491739664
RH,2,161,88,0.546583850931677,0.5,0.2698211520923404,1.0,0.33208757180595744
NT,2,355,167,0.4704225352112676,0.5,0.2884534201583791,1.0,0.353370933608462
NL,2,601,287,0.47753743760399336,0.5,0.28888073822491767,1.0,0.353370933608462
SS,2,662,317,0.4788519637462236,0.5,0.29399501487284513,1.0,0.3585305059424941
TH,2,179,97,0.5418994413407822,0.5,0.29535240587693534,1.0,0.3590910709749974
SP,2,494,235,0.4757085020242915,0.5,0.3007479161107142,1.0,0.3645429286190476
HG,2,212,98,0.46226415094339623,0.5,0.30290363192094927,1.0,0.36604668510084504
DD,2,426,224,0.5258215962441315,0.5,0.30893477877543457,1.0,0.372210576837873
IP,2,657,342,0.5205479452054794,0.5,0.31041096654404554,1.0,0.37286602587873335
HA,2,232,108,0.46551724137931033,0.5,0.32472941294248503,1.0,0.3888975005299222
WI,2,126,69,0.5476190476190477,0.5,0.3271229672167788,1.0,0.39059458772152694
RR,2,554,265,0.47833935018050544,0.5,0.3284853043270231,1.0,0.3910539337226466
KI,2,768,370,0.4817708333333333,0.5,0.3299209928308898,1.0,0.39159761760343004
EY,2,250,133,0.532,0.5,0.3427986668401347,1.0,0.4056788956687985
GH,2,252,118,0.46825396825396826,0.5,0.34472217077514233,1.0,0.40675182392347176
WQ,2,73,32,0.4383561643835616,0.5,0.34918183817058834,1.0,0.41080216255363333
QN,2,258,121,0.4689922480620155,0.5,0.3503972462396578,1.0,0.4110231627444666
MS,2,260,122,0.46923076923076923,0.5,0.35225780391855405,1.0,0.41199743148368895
NY,2,208,97,0.46634615384615385,0.5,0.36741942071131056,1.0,0.4284774585554642
SK,2,674,325,0.4821958456973294,0.5,0.37566974137594544,1.0,0.436825280669704
DM,2,133,61,0.45864661654135336,0.5,0.38595875434107874,1.0,0.4474884108302362
AG,2,1136,553,0.4867957746478873,0.5,0.3895684570097205,1.0,0.45036815839274047
HD,2,130,60,0.46153846153846156,0.5,0.4300208839753419,1.0,0.4957013071761866
HM,2,61,27,0.4426229508196721,0.5,0.4426260049464714,1.0,0.5087655229269786
KA,2,728,374,0.5137362637362637,0.5,0.48134182213636334,1.0,0.5516811715029952
QF,2,209,99,0.47368421052631576,0.5,0.4892082211492674,1.0,0.5582476090890501
IK,2,606,294,0.48514851485148514,0.5,0.4898622769756415,1.0,0.5582476090890501
KM,2,198,94,0.47474747474747475,0.5,0.5225360220908674,1.0,0.5926243443512691
QH,2,120,56,0.4666666666666667,0.5,0.522990983889995,1.0,0.5926243443512691
SY,2,381,184,0.48293963254593175,0.5,0.5387565169247859,1.0,0.6087644259037128
MM,2,70,32,0.45714285714285713,0.5,0.5504125118224712,1.0,0.6201831119126436
GS,2,949,484,0.5100105374077977,0.5,0.5590380971636041,1.0,0.6281326934422518
IN,2,459,236,0.514161220043573,0.5,0.5754508434613607,1.0,0.6447628498166507
NV,2,396,192,0.48484848484848486,0.5,0.5804759839450498,1.0,0.6485765183743574
YY,2,172,90,0.5232558139534884,0.5,0.5936474613061409,1.0,0.6614456393383186
GR,2,705,360,0.5106382978723404,0.5,0.5980370880123445,1.0,0.6644856533470493
HL,2,304,157,0.5164473684210527,0.5,0.6057978899878552,1.0,0.6712441994325266
NS,2,397,204,0.5138539042821159,0.5,0.6158037019619906,1.0,0.6804460795160118
AN,2,413,201,0.48668280871670705,0.5,0.6227248338661382,1.0,0.6861981640398217
IH,2,153,80,0.5228758169934641,0.5,0.627770907200368,1.0,0.6898581397806242
PY,2,216,112,0.5185185185185185,0.5,0.633970108714551,1.0,0.6947617629748504
RS,2,461,225,0.4880694143167028,0.5,0.6414443998457506,1.0,0.6999662569243177
YW,2,42,19,0.4523809523809524,0.5,0.6439689563703723,1.0,0.6999662569243177
WH,2,42,23,0.5476190476190477,0.5,0.6439689563703723,1.0,0.6999662569243177
RY,2,240,124,0.5166666666666667,0.5,0.6514690904071151,1.0,0.7061995559968728
PK,2,523,267,0.5105162523900574,0.5,0.6619569377439877,1.0,0.7156291218853921
GA,2,1049,532,0.5071496663489037,0.5,0.6655762235866454,1.0,0.7160754450550886
NM,2,134,64,0.47761194029850745,0.5,0.6659501639012324,1.0,0.7160754450550886
YN,2,221,107,0.4841628959276018,0.5,0.686598617053744,1.0,0.7362987850442295
GE,2,802,407,0.5074812967581047,0.5,0.6977280652027856,1.0,0.7462332248158134
KS,2,544,277,0.5091911764705882,0.5,0.6996289822599938,1.0,0.7462709144106601
YR,2,281,137,0.4875444839857651,0.5,0.7204653770782284,1.0,0.7653616708929243
TP,2,503,247,0.49105367793240556,0.5,0.7213533748165811,1.0,0.7653616708929243
PD,2,416,212,0.5096153846153846,0.5,0.7314913762828406,1.0,0.7740649484474503
YS,2,313,160,0.5111821086261981,0.5,0.7345647367552771,1.0,0.7752662129343294
HS,2,208,106,0.5096153846153846,0.5,0.8352818537973734,1.0,0.8792440566288141
PM,2,97,50,0.5154639175257731,0.5,0.8392136618440825,1.0,0.8793417093086698
AH,2,220,112,0.509090909090909,0.5,0.8397713323897796,1.0,0.8793417093086698
PI,2,437,221,0.505720823798627,0.5,0.8482821964113773,1.0,0.8850757810749834
HV,2,252,128,0.5079365079365079,0.5,0.8501542487035869,1.0,0.8850757810749834
YK,2,258,127,0.49224806201550386,0.5,0.8518854392846715,1.0,0.8850757810749834
FP,2,340,172,0.5058823529411764,0.5,0.8707870448764395,1.0,0.8984882152459087
TG,2,611,308,0.5040916530278232,0.5,0.8714624597085295,1.0,0.8984882152459087
TN,2,344,170,0.4941860465116279,0.5,0.8715335687885314,1.0,0.8984882152459087
GP,2,560,278,0.49642857142857144,0.5,0.8991346865422075,1.0,0.9245600889894164
PQ,2,269,136,0.5055762081784386,0.5,0.9029744638059516,1.0,0.9261276551855914
LK,2,936,466,0.49786324786324787,0.5,0.9218930604592077,1.0,0.9431131053291127
HQ,2,116,57,0.49137931034482757,0.5,0.9260777633148564,1.0,0.9449773095049555
GD,2,543,273,0.5027624309392266,0.5,0.9316133982287138,1.0,0.9482070210979275
KN,2,592,295,0.4983108108108108,0.5,0.9672209919575099,1.0,0.9819502456421421
QW,2,75,38,0.5066666666666667,0.5,1.0,1.0,1.0
WM,2,62,31,0.5,0.5,1.0,1.0,1.0
WG,2,216,108,0.5,0.5,1.0,1.0,1.0
HY,2,90,45,0.5,0.5,1.0,1.0,1.0
AW,2,139,69,0.49640287769784175,0.5,1.0,1.0,1.0
TM,2,133,67,0.5037593984962406,0.5,1.0,1.0,1.0
CCS,3,757,744,0.9828269484808454,0.5,1.0421412467744727e-200,2.0842824935489456e-197,2.0842824935489453e-197
GCC,3,382,379,0.9921465968586387,0.5,1.8863636442654365e-108,3.772727288530873e-105,1.8863636442654365e-105
PCC,3,285,283,0.9929824561403509,0.5,1.3112116069772437e-81,2.6224232139544873e-78,8.741410713181625e-79
CCP,3,257,256,0.9961089494163424,0.5,2.2281314872143667e-75,4.4562629744287334e-72,1.1140657436071834e-72
ECC,3,272,267,0.9816176470588235,0.5,3.210897184475638e-72,6.421794368951276e-69,1.2843588737902552e-69
DCC,3,250,248,0.992,0.5,3.468395834683434e-71,6.936791669366868e-68,1.156131944894478e-68
PAC,3,279,271,0.9713261648745519,0.5,1.745450776133942e-69,3.490901552267884e-66,4.987002217525548e-67
CCG,3,252,247,0.9801587301587301,0.5,2.2948986193986309e-66,4.5897972387972617e-63,5.737246548496577e-64
CSG,3,260,250,0.9615384615384616,0.5,3.6701399433584375e-61,7.340279886716875e-58,8.155866540796528e-59
PPC,3,211,204,0.966824644549763,0.5,2.1017589913735516e-51,4.203517982747103e-48,4.203517982747103e-49
CCT,3,141,139,0.9858156028368794,0.5,7.183257715107875e-39,1.436651543021575e-35,1.306046857292341e-36
RCC,3,162,155,0.9567901234567902,0.5,1.8242223790655662e-37,3.6484447581311323e-34,3.040370631775944e-35
CSN,3,162,154,0.9506172839506173,0.5,3.5593456271429425e-36,7.118691254285885e-33,5.475916349450681e-34
SCC,3,121,120,0.9917355371900827,0.5,9.178259891220421e-35,1.8356519782440842e-31,1.31117998446006e-32
FLL,3,174,13,0.07471264367816093,0.5,1.2337025060340167e-33,2.4674050120680332e-30,1.6449366747120222e-31
TCC,3,117,116,0.9914529914529915,0.5,1.4203733339855864e-33,2.840746667971173e-30,1.775466667481983e-31
HPA,3,146,139,0.952054794520548,0.5,5.719725898594834e-33,1.1439451797189668e-29,6.72908929246451e-31
CSH,3,113,112,0.9911504424778761,0.5,2.195560136601449e-32,4.391120273202898e-29,2.439511262890499e-30
NCC,3,124,121,0.9758064516129032,0.5,2.989282134141077e-32,5.978564268282154e-29,3.1466127727800814e-30
QCC,3,116,114,0.9827586206896551,0.5,1.6339108165695212e-31,3.2678216331390424e-28,1.6339108165695212e-29
CCD,3,115,113,0.9826086956521739,0.5,3.2119696647518126e-31,6.423939329503625e-28,3.059018728335059e-29
CCN,3,110,108,0.9818181818181818,0.5,9.40778259234277e-30,1.881556518468554e-26,8.55252962940252e-28
CCE,3,119,115,0.9663865546218487,0.5,2.4741311576559258e-29,4.9482623153118516e-26,2.1514183979616748e-27
CCR,3,132,125,0.946969696969697,0.5,4.581478055141831e-29,9.162956110283662e-26,3.817898379284859e-27
VCC,3,111,108,0.972972972972973,0.5,1.7566946283140407e-28,3.5133892566280813e-25,1.4053557026512325e-26
CCH,3,92,92,1.0,0.5,4.0389678347315804e-28,8.077935669463161e-25,3.106898334408908e-26
LCC,3,144,133,0.9236111111111112,0.5,9.127422353142675e-28,1.825484470628535e-24,6.7610535949205e-26
GKC,3,153,139,0.9084967320261438,0.5,4.653754863960281e-27,9.307509727920563e-24,3.324110617114486e-25
GSC,3,162,145,0.8950617283950617,0.5,1.6614865549132097e-26,3.3229731098264194e-23,1.1458527964918687e-24
DEC,3,107,103,0.9626168224299065,0.5,6.612717750057298e-26,1.3225435500114595e-22,4.408478500038199e-24
CCK,3,101,98,0.9702970297029703,0.5,1.3552788123878027e-25,2.7105576247756054e-22,8.743734273469695e-24
CHP,3,82,82,1.0,0.5,4.1359030627651384e-25,8.271806125530277e-22,2.508243293421495e-23
SNP,3,134,123,0.917910447761194,0.5,4.138601434145467e-25,8.277202868290934e-22,2.508243293421495e-23
HCC,3,87,86,0.9885057471264368,0.5,1.137373342260413e-24,2.274746684520826e-21,6.690431425061253e-23
SHP,3,107,102,0.9532710280373832,0.5,1.3764814213678804e-24,2.752962842735761e-21,7.865608122102174e-23
CSD,3,102,98,0.9607843137254902,0.5,1.74595783696353e-24,3.49191567392706e-21,9.699765760908501e-23
YCC,3,97,94,0.9690721649484536,0.5,1.9209583457473067e-24,3.8419166914946135e-21,1.0110307082880562e-22
GWC,3,97,94,0.9690721649484536,0.5,1.9209583457473067e-24,3.8419166914946135e-21,1.0110307082880562e-22
CGY,3,99,95,0.9595959595959596,0.5,1.2388827013668045e-23,2.477765402733609e-20,6.353244622393869e-22
GVC,3,116,108,0.9310344827586207,0.5,1.6492278067940443e-23,3.2984556135880887e-20,8.246139033970222e-22
CKG,3,98,94,0.9591836734693877,0.5,2.378717289651507e-23,4.757434579303014e-20,1.160349897390979e-21
CTG,3,109,102,0.9357798165137615,0.5,9.843629219925343e-23,1.9687258439850686e-19,4.687442485678734e-21
ALV,3,136,14,0.10294117647058823,0.5,1.0997594280179854e-22,2.199518856035971e-19,5.1151601303162116e-21
KCC,3,90,87,0.9666666666666667,0.5,1.9641662139013065e-22,3.928332427802613e-19,8.928028245005939e-21
SCR,3,91,87,0.9560439560439561,0.5,2.260482665715688e-21,4.520965331431376e-18,1.0046589625403059e-19
LLV,3,112,9,0.08035714285714286,0.5,2.314511484284655e-21,4.62902296856931e-18,1.0063093409933283e-19
GRC,3,136,120,0.8823529411764706,0.5,6.905764227013771e-21,1.3811528454027542e-17,2.938623075325009e-19
EAL,3,106,8,0.07547169811320754,0.5,8.07995881983345e-21,1.61599176396669e-17,3.366649508263937e-19
CCA,3,88,84,0.9545454545454546,0.5,1.5803951224724757e-20,3.1607902449449515e-17,6.45059233662235e-19
EEC,3,82,79,0.9634146341463414,0.5,3.803541892641332e-20,7.607083785282664e-17,1.5214167570565327e-18
CSR,3,129,114,0.8837209302325582,0.5,5.046110811696225e-20,1.009222162339245e-16,1.978866984978912e-18
ACG,3,114,103,0.9035087719298246,0.5,6.919847271973234e-20,1.3839694543946467e-16,2.6614797199897054e-18
YDC,3,81,78,0.9629629629629629,0.5,7.332294385792548e-20,1.4664588771585096e-16,2.7669035418085087e-18
NNP,3,106,97,0.9150943396226415,0.5,8.903352154294225e-20,1.780670430858845e-16,3.297537834923787e-18
FAI,3,75,2,0.02666666666666667,0.5,1.5093068328887564e-19,3.018613665777513e-16,5.488388483231842e-18
PSC,3,79,76,0.9620253164556962,0.5,2.72109334305444e-19,5.44218668610888e-16,9.718190510908714e-18
ELC,3,104,95,0.9134615384615384,0.5,2.985745088286603e-19,5.971490176573206e-16,1.0476298555391588e-17
LFI,3,92,6,0.06521739130434782,0.5,3.090494990539711e-19,6.180989981079422e-16,1.0656879277723141e-17
CRS,3,91,85,0.9340659340659341,0.5,5.782725134355011e-19,1.1565450268710023e-15,1.9602458082559362e-17
CGG,3,117,104,0.8888888888888888,0.5,8.490021806129161e-19,1.6980043612258322e-15,2.83000726870972e-17
CSS,3,86,81,0.9418604651162791,0.5,9.578735725233634e-19,1.9157471450467267e-15,3.1405690902405354e-17
MEA,3,65,1,0.015384615384615385,0.5,3.577867169202165e-18,7.15573433840433e-15,1.1541506997426337e-16
CTP,3,96,88,0.9166666666666666,0.5,3.673235528056121e-18,7.346471056112242e-15,1.166106516843213e-16
CCY,3,70,68,0.9714285714285714,0.5,4.211447813748381e-18,8.422895627496763e-15,1.3160774417963692e-16
GGC,3,147,124,0.8435374149659864,0.5,6.0789951352681256e-18,1.2157990270536251e-14,1.8704600416209616e-16
LVY,3,73,3,0.0410958904109589,0.5,1.3742686052727396e-17,2.7485372105454792e-14,4.1644503190083017e-16
CPG,3,93,85,0.9139784946236559,0.5,2.2644944585064495e-17,4.528988917012899e-14,6.660277819136616e-16
NPA,3,93,85,0.9139784946236559,0.5,2.2644944585064495e-17,4.528988917012899e-14,6.660277819136616e-16
CPP,3,72,69,0.9583333333333334,0.5,2.6371947296289014e-17,5.274389459257803e-14,7.644042694576525e-16
CCL,3,76,72,0.9473684210526315,0.5,3.589836803538052e-17,7.179673607076104e-14,1.025667658153729e-15
YTF,3,66,2,0.030303030303030304,0.5,5.99563801384484e-17,1.199127602768968e-13,1.6889121165760112e-15
ALF,3,91,8,0.08791208791208792,0.5,7.576841438713428e-17,1.5153682877426856e-13,2.104678177420397e-15
VYT,3,64,2,0.03125,0.5,2.2562247209423347e-16,4.5124494418846695e-13,6.181437591622835e-15
CVG,3,85,78,0.9176470588235294,0.5,2.7959374761947534e-16,5.591874952389507e-13,7.556587773499334e-15
ICG,3,96,86,0.8958333333333334,0.5,3.2114796492801454e-16,6.422959298560291e-13,8.563945731413722e-15
ACN,3,68,65,0.9558823529411765,0.5,3.5550311609441887e-16,7.110062321888377e-13,9.355345160379445e-15
CCV,3,58,57,0.9827586206896551,0.5,4.0939474033052647e-16,8.187894806610529e-13,1.0633629618974714e-14
ACR,3,91,82,0.9010989010989011,0.5,7.088912032076993e-16,1.4177824064153986e-12,1.8176697518146135e-14
AIF,3,87,8,0.09195402298850575,0.5,8.377941473730054e-16,1.6755882947460108e-12,2.1185310450366757e-14
VSL,3,62,2,0.03225806451612903,0.5,8.474124180146703e-16,1.6948248360293405e-12,2.1185310450366757e-14
CGP,3,71,67,0.9436619718309859,0.5,8.735848890518809e-16,1.7471697781037618e-12,2.156999726054027e-14
TLG,3,104,13,0.125,0.5,1.4016007077149398e-15,2.8032014154298794e-12,3.418538311499853e-14
GAC,3,86,78,0.9069767441860465,0.5,1.5235832099273424e-15,3.0471664198546847e-12,3.671284843198415e-14
DDC,3,56,55,0.9821428571428571,0.5,1.582067810090848e-15,3.164135620181696e-12,3.766828119263924e-14
PPG,3,107,93,0.8691588785046729,0.5,1.7572571105612e-15,3.5145142211224e-12,4.134722613085176e-14
ACC,3,65,62,0.9538461538461539,0.5,2.4842324378160363e-15,4.968464875632073e-12,5.777284739107061e-14
HPE,3,85,77,0.9058823529411765,0.5,2.7675726722352094e-15,5.535145344470419e-12,6.362236028126919e-14
PRC,3,77,71,0.922077922077922,0.5,3.418320890290292e-15,6.836641780580584e-12,7.768911114296118e-14
CNP,3,68,64,0.9411764705882353,0.5,5.873990530091966e-15,1.1747981060183932e-11,1.319997871930779e-13
CDC,3,54,53,0.9814814814814815,0.5,6.106226635438361e-15,1.2212453270876722e-11,1.3504155059142529e-13
CCI,3,59,57,0.9661016949152542,0.5,6.144390551909851e-15,1.2288781103819701e-11,1.3504155059142529e-13
CPN,3,63,60,0.9523809523809523,0.5,9.048317650695026e-15,1.809663530139005e-11,1.9569296677171325e-13
ACS,3,83,75,0.9036144578313253,0.5,9.099722954884666e-15,1.8199445909769332e-11,1.9569296677171325e-13
PCR,3,67,63,0.9402985074626866,0.5,1.1067861037383775e-14,2.213572207476755e-11,2.354864050507186e-13
RDC,3,62,59,0.9516129032258065,0.5,1.724922288337538e-14,3.449844576675076e-11,3.631415343868501e-13
YFG,3,57,2,0.03508771929824561,0.5,2.295386103412511e-14,4.590772206825022e-11,4.782054382109399e-13
LLI,3,105,15,0.14285714285714285,0.5,3.276492294212061e-14,6.552984588424121e-11,6.755654214870228e-13
CLP,3,65,61,0.9384615384615385,0.5,3.918664438079533e-14,7.837328876159066e-11,7.997274363427619e-13
SGW,3,60,57,0.95,0.5,6.253851603243987e-14,1.2507703206487975e-10,1.2634043642917145e-12
FVC,3,68,63,0.9264705882352942,0.5,7.651062942926057e-14,1.5302125885852114e-10,1.5302125885852114e-12
DPC,3,55,53,0.9636363636363636,0.5,8.554268404736831e-14,1.7108536809473662e-10,1.6939145355914516e-12
CKY,3,44,44,1.0,0.5,1.1368683772161603e-13,2.2737367544323206e-10,2.2075114120702144e-12
CCW,3,44,44,1.0,0.5,1.1368683772161603e-13,2.2737367544323206e-10,2.2075114120702144e-12
VVW,3,54,2,0.037037037037037035,0.5,1.6497914145929826e-13,3.299582829185965e-10,3.142459837319967e-12
ECE,3,54,52,0.9629629629629629,0.5,1.6497914145929826e-13,3.299582829185965e-10,3.142459837319967e-12
LVV,3,92,12,0.13043478260869565,0.5,1.7155995359729554e-13,3.4311990719459106e-10,3.2369802565527462e-12
CGK,3,78,70,0.8974358974358975,0.5,1.7449045276511964e-13,3.489809055302393e-10,3.2593703475233953e-12
QGC,3,49,48,0.9795918367346939,0.5,1.7763568394002505e-13,3.552713678800501e-10,3.2593703475233953e-12
CEP,3,49,48,0.9795918367346939,0.5,1.7763568394002505e-13,3.552713678800501e-10,3.2593703475233953e-12
CPW,3,43,43,1.0,0.5,2.2737367544323206e-13,4.547473508864641e-10,4.134066826240583e-12
IIF,3,66,5,0.07575757575757576,0.5,2.6307135723296904e-13,5.261427144659381e-10,4.656130216512726e-12
AKC,3,66,61,0.9242424242424242,0.5,2.6307135723296904e-13,5.261427144659381e-10,4.656130216512726e-12
CIP,3,66,61,0.9242424242424242,0.5,2.6307135723296904e-13,5.261427144659381e-10,4.656130216512726e-12
LLA,3,161,35,0.21739130434782608,0.5,2.910343305805322e-13,5.820686611610644e-10,5.105865448781267e-12
TIT,3,77,8,0.1038961038961039,0.5,3.137352112678877e-13,6.274704225357754e-10,5.456264543789351e-12
PWC,3,48,47,0.9791666666666666,0.5,3.481659405224491e-13,6.963318810448982e-10,6.002861043490501e-12
WCK,3,42,42,1.0,0.5,4.547473508864641e-13,9.094947017729282e-10,7.773458989512207e-12
REP,3,61,4,0.06557377049180328,0.5,4.85494457136415e-13,9.7098891427283e-10,8.159570708175042e-12
FCC,3,61,57,0.9344262295081968,0.5,4.85494457136415e-13,9.7098891427283e-10,8.159570708175042e-12
CEG,3,47,46,0.9787234042553191,0.5,6.821210263296962e-13,1.3642420526593924e-09,1.1368683772161603e-11
CDG,3,56,53,0.9464285714285714,0.5,8.137102103233929e-13,1.6274204206467857e-09,1.3339511644645784e-11
SEC,3,56,53,0.9464285714285714,0.5,8.137102103233929e-13,1.6274204206467857e-09,1.3339511644645784e-11
EYC,3,63,58,0.9206349206349206,0.5,1.6623508125590547e-12,3.3247016251181094e-09,2.6812109879984755e-11
LII,3,63,5,0.07936507936507936,0.5,1.6623508125590547e-12,3.3247016251181094e-09,2.6812109879984755e-11
LTI,3,74,8,0.10810810810810811,0.5,1.8077410513282365e-12,3.615482102656473e-09,2.8645502418044985e-11
CDD,3,40,40,1.0,0.5,1.8189894035458565e-12,3.637978807091713e-09,2.8645502418044985e-11
GDC,3,40,40,1.0,0.5,1.8189894035458565e-12,3.637978807091713e-09,2.8645502418044985e-11
SCT,3,70,63,0.9,0.5,2.2750760151658833e-12,4.550152030331767e-09,3.554806273696693e-11
VNI,3,45,1,0.022222222222222223,0.5,2.6147972675971687e-12,5.229594535194337e-09,4.0539492520886334e-11
ECR,3,39,39,1.0,0.5,3.637978807091713e-12,7.275957614183426e-09,5.5968904724487887e-11
CRY,3,44,43,0.9772727272727273,0.5,5.115907697472721e-12,1.0231815394945443e-08,7.810546103011788e-11
KTC,3,79,69,0.8734177215189873,0.5,5.544696639021875e-12,1.108939327804375e-08,8.401055513669508e-11
CSY,3,72,64,0.8888888888888888,0.5,5.765519304519332e-12,1.1531038609038664e-08,8.669953841382453e-11
RGC,3,57,53,0.9298245614035088,0.5,5.910882894255564e-12,1.1821765788511128e-08,8.822213275008303e-11
IRL,3,68,7,0.10294117647058823,0.5,7.387402755493211e-12,1.4774805510986422e-08,1.0863827581607662e-10
PRI,3,68,7,0.10294117647058823,0.5,7.387402755493211e-12,1.4774805510986422e-08,1.0863827581607662e-10
CAG,3,75,66,0.88,0.5,7.658840702050266e-12,1.5317681404100532e-08,1.1180789346058782e-10
ILA,3,85,12,0.1411764705882353,0.5,8.090689460813064e-12,1.618137892162613e-08,1.1725636899729076e-10
LWC,3,48,46,0.9583333333333334,0.5,8.363087999896379e-12,1.672617599979276e-08,1.1862536170065787e-10
CNL,3,48,46,0.9583333333333334,0.5,8.363087999896379e-12,1.672617599979276e-08,1.1862536170065787e-10
LAF,3,48,2,0.041666666666666664,0.5,8.363087999896379e-12,1.672617599979276e-08,1.1862536170065787e-10
NPD,3,78,68,0.8717948717948718,0.5,9.70811491825464e-12,1.941622983650928e-08,1.3673401293316397e-10
RKC,3,71,63,0.8873239436619719,0.5,1.0271364278048329e-11,2.0542728556096658e-08,1.436554444482284e-10
CNG,3,52,49,0.9423076923076923,0.5,1.042677055806962e-11,2.085354111613924e-08,1.4381752493889132e-10
KPC,3,52,49,0.9423076923076923,0.5,1.042677055806962e-11,2.085354111613924e-08,1.4381752493889132e-10
CTN,3,56,52,0.9285714285714286,0.5,1.1008055578187737e-11,2.2016111156375473e-08,1.507952818929827e-10
VLA,3,81,11,0.13580246913580246,0.5,1.1828221854912694e-11,2.3656443709825388e-08,1.6092818850221353e-10
DLC,3,67,60,0.8955223880597015,0.5,1.3280368233066496e-11,2.656073646613299e-08,1.7946443558197967e-10
QIC,3,37,37,1.0,0.5,1.4551915228366852e-11,2.9103830456733704e-08,1.9532772118613224e-10
TTC,3,47,45,0.9574468085106383,0.5,1.6044054973463062e-11,3.2088109946926124e-08,2.139207329795075e-10
LTL,3,70,8,0.11428571428571428,0.5,1.8267652540930775e-11,3.653530508186155e-08,2.419556627937851e-10
ICC,3,59,54,0.9152542372881356,0.5,1.9067358802971057e-11,3.8134717605942114e-08,2.4924652030027525e-10
KCS,3,59,54,0.9152542372881356,0.5,1.9067358802971057e-11,3.8134717605942114e-08,2.4924652030027525e-10
CRR,3,73,64,0.8767123287671232,0.5,2.378889919863532e-11,4.757779839727064e-08,3.0894674283941973e-10
SCS,3,137,107,0.781021897810219,0.5,2.434599941375845e-11,4.86919988275169e-08,3.141419279194639e-10
VCV,3,58,53,0.9137931034482759,0.5,3.496476719266895e-11,6.99295343853379e-08,4.482662460598583e-10
CCQ,3,50,47,0.94,0.5,3.708322537931963e-11,7.416645075863926e-08,4.723977755327342e-10
CGR,3,72,63,0.875,0.5,4.181227909275131e-11,8.362455818550262e-08,5.292693556044469e-10
CSK,3,65,58,0.8923076923076924,0.5,4.2705216207923607e-11,8.541043241584721e-08,5.371725309172781e-10
WCD,3,49,46,0.9387755102040817,0.5,6.981082378842984e-11,1.3962164757685969e-07,8.672152023407433e-10
CRK,3,49,46,0.9387755102040817,0.5,6.981082378842984e-11,1.3962164757685969e-07,8.672152023407433e-10
EVN,3,40,1,0.025,0.5,7.457856554538012e-11,1.4915713109076023e-07,9.207230314244458e-10
VVA,3,64,7,0.109375,0.5,7.638141345540223e-11,1.5276282691080445e-07,9.371952571214996e-10
TFL,3,74,10,0.13513513513513514,0.5,8.957423581215867e-11,1.7914847162431733e-07,1.092368729416569e-09
GLC,3,90,75,0.8333333333333334,0.5,9.176485495714726e-11,1.8352970991429452e-07,1.1123012722078454e-09
FFA,3,108,21,0.19444444444444445,0.5,9.903173446450255e-11,1.9806346892900509e-07,1.1931534272831633e-09
YNC,3,34,34,1.0,0.5,1.1641532182693481e-10,2.3283064365386963e-07,1.3849615077393717e-09
WAA,3,34,0,0.0,0.5,1.1641532182693481e-10,2.3283064365386963e-07,1.3849615077393717e-09
VWG,3,56,5,0.08928571428571429,0.5,1.170292474039769e-10,2.3405849480795382e-07,1.3849615077393717e-09
LAL,3,125,27,0.216,0.5,1.1784452984726365e-10,2.356890596945273e-07,1.3864062334972193e-09
CGD,3,48,45,0.9375,0.5,1.312585595769633e-10,2.625171191539266e-07,1.5262623206623641e-09
MVV,3,48,3,0.0625,0.5,1.312585595769633e-10,2.625171191539266e-07,1.5262623206623641e-09
LIL,3,89,15,0.16853932584269662,0.5,1.5342060632791784e-10,3.0684121265583566e-07,1.7736486280684144e-09
FFR,3,73,10,0.136986301369863,0.5,1.5535957242568204e-10,3.107191448513641e-07,1.785742211789449e-09
RPC,3,43,41,0.9534883720930233,0.5,2.1532287064474076e-10,4.306457412894815e-07,2.460832807368466e-09
PCF,3,69,60,0.8695652173913043,0.5,2.2444496451277593e-10,4.4888992902555186e-07,2.5361012939296718e-09
KLC,3,69,60,0.8695652173913043,0.5,2.2444496451277593e-10,4.4888992902555186e-07,2.5361012939296718e-09
WCC,3,33,33,1.0,0.5,2.3283064365386963e-10,4.6566128730773926e-07,2.601459705629828e-09
LMV,3,33,0,0.0,0.5,2.3283064365386963e-10,4.6566128730773926e-07,2.601459705629828e-09
CNV,3,38,37,0.9736842105263158,0.5,2.837623469531536e-10,5.675246939063072e-07,3.1529149661461515e-09
SYF,3,58,6,0.10344827586206896,0.5,3.1581898207733166e-10,6.316379641546633e-07,3.4897125091417866e-09
CGI,3,54,49,0.9074074074074074,0.5,3.8913883226854296e-10,7.782776645370859e-07,4.276250904049923e-09
NPP,3,68,59,0.8676470588235294,0.5,3.914123197106857e-10,7.828246394213714e-07,4.277730270062139e-09
WCG,3,42,40,0.9523809523809523,0.5,4.1109160520136356e-10,8.221832104027271e-07,4.444233569744471e-09
VCI,3,42,40,0.9523809523809523,0.5,4.1109160520136356e-10,8.221832104027271e-07,4.444233569744471e-09
GII,3,90,16,0.17777777777777778,0.5,4.3857845641773173e-10,8.771569128354635e-07,4.715897380835825e-09
FRE,3,74,11,0.14864864864864866,0.5,5.321301366667703e-10,1.0642602733335405e-06,5.691231408200752e-09
DKC,3,37,36,0.972972972972973,0.5,5.529727786779404e-10,1.1059455573558807e-06,5.882689134871706e-09
AFL,3,57,6,0.10526315789473684,0.5,5.676193126635808e-10,1.1352386253271616e-06,6.006553573159585e-09
LLL,3,104,21,0.20192307692307693,0.5,6.6760437705023e-10,1.33520875410046e-06,7.027414495265579e-09
PDC,3,60,53,0.8833333333333333,0.5,7.671918274276823e-10,1.5343836548553647e-06,8.033422276729658e-09
MLT,3,41,2,0.04878048780487805,0.5,7.839844329282641e-10,1.5679688658565283e-06,8.166504509669418e-09
LIC,3,49,45,0.9183673469387755,0.5,8.225455871979648e-10,1.6450911743959296e-06,8.479851414412007e-09
MYD,3,49,45,0.9183673469387755,0.5,8.225455871979648e-10,1.6450911743959296e-06,8.479851414412007e-09
YSC,3,45,42,0.9333333333333333,0.5,8.654978955746628e-10,1.7309957911493257e-06,8.831611179333294e-09
GNC,3,45,42,0.9333333333333333,0.5,8.654978955746628e-10,1.7309957911493257e-06,8.831611179333294e-09
SLS,3,73,11,0.1506849315068493,0.5,9.089007009078587e-10,1.8178014018157174e-06,9.227418283328514e-09
WPC,3,31,31,1.0,0.5,9.313225746154785e-10,1.862645149230957e-06,9.407298733489681e-09
ATA,3,56,6,0.10714285714285714,0.5,1.0182093779231849e-09,2.0364187558463698e-06,1.0233260079629999e-08
CPC,3,36,35,0.9722222222222222,0.5,1.076841726899147e-09,2.153683453798294e-06,1.0714843053722856e-08
NLC,3,36,35,0.9722222222222222,0.5,1.076841726899147e-09,2.153683453798294e-06,1.0714843053722856e-08
IFF,3,82,14,0.17073170731707318,0.5,1.1349339471612945e-09,2.269867894322589e-06,1.1236969773874202e-08
AAN,3,94,76,0.8085106382978723,0.5,1.180000200429073e-09,2.360000400858146e-06,1.1625617738217466e-08
TCD,3,52,47,0.9038461538461539,0.5,1.2848229147266466e-09,2.569645829453293e-06,1.2534857704650211e-08
LVC,3,52,47,0.9038461538461539,0.5,1.2848229147266466e-09,2.569645829453293e-06,1.2534857704650211e-08
EIC,3,59,52,0.8813559322033898,0.5,1.3589917802203644e-09,2.7179835604407288e-06,1.3194094953595771e-08
CHC,3,44,41,0.9318181818181818,0.5,1.6183321349672042e-09,3.2366642699344084e-06,1.5560885913146194e-08
CPA,3,44,41,0.9318181818181818,0.5,1.6183321349672042e-09,3.2366642699344084e-06,1.5560885913146194e-08
LGI,3,99,20,0.20202020202020202,0.5,1.7924150285414489e-09,3.584830057082898e-06,1.7152296923841616e-08
GCP,3,55,49,0.8909090909090909,0.5,1.822834494458192e-09,3.645668988916384e-06,1.7360328518649447e-08
QLT,3,30,0,0.0,0.5,1.862645149230957e-09,3.725290298461914e-06,1.7572124049348652e-08
WCF,3,30,30,1.0,0.5,1.862645149230957e-09,3.725290298461914e-06,1.7572124049348652e-08
ITS,3,65,9,0.13846153846153847,0.5,2.049245302203524e-09,4.098490604407048e-06,1.924173992679365e-08
LAA,3,167,45,0.2694610778443114,0.5,2.125851535615673e-09,4.251703071231346e-06,1.986777136089414e-08
KSC,3,51,46,0.9019607843137255,0.5,2.3280151140170346e-09,4.656030228034069e-06,2.155569550015773e-08
ILI,3,51,5,0.09803921568627451,0.5,2.3280151140170346e-09,4.656030228034069e-06,2.155569550015773e-08
NPH,3,39,37,0.9487179487179487,0.5,2.841261448338628e-09,5.682522896677256e-06,2.5947593135512584e-08
MEV,3,39,2,0.05128205128205128,0.5,2.841261448338628e-09,5.682522896677256e-06,2.5947593135512584e-08
HVC,3,39,37,0.9487179487179487,0.5,2.841261448338628e-09,5.682522896677256e-06,2.5947593135512584e-08
ATC,3,61,53,0.8688524590163934,0.5,2.98644165040024e-09,5.97288330080048e-06,2.714946954909309e-08
CVD,3,43,40,0.9302325581395349,0.5,3.0213413992896676e-09,6.042682798579335e-06,2.7219291885492502e-08
NSC,3,43,40,0.9302325581395349,0.5,3.0213413992896676e-09,6.042682798579335e-06,2.7219291885492502e-08
AAV,3,80,14,0.175,0.5,3.1365426901467503e-09,6.2730853802935e-06,2.813042771432063e-08
PGL,3,123,94,0.7642276422764228,0.5,3.3927095067658785e-09,6.785419013531757e-06,3.0292049167552484e-08
LVL,3,64,9,0.140625,0.5,3.542223380175076e-09,7.084446760350152e-06,3.148643004600068e-08
CDA,3,29,29,1.0,0.5,3.725290298461914e-09,7.450580596923828e-06,3.2821940955611575e-08
RWC,3,29,29,1.0,0.5,3.725290298461914e-09,7.450580596923828e-06,3.2821940955611575e-08
DGC,3,34,33,0.9705882352941176,0.5,4.0745362639427185e-09,8.149072527885437e-06,3.5741546174936124e-08
TRG,3,57,50,0.8771929824561403,0.5,4.2367098440632126e-09,8.473419688126425e-06,3.700183269924203e-08
CRP,3,46,42,0.9130434782608695,0.5,5.100190492157708e-09,1.0200380984315416e-05,4.4349482540501806e-08
GCY,3,60,52,0.8666666666666667,0.5,5.205691473372798e-09,1.0411382946745595e-05,4.4876650632524116e-08
DCG,3,60,52,0.8666666666666667,0.5,5.205691473372798e-09,1.0411382946745595e-05,4.4876650632524116e-08
CED,3,38,36,0.9473684210526315,0.5,5.398760549724102e-09,1.0797521099448204e-05,4.634129227230989e-08
VCR,3,42,39,0.9285714285714286,0.5,5.631591193377972e-09,1.1263182386755943e-05,4.8133258063059586e-08
CSV,3,53,47,0.8867924528301887,0.5,5.805322444984995e-09,1.161064488996999e-05,4.940699953178719e-08
TSC,3,63,54,0.8571428571428571,0.5,6.108279451688681e-09,1.2216558903377361e-05,5.154666203956693e-08
CRG,3,63,54,0.8571428571428571,0.5,6.108279451688681e-09,1.2216558903377361e-05,5.154666203956693e-08
CCM,3,28,28,1.0,0.5,7.450580596923828e-09,1.4901161193847656e-05,6.212675258502702e-08
CRW,3,28,28,1.0,0.5,7.450580596923828e-09,1.4901161193847656e-05,6.212675258502702e-08
CRV,3,56,49,0.875,0.5,7.455210310203242e-09,1.4910420620406484e-05,6.212675258502702e-08
DYC,3,33,32,0.9696969696969697,0.5,7.916241884231567e-09,1.5832483768463135e-05,6.56949533961126e-08
SLA,3,90,18,0.2,0.5,8.07074444411569e-09,1.614148888823138e-05,6.670036730674125e-08
SDP,3,75,62,0.8266666666666667,0.5,8.396008067237178e-09,1.6792016134474356e-05,6.910294705545003e-08
ECN,3,45,41,0.9111111111111111,0.5,9.334883088740753e-09,1.8669766177481506e-05,7.651543515361273e-08
FSI,3,37,2,0.05405405405405406,0.5,1.0244548320770264e-08,2.0489096641540527e-05,8.162986709777102e-08
CYG,3,37,35,0.9459459459459459,0.5,1.0244548320770264e-08,2.0489096641540527e-05,8.162986709777102e-08
FGC,3,37,35,0.9459459459459459,0.5,1.0244548320770264e-08,2.0489096641540527e-05,8.162986709777102e-08
CCF,3,37,35,0.9459459459459459,0.5,1.0244548320770264e-08,2.0489096641540527e-05,8.162986709777102e-08
FCD,3,37,35,0.9459459459459459,0.5,1.0244548320770264e-08,2.0489096641540527e-05,8.162986709777102e-08
VVF,3,37,2,0.05405405405405406,0.5,1.0244548320770264e-08,2.0489096641540527e-05,8.162986709777102e-08
DIC,3,37,35,0.9459459459459459,0.5,1.0244548320770264e-08,2.0489096641540527e-05,8.162986709777102e-08
RCR,3,52,46,0.8846153846153846,0.5,1.0325821975243343e-08,2.0651643950486687e-05,8.195096805748685e-08
CIV,3,41,38,0.926829268292683,0.5,1.0479197953827679e-08,2.095839590765536e-05,8.240966836973e-08
EVC,3,41,38,0.926829268292683,0.5,1.0479197953827679e-08,2.095839590765536e-05,8.240966836973e-08
PRL,3,62,9,0.14516129032258066,0.5,1.0507232717140574e-08,2.101446543428115e-05,8.240966836973e-08
CYC,3,48,43,0.8958333333333334,0.5,1.3680484300948594e-08,2.7360968601897188e-05,1.0646291284784897e-07
CNI,3,48,43,0.8958333333333334,0.5,1.3680484300948594e-08,2.7360968601897188e-05,1.0646291284784897e-07
ILY,3,32,1,0.03125,0.5,1.5366822481155396e-08,3.073364496231079e-05,1.1912265489267748e-07
CFA,3,58,50,0.8620689655172413,0.5,1.5702617754687068e-08,3.1405235509374137e-05,1.212557355574291e-07
FIA,3,61,9,0.14754098360655737,0.5,1.802802378388091e-08,3.605604756776182e-05,1.3867710602985315e-07
DPR,3,51,45,0.8823529411764706,0.5,1.8323628836469652e-08,3.6647257672939304e-05,1.4041094893846475e-07
CRD,3,36,34,0.9444444444444444,0.5,1.941225491464138e-08,3.882450982928276e-05,1.4802285632961375e-07
LCH,3,40,37,0.925,0.5,1.946500560734421e-08,3.893001121468842e-05,1.4802285632961375e-07
PVC,3,105,81,0.7714285714285715,0.5,2.0779877274240742e-08,4.155975454848148e-05,1.5742331268364197e-07
VNN,3,70,58,0.8285714285714286,0.5,2.2489162308892232e-08,4.4978324617784464e-05,1.69729526859564e-07
FGF,3,79,15,0.189873417721519,0.5,2.3034395557043568e-08,4.6068791114087136e-05,1.7319094403792155e-07
NKI,3,47,5,0.10638297872340426,0.5,2.4579776436439715e-08,4.915955287287943e-05,1.827492671854254e-07
NHP,3,47,42,0.8936170212765957,0.5,2.4579776436439715e-08,4.915955287287943e-05,1.827492671854254e-07
VVL,3,47,5,0.10638297872340426,0.5,2.4579776436439715e-08,4.915955287287943e-05,1.827492671854254e-07
CNK,3,31,30,0.967741935483871,0.5,2.9802322387695312e-08,5.9604644775390625e-05,2.18332032144288e-07
WCI,3,31,30,0.967741935483871,0.5,2.9802322387695312e-08,5.9604644775390625e-05,2.18332032144288e-07
YCE,3,31,30,0.967741935483871,0.5,2.9802322387695312e-08,5.9604644775390625e-05,2.18332032144288e-07
KWC,3,31,30,0.967741935483871,0.5,2.9802322387695312e-08,5.9604644775390625e-05,2.18332032144288e-07
CGL,3,60,51,0.85,0.5,3.085035609438902e-08,6.170071218877804e-05,2.2518508098094172e-07
CRE,3,43,39,0.9069767441860465,0.5,3.1081526685738936e-08,6.216305337147787e-05,2.2604746680537405e-07
CEC,3,39,36,0.9230769230769231,0.5,3.608874976634979e-08,7.217749953269958e-05,2.605685903707566e-07
GCN,3,39,36,0.9230769230769231,0.5,3.608874976634979e-08,7.217749953269958e-05,2.605685903707566e-07
DAR,3,35,2,0.05714285714285714,0.5,3.6729034036397934e-08,7.345806807279587e-05,2.632905665691608e-07
VFT,3,35,2,0.05714285714285714,0.5,3.6729034036397934e-08,7.345806807279587e-05,2.632905665691608e-07
CLG,3,69,57,0.8260869565217391,0.5,3.7422494875036195e-08,7.484498975007239e-05,2.673035348216871e-07
KCI,3,46,41,0.8913043478260869,0.5,4.405936238072172e-08,8.811872476144345e-05,3.135897678343183e-07
IGL,3,92,20,0.21739130434782608,0.5,4.606251020832626e-08,9.212502041665252e-05,3.266844695625976e-07
ISL,3,56,8,0.14285714285714285,0.5,4.688184102041859e-08,9.376368204083718e-05,3.3132043123970737e-07
EGC,3,42,38,0.9047619047619048,0.5,5.65314621780999e-08,0.0001130629243561998,3.967120152849116e-07
EGG,3,42,4,0.09523809523809523,0.5,5.65314621780999e-08,0.0001130629243561998,3.967120152849116e-07
SSC,3,49,43,0.8775510204081632,0.5,5.7277652842913085e-08,0.00011455530568582617,4.005430268735181e-07
IYV,3,30,1,0.03333333333333333,0.5,5.774199962615967e-08,0.00011548399925231934,4.0238327265616497e-07
KKF,3,68,56,0.8235294117647058,0.5,6.209495737562187e-08,0.00012418991475124375,4.305717243147321e-07
GCK,3,74,60,0.8108108108108109,0.5,6.221761416347879e-08,0.00012443522832695757,4.305717243147321e-07
TPC,3,38,35,0.9210526315789473,0.5,6.677873898297548e-08,0.00013355747796595097,4.5896040538127485e-07
CPS,3,38,35,0.9210526315789473,0.5,6.677873898297548e-08,0.00013355747796595097,4.5896040538127485e-07
LMY,3,52,45,0.8653846153846154,0.5,6.973810151578164e-08,0.00013947620303156327,4.776582295601483e-07
AEG,3,45,5,0.1111111111111111,0.5,7.878384167270269e-08,0.00015756768334540538,5.341277401539166e-07
SCG,3,45,40,0.8888888888888888,0.5,7.878384167270269e-08,0.00015756768334540538,5.341277401539166e-07
CIG,3,45,40,0.8888888888888888,0.5,7.878384167270269e-08,0.00015756768334540538,5.341277401539166e-07
GYK,3,58,49,0.8448275862068966,0.5,8.959402428981857e-08,0.00017918804857963713,6.053650289852606e-07
SCN,3,61,51,0.8360655737704918,0.5,9.624425087798039e-08,0.00019248850175596077,6.481094335217535e-07
VGL,3,76,15,0.19736842105263158,0.5,9.842847414734726e-08,0.0001968569482946945,6.605937862238072e-07
RLI,3,64,11,0.171875,0.5,1.0058579844832594e-07,0.00020117159689665189,6.728147053399729e-07
EAA,3,73,14,0.1917808219178082,0.5,1.0136448982171495e-07,0.0002027289796434299,6.757632654780997e-07
HPC,3,29,28,0.9655172413793104,0.5,1.1175870895385742e-07,0.00022351741790771484,7.37681247220181e-07
QDF,3,29,1,0.034482758620689655,0.5,1.1175870895385742e-07,0.00022351741790771484,7.37681247220181e-07
CTH,3,29,28,0.9655172413793104,0.5,1.1175870895385742e-07,0.00022351741790771484,7.37681247220181e-07
TGS,3,90,70,0.7777777777777778,0.5,1.1363565084238009e-07,0.00022727130168476018,7.4760296606829e-07
TLV,3,51,7,0.13725490196078433,0.5,1.2115257419509362e-07,0.00024230514839018724,7.944431094760238e-07
MRF,3,37,3,0.08108108108108109,0.5,1.233129296451807e-07,0.0002466258592903614,8.007333093842903e-07
CNA,3,37,34,0.918918918918919,0.5,1.233129296451807e-07,0.0002466258592903614,8.007333093842903e-07
DCY,3,37,34,0.918918918918919,0.5,1.233129296451807e-07,0.0002466258592903614,8.007333093842903e-07
LQG,3,33,2,0.06060606060606061,0.5,1.3085082173347473e-07,0.00026170164346694946,8.469308850063089e-07
PCV,3,54,46,0.8518518518518519,0.5,1.38433549734529e-07,0.000276867099469058,8.931196757066388e-07
FTF,3,44,5,0.11363636363636363,0.5,1.4051624930289108e-07,0.00028103249860578217,9.036414746166629e-07
SGC,3,60,50,0.8333333333333334,0.5,1.6163814566157175e-07,0.0003232762913231435,1.0361419593690497e-06
DIN,3,63,52,0.8253968253968254,0.5,1.673499118726163e-07,0.0003346998237452326,1.0693285103681552e-06
YGC,3,47,41,0.8723404255319149,0.5,1.7716986633331544e-07,0.0003543397326666309,1.1248880402115266e-06
VTL,3,47,6,0.1276595744680851,0.5,1.7716986633331544e-07,0.0003543397326666309,1.1248880402115266e-06
KRC,3,40,36,0.9,0.5,1.8570244719740003e-07,0.00037140489439480007,1.1716242725388014e-06
MDI,3,40,4,0.1,0.5,1.8570244719740003e-07,0.00037140489439480007,1.1716242725388014e-06
CSP,3,50,43,0.86,0.5,2.098677427397888e-07,0.0004197354854795776,1.31167339212368e-06
PRV,3,50,7,0.14,0.5,2.098677427397888e-07,0.0004197354854795776,1.31167339212368e-06
ATL,3,50,7,0.14,0.5,2.098677427397888e-07,0.0004197354854795776,1.31167339212368e-06
RVV,3,28,1,0.03571428571428571,0.5,2.1606683731079102e-07,0.00043213367462158203,1.3378751536271888e-06
FFC,3,28,27,0.9642857142857143,0.5,2.1606683731079102e-07,0.00043213367462158203,1.3378751536271888e-06
CAH,3,28,27,0.9642857142857143,0.5,2.1606683731079102e-07,0.00043213367462158203,1.3378751536271888e-06
SVC,3,36,33,0.9166666666666666,0.5,2.2721360437572002e-07,0.00045442720875144005,1.4025531134303704e-06
CTS,3,53,45,0.8490566037735849,0.5,2.3683513772354559e-07,0.00047367027544709117,1.452976305052427e-06
VLF,3,53,8,0.1509433962264151,0.5,2.3683513772354559e-07,0.00047367027544709117,1.452976305052427e-06
EPC,3,32,30,0.9375,0.5,2.4633482098579407e-07,0.0004926696419715881,1.502041591376793e-06
CGC,3,32,30,0.9375,0.5,2.4633482098579407e-07,0.0004926696419715881,1.502041591376793e-06
CDS,3,43,38,0.8837209302325582,0.5,2.4995097192004323e-07,0.0004999019438400865,1.5148543752729893e-06
CRL,3,43,38,0.8837209302325582,0.5,2.4995097192004323e-07,0.0004999019438400865,1.5148543752729893e-06
PTC,3,68,55,0.8088235294117647,0.5,2.7465771122682156e-07,0.0005493154224536431,1.6595632098297374e-06
LEC,3,39,35,0.8974358974358975,0.5,3.353161446284503e-07,0.0006706322892569005,2.0199767748701823e-06
LSL,3,125,34,0.272,0.5,3.4738008828470623e-07,0.0006947601765694124,2.086366896604842e-06
VLI,3,49,7,0.14285714285714285,0.5,3.6245783263666453e-07,0.0007249156652733291,2.1510850601582466e-06
CEE,3,49,42,0.8571428571428571,0.5,3.6245783263666453e-07,0.0007249156652733291,2.1510850601582466e-06
VST,3,49,7,0.14285714285714285,0.5,3.6245783263666453e-07,0.0007249156652733291,2.1510850601582466e-06
CSQ,3,49,42,0.8571428571428571,0.5,3.6245783263666453e-07,0.0007249156652733291,2.1510850601582466e-06
KKC,3,135,97,0.7185185185185186,0.5,3.957630638799941e-07,0.0007915261277599882,2.3417932773964146e-06
SRC,3,35,32,0.9142857142857143,0.5,4.176981747150421e-07,0.0008353963494300842,2.457048086559071e-06
PCP,3,35,32,0.9142857142857143,0.5,4.176981747150421e-07,0.0008353963494300842,2.457048086559071e-06
RRA,3,55,9,0.16363636363636364,0.5,4.336383137015787e-07,0.0008672766274031574,2.543333218191077e-06
CSA,3,42,37,0.8809523809523809,0.5,4.4337048166198656e-07,0.0008867409633239731,2.5852506219357816e-06
APC,3,42,37,0.8809523809523809,0.5,4.4337048166198656e-07,0.0008867409633239731,2.5852506219357816e-06
RLP,3,67,54,0.8059701492537313,0.5,4.46583468018233e-07,0.000893166936036466,2.5964155117339133e-06
YPP,3,61,50,0.819672131147541,0.5,4.588831219506234e-07,0.0009177662439012468,2.644956111907959e-06
CYP,3,31,29,0.9354838709677419,0.5,4.628673195838928e-07,0.0009257346391677856,2.644956111907959e-06
CCC,3,31,29,0.9354838709677419,0.5,4.628673195838928e-07,0.0009257346391677856,2.644956111907959e-06
AWA,3,31,2,0.06451612903225806,0.5,4.628673195838928e-07,0.0009257346391677856,2.644956111907959e-06
LYC,3,31,29,0.9354838709677419,0.5,4.628673195838928e-07,0.0009257346391677856,2.644956111907959e-06
EVI,3,31,2,0.06451612903225806,0.5,4.628673195838928e-07,0.0009257346391677856,2.644956111907959e-06
CST,3,45,39,0.8666666666666667,0.5,5.417768988991156e-07,0.0010835537977982312,3.087047856975018e-06
CSE,3,38,34,0.8947368421052632,0.5,6.038535502739251e-07,0.0012077071005478501,3.4212665737899437e-06
YCI,3,38,34,0.8947368421052632,0.5,6.038535502739251e-07,0.0012077071005478501,3.4212665737899437e-06
PCA,3,72,57,0.7916666666666666,0.5,6.539968221733264e-07,0.0013079936443466528,3.6948973004142736e-06
NIL,3,63,12,0.19047619047619047,0.5,7.459722282164659e-07,0.0014919444564329319,4.2026604406561465e-06
CDP,3,57,47,0.8245614035087719,0.5,7.513043097095994e-07,0.0015026086194191988,4.2089877294655426e-06
VKT,3,57,10,0.17543859649122806,0.5,7.513043097095994e-07,0.0015026086194191988,4.2089877294655426e-06
ARC,3,41,36,0.8780487804878049,0.5,7.84157236921601e-07,0.001568314473843202,4.344361423388371e-06
ATV,3,41,5,0.12195121951219512,0.5,7.84157236921601e-07,0.001568314473843202,4.344361423388371e-06
SPC,3,41,36,0.8780487804878049,0.5,7.84157236921601e-07,0.001568314473843202,4.344361423388371e-06
KCN,3,41,36,0.8780487804878049,0.5,7.84157236921601e-07,0.001568314473843202,4.344361423388371e-06
KGK,3,107,79,0.7383177570093458,0.5,8.420013817717518e-07,0.0016840027635435036,4.651941335755535e-06
CHL,3,30,28,0.9333333333333333,0.5,8.67992639541626e-07,0.001735985279083252,4.782328592515846e-06
VLL,3,74,16,0.21621621621621623,0.5,9.674891137601897e-07,0.0019349782275203794,5.3158742514296135e-06
VVV,3,37,4,0.10810810810810811,0.5,1.0843941709026694e-06,0.002168788341805339,5.941885867959833e-06
AGV,3,65,13,0.2,0.5,1.1688116132369708e-06,0.0023376232264739416,6.386948706212955e-06
TCG,3,62,50,0.8064516129032258,0.5,1.2143807700186297e-06,0.0024287615400372595,6.617878855687355e-06
MSD,3,56,46,0.8214285714285714,0.5,1.2454514146109652e-06,0.0024909028292219304,6.768757688103072e-06
VCA,3,40,35,0.875,0.5,1.382612026645802e-06,0.002765224053291604,7.492913441224531e-06
FCS,3,33,30,0.9090909090909091,0.5,1.4011748135089874e-06,0.002802349627017975,7.492913441224531e-06
PQC,3,33,30,0.9090909090909091,0.5,1.4011748135089874e-06,0.002802349627017975,7.492913441224531e-06
QSC,3,33,30,0.9090909090909091,0.5,1.4011748135089874e-06,0.002802349627017975,7.492913441224531e-06
GHC,3,33,30,0.9090909090909091,0.5,1.4011748135089874e-06,0.002802349627017975,7.492913441224531e-06
CAN,3,33,30,0.9090909090909091,0.5,1.4011748135089874e-06,0.002802349627017975,7.492913441224531e-06
KGA,3,169,116,0.6863905325443787,0.5,1.4138510751828575e-06,0.0028277021503657148,7.5405390676419066e-06
ACA,3,73,57,0.7808219178082192,0.5,1.5256583158538737e-06,0.0030513166317077474,8.115203807733371e-06
KPA,3,29,2,0.06896551724137931,0.5,1.6242265701293945e-06,0.003248453140258789,8.548560895417867e-06
CFF,3,29,27,0.9310344827586207,0.5,1.6242265701293945e-06,0.003248453140258789,8.548560895417867e-06
EHR,3,29,27,0.9310344827586207,0.5,1.6242265701293945e-06,0.003248453140258789,8.548560895417867e-06
CTT,3,29,27,0.9310344827586207,0.5,1.6242265701293945e-06,0.003248453140258789,8.548560895417867e-06
LSC,3,43,37,0.8604651162790697,0.5,1.636124125070637e-06,0.003272248250141274,8.566094895657786e-06
TSA,3,43,6,0.13953488372093023,0.5,1.636124125070637e-06,0.003272248250141274,8.566094895657786e-06
WGR,3,67,14,0.208955223880597,0.5,1.7728678775519788e-06,0.0035457357551039576,9.257795705232265e-06
VLD,3,46,7,0.15217391304347827,0.5,1.831543272601266e-06,0.003663086545202532,9.539287878131594e-06
LFL,3,64,13,0.203125,0.5,1.8809621564294015e-06,0.003761924312858803,9.771231981451435e-06
DCT,3,36,32,0.8888888888888888,0.5,1.941574737429619e-06,0.0038831494748592377,1.0008117203245457e-05
AVE,3,36,4,0.1111111111111111,0.5,1.941574737429619e-06,0.0038831494748592377,1.0008117203245457e-05
CRF,3,36,32,0.8888888888888888,0.5,1.941574737429619e-06,0.0038831494748592377,1.0008117203245457e-05
DIV,3,55,10,0.18181818181818182,0.5,2.0572645155203517e-06,0.0041145290310407034,1.0550074438565906e-05
LIV,3,55,10,0.18181818181818182,0.5,2.0572645155203517e-06,0.0041145290310407034,1.0550074438565906e-05
YVK,3,39,5,0.1282051282051282,0.5,2.4299079086631536e-06,0.004859815817326307,1.2276252319218274e-05
CGN,3,39,34,0.8717948717948718,0.5,2.4299079086631536e-06,0.004859815817326307,1.2276252319218274e-05
VAE,3,39,5,0.1282051282051282,0.5,2.4299079086631536e-06,0.004859815817326307,1.2276252319218274e-05
VVI,3,39,5,0.1282051282051282,0.5,2.4299079086631536e-06,0.004859815817326307,1.2276252319218274e-05
CKL,3,83,63,0.7590361445783133,0.5,2.4306979592052185e-06,0.004861395918410437,1.2276252319218274e-05
CKS,3,83,63,0.7590361445783133,0.5,2.4306979592052185e-06,0.004861395918410437,1.2276252319218274e-05
TLD,3,32,3,0.09375,0.5,2.5560148060321808e-06,0.005112029612064362,1.287664889688756e-05
DGS,3,42,6,0.14285714285714285,0.5,2.8288777684792876e-06,0.005657755536958575,1.4109116052265772e-05
KCR,3,42,36,0.8571428571428571,0.5,2.8288777684792876e-06,0.005657755536958575,1.4109116052265772e-05
AEA,3,42,6,0.14285714285714285,0.5,2.8288777684792876e-06,0.005657755536958575,1.4109116052265772e-05
LFC,3,42,36,0.8571428571428571,0.5,2.8288777684792876e-06,0.005657755536958575,1.4109116052265772e-05
SIA,3,63,13,0.20634920634920634,0.5,3.0159520846423375e-06,0.006031904169284675,1.4974747175051841e-05
DAC,3,28,26,0.9285714285714286,0.5,3.032386302947998e-06,0.006064772605895996,1.4974747175051841e-05
VIF,3,28,2,0.07142857142857142,0.5,3.032386302947998e-06,0.006064772605895996,1.4974747175051841e-05
ACH,3,28,26,0.9285714285714286,0.5,3.032386302947998e-06,0.006064772605895996,1.4974747175051841e-05
CGF,3,45,38,0.8444444444444444,0.5,3.1213096463034162e-06,0.0062426192926068325,1.5338130940065927e-05
CKC,3,45,38,0.8444444444444444,0.5,3.1213096463034162e-06,0.0062426192926068325,1.5338130940065927e-05
FKK,3,60,48,0.8,0.5,3.183628737933597e-06,0.006367257475867194,1.5567866689161846e-05
TFS,3,60,12,0.2,0.5,3.183628737933597e-06,0.006367257475867194,1.5567866689161846e-05
AFI,3,48,8,0.16666666666666666,0.5,3.3052667092192682e-06,0.0066105334184385365,1.608402291590885e-05
EEY,3,48,40,0.8333333333333334,0.5,3.3052667092192682e-06,0.0066105334184385365,1.608402291590885e-05
CVP,3,51,42,0.8235294117647058,0.5,3.3888279489246997e-06,0.0067776558978493995,1.6386093998851558e-05
GIC,3,51,42,0.8235294117647058,0.5,3.3888279489246997e-06,0.0067776558978493995,1.6386093998851558e-05
GFL,3,124,36,0.2903225806451613,0.5,3.3919214577622724e-06,0.006783842915524545,1.6386093998851558e-05
RVS,3,35,4,0.11428571428571428,0.5,3.4654513001441956e-06,0.006930902600288391,1.6700970121176848e-05
GTC,3,113,81,0.7168141592920354,0.5,4.547044853818963e-06,0.009094089707637925,2.1860792566437323e-05
LDI,3,31,3,0.0967741935483871,0.5,4.649162292480469e-06,0.009298324584960938,2.229814049151304e-05
TCN,3,76,58,0.7631578947368421,0.5,4.713242239575157e-06,0.009426484479150314,2.255139827547922e-05
FTL,3,41,6,0.14634146341463414,0.5,4.873598300036974e-06,0.009747196600073949,2.3152485985923868e-05
ALE,3,41,6,0.14634146341463414,0.5,4.873598300036974e-06,0.009747196600073949,2.3152485985923868e-05
RRS,3,41,6,0.14634146341463414,0.5,4.873598300036974e-06,0.009747196600073949,2.3152485985923868e-05
ILL,3,73,17,0.2328767123287671,0.5,5.268675318129165e-06,0.010537350636258332,2.482239692792268e-05
RCG,3,44,37,0.8409090909090909,0.5,5.299581744111492e-06,0.010599163488222985,2.482239692792268e-05
SCD,3,44,37,0.8409090909090909,0.5,5.299581744111492e-06,0.010599163488222985,2.482239692792268e-05
GCR,3,44,37,0.8409090909090909,0.5,5.299581744111492e-06,0.010599163488222985,2.482239692792268e-05
ADG,3,44,7,0.1590909090909091,0.5,5.299581744111492e-06,0.010599163488222985,2.482239692792268e-05
YKL,3,44,37,0.8409090909090909,0.5,5.299581744111492e-06,0.010599163488222985,2.482239692792268e-05
CGT,3,47,39,0.8297872340425532,0.5,5.539621596994947e-06,0.011079243193989894,2.581637622851367e-05
AAE,3,53,10,0.18867924528301888,0.5,5.550520889130439e-06,0.011101041778260878,2.581637622851367e-05
FIL,3,53,10,0.18867924528301888,0.5,5.550520889130439e-06,0.011101041778260878,2.581637622851367e-05
VPC,3,50,41,0.82,0.5,5.614100093254137e-06,0.011228200186508275,2.6051508553383468e-05
LKC,3,70,54,0.7714285714285715,0.5,5.85395552938811e-06,0.01170791105877622,2.71016459693894e-05
IPT,3,34,4,0.11764705882352941,0.5,6.16488978266716e-06,0.01232977956533432,2.8086058235385696e-05
IFT,3,34,4,0.11764705882352941,0.5,6.16488978266716e-06,0.01232977956533432,2.8086058235385696e-05
EAC,3,34,30,0.8823529411764706,0.5,6.16488978266716e-06,0.01232977956533432,2.8086058235385696e-05
NPQ,3,34,30,0.8823529411764706,0.5,6.16488978266716e-06,0.01232977956533432,2.8086058235385696e-05
PQI,3,34,30,0.8823529411764706,0.5,6.16488978266716e-06,0.01232977956533432,2.8086058235385696e-05
HIC,3,34,30,0.8823529411764706,0.5,6.16488978266716e-06,0.01232977956533432,2.8086058235385696e-05
YCA,3,34,30,0.8823529411764706,0.5,6.16488978266716e-06,0.01232977956533432,2.8086058235385696e-05
LVI,3,64,14,0.21875,0.5,7.069487542545679e-06,0.014138975085091357,3.213403428429854e-05
STL,3,75,18,0.24,0.5,7.244156513774457e-06,0.014488313027548914,3.2853317522786654e-05
CII,3,37,32,0.8648648648648649,0.5,7.427530363202095e-06,0.01485506072640419,3.33073110457493e-05
NEH,3,37,32,0.8648648648648649,0.5,7.427530363202095e-06,0.01485506072640419,3.33073110457493e-05
LRN,3,37,5,0.13513513513513514,0.5,7.427530363202095e-06,0.01485506072640419,3.33073110457493e-05
VVR,3,37,5,0.13513513513513514,0.5,7.427530363202095e-06,0.01485506072640419,3.33073110457493e-05
TCP,3,37,32,0.8648648648648649,0.5,7.427530363202095e-06,0.01485506072640419,3.33073110457493e-05
GCS,3,190,126,0.6631578947368421,0.5,8.08598646826654e-06,0.01617197293653308,3.617891037255723e-05
KIR,3,72,17,0.2361111111111111,0.5,8.14003082672391e-06,0.01628006165344782,3.633942333358888e-05
VCL,3,58,46,0.7931034482758621,0.5,8.219663963332515e-06,0.01643932792666503,3.661320250927623e-05
PCS,3,40,34,0.85,0.5,8.364584573428147e-06,0.016729169146856293,3.705640415568928e-05
LFT,3,30,3,0.1,0.5,8.430331945419312e-06,0.016860663890838623,3.705640415568928e-05
LQL,3,30,3,0.1,0.5,8.430331945419312e-06,0.016860663890838623,3.705640415568928e-05
VCN,3,30,27,0.9,0.5,8.430331945419312e-06,0.016860663890838623,3.705640415568928e-05
KLQ,3,30,3,0.1,0.5,8.430331945419312e-06,0.016860663890838623,3.705640415568928e-05
CAA,3,30,27,0.9,0.5,8.430331945419312e-06,0.016860663890838623,3.705640415568928e-05
RPP,3,55,44,0.8,0.5,8.699371704778969e-06,0.017398743409557937,3.8155139056048106e-05
LRF,3,43,7,0.16279069767441862,0.5,8.963039363152348e-06,0.017926078726304695,3.913990988276134e-05
TCK,3,43,36,0.8372093023255814,0.5,8.963039363152348e-06,0.017926078726304695,3.913990988276134e-05
SYP,3,69,53,0.7681159420289855,0.5,9.095063055186201e-06,0.018190126110372403,3.96299043798963e-05
LVS,3,111,32,0.2882882882882883,0.5,9.451045782408048e-06,0.018902091564816096,4.109150340177412e-05
RCA,3,33,29,0.8787878787878788,0.5,1.0928604751825333e-05,0.021857209503650665,4.72077959042131e-05
LCD,3,33,29,0.8787878787878788,0.5,1.0928604751825333e-05,0.021857209503650665,4.72077959042131e-05
AQL,3,33,4,0.12121212121212122,0.5,1.0928604751825333e-05,0.021857209503650665,4.72077959042131e-05
FLP,3,143,98,0.6853146853146853,0.5,1.1017914884205346e-05,0.022035829768410693,4.749101243191959e-05
GNL,3,79,20,0.25316455696202533,0.5,1.2967077325175125e-05,0.02593415465035025,5.577237559215108e-05
AAC,3,54,43,0.7962962962962963,0.5,1.401305745618586e-05,0.02802611491237172,6.0141877494359915e-05
SDI,3,68,52,0.7647058823529411,0.5,1.4074155775977473e-05,0.028148311551954946,6.014596485460458e-05
TLA,3,68,16,0.23529411764705882,0.5,1.4074155775977473e-05,0.028148311551954946,6.014596485460458e-05
TVS,3,39,6,0.15384615384615385,0.5,1.429926123819314e-05,0.02859852247638628,6.097765986436307e-05
PEI,3,42,35,0.8333333333333334,0.5,1.5097200957825409e-05,0.030194401915650818,6.388443321052088e-05
DKK,3,42,7,0.16666666666666666,0.5,1.5097200957825409e-05,0.030194401915650818,6.388443321052088e-05
CSL,3,48,39,0.8125,0.5,1.5221826110689564e-05,0.03044365222137913,6.388443321052088e-05
PFC,3,29,26,0.896551724137931,0.5,1.5236437320709229e-05,0.030472874641418457,6.388443321052088e-05
IVC,3,29,26,0.896551724137931,0.5,1.5236437320709229e-05,0.030472874641418457,6.388443321052088e-05
QEC,3,29,26,0.896551724137931,0.5,1.5236437320709229e-05,0.030472874641418457,6.388443321052088e-05
IAF,3,29,3,0.10344827586206896,0.5,1.5236437320709229e-05,0.030472874641418457,6.388443321052088e-05
VDA,3,29,3,0.10344827586206896,0.5,1.5236437320709229e-05,0.030472874641418457,6.388443321052088e-05
PCK,3,45,37,0.8222222222222222,0.5,1.5374090196473844e-05,0.030748180392947688,6.41924434090766e-05
LAD,3,45,8,0.17777777777777778,0.5,1.5374090196473844e-05,0.030748180392947688,6.41924434090766e-05
CKI,3,89,65,0.7303370786516854,0.5,1.6113849200564983e-05,0.03222769840112997,6.714103833568743e-05
IAL,3,81,21,0.25925925925925924,0.5,1.69358312158601e-05,0.0338716624317202,7.041925661480291e-05
CGS,3,62,48,0.7741935483870968,0.5,1.7428522601631996e-05,0.03485704520326399,7.216779545189233e-05
RGE,3,62,48,0.7741935483870968,0.5,1.7428522601631996e-05,0.03485704520326399,7.216779545189233e-05
CFP,3,32,28,0.875,0.5,1.9301194697618484e-05,0.03860238939523697,7.926568664319706e-05
CRN,3,32,28,0.875,0.5,1.9301194697618484e-05,0.03860238939523697,7.926568664319706e-05
AFR,3,32,4,0.125,0.5,1.9301194697618484e-05,0.03860238939523697,7.926568664319706e-05
RLA,3,32,4,0.125,0.5,1.9301194697618484e-05,0.03860238939523697,7.926568664319706e-05
LTR,3,56,44,0.7857142857142857,0.5,2.0876568218419767e-05,0.04175313643683953,8.555970581319577e-05
KFC,3,35,30,0.8571428571428571,0.5,2.2361520677804947e-05,0.044723041355609894,9.03821521461519e-05
LEV,3,35,5,0.14285714285714285,0.5,2.2361520677804947e-05,0.044723041355609894,9.03821521461519e-05
CGA,3,35,30,0.8571428571428571,0.5,2.2361520677804947e-05,0.044723041355609894,9.03821521461519e-05
DFC,3,35,30,0.8571428571428571,0.5,2.2361520677804947e-05,0.044723041355609894,9.03821521461519e-05
PHI,3,35,30,0.8571428571428571,0.5,2.2361520677804947e-05,0.044723041355609894,9.03821521461519e-05
VCS,3,35,30,0.8571428571428571,0.5,2.2361520677804947e-05,0.044723041355609894,9.03821521461519e-05
GAK,3,101,72,0.7128712871287128,0.5,2.2369582656172593e-05,0.04473916531234519,9.03821521461519e-05
VAK,3,106,75,0.7075471698113207,0.5,2.2954512916817195e-05,0.04590902583363439,9.255851982587579e-05
PHV,3,38,32,0.8421052631578947,0.5,2.4342560209333897e-05,0.04868512041866779,9.795798876995531e-05
VIL,3,41,7,0.17073170731707318,0.5,2.532080361561384e-05,0.05064160723122768,0.00010118727096952762
VIV,3,41,7,0.17073170731707318,0.5,2.532080361561384e-05,0.05064160723122768,0.00010118727096952762
PGF,3,41,34,0.8292682926829268,0.5,2.532080361561384e-05,0.05064160723122768,0.00010118727096952762
NGC,3,44,36,0.8181818181818182,0.5,2.5448598648836196e-05,0.05089719729767239,0.00010118727096952762
SCA,3,44,36,0.8181818181818182,0.5,2.5448598648836196e-05,0.05089719729767239,0.00010118727096952762
RIL,3,44,8,0.18181818181818182,0.5,2.5448598648836196e-05,0.05089719729767239,0.00010118727096952762
CYH,3,28,25,0.8928571428571429,0.5,2.744048833847046e-05,0.05488097667694092,0.00010782117225332204
LQD,3,28,3,0.10714285714285714,0.5,2.744048833847046e-05,0.05488097667694092,0.00010782117225332204
CAR,3,28,25,0.8928571428571429,0.5,2.744048833847046e-05,0.05488097667694092,0.00010782117225332204
ECT,3,28,25,0.8928571428571429,0.5,2.744048833847046e-05,0.05488097667694092,0.00010782117225332204
CGQ,3,28,25,0.8928571428571429,0.5,2.744048833847046e-05,0.05488097667694092,0.00010782117225332204
PLC,3,28,25,0.8928571428571429,0.5,2.744048833847046e-05,0.05488097667694092,0.00010782117225332204
SGK,3,85,62,0.7294117647058823,0.5,2.7713609491245692e-05,0.05542721898249139,0.00010868082153429683
IGG,3,110,77,0.7,0.5,3.296813651959348e-05,0.06593627303918696,0.0001290338024250234
LAE,3,66,16,0.24242424242424243,0.5,3.328235017032062e-05,0.06656470034064124,0.00012975575115134746
PEL,3,66,50,0.7575757575757576,0.5,3.328235017032062e-05,0.06656470034064124,0.00012975575115134746
GYC,3,74,55,0.7432432432432432,0.5,3.376813810738312e-05,0.06753627621476624,0.00013109354093728378
WFG,3,31,4,0.12903225806451613,0.5,3.39532271027565e-05,0.067906454205513,0.00013109354093728378
QNC,3,31,27,0.8709677419354839,0.5,3.39532271027565e-05,0.067906454205513,0.00013109354093728378
III,3,31,4,0.12903225806451613,0.5,3.39532271027565e-05,0.067906454205513,0.00013109354093728378
VKC,3,31,27,0.8709677419354839,0.5,3.39532271027565e-05,0.067906454205513,0.00013109354093728378
STC,3,52,41,0.7884615384615384,0.5,3.5887916129517805e-05,0.07177583225903561,0.00013829640126981812
CPD,3,34,29,0.8529411764705882,0.5,3.8558151572942734e-05,0.07711630314588547,0.0001474499104127829
CIN,3,34,29,0.8529411764705882,0.5,3.8558151572942734e-05,0.07711630314588547,0.0001474499104127829
KYS,3,34,29,0.8529411764705882,0.5,3.8558151572942734e-05,0.07711630314588547,0.0001474499104127829
GCD,3,34,29,0.8529411764705882,0.5,3.8558151572942734e-05,0.07711630314588547,0.0001474499104127829
EVL,3,46,9,0.1956521739130435,0.5,4.0560361327379724e-05,0.08112072265475945,0.0001545156621995418
CKA,3,46,37,0.8043478260869565,0.5,4.0560361327379724e-05,0.08112072265475945,0.0001545156621995418
CVL,3,43,35,0.813953488372093,0.5,4.1934157934520044e-05,0.08386831586904009,0.0001591429143625049
ARR,3,43,8,0.18604651162790697,0.5,4.1934157934520044e-05,0.08386831586904009,0.0001591429143625049
PPK,3,60,14,0.23333333333333334,0.5,4.223704562267977e-05,0.08447409124535954,0.00015953593455773408
DCP,3,40,33,0.825,0.5,4.2277022657799534e-05,0.08455404531559907,0.00015953593455773408
GVR,3,40,7,0.175,0.5,4.2277022657799534e-05,0.08455404531559907,0.00015953593455773408
FCG,3,94,67,0.7127659574468085,0.5,4.496432091968554e-05,0.08992864183937108,0.00016935714094043516
AAI,3,57,13,0.22807017543859648,0.5,4.7104376093953786e-05,0.09420875218790757,0.00017708412065396158
LPI,3,81,59,0.7283950617283951,0.5,4.769842118193509e-05,0.09539684236387018,0.0001789809425213324
GCT,3,101,71,0.7029702970297029,0.5,5.5330705875801516e-05,0.11066141175160303,0.00020723110814906934
ATR,3,62,47,0.7580645161290323,0.5,5.778372004920304e-05,0.11556744009840608,0.00021520938565811187
IVL,3,62,15,0.24193548387096775,0.5,5.778372004920304e-05,0.11556744009840608,0.00021520938565811187
LAV,3,62,15,0.24193548387096775,0.5,5.778372004920304e-05,0.11556744009840608,0.00021520938565811187
VSR,3,30,4,0.13333333333333333,0.5,5.9476122260093696e-05,0.11895224452018739,0.00021946908583060404
IAM,3,30,4,0.13333333333333333,0.5,5.9476122260093696e-05,0.11895224452018739,0.00021946908583060404
CPE,3,30,26,0.8666666666666667,0.5,5.9476122260093696e-05,0.11895224452018739,0.00021946908583060404
VDC,3,30,26,0.8666666666666667,0.5,5.9476122260093696e-05,0.11895224452018739,0.00021946908583060404
SCE,3,30,26,0.8666666666666667,0.5,5.9476122260093696e-05,0.11895224452018739,0.00021946908583060404
TAF,3,48,10,0.20833333333333334,0.5,6.169640777642373e-05,0.12339281555284745,0.00022640883587678428
AVV,3,48,10,0.20833333333333334,0.5,6.169640777642373e-05,0.12339281555284745,0.00022640883587678428
VYI,3,48,10,0.20833333333333334,0.5,6.169640777642373e-05,0.12339281555284745,0.00022640883587678428
GDE,3,59,45,0.7627118644067796,0.5,6.530630444913366e-05,0.1306126088982673,0.000239217232414409
ILV,3,45,9,0.2,0.5,6.57466324582856e-05,0.1314932649165712,0.00024038988101749762
VCF,3,33,28,0.8484848484848485,0.5,6.618769839406013e-05,0.13237539678812027,0.00024112094132626641
NVC,3,33,28,0.8484848484848485,0.5,6.618769839406013e-05,0.13237539678812027,0.00024112094132626641
CKH,3,36,30,0.8333333333333334,0.5,6.960169412195683e-05,0.13920338824391365,0.0002517240293741657
RCL,3,36,30,0.8333333333333334,0.5,6.960169412195683e-05,0.13920338824391365,0.0002517240293741657
TFT,3,36,6,0.16666666666666666,0.5,6.960169412195683e-05,0.13920338824391365,0.0002517240293741657
ECS,3,36,30,0.8333333333333334,0.5,6.960169412195683e-05,0.13920338824391365,0.0002517240293741657
RVN,3,39,32,0.8205128205128205,0.5,7.025478407740593e-05,0.14050956815481186,0.00025226134318637677
DLG,3,39,7,0.1794871794871795,0.5,7.025478407740593e-05,0.14050956815481186,0.00025226134318637677
EID,3,39,7,0.1794871794871795,0.5,7.025478407740593e-05,0.14050956815481186,0.00025226134318637677
VTV,3,39,7,0.1794871794871795,0.5,7.025478407740593e-05,0.14050956815481186,0.00025226134318637677
IGC,3,64,48,0.75,0.5,7.733076881287027e-05,0.15466153762574053,0.00027717121438304755
VGK,3,95,67,0.7052631578947368,0.5,7.804247056315925e-05,0.1560849411263185,0.00027922171936729605
LCG,3,53,41,0.7735849056603774,0.5,8.171334999262925e-05,0.1634266999852585,0.0002907948398314208
TPP,3,53,41,0.7735849056603774,0.5,8.171334999262925e-05,0.1634266999852585,0.0002907948398314208
FGP,3,53,12,0.22641509433962265,0.5,8.171334999262925e-05,0.1634266999852585,0.0002907948398314208
IDL,3,61,15,0.2459016393442623,0.5,8.837556327558756e-05,0.17675112655117511,0.0003133885222538566
CFG,3,61,46,0.7540983606557377,0.5,8.837556327558756e-05,0.17675112655117511,0.0003133885222538566
LFV,3,47,10,0.2127659574468085,0.5,9.848878492846323e-05,0.19697756985692647,0.0003480169078744284
LFF,3,47,10,0.2127659574468085,0.5,9.848878492846323e-05,0.19697756985692647,0.0003480169078744284
ALI,3,79,22,0.27848101265822783,0.5,0.00010259635179423318,0.20519270358846636,0.00036189189345408533
SHC,3,29,25,0.8620689655172413,0.5,0.00010371580719947815,0.2074316143989563,0.0003639151129806251
LAQ,3,29,4,0.13793103448275862,0.5,0.00010371580719947815,0.2074316143989563,0.0003639151129806251
AMV,3,29,4,0.13793103448275862,0.5,0.00010371580719947815,0.2074316143989563,0.0003639151129806251
GKH,3,41,33,0.8048780487804879,0.5,0.00011222142620681552,0.22444285241363104,0.0003891460897573241
TVV,3,41,8,0.1951219512195122,0.5,0.00011222142620681552,0.22444285241363104,0.0003891460897573241
LCS,3,41,33,0.8048780487804879,0.5,0.00011222142620681552,0.22444285241363104,0.0003891460897573241
IVV,3,41,8,0.1951219512195122,0.5,0.00011222142620681552,0.22444285241363104,0.0003891460897573241
DEV,3,41,8,0.1951219512195122,0.5,0.00011222142620681552,0.22444285241363104,0.0003891460897573241
ALD,3,41,8,0.1951219512195122,0.5,0.00011222142620681552,0.22444285241363104,0.0003891460897573241
GKK,3,71,52,0.7323943661971831,0.5,0.000112268646894988,0.224537293789976,0.0003891460897573241
AVP,3,32,5,0.15625,0.5,0.00011307420209050179,0.22614840418100357,0.00039058446317962624
CVK,3,32,27,0.84375,0.5,0.00011307420209050179,0.22614840418100357,0.00039058446317962624
VPG,3,38,7,0.18421052631578946,0.5,0.00011616700794547796,0.23233401589095592,0.000398777705003784
CIA,3,38,31,0.8157894736842105,0.5,0.00011616700794547796,0.23233401589095592,0.000398777705003784
KCG,3,38,31,0.8157894736842105,0.5,0.00011616700794547796,0.23233401589095592,0.000398777705003784
SCP,3,35,29,0.8285714285714286,0.5,0.0001168418675661087,0.2336837351322174,0.000398777705003784
ETL,3,35,6,0.17142857142857143,0.5,0.0001168418675661087,0.2336837351322174,0.000398777705003784
ADL,3,35,6,0.17142857142857143,0.5,0.0001168418675661087,0.2336837351322174,0.000398777705003784
AEV,3,35,6,0.17142857142857143,0.5,0.0001168418675661087,0.2336837351322174,0.000398777705003784
LAK,3,133,89,0.6691729323308271,0.5,0.00011857946685526096,0.2371589337105219,0.00040401862642337635
GEE,3,68,50,0.7352941176470589,0.5,0.00013083876154198454,0.2616775230839691,0.00044502980116321275
SVL,3,78,22,0.28205128205128205,0.5,0.00014948153872377523,0.29896307744755046,0.0005075773810654507
ELL,3,65,17,0.26153846153846155,0.5,0.00015210657584807538,0.30421315169615076,0.0005156155113494081
GFC,3,83,59,0.7108433734939759,0.5,0.00015455941078329168,0.3091188215665834,0.0005230436913140159
GEC,3,46,36,0.782608695652174,0.5,0.00015641720852954677,0.31283441705909354,0.000528436515302523
KGC,3,43,34,0.7906976744186046,0.5,0.00017015517460094998,0.34031034920189995,0.0005738791723472175
IAT,3,62,16,0.25806451612903225,0.5,0.00017632711255144299,0.35265422510288597,0.0005936939816546902
CKE,3,28,24,0.8571428571428571,0.5,0.00017999112606048584,0.3599822521209717,0.0005999704202016195
FCL,3,28,24,0.8571428571428571,0.5,0.00017999112606048584,0.3599822521209717,0.0005999704202016195
LCN,3,28,24,0.8571428571428571,0.5,0.00017999112606048584,0.3599822521209717,0.0005999704202016195
VSC,3,28,24,0.8571428571428571,0.5,0.00017999112606048584,0.3599822521209717,0.0005999704202016195
CRA,3,28,24,0.8571428571428571,0.5,0.00017999112606048584,0.3599822521209717,0.0005999704202016195
LSD,3,28,4,0.14285714285714285,0.5,0.00017999112606048584,0.3599822521209717,0.0005999704202016195
NAT,3,40,32,0.8,0.5,0.0001821658297558315,0.364331659511663,0.0006041984403178491
PFR,3,40,32,0.8,0.5,0.0001821658297558315,0.364331659511663,0.0006041984403178491
RLM,3,40,32,0.8,0.5,0.0001821658297558315,0.364331659511663,0.0006041984403178491
GID,3,31,5,0.16129032258064516,0.5,0.00019219517707824707,0.38439035415649414,0.0006364078711200234
LAI,3,34,6,0.17647058823529413,0.5,0.00019512558355927467,0.39025116711854935,0.0006429179029959627
CDT,3,34,28,0.8235294117647058,0.5,0.00019512558355927467,0.39025116711854935,0.0006429179029959627
FCN,3,34,28,0.8235294117647058,0.5,0.00019512558355927467,0.39025116711854935,0.0006429179029959627
PLR,3,51,12,0.23529411764705882,0.5,0.0001980394513374506,0.3960789026749012,0.0006503758664612499
DAL,3,51,12,0.23529411764705882,0.5,0.0001980394513374506,0.3960789026749012,0.0006503758664612499
ALL,3,150,52,0.3466666666666667,0.5,0.00021507659441552787,0.43015318883105574,0.0007051691620181241
CKD,3,56,42,0.75,0.5,0.00023444586091919684,0.46889172183839367,0.0007674168933525264
CLI,3,45,35,0.7777777777777778,0.5,0.00024708778460080794,0.49417556920161587,0.0008074764202640782
VLV,3,61,16,0.26229508196721313,0.5,0.0002642786618272985,0.528557323654597,0.0008608425466687247
GSG,3,61,16,0.26229508196721313,0.5,0.0002642786618272985,0.528557323654597,0.0008608425466687247
EPP,3,84,25,0.2976190476190476,0.5,0.00026645108697203506,0.5329021739440701,0.0008665075999090571
ELI,3,42,9,0.21428571428571427,0.5,0.0002715392342906853,0.5430784685813707,0.0008816208905541731
DVL,3,39,8,0.20512820512820512,0.5,0.0002940768754342571,0.5881537508685142,0.00094558480847028
TNP,3,39,31,0.7948717948717948,0.5,0.0002940768754342571,0.5881537508685142,0.00094558480847028
QLI,3,39,8,0.20512820512820512,0.5,0.0002940768754342571,0.5881537508685142,0.00094558480847028
TSG,3,39,8,0.20512820512820512,0.5,0.0002940768754342571,0.5881537508685142,0.00094558480847028
ELS,3,39,8,0.20512820512820512,0.5,0.0002940768754342571,0.5881537508685142,0.00094558480847028
FLC,3,39,31,0.7948717948717948,0.5,0.0002940768754342571,0.5881537508685142,0.00094558480847028
CYT,3,71,51,0.7183098591549296,0.5,0.000303163413558493,0.606326827116986,0.0009732372826917914
PLV,3,58,15,0.25862068965517243,0.5,0.000306947015546566,0.613894031093132,0.000980661391522575
VAV,3,58,15,0.25862068965517243,0.5,0.000306947015546566,0.613894031093132,0.000980661391522575
SAA,3,58,15,0.25862068965517243,0.5,0.000306947015546566,0.613894031093132,0.000980661391522575
AEI,3,36,7,0.19444444444444445,0.5,0.00031255115754902363,0.6251023150980473,0.0009922258969810274
SII,3,36,7,0.19444444444444445,0.5,0.00031255115754902363,0.6251023150980473,0.0009922258969810274
GDP,3,36,29,0.8055555555555556,0.5,0.00031255115754902363,0.6251023150980473,0.0009922258969810274
CKV,3,36,29,0.8055555555555556,0.5,0.00031255115754902363,0.6251023150980473,0.0009922258969810274
SGL,3,165,59,0.3575757575757576,0.5,0.0003144409965485084,0.6288819930970168,0.000996643412198125
AFC,3,33,27,0.8181818181818182,0.5,0.0003240634687244892,0.6481269374489784,0.0010217428675987437
FVL,3,33,6,0.18181818181818182,0.5,0.0003240634687244892,0.6481269374489784,0.0010217428675987437
CNS,3,33,27,0.8181818181818182,0.5,0.0003240634687244892,0.6481269374489784,0.0010217428675987437
DCS,3,30,25,0.8333333333333334,0.5,0.0003249142318964005,0.649828463792801,0.0010217428675987437
RCS,3,30,25,0.8333333333333334,0.5,0.0003249142318964005,0.649828463792801,0.0010217428675987437
VIA,3,63,17,0.2698412698412698,0.5,0.00033670934946623826,0.6734186989324765,0.0010571722118249238
FSL,3,73,21,0.2876712328767123,0.5,0.0003713401159383162,0.7426802318766323,0.0011640755985527153
GPR,3,44,10,0.22727272727272727,0.5,0.00038813090293388086,0.7762618058677617,0.0012148072079307694
KFL,3,60,44,0.7333333333333333,0.5,0.00039404324272610154,0.7880864854522031,0.0012313851335190673
LVG,3,112,37,0.33035714285714285,0.5,0.0004209679285168773,0.8419358570337545,0.0013134724758716919
AVL,3,95,30,0.3157894736842105,0.5,0.0004247927288947456,0.8495854577894912,0.0013233418345630704
DAV,3,41,9,0.21951219512195122,0.5,0.000430857042374555,0.86171408474911,0.0013380653489893013
EEA,3,41,9,0.21951219512195122,0.5,0.000430857042374555,0.86171408474911,0.0013380653489893013
PPR,3,49,12,0.24489795918367346,0.5,0.0004697573180081349,0.9395146360162698,0.0014500360765684675
FLR,3,49,12,0.24489795918367346,0.5,0.0004697573180081349,0.9395146360162698,0.0014500360765684675
CNR,3,38,30,0.7894736842105263,0.5,0.0004719867429230362,0.9439734858460724,0.0014500360765684675
KGG,3,38,8,0.21052631578947367,0.5,0.0004719867429230362,0.9439734858460724,0.0014500360765684675
TAD,3,38,8,0.21052631578947367,0.5,0.0004719867429230362,0.9439734858460724,0.0014500360765684675
TVI,3,38,8,0.21052631578947367,0.5,0.0004719867429230362,0.9439734858460724,0.0014500360765684675
KCT,3,38,30,0.7894736842105263,0.5,0.0004719867429230362,0.9439734858460724,0.0014500360765684675
LVN,3,35,7,0.2,0.5,0.0005082604475319386,1.0,0.001551940297807446
ITA,3,35,7,0.2,0.5,0.0005082604475319386,1.0,0.001551940297807446
CFL,3,35,28,0.8,0.5,0.0005082604475319386,1.0,0.001551940297807446
IIV,3,35,7,0.2,0.5,0.0005082604475319386,1.0,0.001551940297807446
AVG,3,67,19,0.2835820895522388,0.5,0.000521612756811516,1.0,0.0015902827951570608
LES,3,32,6,0.1875,0.5,0.0005350527353584766,1.0,0.001613208048494805
GCI,3,32,26,0.8125,0.5,0.0005350527353584766,1.0,0.001613208048494805
ASQ,3,32,6,0.1875,0.5,0.0005350527353584766,1.0,0.001613208048494805
GNN,3,32,26,0.8125,0.5,0.0005350527353584766,1.0,0.001613208048494805
PRR,3,46,11,0.2391304347826087,0.5,0.0005355850721002753,1.0,0.001613208048494805
PAI,3,46,11,0.2391304347826087,0.5,0.0005355850721002753,1.0,0.001613208048494805
LPC,3,46,35,0.7608695652173914,0.5,0.0005355850721002753,1.0,0.001613208048494805
IPP,3,46,35,0.7608695652173914,0.5,0.0005355850721002753,1.0,0.001613208048494805
FIG,3,77,23,0.2987012987012987,0.5,0.0005387801699960486,1.0,0.0016203914887099205
EKA,3,29,5,0.1724137931034483,0.5,0.0005461126565933228,1.0,0.0016375192101748808
RIS,3,29,5,0.1724137931034483,0.5,0.0005461126565933228,1.0,0.0016375192101748808
ILG,3,123,81,0.6585365853658537,0.5,0.0005560923592546729,1.0,0.001664947183397224
ACK,3,51,38,0.7450980392156863,0.5,0.0006210434562277101,1.0,0.0018566321561366518
AVA,3,79,24,0.3037974683544304,0.5,0.0006393977673643526,1.0,0.0019086500518338883
GGG,3,113,38,0.336283185840708,0.5,0.0006407681883480873,1.0,0.0019098902782357296
KCK,3,91,62,0.6813186813186813,0.5,0.0007053414522927503,1.0,0.0020992305127760422
EAI,3,48,12,0.25,0.5,0.0007172696733945829,1.0,0.002131559207710499
KVT,3,37,8,0.21621621621621623,0.5,0.0007528970600105822,1.0,0.002224215834595516
LKP,3,37,8,0.21621621621621623,0.5,0.0007528970600105822,1.0,0.002224215834595516
LEA,3,37,8,0.21621621621621623,0.5,0.0007528970600105822,1.0,0.002224215834595516
LFA,3,37,8,0.21621621621621623,0.5,0.0007528970600105822,1.0,0.002224215834595516
CTR,3,66,47,0.7121212121212122,0.5,0.0007561070639613921,1.0,0.002230404318470183
TAA,3,71,21,0.29577464788732394,0.5,0.0007667649897412908,1.0,0.0022585124881923145
ALK,3,110,73,0.6636363636363637,0.5,0.0007689850065829601,1.0,0.0022617206075969416
LAN,3,34,7,0.20588235294117646,0.5,0.0008213953115046024,1.0,0.002401740676914042
KYC,3,34,27,0.7941176470588235,0.5,0.0008213953115046024,1.0,0.002401740676914042
LDS,3,34,7,0.20588235294117646,0.5,0.0008213953115046024,1.0,0.002401740676914042
ACV,3,34,27,0.7941176470588235,0.5,0.0008213953115046024,1.0,0.002401740676914042
VAD,3,45,11,0.24444444444444444,0.5,0.0008240823595997425,1.0,0.002406079882043044
IRC,3,31,25,0.8064516129032258,0.5,0.0008779102936387062,1.0,0.0025520648070892623
KCA,3,31,25,0.8064516129032258,0.5,0.0008779102936387062,1.0,0.0025520648070892623
YCV,3,31,25,0.8064516129032258,0.5,0.0008779102936387062,1.0,0.0025520648070892623
INA,3,63,45,0.7142857142857143,0.5,0.0008980471786680215,1.0,0.002606813290763488
FII,3,28,5,0.17857142857142858,0.5,0.0009122341871261597,1.0,0.0026138515390434374
DEL,3,28,5,0.17857142857142858,0.5,0.0009122341871261597,1.0,0.0026138515390434374
LED,3,28,5,0.17857142857142858,0.5,0.0009122341871261597,1.0,0.0026138515390434374
DLF,3,28,5,0.17857142857142858,0.5,0.0009122341871261597,1.0,0.0026138515390434374
ACD,3,28,23,0.8214285714285714,0.5,0.0009122341871261597,1.0,0.0026138515390434374
RLY,3,28,23,0.8214285714285714,0.5,0.0009122341871261597,1.0,0.0026138515390434374
KQC,3,28,23,0.8214285714285714,0.5,0.0009122341871261597,1.0,0.0026138515390434374
YGL,3,28,5,0.17857142857142858,0.5,0.0009122341871261597,1.0,0.0026138515390434374
VCK,3,28,23,0.8214285714285714,0.5,0.0009122341871261597,1.0,0.0026138515390434374
VAL,3,95,31,0.3263157894736842,0.5,0.0009246444117719317,1.0,0.002645620634540577
ICK,3,42,32,0.7619047619047619,0.5,0.0009406740282429382,1.0,0.0026761707773625557
EVT,3,42,10,0.23809523809523808,0.5,0.0009406740282429382,1.0,0.0026761707773625557
IPS,3,42,32,0.7619047619047619,0.5,0.0009406740282429382,1.0,0.0026761707773625557
NGR,3,42,32,0.7619047619047619,0.5,0.0009406740282429382,1.0,0.0026761707773625557
PDL,3,55,40,0.7272727272727273,0.5,0.0010158471941252854,1.0,0.0028859295287650155
AKK,3,116,76,0.6551724137931034,0.5,0.0010650742732639187,1.0,0.003014896122046493
CNT,3,60,43,0.7166666666666667,0.5,0.0010657657791434353,1.0,0.003014896122046493
VLS,3,60,17,0.2833333333333333,0.5,0.0010657657791434353,1.0,0.003014896122046493
AAA,3,144,52,0.3611111111111111,0.5,0.0010812900684471973,1.0,0.003054491718777394
FPR,3,47,12,0.2553191489361702,0.5,0.0010885382064742541,1.0,0.0030619921419810245
LIT,3,47,12,0.2553191489361702,0.5,0.0010885382064742541,1.0,0.0030619921419810245
KNA,3,47,35,0.7446808510638298,0.5,0.0010885382064742541,1.0,0.0030619921419810245
ALT,3,87,28,0.3218390804597701,0.5,0.0011686374974383248,1.0,0.0032780855468115704
GTL,3,87,28,0.3218390804597701,0.5,0.0011686374974383248,1.0,0.0032780855468115704
LRS,3,36,8,0.2222222222222222,0.5,0.0011932429624721408,1.0,0.0033377425523696247
RAR,3,36,8,0.2222222222222222,0.5,0.0011932429624721408,1.0,0.0033377425523696247
LAR,3,44,11,0.25,0.5,0.0012600338162656044,1.0,0.0035098434993470875
AEE,3,44,11,0.25,0.5,0.0012600338162656044,1.0,0.0035098434993470875
RRC,3,44,33,0.75,0.5,0.0012600338162656044,1.0,0.0035098434993470875
VPT,3,57,16,0.2807017543859649,0.5,0.001263559472435463,1.0,0.003514769047108381
VGD,3,62,44,0.7096774193548387,0.5,0.0012990027709550095,1.0,0.0036083410304305823
TRP,3,33,26,0.7878787878787878,0.5,0.0013187271542847157,1.0,0.00363285717433806
LRT,3,33,7,0.21212121212121213,0.5,0.0013187271542847157,1.0,0.00363285717433806
RAL,3,33,7,0.21212121212121213,0.5,0.0013187271542847157,1.0,0.00363285717433806
CAV,3,33,26,0.7878787878787878,0.5,0.0013187271542847157,1.0,0.00363285717433806
CRC,3,33,26,0.7878787878787878,0.5,0.0013187271542847157,1.0,0.00363285717433806
FVA,3,33,7,0.21212121212121213,0.5,0.0013187271542847157,1.0,0.00363285717433806
SLV,3,101,34,0.33663366336633666,0.5,0.001331825114199613,1.0,0.0036638930239329104
GDG,3,49,13,0.2653061224489796,0.5,0.001402688503695515,1.0,0.0038482537824293967
ESL,3,49,13,0.2653061224489796,0.5,0.001402688503695515,1.0,0.0038482537824293967
LRC,3,30,24,0.8,0.5,0.0014309063553810122,1.0,0.0038936227357306455
LTD,3,30,6,0.2,0.5,0.0014309063553810122,1.0,0.0038936227357306455
CLS,3,30,24,0.8,0.5,0.0014309063553810122,1.0,0.0038936227357306455
MAS,3,30,6,0.2,0.5,0.0014309063553810122,1.0,0.0038936227357306455
CAD,3,30,24,0.8,0.5,0.0014309063553810122,1.0,0.0038936227357306455
RTC,3,30,24,0.8,0.5,0.0014309063553810122,1.0,0.0038936227357306455
LSI,3,41,10,0.24390243902439024,0.5,0.0014504910141113214,1.0,0.00393086995694125
AGP,3,41,10,0.24390243902439024,0.5,0.0014504910141113214,1.0,0.00393086995694125
TCT,3,41,31,0.7560975609756098,0.5,0.0014504910141113214,1.0,0.00393086995694125
IVS,3,54,15,0.2777777777777778,0.5,0.0014962588853935084,1.0,0.004049415116085273
SGT,3,46,34,0.7391304347826086,0.5,0.0016414913408482334,1.0,0.004424504961855077
GRS,3,46,12,0.2608695652173913,0.5,0.0016414913408482334,1.0,0.004424504961855077
ILT,3,46,12,0.2608695652173913,0.5,0.0016414913408482334,1.0,0.004424504961855077
CAS,3,38,29,0.7631578947368421,0.5,0.0016580525261815637,1.0,0.0044511477212927884
DGR,3,38,9,0.23684210526315788,0.5,0.0016580525261815637,1.0,0.0044511477212927884
DKS,3,38,29,0.7631578947368421,0.5,0.0016580525261815637,1.0,0.0044511477212927884
ILF,3,51,14,0.27450980392156865,0.5,0.0017691971837869858,1.0,0.004743155988705056
AGC,3,88,59,0.6704545454545454,0.5,0.0018240286456271994,1.0,0.004883610831665862
AIL,3,66,20,0.30303030303030304,0.5,0.0018582303075658085,1.0,0.004968530234133178
ELE,3,35,8,0.22857142857142856,0.5,0.0018782254774123432,1.0,0.005001932030392392
TTL,3,35,8,0.22857142857142856,0.5,0.0018782254774123432,1.0,0.005001932030392392
PVV,3,35,8,0.22857142857142856,0.5,0.0018782254774123432,1.0,0.005001932030392392
CSW,3,43,32,0.7441860465116279,0.5,0.001913961001264397,1.0,0.005070095367587807
AVI,3,43,11,0.2558139534883721,0.5,0.001913961001264397,1.0,0.005070095367587807
PKP,3,43,32,0.7441860465116279,0.5,0.001913961001264397,1.0,0.005070095367587807
SSL,3,43,11,0.2558139534883721,0.5,0.001913961001264397,1.0,0.005070095367587807
KKL,3,116,75,0.646551724137931,0.5,0.002049329252285266,1.0,0.00542150595842663
REL,3,48,13,0.2708333333333333,0.5,0.0020881073339964478,1.0,0.0055167961268069955
CKT,3,32,25,0.78125,0.5,0.0021024015732109547,1.0,0.0055326357189761964
LVF,3,32,7,0.21875,0.5,0.0021024015732109547,1.0,0.0055326357189761964
NAK,3,32,25,0.78125,0.5,0.0021024015732109547,1.0,0.0055326357189761964
IIA,3,40,10,0.25,0.5,0.0022214337732293643,1.0,0.005822893245686407
LLC,3,40,30,0.75,0.5,0.0022214337732293643,1.0,0.005822893245686407
PNP,3,40,30,0.75,0.5,0.0022214337732293643,1.0,0.005822893245686407
PCT,3,58,41,0.7068965517241379,0.5,0.0022325516199429235,1.0,0.005844375968436973
VLE,3,29,6,0.20689655172413793,0.5,0.002315700054168701,1.0,0.005976000139790196
GPF,3,29,23,0.7931034482758621,0.5,0.002315700054168701,1.0,0.005976000139790196
VEG,3,29,6,0.20689655172413793,0.5,0.002315700054168701,1.0,0.005976000139790196
KAC,3,29,23,0.7931034482758621,0.5,0.002315700054168701,1.0,0.005976000139790196
TES,3,29,6,0.20689655172413793,0.5,0.002315700054168701,1.0,0.005976000139790196
ELR,3,29,6,0.20689655172413793,0.5,0.002315700054168701,1.0,0.005976000139790196
IDA,3,29,6,0.20689655172413793,0.5,0.002315700054168701,1.0,0.005976000139790196
RLC,3,29,23,0.7931034482758621,0.5,0.002315700054168701,1.0,0.005976000139790196
RGF,3,29,6,0.20689655172413793,0.5,0.002315700054168701,1.0,0.005976000139790196
VQL,3,29,6,0.20689655172413793,0.5,0.002315700054168701,1.0,0.005976000139790196
QGL,3,29,6,0.20689655172413793,0.5,0.002315700054168701,1.0,0.005976000139790196
AAS,3,75,24,0.32,0.5,0.0024442284992149655,1.0,0.0062995579876674365
AEL,3,45,12,0.26666666666666666,0.5,0.002458900322096724,1.0,0.0063292157582927255
LLD,3,87,29,0.3333333333333333,0.5,0.002479419793816073,1.0,0.006373829804154429
SGN,3,37,28,0.7567567567567568,0.5,0.0025632079923525453,1.0,0.006580765063806278
VSG,3,50,14,0.28,0.5,0.0026021714567221466,1.0,0.006655169966041295
GKN,3,50,36,0.72,0.5,0.0026021714567221466,1.0,0.006655169966041295
ALC,3,50,36,0.72,0.5,0.0026021714567221466,1.0,0.006655169966041295
TCS,3,65,45,0.6923076923076923,0.5,0.0026263768106840374,1.0,0.006699940843581728
TSY,3,65,20,0.3076923076923077,0.5,0.0026263768106840374,1.0,0.006699940843581728
GSS,3,60,18,0.3,0.5,0.002670436282807066,1.0,0.006795003264140117
GSI,3,60,18,0.3,0.5,0.002670436282807066,1.0,0.006795003264140117
ALA,3,138,51,0.3695652173913043,0.5,0.0027543398041264843,1.0,0.006999592894857647
TIA,3,34,8,0.23529411764705882,0.5,0.0029350556433200836,1.0,0.007393087262770991
PAS,3,34,8,0.23529411764705882,0.5,0.0029350556433200836,1.0,0.007393087262770991
TVR,3,34,26,0.7647058823529411,0.5,0.0029350556433200836,1.0,0.007393087262770991
LNS,3,34,8,0.23529411764705882,0.5,0.0029350556433200836,1.0,0.007393087262770991
AGY,3,34,8,0.23529411764705882,0.5,0.0029350556433200836,1.0,0.007393087262770991
LSE,3,34,8,0.23529411764705882,0.5,0.0029350556433200836,1.0,0.007393087262770991
DLS,3,34,8,0.23529411764705882,0.5,0.0029350556433200836,1.0,0.007393087262770991
SRL,3,67,46,0.6865671641791045,0.5,0.0030653176696087397,1.0,0.007711490992726389
LTA,3,47,13,0.2765957446808511,0.5,0.0030876764615186394,1.0,0.007719191153796598
LLF,3,47,13,0.2765957446808511,0.5,0.0030876764615186394,1.0,0.007719191153796598
SVV,3,47,13,0.2765957446808511,0.5,0.0030876764615186394,1.0,0.007719191153796598
VSS,3,47,13,0.2765957446808511,0.5,0.0030876764615186394,1.0,0.007719191153796598
VRR,3,47,13,0.2765957446808511,0.5,0.0030876764615186394,1.0,0.007719191153796598
RLG,3,62,19,0.3064516129032258,0.5,0.0031560602510210594,1.0,0.00788030025223735
NTA,3,52,37,0.7115384615384616,0.5,0.003185253447776759,1.0,0.007933383431573496
VCT,3,52,37,0.7115384615384616,0.5,0.003185253447776759,1.0,0.007933383431573496
GDD,3,57,40,0.7017543859649122,0.5,0.0032015437674503813,1.0,0.007954146006087903
KTA,3,57,17,0.2982456140350877,0.5,0.0032015437674503813,1.0,0.007954146006087903
RSG,3,105,68,0.6476190476190476,0.5,0.0032209898687985275,1.0,0.00799253069180776
RLR,3,31,7,0.22580645161290322,0.5,0.003326892852783203,1.0,0.008204421338552904
GCV,3,31,24,0.7741935483870968,0.5,0.003326892852783203,1.0,0.008204421338552904
CFT,3,31,24,0.7741935483870968,0.5,0.003326892852783203,1.0,0.008204421338552904
VAQ,3,31,7,0.22580645161290322,0.5,0.003326892852783203,1.0,0.008204421338552904
DSL,3,31,7,0.22580645161290322,0.5,0.003326892852783203,1.0,0.008204421338552904
GLG,3,86,29,0.3372093023255814,0.5,0.0033532746580679047,1.0,0.00825929718735937
ESG,3,39,10,0.2564102564102564,0.5,0.0033778479119064286,1.0,0.008289197329831728
KEG,3,39,10,0.2564102564102564,0.5,0.0033778479119064286,1.0,0.008289197329831728
RLK,3,39,10,0.2564102564102564,0.5,0.0033778479119064286,1.0,0.008289197329831728
GKG,3,100,65,0.65,0.5,0.0035176417229701587,1.0,0.008621670889632742
FFP,3,44,32,0.7272727272727273,0.5,0.003657766827927844,1.0,0.00895414156163487
CVR,3,28,22,0.7857142857142857,0.5,0.0037191659212112427,1.0,0.009027101750512726
EKE,3,28,6,0.21428571428571427,0.5,0.0037191659212112427,1.0,0.009027101750512726
NSD,3,28,22,0.7857142857142857,0.5,0.0037191659212112427,1.0,0.009027101750512726
VII,3,28,6,0.21428571428571427,0.5,0.0037191659212112427,1.0,0.009027101750512726
LAY,3,28,6,0.21428571428571427,0.5,0.0037191659212112427,1.0,0.009027101750512726
ECV,3,28,22,0.7857142857142857,0.5,0.0037191659212112427,1.0,0.009027101750512726
IVE,3,28,6,0.21428571428571427,0.5,0.0037191659212112427,1.0,0.009027101750512726
GCG,3,49,35,0.7142857142857143,0.5,0.003801654409748778,1.0,0.009193843796248557
SLR,3,49,14,0.2857142857142857,0.5,0.003801654409748778,1.0,0.009193843796248557
TVL,3,49,14,0.2857142857142857,0.5,0.003801654409748778,1.0,0.009193843796248557
GSR,3,36,27,0.75,0.5,0.00393317302223295,1.0,0.009488957834096381
SFS,3,36,9,0.25,0.5,0.00393317302223295,1.0,0.009488957834096381
IIS,3,41,11,0.2682926829268293,0.5,0.00432400493446039,1.0,0.010419288998699736
DGG,3,46,33,0.717391304347826,0.5,0.004533861582189047,1.0,0.01080931930428488
LKR,3,46,13,0.2826086956521739,0.5,0.004533861582189047,1.0,0.01080931930428488
SRR,3,46,13,0.2826086956521739,0.5,0.004533861582189047,1.0,0.01080931930428488
LCL,3,46,33,0.717391304347826,0.5,0.004533861582189047,1.0,0.01080931930428488
IGT,3,46,13,0.2826086956521739,0.5,0.004533861582189047,1.0,0.01080931930428488
AGK,3,190,115,0.6052631578947368,0.5,0.004537135222797176,1.0,0.01080931930428488
QAL,3,33,8,0.24242424242424243,0.5,0.004551384132355452,1.0,0.01080931930428488
ARP,3,33,25,0.7575757575757576,0.5,0.004551384132355452,1.0,0.01080931930428488
SAS,3,33,8,0.24242424242424243,0.5,0.004551384132355452,1.0,0.01080931930428488
NPC,3,33,25,0.7575757575757576,0.5,0.004551384132355452,1.0,0.01080931930428488
CTL,3,33,25,0.7575757575757576,0.5,0.004551384132355452,1.0,0.01080931930428488
TTT,3,33,8,0.24242424242424243,0.5,0.004551384132355452,1.0,0.01080931930428488
IVA,3,56,17,0.30357142857142855,0.5,0.004561532746408219,1.0,0.01080931930428488
VGA,3,56,17,0.30357142857142855,0.5,0.004561532746408219,1.0,0.01080931930428488
VGR,3,51,36,0.7058823529411765,0.5,0.0046013097117665325,1.0,0.01087780073703672
LTS,3,51,15,0.29411764705882354,0.5,0.0046013097117665325,1.0,0.01087780073703672
GKL,3,122,77,0.6311475409836066,0.5,0.004800874060088967,1.0,0.011336184321343487
AEC,3,38,28,0.7368421052631579,0.5,0.0050976432976312935,1.0,0.011994454817955986
TAS,3,38,10,0.2631578947368421,0.5,0.0050976432976312935,1.0,0.011994454817955986
LGW,3,38,10,0.2631578947368421,0.5,0.0050976432976312935,1.0,0.011994454817955986
GLM,3,63,20,0.31746031746031744,0.5,0.005152397042092064,1.0,0.012109041227008377
NDL,3,30,7,0.23333333333333334,0.5,0.005222879350185395,1.0,0.012118049536393028
CRQ,3,30,23,0.7666666666666667,0.5,0.005222879350185395,1.0,0.012118049536393028
TCR,3,30,23,0.7666666666666667,0.5,0.005222879350185395,1.0,0.012118049536393028
NLT,3,30,7,0.23333333333333334,0.5,0.005222879350185395,1.0,0.012118049536393028
EVK,3,30,7,0.23333333333333334,0.5,0.005222879350185395,1.0,0.012118049536393028
RDE,3,30,23,0.7666666666666667,0.5,0.005222879350185395,1.0,0.012118049536393028
IPK,3,30,23,0.7666666666666667,0.5,0.005222879350185395,1.0,0.012118049536393028
SVS,3,30,7,0.23333333333333334,0.5,0.005222879350185395,1.0,0.012118049536393028
VKS,3,30,7,0.23333333333333334,0.5,0.005222879350185395,1.0,0.012118049536393028
GAE,3,30,7,0.23333333333333334,0.5,0.005222879350185395,1.0,0.012118049536393028
DSE,3,30,23,0.7666666666666667,0.5,0.005222879350185395,1.0,0.012118049536393028
GGV,3,82,28,0.34146341463414637,0.5,0.005435924877566281,1.0,0.01259774015658466
LDA,3,53,16,0.3018867924528302,0.5,0.005486344876760141,1.0,0.012699872399907733
TVT,3,48,14,0.2916666666666667,0.5,0.00551520148550111,1.0,0.012722494776242467
NLK,3,48,34,0.7083333333333334,0.5,0.00551520148550111,1.0,0.012722494776242467
GTF,3,48,34,0.7083333333333334,0.5,0.00551520148550111,1.0,0.012722494776242467
FAV,3,35,9,0.2571428571428571,0.5,0.005988120567053557,1.0,0.013765794407019673
DLT,3,35,9,0.2571428571428571,0.5,0.005988120567053557,1.0,0.013765794407019673
ADV,3,35,9,0.2571428571428571,0.5,0.005988120567053557,1.0,0.013765794407019673
ASC,3,60,41,0.6833333333333333,0.5,0.0062176026593266705,1.0,0.0142769291832989
KLL,3,130,81,0.6230769230769231,0.5,0.006328684510754321,1.0,0.014515331446684222
VEL,3,40,11,0.275,0.5,0.006426576095691416,1.0,0.01472296929138927
GGD,3,55,38,0.6909090909090909,0.5,0.006455803109956635,1.0,0.01473927650675031
TGC,3,55,38,0.6909090909090909,0.5,0.006455803109956635,1.0,0.01473927650675031
LLE,3,55,17,0.3090909090909091,0.5,0.006455803109956635,1.0,0.01473927650675031
SDC,3,79,52,0.6582278481012658,0.5,0.006553297670283778,1.0,0.014944806545687065
NIN,3,45,32,0.7111111111111111,0.5,0.006608822842281368,1.0,0.015020051914275837
ELV,3,45,13,0.28888888888888886,0.5,0.006608822842281368,1.0,0.015020051914275837
SEI,3,45,13,0.28888888888888886,0.5,0.006608822842281368,1.0,0.015020051914275837
LPK,3,67,45,0.6716417910447762,0.5,0.006741447363103123,1.0,0.015304080279462255
EKI,3,32,8,0.25,0.5,0.0070003666914999485,1.0,0.015784366835400108
FLI,3,32,8,0.25,0.5,0.0070003666914999485,1.0,0.015784366835400108
VDN,3,32,24,0.75,0.5,0.0070003666914999485,1.0,0.015784366835400108
CFI,3,32,24,0.75,0.5,0.0070003666914999485,1.0,0.015784366835400108
PES,3,32,8,0.25,0.5,0.0070003666914999485,1.0,0.015784366835400108
NSV,3,32,8,0.25,0.5,0.0070003666914999485,1.0,0.015784366835400108
FGK,3,62,42,0.6774193548387096,0.5,0.007148733833163066,1.0,0.016082640794517586
NKV,3,62,20,0.3225806451612903,0.5,0.007148733833163066,1.0,0.016082640794517586
TAL,3,134,51,0.3805970149253731,0.5,0.007178115485500818,1.0,0.01613059659663105
KKV,3,102,65,0.6372549019607843,0.5,0.007206214620046471,1.0,0.016175565926030238
LKK,3,127,79,0.6220472440944882,0.5,0.007519595098400052,1.0,0.01686007869596424
KLF,3,69,46,0.6666666666666666,0.5,0.007620521855025698,1.0,0.017016897665351263
NPS,3,37,27,0.7297297297297297,0.5,0.007632078602910042,1.0,0.017016897665351263
RAK,3,37,10,0.2702702702702703,0.5,0.007632078602910042,1.0,0.017016897665351263
VFL,3,37,10,0.2702702702702703,0.5,0.007632078602910042,1.0,0.017016897665351263
GPS,3,37,10,0.2702702702702703,0.5,0.007632078602910042,1.0,0.017016897665351263
SLT,3,47,14,0.2978723404255319,0.5,0.007942726509483574,1.0,0.01767013683978548
GQG,3,47,33,0.7021276595744681,0.5,0.007942726509483574,1.0,0.01767013683978548
LIE,3,29,7,0.2413793103448276,0.5,0.008130058646202087,1.0,0.01790761816344072
ALQ,3,29,7,0.2413793103448276,0.5,0.008130058646202087,1.0,0.01790761816344072
TKG,3,29,7,0.2413793103448276,0.5,0.008130058646202087,1.0,0.01790761816344072
CAK,3,29,22,0.7586206896551724,0.5,0.008130058646202087,1.0,0.01790761816344072
IFL,3,29,7,0.2413793103448276,0.5,0.008130058646202087,1.0,0.01790761816344072
APS,3,29,7,0.2413793103448276,0.5,0.008130058646202087,1.0,0.01790761816344072
NQC,3,29,22,0.7586206896551724,0.5,0.008130058646202087,1.0,0.01790761816344072
SDA,3,29,7,0.2413793103448276,0.5,0.008130058646202087,1.0,0.01790761816344072
AII,3,29,7,0.2413793103448276,0.5,0.008130058646202087,1.0,0.01790761816344072
GAT,3,64,43,0.671875,0.5,0.008146902228698568,1.0,0.017924977400876937
GAV,3,92,33,0.358695652173913,0.5,0.008780930806975229,1.0,0.019298749026319183
LGL,3,151,59,0.39072847682119205,0.5,0.008986616457699267,1.0,0.01971905232450824
DLR,3,34,9,0.2647058823529412,0.5,0.00904118549078703,1.0,0.01971905232450824
VPL,3,34,9,0.2647058823529412,0.5,0.00904118549078703,1.0,0.01971905232450824
YTK,3,34,25,0.7352941176470589,0.5,0.00904118549078703,1.0,0.01971905232450824
ELG,3,34,9,0.2647058823529412,0.5,0.00904118549078703,1.0,0.01971905232450824
ERL,3,34,9,0.2647058823529412,0.5,0.00904118549078703,1.0,0.01971905232450824
ILR,3,34,9,0.2647058823529412,0.5,0.00904118549078703,1.0,0.01971905232450824
DVV,3,54,17,0.3148148148148148,0.5,0.009073340339587174,1.0,0.019746116081800158
GEP,3,54,37,0.6851851851851852,0.5,0.009073340339587174,1.0,0.019746116081800158
PIC,3,66,44,0.6666666666666666,0.5,0.00921048969455458,1.0,0.020022803683814303
ISG,3,49,15,0.30612244897959184,0.5,0.009399241523873059,1.0,0.020344678623101856
DIL,3,49,15,0.30612244897959184,0.5,0.009399241523873059,1.0,0.020344678623101856
INE,3,49,34,0.6938775510204082,0.5,0.009399241523873059,1.0,0.020344678623101856
AVR,3,49,15,0.30612244897959184,0.5,0.009399241523873059,1.0,0.020344678623101856
LSV,3,39,11,0.28205128205128205,0.5,0.009475304279476404,1.0,0.0203989327868168
ITT,3,39,11,0.28205128205128205,0.5,0.009475304279476404,1.0,0.0203989327868168
ADE,3,39,11,0.28205128205128205,0.5,0.009475304279476404,1.0,0.0203989327868168
DII,3,39,11,0.28205128205128205,0.5,0.009475304279476404,1.0,0.0203989327868168
LDV,3,39,11,0.28205128205128205,0.5,0.009475304279476404,1.0,0.0203989327868168
PGG,3,73,48,0.6575342465753424,0.5,0.009542211425865477,1.0,0.020520884786807476
LGK,3,164,99,0.6036585365853658,0.5,0.009756084718005738,1.0,0.020958291553180963
LVA,3,68,23,0.3382352941176471,0.5,0.01033766119369546,1.0,0.02216004543128716
KKK,3,68,45,0.6617647058823529,0.5,0.01033766119369546,1.0,0.02216004543128716
YCG,3,56,38,0.6785714285714286,0.5,0.01045481832189218,1.0,0.022363247747362952
GLN,3,56,18,0.32142857142857145,0.5,0.01045481832189218,1.0,0.022363247747362952
RKR,3,31,8,0.25806451612903225,0.5,0.010673840530216694,1.0,0.022734484622399777
AID,3,31,8,0.25806451612903225,0.5,0.010673840530216694,1.0,0.022734484622399777
RPS,3,31,23,0.7419354838709677,0.5,0.010673840530216694,1.0,0.022734484622399777
EAE,3,31,8,0.25806451612903225,0.5,0.010673840530216694,1.0,0.022734484622399777
LSK,3,105,39,0.37142857142857144,0.5,0.010817905625818625,1.0,0.02301682048046516
GGL,3,150,91,0.6066666666666667,0.5,0.011121593847224857,1.0,0.023637819016418402
CGV,3,36,26,0.7222222222222222,0.5,0.011330984183587134,1.0,0.024057291260269925
TVG,3,46,32,0.6956521739130435,0.5,0.011351591436778108,1.0,0.02407548554990055
GPA,3,41,12,0.2926829268292683,0.5,0.011507789735333063,1.0,0.024355110550969446
SLC,3,41,29,0.7073170731707317,0.5,0.011507789735333063,1.0,0.024355110550969446
IIL,3,58,19,0.3275862068965517,0.5,0.011928139715763179,1.0,0.025218054367364014
GCL,3,28,21,0.75,0.5,0.012540951371192932,1.0,0.02626377250511609
LYL,3,28,7,0.25,0.5,0.012540951371192932,1.0,0.02626377250511609
CRI,3,28,21,0.75,0.5,0.012540951371192932,1.0,0.02626377250511609
QFG,3,28,21,0.75,0.5,0.012540951371192932,1.0,0.02626377250511609
SQN,3,28,7,0.25,0.5,0.012540951371192932,1.0,0.02626377250511609
EAK,3,28,7,0.25,0.5,0.012540951371192932,1.0,0.02626377250511609
LNT,3,28,7,0.25,0.5,0.012540951371192932,1.0,0.02626377250511609
LPH,3,28,21,0.75,0.5,0.012540951371192932,1.0,0.02626377250511609
TKV,3,28,7,0.25,0.5,0.012540951371192932,1.0,0.02626377250511609
ATN,3,48,33,0.6875,0.5,0.01328328156224501,1.0,0.027760254048578913
FAT,3,48,33,0.6875,0.5,0.01328328156224501,1.0,0.027760254048578913
VGE,3,33,9,0.2727272727272727,0.5,0.013530986849218607,1.0,0.0281017380046077
NLR,3,33,24,0.7272727272727273,0.5,0.013530986849218607,1.0,0.0281017380046077
RSS,3,33,9,0.2727272727272727,0.5,0.013530986849218607,1.0,0.0281017380046077
LDG,3,33,9,0.2727272727272727,0.5,0.013530986849218607,1.0,0.0281017380046077
GAD,3,33,9,0.2727272727272727,0.5,0.013530986849218607,1.0,0.0281017380046077
DLV,3,33,9,0.2727272727272727,0.5,0.013530986849218607,1.0,0.0281017380046077
VKL,3,43,13,0.3023255813953488,0.5,0.0137181850586785,1.0,0.0284020394589617
RGK,3,43,30,0.6976744186046512,0.5,0.0137181850586785,1.0,0.0284020394589617
GSK,3,43,30,0.6976744186046512,0.5,0.0137181850586785,1.0,0.0284020394589617
ADA,3,38,11,0.2894736842105263,0.5,0.013852965261321515,1.0,0.02862182905231718
KKQ,3,38,27,0.7105263157894737,0.5,0.013852965261321515,1.0,0.02862182905231718
NAA,3,67,44,0.6567164179104478,0.5,0.013933875024287785,1.0,0.02875928797582618
SFL,3,50,16,0.32,0.5,0.015346677832630107,1.0,0.03164263470645383
GCA,3,45,31,0.6888888888888889,0.5,0.016094360031274842,1.0,0.03294137223748314
VYC,3,30,22,0.7333333333333333,0.5,0.016124801710247997,1.0,0.03294137223748314
SSF,3,30,8,0.26666666666666666,0.5,0.016124801710247997,1.0,0.03294137223748314
VSE,3,30,8,0.26666666666666666,0.5,0.016124801710247997,1.0,0.03294137223748314
EDD,3,30,8,0.26666666666666666,0.5,0.016124801710247997,1.0,0.03294137223748314
AVD,3,30,8,0.26666666666666666,0.5,0.016124801710247997,1.0,0.03294137223748314
KNI,3,30,8,0.26666666666666666,0.5,0.016124801710247997,1.0,0.03294137223748314
GQS,3,30,22,0.7333333333333333,0.5,0.016124801710247997,1.0,0.03294137223748314
EVV,3,30,8,0.26666666666666666,0.5,0.016124801710247997,1.0,0.03294137223748314
NDK,3,40,28,0.7,0.5,0.01658900337497471,1.0,0.033684541010344876
NLI,3,35,10,0.2857142857142857,0.5,0.016673847800120715,1.0,0.033684541010344876
LEL,3,35,10,0.2857142857142857,0.5,0.016673847800120715,1.0,0.033684541010344876
SAC,3,35,25,0.7142857142857143,0.5,0.016673847800120715,1.0,0.033684541010344876
LDL,3,35,10,0.2857142857142857,0.5,0.016673847800120715,1.0,0.033684541010344876
VNH,3,35,25,0.7142857142857143,0.5,0.016673847800120715,1.0,0.033684541010344876
APG,3,35,10,0.2857142857142857,0.5,0.016673847800120715,1.0,0.033684541010344876
KFK,3,35,25,0.7142857142857143,0.5,0.016673847800120715,1.0,0.033684541010344876
AGD,3,35,10,0.2857142857142857,0.5,0.016673847800120715,1.0,0.033684541010344876
GAR,3,35,10,0.2857142857142857,0.5,0.016673847800120715,1.0,0.033684541010344876
LAP,3,35,10,0.2857142857142857,0.5,0.016673847800120715,1.0,0.033684541010344876
LIS,3,78,28,0.358974358974359,0.5,0.016853089894602595,1.0,0.0339540584980486
CYR,3,64,42,0.65625,0.5,0.01685819004428113,1.0,0.0339540584980486
KNK,3,64,22,0.34375,0.5,0.01685819004428113,1.0,0.0339540584980486
CIS,3,71,46,0.647887323943662,0.5,0.01699465257343638,1.0,0.034194471978745235
RCK,3,52,35,0.6730769230769231,0.5,0.017533235299084904,1.0,0.035207299797359246
ASK,3,52,17,0.3269230769230769,0.5,0.017533235299084904,1.0,0.035207299797359246
GIG,3,96,60,0.625,0.5,0.018433352931462543,1.0,0.03697763877926288
VSA,3,47,15,0.3191489361702128,0.5,0.018623836615006432,1.0,0.03732231786574435
AIS,3,66,23,0.3484848484848485,0.5,0.01865726035402101,1.0,0.03735187258062264
GLS,3,89,33,0.3707865168539326,0.5,0.01918660866014698,1.0,0.03837321732029396
LMA,3,42,29,0.6904761904761905,0.5,0.019520472782460274,1.0,0.03888540394912405
AAR,3,42,13,0.30952380952380953,0.5,0.019520472782460274,1.0,0.03888540394912405
ASR,3,42,13,0.30952380952380953,0.5,0.019520472782460274,1.0,0.03888540394912405
LFD,3,42,13,0.30952380952380953,0.5,0.019520472782460274,1.0,0.03888540394912405
LKA,3,82,52,0.6341463414634146,0.5,0.0198269158458416,1.0,0.039432061089598965
DSD,3,54,18,0.3333333333333333,0.5,0.01983432672806828,1.0,0.039432061089598965
GPP,3,32,23,0.71875,0.5,0.020061607006937265,1.0,0.03963248157893976
TKT,3,32,23,0.71875,0.5,0.020061607006937265,1.0,0.03963248157893976
AKR,3,32,9,0.28125,0.5,0.020061607006937265,1.0,0.03963248157893976
CAT,3,32,23,0.71875,0.5,0.020061607006937265,1.0,0.03963248157893976
ARE,3,32,9,0.28125,0.5,0.020061607006937265,1.0,0.03963248157893976
VKV,3,32,9,0.28125,0.5,0.020061607006937265,1.0,0.03963248157893976
YCR,3,37,26,0.7027027027027027,0.5,0.020073851919732988,1.0,0.03963248157893976
ETC,3,93,58,0.6236559139784946,0.5,0.022018588373923325,1.0,0.04342916839038131
LNA,3,56,19,0.3392857142857143,0.5,0.022241389472860106,1.0,0.04382539797607903
YIP,3,44,14,0.3181818181818182,0.5,0.022628841205914796,1.0,0.04450116264683343
KCY,3,44,30,0.6818181818181818,0.5,0.022628841205914796,1.0,0.04450116264683343
NGF,3,39,12,0.3076923076923077,0.5,0.023702702470473014,1.0,0.04633959427267452
CYN,3,39,27,0.6923076923076923,0.5,0.023702702470473014,1.0,0.04633959427267452
SVN,3,39,27,0.6923076923076923,0.5,0.023702702470473014,1.0,0.04633959427267452
PDG,3,39,12,0.3076923076923077,0.5,0.023702702470473014,1.0,0.04633959427267452
SEA,3,39,12,0.3076923076923077,0.5,0.023702702470473014,1.0,0.04633959427267452
ASP,3,39,12,0.3076923076923077,0.5,0.023702702470473014,1.0,0.04633959427267452
KEK,3,51,17,0.3333333333333333,0.5,0.024092907698449295,1.0,0.046562827749602125
SSV,3,51,17,0.3333333333333333,0.5,0.024092907698449295,1.0,0.046562827749602125
EEL,3,51,17,0.3333333333333333,0.5,0.024092907698449295,1.0,0.046562827749602125
SVT,3,29,8,0.27586206896551724,0.5,0.0241195447742939,1.0,0.046562827749602125
GEF,3,29,8,0.27586206896551724,0.5,0.0241195447742939,1.0,0.046562827749602125
GLD,3,29,8,0.27586206896551724,0.5,0.0241195447742939,1.0,0.046562827749602125
CLT,3,29,21,0.7241379310344828,0.5,0.0241195447742939,1.0,0.046562827749602125
SKE,3,29,8,0.27586206896551724,0.5,0.0241195447742939,1.0,0.046562827749602125
LIF,3,29,8,0.27586206896551724,0.5,0.0241195447742939,1.0,0.046562827749602125
LEG,3,29,8,0.27586206896551724,0.5,0.0241195447742939,1.0,0.046562827749602125
VDE,3,29,8,0.27586206896551724,0.5,0.0241195447742939,1.0,0.046562827749602125
GYG,3,29,8,0.27586206896551724,0.5,0.0241195447742939,1.0,0.046562827749602125
LQQ,3,29,8,0.27586206896551724,0.5,0.0241195447742939,1.0,0.046562827749602125
FLT,3,34,10,0.29411764705882354,0.5,0.024306510109454393,1.0,0.04674328867202768
EDC,3,34,24,0.7058823529411765,0.5,0.024306510109454393,1.0,0.04674328867202768
KTK,3,34,10,0.29411764705882354,0.5,0.024306510109454393,1.0,0.04674328867202768
QKK,3,34,10,0.29411764705882354,0.5,0.024306510109454393,1.0,0.04674328867202768
PGA,3,58,38,0.6551724137931034,0.5,0.024746035842440804,1.0,0.04749718971677697
CKK,3,58,38,0.6551724137931034,0.5,0.024746035842440804,1.0,0.04749718971677697
FVG,3,46,15,0.32608695652173914,0.5,0.02589608179323477,1.0,0.049609352094319485
TCV,3,46,31,0.6739130434782609,0.5,0.02589608179323477,1.0,0.049609352094319485
GKI,3,74,47,0.6351351351351351,0.5,0.02651683255068482,1.0,0.05065297526396337
LIA,3,74,27,0.36486486486486486,0.5,0.02651683255068482,1.0,0.05065297526396337
ASG,3,74,27,0.36486486486486486,0.5,0.02651683255068482,1.0,0.05065297526396337
ASA,3,53,18,0.33962264150943394,0.5,0.027008317653722358,1.0,0.05154259094221824
GEL,3,41,13,0.3170731707317073,0.5,0.027533155829587486,1.0,0.052494100723713036
GNV,3,36,11,0.3055555555555556,0.5,0.028816719655878845,1.0,0.05468068245897314
VAT,3,36,11,0.3055555555555556,0.5,0.028816719655878845,1.0,0.05468068245897314
IAV,3,36,11,0.3055555555555556,0.5,0.028816719655878845,1.0,0.05468068245897314
CPT,3,36,25,0.6944444444444444,0.5,0.028816719655878845,1.0,0.05468068245897314
GGY,3,36,11,0.3055555555555556,0.5,0.028816719655878845,1.0,0.05468068245897314
TPR,3,31,9,0.2903225806451613,0.5,0.029449373483657837,1.0,0.055303987762737726
SKR,3,31,22,0.7096774193548387,0.5,0.029449373483657837,1.0,0.055303987762737726
PLG,3,31,9,0.2903225806451613,0.5,0.029449373483657837,1.0,0.055303987762737726
FFL,3,31,9,0.2903225806451613,0.5,0.029449373483657837,1.0,0.055303987762737726
ADC,3,31,22,0.7096774193548387,0.5,0.029449373483657837,1.0,0.055303987762737726
KDA,3,31,9,0.2903225806451613,0.5,0.029449373483657837,1.0,0.055303987762737726
RPE,3,31,22,0.7096774193548387,0.5,0.029449373483657837,1.0,0.055303987762737726
SKY,3,31,9,0.2903225806451613,0.5,0.029449373483657837,1.0,0.055303987762737726
KPT,3,31,9,0.2903225806451613,0.5,0.029449373483657837,1.0,0.055303987762737726
VGI,3,31,9,0.2903225806451613,0.5,0.029449373483657837,1.0,0.055303987762737726
NSL,3,31,9,0.2903225806451613,0.5,0.029449373483657837,1.0,0.055303987762737726
CTC,3,78,49,0.6282051282051282,0.5,0.030786495821399938,1.0,0.057760780152720334
CIT,3,43,29,0.6744186046511628,0.5,0.03153949735315109,1.0,0.059062729125751105
SGP,3,43,14,0.32558139534883723,0.5,0.03153949735315109,1.0,0.059062729125751105
AAL,3,223,95,0.4260089686098655,0.5,0.031891082574391744,1.0,0.059665262066214676
LFK,3,71,45,0.6338028169014085,0.5,0.03192716208321237,1.0,0.059676938473294146
ALM,3,50,17,0.34,0.5,0.032839137564268484,1.0,0.06115295635804187
KVP,3,50,17,0.34,0.5,0.032839137564268484,1.0,0.06115295635804187
GIK,3,50,33,0.66,0.5,0.032839137564268484,1.0,0.06115295635804187
TLT,3,50,17,0.34,0.5,0.032839137564268484,1.0,0.06115295635804187
FLA,3,57,20,0.3508771929824561,0.5,0.03314396778750544,1.0,0.061605888080865125
GKP,3,57,37,0.6491228070175439,0.5,0.03314396778750544,1.0,0.061605888080865125
ASL,3,89,34,0.38202247191011235,0.5,0.03341672160209761,1.0,0.061997628204262724
LNK,3,89,34,0.38202247191011235,0.5,0.03341672160209761,1.0,0.061997628204262724
TDL,3,38,12,0.3157894736842105,0.5,0.03355243967962451,1.0,0.062076669157492166
AKH,3,38,26,0.6842105263157895,0.5,0.03355243967962451,1.0,0.062076669157492166
KHL,3,38,26,0.6842105263157895,0.5,0.03355243967962451,1.0,0.062076669157492166
SAL,3,118,47,0.3983050847457627,0.5,0.033788175471825846,1.0,0.062455037840713205
LAG,3,129,52,0.40310077519379844,0.5,0.03418672834773907,1.0,0.06313338568372867
AIA,3,109,43,0.3944954128440367,0.5,0.03461537053818665,1.0,0.06386599730292739
FTP,3,33,23,0.696969696969697,0.5,0.03508203336969018,1.0,0.06437070343062418
FRD,3,33,10,0.30303030303030304,0.5,0.03508203336969018,1.0,0.06437070343062418
VFC,3,33,23,0.696969696969697,0.5,0.03508203336969018,1.0,0.06437070343062418
NGD,3,33,10,0.30303030303030304,0.5,0.03508203336969018,1.0,0.06437070343062418
DTA,3,33,10,0.30303030303030304,0.5,0.03508203336969018,1.0,0.06437070343062418
RVC,3,33,23,0.696969696969697,0.5,0.03508203336969018,1.0,0.06437070343062418
SSS,3,66,24,0.36363636363636365,0.5,0.03558272445223169,1.0,0.06502393110636587
TCA,3,28,20,0.7142857142857143,0.5,0.03569813817739487,1.0,0.06502393110636587
LVR,3,28,8,0.2857142857142857,0.5,0.03569813817739487,1.0,0.06502393110636587
ISF,3,28,8,0.2857142857142857,0.5,0.03569813817739487,1.0,0.06502393110636587
PSA,3,28,8,0.2857142857142857,0.5,0.03569813817739487,1.0,0.06502393110636587
IGF,3,28,8,0.2857142857142857,0.5,0.03569813817739487,1.0,0.06502393110636587
PAF,3,28,8,0.2857142857142857,0.5,0.03569813817739487,1.0,0.06502393110636587
SPF,3,28,20,0.7142857142857143,0.5,0.03569813817739487,1.0,0.06502393110636587
CYK,3,52,34,0.6538461538461539,0.5,0.03648340000835981,1.0,0.06639381257208338
AAQ,3,40,13,0.325,0.5,0.03847730828420026,1.0,0.06976846470389894
AIV,3,40,13,0.325,0.5,0.03847730828420026,1.0,0.06976846470389894
SLK,3,40,13,0.325,0.5,0.03847730828420026,1.0,0.06976846470389894
AKF,3,40,27,0.675,0.5,0.03847730828420026,1.0,0.06976846470389894
VGG,3,104,41,0.3942307692307692,0.5,0.03895793340131169,1.0,0.07057596630672408
SKL,3,61,39,0.639344262295082,0.5,0.03961701489849968,1.0,0.0717050043411759
LPG,3,47,31,0.6595744680851063,0.5,0.03998605682605215,1.0,0.07230751686447043
TPE,3,35,24,0.6857142857142857,0.5,0.040959591511636986,1.0,0.07400106867504425
VAA,3,97,38,0.3917525773195876,0.5,0.041729321201286,1.0,0.0753236844788556
VVG,3,88,34,0.38636363636363635,0.5,0.04221061162240417,1.0,0.07612373601876316
IEK,3,30,9,0.3,0.5,0.042773945257067694,1.0,0.07700080154287614
QKL,3,30,9,0.3,0.5,0.042773945257067694,1.0,0.07700080154287614
KKD,3,63,23,0.36507936507936506,0.5,0.04295654552438921,1.0,0.07719055799530855
EKL,3,63,23,0.36507936507936506,0.5,0.04295654552438921,1.0,0.07719055799530855
VGT,3,56,20,0.35714285714285715,0.5,0.044046546102150766,1.0,0.07907817971660819
CVC,3,49,32,0.6530612244897959,0.5,0.04438416098714981,1.0,0.07961284481999967
LIG,3,81,31,0.38271604938271603,0.5,0.04482852238579864,1.0,0.08033785373799038
GET,3,101,40,0.39603960396039606,0.5,0.04604406692934271,1.0,0.08244237588064944
GPC,3,37,25,0.6756756756756757,0.5,0.04703102743951604,1.0,0.08390905876809285
AIT,3,37,12,0.32432432432432434,0.5,0.04703102743951604,1.0,0.08390905876809285
HLL,3,37,12,0.32432432432432434,0.5,0.04703102743951604,1.0,0.08390905876809285
GVT,3,37,12,0.32432432432432434,0.5,0.04703102743951604,1.0,0.08390905876809285
GLK,3,83,51,0.6144578313253012,0.5,0.047524889256531824,1.0,0.08471459760522607
VCG,3,58,37,0.6379310344827587,0.5,0.047940324071666984,1.0,0.08530306774317968
ALN,3,58,21,0.3620689655172414,0.5,0.047940324071666984,1.0,0.08530306774317968
TSS,3,32,10,0.3125,0.5,0.050102459732443094,1.0,0.0887554645393146
LMK,3,32,10,0.3125,0.5,0.050102459732443094,1.0,0.0887554645393146
DLK,3,32,10,0.3125,0.5,0.050102459732443094,1.0,0.0887554645393146
GMW,3,32,10,0.3125,0.5,0.050102459732443094,1.0,0.0887554645393146
IIP,3,32,10,0.3125,0.5,0.050102459732443094,1.0,0.0887554645393146
DKA,3,39,26,0.6666666666666666,0.5,0.05325191409792752,1.0,0.09390196267227074
GTR,3,39,13,0.3333333333333333,0.5,0.05325191409792752,1.0,0.09390196267227074
VSK,3,39,13,0.3333333333333333,0.5,0.05325191409792752,1.0,0.09390196267227074
VLN,3,39,13,0.3333333333333333,0.5,0.05325191409792752,1.0,0.09390196267227074
TRL,3,69,43,0.6231884057971014,0.5,0.05328936381651365,1.0,0.09390196267227074
GIP,3,69,26,0.37681159420289856,0.5,0.05328936381651365,1.0,0.09390196267227074
LGN,3,53,19,0.3584905660377358,0.5,0.053438810537711046,1.0,0.09399966673300096
IAE,3,53,19,0.3584905660377358,0.5,0.053438810537711046,1.0,0.09399966673300096
ASV,3,46,16,0.34782608695652173,0.5,0.054076031858869555,1.0,0.09503696284511347
PGC,3,98,59,0.6020408163265306,0.5,0.05439055827708824,1.0,0.09550580909058515
AAK,3,172,99,0.5755813953488372,0.5,0.05630366806880822,1.0,0.09877836503299688
IGQ,3,34,11,0.3235294117647059,0.5,0.05761267291381955,1.0,0.10080957640213395
IGI,3,34,11,0.3235294117647059,0.5,0.05761267291381955,1.0,0.10080957640213395
QEL,3,34,11,0.3235294117647059,0.5,0.05761267291381955,1.0,0.10080957640213395
KLR,3,55,35,0.6363636363636364,0.5,0.05806414679240905,1.0,0.10142209046709004
GGI,3,55,20,0.36363636363636365,0.5,0.05806414679240905,1.0,0.10142209046709004
EEE,3,91,55,0.6043956043956044,0.5,0.058573528410188855,1.0,0.10222256267048667
SGR,3,48,31,0.6458333333333334,0.5,0.05946337525377034,1.0,0.10368504839367103
EVA,3,41,14,0.34146341463414637,0.5,0.05958388801809633,1.0,0.10371433945708673
VVT,3,41,14,0.34146341463414637,0.5,0.05958388801809633,1.0,0.10371433945708673
TII,3,29,9,0.3103448275862069,0.5,0.06142834573984146,1.0,0.10591094093076114
HPD,3,29,20,0.6896551724137931,0.5,0.06142834573984146,1.0,0.10591094093076114
DTC,3,29,20,0.6896551724137931,0.5,0.06142834573984146,1.0,0.10591094093076114
PVP,3,29,9,0.3103448275862069,0.5,0.06142834573984146,1.0,0.10591094093076114
NIG,3,29,9,0.3103448275862069,0.5,0.06142834573984146,1.0,0.10591094093076114
SWP,3,29,9,0.3103448275862069,0.5,0.06142834573984146,1.0,0.10591094093076114
CPK,3,29,20,0.6896551724137931,0.5,0.06142834573984146,1.0,0.10591094093076114
DPS,3,29,20,0.6896551724137931,0.5,0.06142834573984146,1.0,0.10591094093076114
RAE,3,29,9,0.3103448275862069,0.5,0.06142834573984146,1.0,0.10591094093076114
TCL,3,29,20,0.6896551724137931,0.5,0.06142834573984146,1.0,0.10591094093076114
RGL,3,29,9,0.3103448275862069,0.5,0.06142834573984146,1.0,0.10591094093076114
DCL,3,57,36,0.631578947368421,0.5,0.06273668035582848,1.0,0.10807352343811968
GLW,3,66,25,0.3787878787878788,0.5,0.06401750413722565,1.0,0.11018503293842626
PFV,3,50,32,0.64,0.5,0.06490864707227217,1.0,0.11152688500390409
PKL,3,50,32,0.64,0.5,0.06490864707227217,1.0,0.11152688500390409
CKR,3,36,24,0.6666666666666666,0.5,0.06524533522315325,1.0,0.11172146442320763
CSI,3,36,24,0.6666666666666666,0.5,0.06524533522315325,1.0,0.11172146442320763
DKV,3,36,12,0.3333333333333333,0.5,0.06524533522315325,1.0,0.11172146442320763
KAK,3,36,24,0.6666666666666666,0.5,0.06524533522315325,1.0,0.11172146442320763
GAP,3,43,15,0.3488372093023256,0.5,0.0659940344557981,1.0,0.11290681686193002
RPR,3,59,22,0.3728813559322034,0.5,0.06744461190078899,1.0,0.11528993487314357
GKF,3,31,21,0.6774193548387096,0.5,0.07075554598122835,1.0,0.11982310919767714
AFK,3,31,21,0.6774193548387096,0.5,0.07075554598122835,1.0,0.11982310919767714
CTA,3,31,21,0.6774193548387096,0.5,0.07075554598122835,1.0,0.11982310919767714
KYG,3,31,21,0.6774193548387096,0.5,0.07075554598122835,1.0,0.11982310919767714
KNG,3,31,10,0.3225806451612903,0.5,0.07075554598122835,1.0,0.11982310919767714
QIL,3,31,10,0.3225806451612903,0.5,0.07075554598122835,1.0,0.11982310919767714
KNF,3,31,10,0.3225806451612903,0.5,0.07075554598122835,1.0,0.11982310919767714
LRV,3,31,10,0.3225806451612903,0.5,0.07075554598122835,1.0,0.11982310919767714
ICT,3,31,21,0.6774193548387096,0.5,0.07075554598122835,1.0,0.11982310919767714
SPT,3,31,10,0.3225806451612903,0.5,0.07075554598122835,1.0,0.11982310919767714
VNQ,3,31,10,0.3225806451612903,0.5,0.07075554598122835,1.0,0.11982310919767714
LGV,3,61,23,0.3770491803278688,0.5,0.07217743850092258,1.0,0.1221276455176355
KFG,3,38,25,0.6578947368421053,0.5,0.07295138851623051,1.0,0.12291725108042208
CTV,3,38,25,0.6578947368421053,0.5,0.07295138851623051,1.0,0.12291725108042208
AAP,3,38,13,0.34210526315789475,0.5,0.07295138851623051,1.0,0.12291725108042208
RPG,3,38,25,0.6578947368421053,0.5,0.07295138851623051,1.0,0.12291725108042208
IAQ,3,38,13,0.34210526315789475,0.5,0.07295138851623051,1.0,0.12291725108042208
VKK,3,72,44,0.6111111111111112,0.5,0.07636915467183139,1.0,0.1285676004576286
GPL,3,47,17,0.3617021276595745,0.5,0.07894069368148846,1.0,0.13273201344719673
IVG,3,94,38,0.40425531914893614,0.5,0.07897554800108206,1.0,0.13273201344719673
LRA,3,33,11,0.3333333333333333,0.5,0.08014331245794892,1.0,0.13413106687522833
FAG,3,33,11,0.3333333333333333,0.5,0.08014331245794892,1.0,0.13413106687522833
LQK,3,33,11,0.3333333333333333,0.5,0.08014331245794892,1.0,0.13413106687522833
VGP,3,33,11,0.3333333333333333,0.5,0.08014331245794892,1.0,0.13413106687522833
ILE,3,33,11,0.3333333333333333,0.5,0.08014331245794892,1.0,0.13413106687522833
CKP,3,40,26,0.65,0.5,0.0806904677519924,1.0,0.13459627648372377
VPA,3,40,14,0.35,0.5,0.0806904677519924,1.0,0.13459627648372377
LEK,3,40,14,0.35,0.5,0.0806904677519924,1.0,0.13459627648372377
PRP,3,40,26,0.65,0.5,0.0806904677519924,1.0,0.13459627648372377
SKG,3,56,35,0.625,0.5,0.08142681460950618,1.0,0.1357113576825103
DLL,3,49,18,0.3673469387755102,0.5,0.08543313315739454,1.0,0.14191550358371186
LAT,3,49,31,0.6326530612244898,0.5,0.08543313315739454,1.0,0.14191550358371186
KNV,3,49,31,0.6326530612244898,0.5,0.08543313315739454,1.0,0.14191550358371186
LPF,3,49,18,0.3673469387755102,0.5,0.08543313315739454,1.0,0.14191550358371186
TPG,3,87,35,0.40229885057471265,0.5,0.08568897435916664,1.0,0.14222236408160438
TLK,3,67,26,0.3880597014925373,0.5,0.08643723427347082,1.0,0.14300008745248244
RRG,3,67,26,0.3880597014925373,0.5,0.08643723427347082,1.0,0.14300008745248244
LPS,3,58,36,0.6206896551724138,0.5,0.08694889972991102,1.0,0.14300008745248244
PTA,3,58,22,0.3793103448275862,0.5,0.08694889972991102,1.0,0.14300008745248244
ITG,3,58,22,0.3793103448275862,0.5,0.08694889972991102,1.0,0.14300008745248244
VAN,3,28,9,0.32142857142857145,0.5,0.08715855330228806,1.0,0.14300008745248244
PPA,3,28,19,0.6785714285714286,0.5,0.08715855330228806,1.0,0.14300008745248244
FLE,3,28,9,0.32142857142857145,0.5,0.08715855330228806,1.0,0.14300008745248244
KHV,3,28,19,0.6785714285714286,0.5,0.08715855330228806,1.0,0.14300008745248244
EGQ,3,28,19,0.6785714285714286,0.5,0.08715855330228806,1.0,0.14300008745248244
PRG,3,28,9,0.32142857142857145,0.5,0.08715855330228806,1.0,0.14300008745248244
GFI,3,28,9,0.32142857142857145,0.5,0.08715855330228806,1.0,0.14300008745248244
NAP,3,28,19,0.6785714285714286,0.5,0.08715855330228806,1.0,0.14300008745248244
IIT,3,28,9,0.32142857142857145,0.5,0.08715855330228806,1.0,0.14300008745248244
KKN,3,42,27,0.6428571428571429,0.5,0.08842954698775429,1.0,0.14496647047172836
FLG,3,100,59,0.59,0.5,0.08862608011406767,1.0,0.14516966439650722
KLE,3,35,12,0.34285714285714286,0.5,0.08953107893466952,1.0,0.14605396237303347
GDA,3,35,12,0.34285714285714286,0.5,0.08953107893466952,1.0,0.14605396237303347
VPV,3,35,12,0.34285714285714286,0.5,0.08953107893466952,1.0,0.14605396237303347
EFL,3,35,12,0.34285714285714286,0.5,0.08953107893466952,1.0,0.14605396237303347
DVK,3,35,12,0.34285714285714286,0.5,0.08953107893466952,1.0,0.14605396237303347
TCF,3,51,32,0.6274509803921569,0.5,0.09191454981585423,1.0,0.14957615917958375
VTA,3,51,19,0.37254901960784315,0.5,0.09191454981585423,1.0,0.14957615917958375
PGT,3,51,32,0.6274509803921569,0.5,0.09191454981585423,1.0,0.14957615917958375
VAS,3,60,23,0.38333333333333336,0.5,0.09246098107292373,1.0,0.15034305865516054
TLF,3,44,16,0.36363636363636365,0.5,0.09614175442061423,1.0,0.1560742766568413
IKL,3,44,16,0.36363636363636365,0.5,0.09614175442061423,1.0,0.1560742766568413
LTV,3,53,20,0.37735849056603776,0.5,0.09837064844049181,1.0,0.15857538026133916
AAG,3,147,63,0.42857142857142855,0.5,0.09870072731432883,1.0,0.15857538026133916
HAI,3,30,10,0.3333333333333333,0.5,0.09873714670538905,1.0,0.15857538026133916
LDE,3,30,10,0.3333333333333333,0.5,0.09873714670538905,1.0,0.15857538026133916
PNS,3,30,20,0.6666666666666666,0.5,0.09873714670538905,1.0,0.15857538026133916
HAA,3,30,10,0.3333333333333333,0.5,0.09873714670538905,1.0,0.15857538026133916
EGA,3,30,10,0.3333333333333333,0.5,0.09873714670538905,1.0,0.15857538026133916
EEG,3,30,10,0.3333333333333333,0.5,0.09873714670538905,1.0,0.15857538026133916
IGN,3,30,10,0.3333333333333333,0.5,0.09873714670538905,1.0,0.15857538026133916
IKI,3,30,20,0.6666666666666666,0.5,0.09873714670538905,1.0,0.15857538026133916
IVD,3,37,24,0.6486486486486487,0.5,0.09887174959294498,1.0,0.15857538026133916
AIR,3,37,13,0.35135135135135137,0.5,0.09887174959294498,1.0,0.15857538026133916
TPA,3,37,13,0.35135135135135137,0.5,0.09887174959294498,1.0,0.15857538026133916
LQE,3,37,13,0.35135135135135137,0.5,0.09887174959294498,1.0,0.15857538026133916
LTK,3,37,13,0.35135135135135137,0.5,0.09887174959294498,1.0,0.15857538026133916
SKI,3,73,29,0.3972602739726027,0.5,0.10064367752023572,1.0,0.1612879447439675
VLT,3,55,21,0.38181818181818183,0.5,0.10478948242660333,1.0,0.16766317188256533
GPG,3,55,34,0.6181818181818182,0.5,0.10478948242660333,1.0,0.16766317188256533
DEE,3,75,45,0.6,0.5,0.10534226887460482,1.0,0.16841289987946415
VVS,3,39,14,0.358974358974359,0.5,0.10812902140605732,1.0,0.17231716558734236
DKI,3,39,25,0.6410256410256411,0.5,0.10812902140605732,1.0,0.17231716558734236
RPV,3,39,14,0.358974358974359,0.5,0.10812902140605732,1.0,0.17231716558734236
SVI,3,39,14,0.358974358974359,0.5,0.10812902140605732,1.0,0.17231716558734236
RNG,3,66,26,0.3939393939393939,0.5,0.10885696440971612,1.0,0.17320121624457618
LLQ,3,66,26,0.3939393939393939,0.5,0.10885696440971612,1.0,0.17320121624457618
APK,3,32,11,0.34375,0.5,0.11018416518345475,1.0,0.17448007154941372
RKG,3,32,11,0.34375,0.5,0.11018416518345475,1.0,0.17448007154941372
SIF,3,32,11,0.34375,0.5,0.11018416518345475,1.0,0.17448007154941372
HLA,3,32,21,0.65625,0.5,0.11018416518345475,1.0,0.17448007154941372
EIA,3,32,11,0.34375,0.5,0.11018416518345475,1.0,0.17448007154941372
AIP,3,32,21,0.65625,0.5,0.11018416518345475,1.0,0.17448007154941372
GRN,3,57,22,0.38596491228070173,0.5,0.11116111910399346,1.0,0.1754376237181398
VTG,3,57,22,0.38596491228070173,0.5,0.11116111910399346,1.0,0.1754376237181398
LST,3,57,22,0.38596491228070173,0.5,0.11116111910399346,1.0,0.1754376237181398
PIL,3,48,30,0.625,0.5,0.11140289106101878,1.0,0.1754376237181398
NAG,3,48,30,0.625,0.5,0.11140289106101878,1.0,0.1754376237181398
FGS,3,48,30,0.625,0.5,0.11140289106101878,1.0,0.1754376237181398
QGG,3,48,30,0.625,0.5,0.11140289106101878,1.0,0.1754376237181398
ALG,3,159,69,0.4339622641509434,0.5,0.1124301195349186,1.0,0.17691600241529287
KAA,3,144,82,0.5694444444444444,0.5,0.11303096428191342,1.0,0.17772164195269405
LVP,3,68,27,0.39705882352941174,0.5,0.11425430684992327,1.0,0.17950401704622668
ANA,3,41,26,0.6341463414634146,0.5,0.11727520595741225,1.0,0.1835292737987672
LSP,3,41,15,0.36585365853658536,0.5,0.11727520595741225,1.0,0.1835292737987672
SEL,3,41,15,0.36585365853658536,0.5,0.11727520595741225,1.0,0.1835292737987672
TVK,3,41,15,0.36585365853658536,0.5,0.11727520595741225,1.0,0.1835292737987672
FAL,3,41,15,0.36585365853658536,0.5,0.11727520595741225,1.0,0.1835292737987672
KTL,3,59,23,0.3898305084745763,0.5,0.11747735024505848,1.0,0.1837018768491923
KRR,3,50,19,0.38,0.5,0.11892045255943628,1.0,0.18566815387890132
CVF,3,50,31,0.62,0.5,0.11892045255943628,1.0,0.18566815387890132
LGC,3,70,42,0.6,0.5,0.11960933562988493,1.0,0.18659802750372065
GNA,3,34,12,0.35294117647058826,0.5,0.12144948495551944,1.0,0.18824542506002204
EEV,3,34,12,0.35294117647058826,0.5,0.12144948495551944,1.0,0.18824542506002204
RRL,3,34,12,0.35294117647058826,0.5,0.12144948495551944,1.0,0.18824542506002204
PDI,3,34,22,0.6470588235294118,0.5,0.12144948495551944,1.0,0.18824542506002204
ARA,3,34,12,0.35294117647058826,0.5,0.12144948495551944,1.0,0.18824542506002204
LPR,3,34,12,0.35294117647058826,0.5,0.12144948495551944,1.0,0.18824542506002204
SGY,3,34,22,0.6470588235294118,0.5,0.12144948495551944,1.0,0.18824542506002204
DGV,3,34,12,0.35294117647058826,0.5,0.12144948495551944,1.0,0.18824542506002204
GLF,3,107,45,0.4205607476635514,0.5,0.12151242187624421,1.0,0.18824542506002204
KAS,3,61,37,0.6065573770491803,0.5,0.12373144253809215,1.0,0.19138660872094687
SIL,3,61,24,0.39344262295081966,0.5,0.12373144253809215,1.0,0.19138660872094687
VVD,3,43,16,0.37209302325581395,0.5,0.12628947438543037,1.0,0.19452975490980964
AST,3,43,16,0.37209302325581395,0.5,0.12628947438543037,1.0,0.19452975490980964
PII,3,43,16,0.37209302325581395,0.5,0.12628947438543037,1.0,0.19452975490980964
ILD,3,43,16,0.37209302325581395,0.5,0.12628947438543037,1.0,0.19452975490980964
TLI,3,52,20,0.38461538461538464,0.5,0.12634707581392135,1.0,0.19452975490980964
VFI,3,52,20,0.38461538461538464,0.5,0.12634707581392135,1.0,0.19452975490980964
PCI,3,85,50,0.5882352941176471,0.5,0.12839640292640084,1.0,0.1975329275790782
KIK,3,74,44,0.5945945945945946,0.5,0.13017768031912758,1.0,0.19996571477592562
KAI,3,74,44,0.5945945945945946,0.5,0.13017768031912758,1.0,0.19996571477592562
ALP,3,36,23,0.6388888888888888,0.5,0.13249816396273675,1.0,0.20321804288763304
DSS,3,36,13,0.3611111111111111,0.5,0.13249816396273675,1.0,0.20321804288763304
QKI,3,29,10,0.3448275862068966,0.5,0.13604594767093658,1.0,0.20707145764221702
TRD,3,29,10,0.3448275862068966,0.5,0.13604594767093658,1.0,0.20707145764221702
GQL,3,29,10,0.3448275862068966,0.5,0.13604594767093658,1.0,0.20707145764221702
PGI,3,29,19,0.6551724137931034,0.5,0.13604594767093658,1.0,0.20707145764221702
NLQ,3,29,10,0.3448275862068966,0.5,0.13604594767093658,1.0,0.20707145764221702
ADT,3,29,10,0.3448275862068966,0.5,0.13604594767093658,1.0,0.20707145764221702
GEK,3,29,10,0.3448275862068966,0.5,0.13604594767093658,1.0,0.20707145764221702
DDL,3,29,10,0.3448275862068966,0.5,0.13604594767093658,1.0,0.20707145764221702
EAS,3,29,10,0.3448275862068966,0.5,0.13604594767093658,1.0,0.20707145764221702
IDG,3,29,19,0.6551724137931034,0.5,0.13604594767093658,1.0,0.20707145764221702
LPV,3,78,32,0.41025641025641024,0.5,0.14053828626952242,1.0,0.21374644299547135
PVL,3,56,22,0.39285714285714285,0.5,0.1408954235984807,1.0,0.21412678358431717
WIP,3,38,14,0.3684210526315789,0.5,0.14330665429588407,1.0,0.21746078041864048
CAI,3,38,24,0.631578947368421,0.5,0.14330665429588407,1.0,0.21746078041864048
IRD,3,47,29,0.6170212765957447,0.5,0.14386508844054896,1.0,0.21781239733618316
IAN,3,47,18,0.3829787234042553,0.5,0.14386508844054896,1.0,0.21781239733618316
SKA,3,47,18,0.3829787234042553,0.5,0.14386508844054896,1.0,0.21781239733618316
IKK,3,80,47,0.5875,0.5,0.1456354544029827,1.0,0.2201594170868975
IGA,3,80,33,0.4125,0.5,0.1456354544029827,1.0,0.2201594170868975
GGS,3,69,28,0.4057971014492754,0.5,0.1480321806927584,1.0,0.2236135660011456
DLI,3,31,11,0.3548387096774194,0.5,0.14961278438568115,1.0,0.22464382039892064
ECK,3,31,20,0.6451612903225806,0.5,0.14961278438568115,1.0,0.22464382039892064
SAK,3,31,11,0.3548387096774194,0.5,0.14961278438568115,1.0,0.22464382039892064
IFV,3,31,11,0.3548387096774194,0.5,0.14961278438568115,1.0,0.22464382039892064
SPR,3,31,11,0.3548387096774194,0.5,0.14961278438568115,1.0,0.22464382039892064
ANF,3,31,20,0.6451612903225806,0.5,0.14961278438568115,1.0,0.22464382039892064
IKV,3,31,11,0.3548387096774194,0.5,0.14961278438568115,1.0,0.22464382039892064
PLS,3,31,11,0.3548387096774194,0.5,0.14961278438568115,1.0,0.22464382039892064
GLR,3,49,30,0.6122448979591837,0.5,0.15240777196147803,1.0,0.22849740923759823
TAG,3,49,19,0.3877551020408163,0.5,0.15240777196147803,1.0,0.22849740923759823
LRE,3,40,15,0.375,0.5,0.1538599441628321,1.0,0.22989211251151057
PIV,3,40,25,0.625,0.5,0.1538599441628321,1.0,0.22989211251151057
GVP,3,40,15,0.375,0.5,0.1538599441628321,1.0,0.22989211251151057
LTT,3,40,15,0.375,0.5,0.1538599441628321,1.0,0.22989211251151057
SLG,3,71,29,0.4084507042253521,0.5,0.1539127693264563,1.0,0.22989211251151057
GES,3,112,48,0.42857142857142855,0.5,0.15606630199376736,1.0,0.23293477909517515
KIA,3,86,50,0.5813953488372093,0.5,0.16057841913397977,1.0,0.2394905579925127
FGL,3,62,25,0.4032258064516129,0.5,0.16188140552559763,1.0,0.24125395756422893
FFK,3,33,21,0.6363636363636364,0.5,0.16275565745308995,1.0,0.2412982319541734
SLP,3,33,12,0.36363636363636365,0.5,0.16275565745308995,1.0,0.2412982319541734
TNT,3,33,21,0.6363636363636364,0.5,0.16275565745308995,1.0,0.2412982319541734
WLK,3,33,21,0.6363636363636364,0.5,0.16275565745308995,1.0,0.2412982319541734
VRD,3,33,21,0.6363636363636364,0.5,0.16275565745308995,1.0,0.2412982319541734
EED,3,33,12,0.36363636363636365,0.5,0.16275565745308995,1.0,0.2412982319541734
NKA,3,33,21,0.6363636363636364,0.5,0.16275565745308995,1.0,0.2412982319541734
IVP,3,42,26,0.6190476190476191,0.5,0.16414940178310644,1.0,0.2424658815112355
ASE,3,42,16,0.38095238095238093,0.5,0.16414940178310644,1.0,0.2424658815112355
KSA,3,42,16,0.38095238095238093,0.5,0.16414940178310644,1.0,0.2424658815112355
PVG,3,42,16,0.38095238095238093,0.5,0.16414940178310644,1.0,0.2424658815112355
RRP,3,42,16,0.38095238095238093,0.5,0.16414940178310644,1.0,0.2424658815112355
LGT,3,64,26,0.40625,0.5,0.16864291143970336,1.0,0.24891942647926696
SVA,3,53,21,0.39622641509433965,0.5,0.16897782228771874,1.0,0.24904616402021923
AAT,3,53,21,0.39622641509433965,0.5,0.16897782228771874,1.0,0.24904616402021923
KVK,3,44,27,0.6136363636363636,0.5,0.17417114727072658,1.0,0.2565112625489346
LAS,3,92,39,0.42391304347826086,0.5,0.1749838984629618,1.0,0.2574691841391108
GSN,3,35,13,0.37142857142857144,0.5,0.175465248990804,1.0,0.2574691841391108
AIN,3,35,13,0.37142857142857144,0.5,0.175465248990804,1.0,0.2574691841391108
PAR,3,35,22,0.6285714285714286,0.5,0.175465248990804,1.0,0.2574691841391108
GRK,3,35,22,0.6285714285714286,0.5,0.175465248990804,1.0,0.2574691841391108
PKV,3,55,22,0.4,0.5,0.1770013647703581,1.0,0.2589632257064493
VRG,3,55,33,0.6,0.5,0.1770013647703581,1.0,0.2589632257064493
KSS,3,55,33,0.6,0.5,0.1770013647703581,1.0,0.2589632257064493
CVY,3,55,33,0.6,0.5,0.1770013647703581,1.0,0.2589632257064493
KGL,3,68,40,0.5882352941176471,0.5,0.1818100545355934,1.0,0.26561001393074274
TVA,3,68,28,0.4117647058823529,0.5,0.1818100545355934,1.0,0.26561001393074274
GKA,3,145,81,0.5586206896551724,0.5,0.18374624131166653,1.0,0.2676314646014257
PAV,3,46,18,0.391304347826087,0.5,0.18392482137699062,1.0,0.2676314646014257
DLA,3,46,18,0.391304347826087,0.5,0.18392482137699062,1.0,0.2676314646014257
DPG,3,46,28,0.6086956521739131,0.5,0.18392482137699062,1.0,0.2676314646014257
VGS,3,57,34,0.5964912280701754,0.5,0.18485048241641844,1.0,0.2676314646014257
PRN,3,28,18,0.6428571428571429,0.5,0.1849333420395851,1.0,0.2676314646014257
MLG,3,28,10,0.35714285714285715,0.5,0.1849333420395851,1.0,0.2676314646014257
GYI,3,28,10,0.35714285714285715,0.5,0.1849333420395851,1.0,0.2676314646014257
SIV,3,28,10,0.35714285714285715,0.5,0.1849333420395851,1.0,0.2676314646014257
KYR,3,28,18,0.6428571428571429,0.5,0.1849333420395851,1.0,0.2676314646014257
SRS,3,28,10,0.35714285714285715,0.5,0.1849333420395851,1.0,0.2676314646014257
RNK,3,28,18,0.6428571428571429,0.5,0.1849333420395851,1.0,0.2676314646014257
CAL,3,28,18,0.6428571428571429,0.5,0.1849333420395851,1.0,0.2676314646014257
GER,3,37,14,0.3783783783783784,0.5,0.18774155899882317,1.0,0.2699375398976609
GVK,3,37,14,0.3783783783783784,0.5,0.18774155899882317,1.0,0.2699375398976609
LKV,3,37,14,0.3783783783783784,0.5,0.18774155899882317,1.0,0.2699375398976609
ANN,3,37,23,0.6216216216216216,0.5,0.18774155899882317,1.0,0.2699375398976609
GFT,3,37,23,0.6216216216216216,0.5,0.18774155899882317,1.0,0.2699375398976609
RPK,3,37,23,0.6216216216216216,0.5,0.18774155899882317,1.0,0.2699375398976609
DVA,3,37,14,0.3783783783783784,0.5,0.18774155899882317,1.0,0.2699375398976609
AES,3,37,14,0.3783783783783784,0.5,0.18774155899882317,1.0,0.2699375398976609
LRG,3,37,14,0.3783783783783784,0.5,0.18774155899882317,1.0,0.2699375398976609
GIV,3,59,24,0.4067796610169492,0.5,0.19252645776146274,1.0,0.2766184737952051
LGR,3,48,19,0.3958333333333333,0.5,0.19341265286193737,1.0,0.27769225105805795
TIL,3,39,15,0.38461538461538464,0.5,0.19959086691960698,1.0,0.2843807405191111
CLL,3,39,15,0.38461538461538464,0.5,0.19959086691960698,1.0,0.2843807405191111
TGA,3,39,15,0.38461538461538464,0.5,0.19959086691960698,1.0,0.2843807405191111
ENL,3,39,24,0.6153846153846154,0.5,0.19959086691960698,1.0,0.2843807405191111
IST,3,39,15,0.38461538461538464,0.5,0.19959086691960698,1.0,0.2843807405191111
IIK,3,61,36,0.5901639344262295,0.5,0.20003136851310313,1.0,0.2843807405191111
GPN,3,30,19,0.6333333333333333,0.5,0.20048842206597334,1.0,0.2843807405191111
KIP,3,30,19,0.6333333333333333,0.5,0.20048842206597334,1.0,0.2843807405191111
VIP,3,30,19,0.6333333333333333,0.5,0.20048842206597334,1.0,0.2843807405191111
RLS,3,30,11,0.36666666666666664,0.5,0.20048842206597334,1.0,0.2843807405191111
DGY,3,30,19,0.6333333333333333,0.5,0.20048842206597334,1.0,0.2843807405191111
QCK,3,30,19,0.6333333333333333,0.5,0.20048842206597334,1.0,0.2843807405191111
SFG,3,30,11,0.36666666666666664,0.5,0.20048842206597334,1.0,0.2843807405191111
CLE,3,30,19,0.6333333333333333,0.5,0.20048842206597334,1.0,0.2843807405191111
IPH,3,30,19,0.6333333333333333,0.5,0.20048842206597334,1.0,0.2843807405191111
VSI,3,30,11,0.36666666666666664,0.5,0.20048842206597334,1.0,0.2843807405191111
LNE,3,30,11,0.36666666666666664,0.5,0.20048842206597334,1.0,0.2843807405191111
GVI,3,50,20,0.4,0.5,0.20263875106454066,1.0,0.28702372672031257
ITK,3,50,30,0.6,0.5,0.20263875106454066,1.0,0.28702372672031257
KKI,3,89,51,0.5730337078651685,0.5,0.20311681873649565,1.0,0.287497266435238
LPL,3,91,52,0.5714285714285714,0.5,0.20817442238117578,1.0,0.2944475564090181
GTI,3,41,16,0.3902439024390244,0.5,0.21102359760880063,1.0,0.2972163346602826
SAV,3,41,16,0.3902439024390244,0.5,0.21102359760880063,1.0,0.2972163346602826
STA,3,41,16,0.3902439024390244,0.5,0.21102359760880063,1.0,0.2972163346602826
NLG,3,41,16,0.3902439024390244,0.5,0.21102359760880063,1.0,0.2972163346602826
SNK,3,41,25,0.6097560975609756,0.5,0.21102359760880063,1.0,0.2972163346602826
FLK,3,41,16,0.3902439024390244,0.5,0.21102359760880063,1.0,0.2972163346602826
LKE,3,52,21,0.40384615384615385,0.5,0.21160856876151612,1.0,0.2974119026866003
GLE,3,52,31,0.5961538461538461,0.5,0.21160856876151612,1.0,0.2974119026866003
PSG,3,52,31,0.5961538461538461,0.5,0.21160856876151612,1.0,0.2974119026866003
NFL,3,65,27,0.4153846153846154,0.5,0.2145391940081784,1.0,0.30131909270811574
SDS,3,32,12,0.375,0.5,0.21532714972272515,1.0,0.30200161251434104
PAA,3,32,12,0.375,0.5,0.21532714972272515,1.0,0.30200161251434104
ILK,3,80,46,0.575,0.5,0.21851803947870374,1.0,0.3062621436281762
GVA,3,67,39,0.582089552238806,0.5,0.22154872964481104,1.0,0.3102923384381107
SPS,3,43,17,0.3953488372093023,0.5,0.2220528201560228,1.0,0.31034635940743927
AAD,3,43,17,0.3953488372093023,0.5,0.2220528201560228,1.0,0.31034635940743927
NGG,3,43,26,0.6046511627906976,0.5,0.2220528201560228,1.0,0.31034635940743927
ALS,3,82,35,0.4268292682926829,0.5,0.22424452830608183,1.0,0.3131906819917344
SGA,3,56,23,0.4107142857142857,0.5,0.2288055412343561,1.0,0.3191151202710685
NAL,3,56,33,0.5892857142857143,0.5,0.2288055412343561,1.0,0.3191151202710685
MAK,3,34,13,0.38235294117647056,0.5,0.22948101302608848,1.0,0.319389023000819
LRD,3,34,21,0.6176470588235294,0.5,0.22948101302608848,1.0,0.319389023000819
GIS,3,34,13,0.38235294117647056,0.5,0.22948101302608848,1.0,0.319389023000819
IKE,3,45,18,0.4,0.5,0.23269319190831084,1.0,0.323634481096399
LSA,3,71,30,0.4225352112676056,0.5,0.23509756240834187,1.0,0.3267513028607948
SGS,3,86,49,0.5697674418604651,0.5,0.2353798622110552,1.0,0.3269164752931322
ARL,3,47,19,0.40425531914893614,0.5,0.24296021728332556,1.0,0.3363113550656189
IKS,3,47,28,0.5957446808510638,0.5,0.24296021728332556,1.0,0.3363113550656189
RRT,3,36,14,0.3888888888888889,0.5,0.24298495403490966,1.0,0.3363113550656189
RAA,3,36,14,0.3888888888888889,0.5,0.24298495403490966,1.0,0.3363113550656189
QLG,3,36,14,0.3888888888888889,0.5,0.24298495403490966,1.0,0.3363113550656189
KVA,3,92,52,0.5652173913043478,0.5,0.25132210347485456,1.0,0.34761010162497175
AIG,3,62,26,0.41935483870967744,0.5,0.25285439418811073,1.0,0.3492675831044244
LDT,3,49,20,0.40816326530612246,0.5,0.2528697301676033,1.0,0.3492675831044244
FLD,3,38,15,0.39473684210526316,0.5,0.2558750795433298,1.0,0.3529311441976963
ATK,3,38,23,0.6052631578947368,0.5,0.2558750795433298,1.0,0.3529311441976963
RGG,3,64,27,0.421875,0.5,0.26043547657665356,1.0,0.35897377887891596
IFK,3,29,18,0.6206896551724138,0.5,0.26493089646101,1.0,0.3629190362479589
KQK,3,29,11,0.3793103448275862,0.5,0.26493089646101,1.0,0.3629190362479589
FSS,3,29,11,0.3793103448275862,0.5,0.26493089646101,1.0,0.3629190362479589
EGV,3,29,11,0.3793103448275862,0.5,0.26493089646101,1.0,0.3629190362479589
PLF,3,29,18,0.6206896551724138,0.5,0.26493089646101,1.0,0.3629190362479589
ISD,3,29,11,0.3793103448275862,0.5,0.26493089646101,1.0,0.3629190362479589
LEI,3,29,11,0.3793103448275862,0.5,0.26493089646101,1.0,0.3629190362479589
YGK,3,29,18,0.6206896551724138,0.5,0.26493089646101,1.0,0.3629190362479589
PNG,3,29,18,0.6206896551724138,0.5,0.26493089646101,1.0,0.3629190362479589
GSL,3,98,43,0.4387755102040816,0.5,0.2664055944111921,1.0,0.3646893831775388
SSR,3,40,16,0.4,0.5,0.26818725105476915,1.0,0.3661259400065108
LKD,3,40,16,0.4,0.5,0.26818725105476915,1.0,0.3661259400065108
AVS,3,40,16,0.4,0.5,0.26818725105476915,1.0,0.3661259400065108
LKT,3,40,24,0.6,0.5,0.26818725105476915,1.0,0.3661259400065108
GLA,3,100,44,0.44,0.5,0.2712530240738354,1.0,0.37005869587153534
KSL,3,53,31,0.5849056603773585,0.5,0.27167916606550335,1.0,0.3703874111322472
ISA,3,68,39,0.5735294117647058,0.5,0.2749903961710005,1.0,0.37464631630926504
GVL,3,85,37,0.43529411764705883,0.5,0.2779992890805517,1.0,0.3782303252796622
AKG,3,85,48,0.5647058823529412,0.5,0.2779992890805517,1.0,0.3782303252796622
EGE,3,42,17,0.40476190476190477,0.5,0.27995623852893914,1.0,0.37952939238321287
SAR,3,42,17,0.40476190476190477,0.5,0.27995623852893914,1.0,0.37952939238321287
TGI,3,42,17,0.40476190476190477,0.5,0.27995623852893914,1.0,0.37952939238321287
LEE,3,55,23,0.41818181818181815,0.5,0.2806097176983541,1.0,0.37952939238321287
SPP,3,31,19,0.6129032258064516,0.5,0.28104151505976915,1.0,0.37952939238321287
INT,3,31,19,0.6129032258064516,0.5,0.28104151505976915,1.0,0.37952939238321287
PEG,3,31,19,0.6129032258064516,0.5,0.28104151505976915,1.0,0.37952939238321287
AKQ,3,31,19,0.6129032258064516,0.5,0.28104151505976915,1.0,0.37952939238321287
DLP,3,31,12,0.3870967741935484,0.5,0.28104151505976915,1.0,0.37952939238321287
GRA,3,31,12,0.3870967741935484,0.5,0.28104151505976915,1.0,0.37952939238321287
SRI,3,31,12,0.3870967741935484,0.5,0.28104151505976915,1.0,0.37952939238321287
VDL,3,44,18,0.4090909090909091,0.5,0.2912152365458951,1.0,0.39300301828056017
IFG,3,33,13,0.3939393939393939,0.5,0.296206368599087,1.0,0.3989311361603865
YKN,3,33,13,0.3939393939393939,0.5,0.296206368599087,1.0,0.3989311361603865
AKI,3,33,13,0.3939393939393939,0.5,0.296206368599087,1.0,0.3989311361603865
LKL,3,76,43,0.5657894736842105,0.5,0.3018724904870079,1.0,0.4060154545891162
ALR,3,76,33,0.4342105263157895,0.5,0.3018724904870079,1.0,0.4060154545891162
RRY,3,35,14,0.4,0.5,0.31050465907901537,1.0,0.4162260845563209
EGS,3,35,14,0.4,0.5,0.31050465907901537,1.0,0.4162260845563209
DAG,3,35,21,0.6,0.5,0.31050465907901537,1.0,0.4162260845563209
FLF,3,35,14,0.4,0.5,0.31050465907901537,1.0,0.4162260845563209
GTA,3,35,14,0.4,0.5,0.31050465907901537,1.0,0.4162260845563209
GGA,3,141,77,0.5460992907801419,0.5,0.3122129316569953,1.0,0.4182356753610118
LGP,3,63,36,0.5714285714285714,0.5,0.31350305329645284,1.0,0.4196828022710212
VLG,3,122,55,0.45081967213114754,0.5,0.3193082974752452,1.0,0.4271682909367828
KIL,3,65,37,0.5692307692307692,0.5,0.3210841356849955,1.0,0.4292568658890314
KII,3,52,30,0.5769230769230769,0.5,0.3317497633694906,1.0,0.4427409667777393
VVK,3,52,30,0.5769230769230769,0.5,0.3317497633694906,1.0,0.4427409667777393
RRR,3,86,38,0.4418604651162791,0.5,0.3318343545999156,1.0,0.4427409667777393
CKN,3,69,39,0.5652173913043478,0.5,0.3355576182340152,1.0,0.4474101576453536
DVN,3,39,16,0.41025641025641024,0.5,0.3367836351899315,1.0,0.4475530035746598
RIG,3,39,16,0.41025641025641024,0.5,0.3367836351899315,1.0,0.4475530035746598
FCA,3,39,23,0.5897435897435898,0.5,0.3367836351899315,1.0,0.4475530035746598
INK,3,39,23,0.5897435897435898,0.5,0.3367836351899315,1.0,0.4475530035746598
SSK,3,39,23,0.5897435897435898,0.5,0.3367836351899315,1.0,0.4475530035746598
KDL,3,54,23,0.42592592592592593,0.5,0.3408909412200971,1.0,0.45241000825493977
AVT,3,54,23,0.42592592592592593,0.5,0.3408909412200971,1.0,0.45241000825493977
PIP,3,28,17,0.6071428571428571,0.5,0.34492845088243484,1.0,0.45415200906179704
ANL,3,28,11,0.39285714285714285,0.5,0.34492845088243484,1.0,0.45415200906179704
ANS,3,28,17,0.6071428571428571,0.5,0.34492845088243484,1.0,0.45415200906179704
FRK,3,28,17,0.6071428571428571,0.5,0.34492845088243484,1.0,0.45415200906179704
LKF,3,28,17,0.6071428571428571,0.5,0.34492845088243484,1.0,0.45415200906179704
GAN,3,28,11,0.39285714285714285,0.5,0.34492845088243484,1.0,0.45415200906179704
YGA,3,28,11,0.39285714285714285,0.5,0.34492845088243484,1.0,0.45415200906179704
ICV,3,28,17,0.6071428571428571,0.5,0.34492845088243484,1.0,0.45415200906179704
TGT,3,28,11,0.39285714285714285,0.5,0.34492845088243484,1.0,0.45415200906179704
KYL,3,28,11,0.39285714285714285,0.5,0.34492845088243484,1.0,0.45415200906179704
IFS,3,28,11,0.39285714285714285,0.5,0.34492845088243484,1.0,0.45415200906179704
KTF,3,28,11,0.39285714285714285,0.5,0.34492845088243484,1.0,0.45415200906179704
DAA,3,41,17,0.4146341463414634,0.5,0.34888887944907765,1.0,0.45785942184918327
AKE,3,41,17,0.4146341463414634,0.5,0.34888887944907765,1.0,0.45785942184918327
EGL,3,41,17,0.4146341463414634,0.5,0.34888887944907765,1.0,0.45785942184918327
GQA,3,41,17,0.4146341463414634,0.5,0.34888887944907765,1.0,0.45785942184918327
KKR,3,41,17,0.4146341463414634,0.5,0.34888887944907765,1.0,0.45785942184918327
GEG,3,56,32,0.5714285714285714,0.5,0.34968195298368476,1.0,0.45829875882527493
NLA,3,56,32,0.5714285714285714,0.5,0.34968195298368476,1.0,0.45829875882527493
AKA,3,75,42,0.56,0.5,0.3556992390814873,1.0,0.4658798154308937
IIG,3,58,25,0.43103448275862066,0.5,0.358143301806138,1.0,0.46877395524363613
IVK,3,43,18,0.4186046511627907,0.5,0.3603776529357674,1.0,0.4689943035714204
GLQ,3,30,12,0.4,0.5,0.36159460805356514,1.0,0.4689943035714204
QGE,3,30,12,0.4,0.5,0.36159460805356514,1.0,0.4689943035714204
ALW,3,30,18,0.6,0.5,0.36159460805356514,1.0,0.4689943035714204
RDS,3,30,12,0.4,0.5,0.36159460805356514,1.0,0.4689943035714204
KPS,3,30,12,0.4,0.5,0.36159460805356514,1.0,0.4689943035714204
ADS,3,30,12,0.4,0.5,0.36159460805356514,1.0,0.4689943035714204
TNG,3,30,18,0.6,0.5,0.36159460805356514,1.0,0.4689943035714204
YTP,3,30,12,0.4,0.5,0.36159460805356514,1.0,0.4689943035714204
FDI,3,30,12,0.4,0.5,0.36159460805356514,1.0,0.4689943035714204
KRA,3,30,18,0.6,0.5,0.36159460805356514,1.0,0.4689943035714204
DES,3,30,12,0.4,0.5,0.36159460805356514,1.0,0.4689943035714204
ATT,3,30,18,0.6,0.5,0.36159460805356514,1.0,0.4689943035714204
ADP,3,30,12,0.4,0.5,0.36159460805356514,1.0,0.4689943035714204
IPC,3,148,80,0.5405405405405406,0.5,0.3659440738175885,1.0,0.4743280282794407
KLS,3,60,26,0.43333333333333335,0.5,0.36629400670329104,1.0,0.4744741019472682
KAG,3,79,35,0.4430379746835443,0.5,0.3681876338306311,1.0,0.4766182962208817
SSG,3,81,36,0.4444444444444444,0.5,0.37417441760470777,1.0,0.4837419749252848
FLS,3,81,45,0.5555555555555556,0.5,0.37417441760470777,1.0,0.4837419749252848
GGP,3,32,13,0.40625,0.5,0.37708558747544885,1.0,0.48562213454661796
KAT,3,32,19,0.59375,0.5,0.37708558747544885,1.0,0.48562213454661796
ITI,3,32,13,0.40625,0.5,0.37708558747544885,1.0,0.48562213454661796
ATS,3,32,19,0.59375,0.5,0.37708558747544885,1.0,0.48562213454661796
ETG,3,32,13,0.40625,0.5,0.37708558747544885,1.0,0.48562213454661796
PGD,3,32,13,0.40625,0.5,0.37708558747544885,1.0,0.48562213454661796
KVC,3,104,47,0.4519230769230769,0.5,0.3775839232980986,1.0,0.4859509952356481
ISK,3,47,20,0.425531914893617,0.5,0.38169339766321275,1.0,0.49060848028690585
NKL,3,47,20,0.425531914893617,0.5,0.38169339766321275,1.0,0.49060848028690585
EKV,3,34,14,0.4117647058823529,0.5,0.39152830513194203,1.0,0.5010913762603846
SSI,3,34,14,0.4117647058823529,0.5,0.39152830513194203,1.0,0.5010913762603846
GFF,3,34,20,0.5882352941176471,0.5,0.39152830513194203,1.0,0.5010913762603846
AVK,3,49,21,0.42857142857142855,0.5,0.3916029105474905,1.0,0.5010913762603846
KEA,3,49,21,0.42857142857142855,0.5,0.3916029105474905,1.0,0.5010913762603846
RRK,3,49,21,0.42857142857142855,0.5,0.3916029105474905,1.0,0.5010913762603846
SQG,3,49,21,0.42857142857142855,0.5,0.3916029105474905,1.0,0.5010913762603846
LFG,3,70,39,0.5571428571428572,0.5,0.40296307504607976,1.0,0.5152980499310482
AFG,3,36,15,0.4166666666666667,0.5,0.4050322461407632,1.0,0.5172825621210259
DDD,3,36,15,0.4166666666666667,0.5,0.4050322461407632,1.0,0.5172825621210259
LSG,3,118,64,0.5423728813559322,0.5,0.4074855344889006,1.0,0.5200836432532235
KEI,3,38,16,0.42105263157894735,0.5,0.417692190836533,1.0,0.531077165717143
VID,3,38,16,0.42105263157894735,0.5,0.417692190836533,1.0,0.531077165717143
SQS,3,38,16,0.42105263157894735,0.5,0.417692190836533,1.0,0.531077165717143
RPI,3,38,22,0.5789473684210527,0.5,0.417692190836533,1.0,0.531077165717143
VTE,3,38,16,0.42105263157894735,0.5,0.417692190836533,1.0,0.531077165717143
FKG,3,38,22,0.5789473684210527,0.5,0.417692190836533,1.0,0.531077165717143
VDI,3,40,17,0.425,0.5,0.42959050784338615,1.0,0.5444746613984615
NLV,3,40,17,0.425,0.5,0.42959050784338615,1.0,0.5444746613984615
IKD,3,40,17,0.425,0.5,0.42959050784338615,1.0,0.5444746613984615
RGR,3,40,23,0.575,0.5,0.42959050784338615,1.0,0.5444746613984615
GSP,3,40,17,0.425,0.5,0.42959050784338615,1.0,0.5444746613984615
KNL,3,80,44,0.55,0.5,0.43404225534547874,1.0,0.5497685311532347
GVG,3,59,26,0.4406779661016949,0.5,0.43499280512215344,1.0,0.5502755283012694
AGI,3,59,26,0.4406779661016949,0.5,0.43499280512215344,1.0,0.5502755283012694
NGV,3,42,24,0.5714285714285714,0.5,0.44079906734259566,1.0,0.5562133341862406
SIG,3,42,18,0.42857142857142855,0.5,0.44079906734259566,1.0,0.5562133341862406
GEA,3,42,24,0.5714285714285714,0.5,0.44079906734259566,1.0,0.5562133341862406
EKG,3,42,24,0.5714285714285714,0.5,0.44079906734259566,1.0,0.5562133341862406
KAV,3,61,27,0.4426229508196721,0.5,0.4426260049464714,1.0,0.5578147510352507
SKV,3,61,27,0.4426229508196721,0.5,0.4426260049464714,1.0,0.5578147510352507
QLS,3,44,19,0.4318181818181818,0.5,0.4513808323961257,1.0,0.5677746319448121
PPV,3,44,25,0.5681818181818182,0.5,0.4513808323961257,1.0,0.5677746319448121
APA,3,44,19,0.4318181818181818,0.5,0.4513808323961257,1.0,0.5677746319448121
ESC,3,144,77,0.5347222222222222,0.5,0.4533716994309739,1.0,0.5699204266888421
LGG,3,115,53,0.4608695652173913,0.5,0.45581402955519196,1.0,0.5721077648515855
PKG,3,29,12,0.41379310344827586,0.5,0.45825831964612007,1.0,0.5721077648515855
KKE,3,29,12,0.41379310344827586,0.5,0.45825831964612007,1.0,0.5721077648515855
NGA,3,29,12,0.41379310344827586,0.5,0.45825831964612007,1.0,0.5721077648515855
DGA,3,29,17,0.5862068965517241,0.5,0.45825831964612007,1.0,0.5721077648515855
PEN,3,29,17,0.5862068965517241,0.5,0.45825831964612007,1.0,0.5721077648515855
PEV,3,29,12,0.41379310344827586,0.5,0.45825831964612007,1.0,0.5721077648515855
PPE,3,29,12,0.41379310344827586,0.5,0.45825831964612007,1.0,0.5721077648515855
DVD,3,29,12,0.41379310344827586,0.5,0.45825831964612007,1.0,0.5721077648515855
SEG,3,29,12,0.41379310344827586,0.5,0.45825831964612007,1.0,0.5721077648515855
RYR,3,29,17,0.5862068965517241,0.5,0.45825831964612007,1.0,0.5721077648515855
DKL,3,46,20,0.43478260869565216,0.5,0.4613911821367651,1.0,0.5756596158911604
LKG,3,119,64,0.5378151260504201,0.5,0.46348817662276415,1.0,0.5779154321979603
KLA,3,67,30,0.44776119402985076,0.5,0.46381761789686937,1.0,0.5779658789992141
KTV,3,69,31,0.4492753623188406,0.5,0.47036853185814453,1.0,0.5851943845282975
AKN,3,48,27,0.5625,0.5,0.470879013621712,1.0,0.5851943845282975
LKI,3,48,21,0.4375,0.5,0.470879013621712,1.0,0.5851943845282975
MAL,3,48,27,0.5625,0.5,0.470879013621712,1.0,0.5851943845282975
EDE,3,31,13,0.41935483870967744,0.5,0.47312965989112854,1.0,0.5851943845282975
RGA,3,31,13,0.41935483870967744,0.5,0.47312965989112854,1.0,0.5851943845282975
KKT,3,31,13,0.41935483870967744,0.5,0.47312965989112854,1.0,0.5851943845282975
LPD,3,31,13,0.41935483870967744,0.5,0.47312965989112854,1.0,0.5851943845282975
KQG,3,31,18,0.5806451612903226,0.5,0.47312965989112854,1.0,0.5851943845282975
SAF,3,31,18,0.5806451612903226,0.5,0.47312965989112854,1.0,0.5851943845282975
PSS,3,31,13,0.41935483870967744,0.5,0.47312965989112854,1.0,0.5851943845282975
FLN,3,31,13,0.41935483870967744,0.5,0.47312965989112854,1.0,0.5851943845282975
GIA,3,71,32,0.4507042253521127,0.5,0.47668779343427553,1.0,0.5888669467995992
TLL,3,71,32,0.4507042253521127,0.5,0.47668779343427553,1.0,0.5888669467995992
GIL,3,98,53,0.5408163265306123,0.5,0.4796924995674869,1.0,0.5917233806391219
AGQ,3,50,22,0.44,0.5,0.47988766169832786,1.0,0.5917233806391219
RKK,3,50,28,0.56,0.5,0.47988766169832786,1.0,0.5917233806391219
AGG,3,100,46,0.46,0.5,0.48411841360729146,1.0,0.5965722903355409
HVA,3,33,14,0.42424242424242425,0.5,0.48685024166479707,1.0,0.5992002974335964
SGM,3,33,14,0.42424242424242425,0.5,0.48685024166479707,1.0,0.5992002974335964
AGA,3,77,42,0.5454545454545454,0.5,0.49438227369550003,1.0,0.6080962776082411
DGT,3,54,24,0.4444444444444444,0.5,0.49661743531793345,1.0,0.6100951293832106
TGK,3,54,30,0.5555555555555556,0.5,0.49661743531793345,1.0,0.6100951293832106
FKT,3,35,15,0.42857142857142855,0.5,0.4995598332025112,1.0,0.6125810339699708
TRN,3,35,20,0.5714285714285714,0.5,0.4995598332025112,1.0,0.6125810339699708
KSI,3,35,20,0.5714285714285714,0.5,0.4995598332025112,1.0,0.6125810339699708
IGK,3,79,43,0.5443037974683544,0.5,0.499896876860327,1.0,0.6126187216425577
NKK,3,56,31,0.5535714285714286,0.5,0.5044037600228255,1.0,0.6173514465908144
LVT,3,56,25,0.44642857142857145,0.5,0.5044037600228255,1.0,0.6173514465908144
GLV,3,110,59,0.5363636363636364,0.5,0.5046848075879908,1.0,0.6173514465908144
LSR,3,37,16,0.43243243243243246,0.5,0.5113757815852296,1.0,0.6236290019332068
AGN,3,37,21,0.5675675675675675,0.5,0.5113757815852296,1.0,0.6236290019332068
LKS,3,37,16,0.43243243243243246,0.5,0.5113757815852296,1.0,0.6236290019332068
ASS,3,37,16,0.43243243243243246,0.5,0.5113757815852296,1.0,0.6236290019332068
KGQ,3,37,21,0.5675675675675675,0.5,0.5113757815852296,1.0,0.6236290019332068
GFG,3,60,33,0.55,0.5,0.5189580031896519,1.0,0.6313357703037128
LVK,3,60,27,0.45,0.5,0.5189580031896519,1.0,0.6313357703037128
SAG,3,60,27,0.45,0.5,0.5189580031896519,1.0,0.6313357703037128
LLN,3,60,27,0.45,0.5,0.5189580031896519,1.0,0.6313357703037128
VGN,3,39,17,0.4358974358974359,0.5,0.5223973804968411,1.0,0.633977403515584
REK,3,39,22,0.5641025641025641,0.5,0.5223973804968411,1.0,0.633977403515584
DSG,3,39,17,0.4358974358974359,0.5,0.5223973804968411,1.0,0.633977403515584
RLV,3,39,17,0.4358974358974359,0.5,0.5223973804968411,1.0,0.633977403515584
SGG,3,89,48,0.5393258426966292,0.5,0.5250147872924269,1.0,0.6367674800393291
KLV,3,62,34,0.5483870967741935,0.5,0.52577336017565,1.0,0.6373010426371516
YRN,3,41,18,0.43902439024390244,0.5,0.5327092552361137,1.0,0.6429803925601855
RFG,3,41,23,0.5609756097560976,0.5,0.5327092552361137,1.0,0.6429803925601855
PAP,3,41,18,0.43902439024390244,0.5,0.5327092552361137,1.0,0.6429803925601855
QLL,3,41,18,0.43902439024390244,0.5,0.5327092552361137,1.0,0.6429803925601855
IKA,3,41,18,0.43902439024390244,0.5,0.5327092552361137,1.0,0.6429803925601855
PFL,3,41,23,0.5609756097560976,0.5,0.5327092552361137,1.0,0.6429803925601855
LVD,3,41,18,0.43902439024390244,0.5,0.5327092552361137,1.0,0.6429803925601855
GAA,3,128,60,0.46875,0.5,0.5362687140711067,1.0,0.6468862654657499
TLS,3,43,19,0.4418604651162791,0.5,0.542384011856484,1.0,0.6526883415842166
IPA,3,43,19,0.4418604651162791,0.5,0.542384011856484,1.0,0.6526883415842166
RGS,3,43,19,0.4418604651162791,0.5,0.542384011856484,1.0,0.6526883415842166
CPR,3,43,19,0.4418604651162791,0.5,0.542384011856484,1.0,0.6526883415842166
LLT,3,68,31,0.45588235294117646,0.5,0.5446122234192592,1.0,0.6545819993019942
GKV,3,68,37,0.5441176470588235,0.5,0.5446122234192592,1.0,0.6545819993019942
PSL,3,45,20,0.4444444444444444,0.5,0.5514843298025198,1.0,0.6624436394024262
SGI,3,72,33,0.4583333333333333,0.5,0.555997717760971,1.0,0.6674642470119699
ELA,3,47,21,0.44680851063829785,0.5,0.5600646295802106,1.0,0.6715403232376627
KGI,3,47,26,0.5531914893617021,0.5,0.5600646295802106,1.0,0.6715403232376627
SGF,3,49,27,0.5510204081632653,0.5,0.5681724128491652,1.0,0.6808537002386641
FKA,3,28,16,0.5714285714285714,0.5,0.5715881884098053,1.0,0.6824933592952899
LWS,3,28,16,0.5714285714285714,0.5,0.5715881884098053,1.0,0.6824933592952899
PIR,3,28,12,0.42857142857142855,0.5,0.5715881884098053,1.0,0.6824933592952899
MIK,3,28,16,0.5714285714285714,0.5,0.5715881884098053,1.0,0.6824933592952899
ENG,3,28,12,0.42857142857142855,0.5,0.5715881884098053,1.0,0.6824933592952899
DPD,3,28,12,0.42857142857142855,0.5,0.5715881884098053,1.0,0.6824933592952899
CGE,3,201,105,0.5223880597014925,0.5,0.5726756419095719,1.0,0.6833838208944772
NVA,3,51,28,0.5490196078431373,0.5,0.5758493477318467,1.0,0.6863520235182917
GTV,3,51,23,0.45098039215686275,0.5,0.5758493477318467,1.0,0.6863520235182917
NVL,3,53,24,0.4528301886792453,0.5,0.5831321542611763,1.0,0.6915017288334621
IKG,3,53,29,0.5471698113207547,0.5,0.5831321542611763,1.0,0.6915017288334621
AEK,3,53,24,0.4528301886792453,0.5,0.5831321542611763,1.0,0.6915017288334621
GKQ,3,30,13,0.43333333333333335,0.5,0.5846647117286922,1.0,0.6915017288334621
PGR,3,30,13,0.43333333333333335,0.5,0.5846647117286922,1.0,0.6915017288334621
VTS,3,30,13,0.43333333333333335,0.5,0.5846647117286922,1.0,0.6915017288334621
SSE,3,30,17,0.5666666666666667,0.5,0.5846647117286922,1.0,0.6915017288334621
LRQ,3,30,13,0.43333333333333335,0.5,0.5846647117286922,1.0,0.6915017288334621
KLP,3,30,17,0.5666666666666667,0.5,0.5846647117286922,1.0,0.6915017288334621
KRK,3,30,13,0.43333333333333335,0.5,0.5846647117286922,1.0,0.6915017288334621
VLR,3,30,13,0.43333333333333335,0.5,0.5846647117286922,1.0,0.6915017288334621
KSV,3,30,17,0.5666666666666667,0.5,0.5846647117286922,1.0,0.6915017288334621
AEH,3,30,17,0.5666666666666667,0.5,0.5846647117286922,1.0,0.6915017288334621
RDP,3,55,25,0.45454545454545453,0.5,0.5900533317766354,1.0,0.6966391166194044
ATG,3,55,25,0.45454545454545453,0.5,0.5900533317766354,1.0,0.6966391166194044
RSL,3,55,30,0.5454545454545454,0.5,0.5900533317766354,1.0,0.6966391166194044
GIF,3,32,14,0.4375,0.5,0.5966148958541453,1.0,0.6994627905897803
LAC,3,32,18,0.5625,0.5,0.5966148958541453,1.0,0.6994627905897803
NSA,3,32,14,0.4375,0.5,0.5966148958541453,1.0,0.6994627905897803
NVG,3,32,14,0.4375,0.5,0.5966148958541453,1.0,0.6994627905897803
AAF,3,32,14,0.4375,0.5,0.5966148958541453,1.0,0.6994627905897803
RGY,3,32,18,0.5625,0.5,0.5966148958541453,1.0,0.6994627905897803
DMV,3,32,18,0.5625,0.5,0.5966148958541453,1.0,0.6994627905897803
RRF,3,32,14,0.4375,0.5,0.5966148958541453,1.0,0.6994627905897803
GGR,3,57,26,0.45614035087719296,0.5,0.5966417603730826,1.0,0.6994627905897803
LFS,3,57,26,0.45614035087719296,0.5,0.5966417603730826,1.0,0.6994627905897803
PLL,3,57,31,0.543859649122807,0.5,0.5966417603730826,1.0,0.6994627905897803
TIK,3,57,26,0.45614035087719296,0.5,0.5966417603730826,1.0,0.6994627905897803
DGE,3,34,15,0.4411764705882353,0.5,0.6075913612730801,1.0,0.7102178390100293
SPA,3,34,15,0.4411764705882353,0.5,0.6075913612730801,1.0,0.7102178390100293
REI,3,34,15,0.4411764705882353,0.5,0.6075913612730801,1.0,0.7102178390100293
SCL,3,34,19,0.5588235294117647,0.5,0.6075913612730801,1.0,0.7102178390100293
ARG,3,34,15,0.4411764705882353,0.5,0.6075913612730801,1.0,0.7102178390100293
KLG,3,63,29,0.4603174603174603,0.5,0.6146550157654618,1.0,0.7172170545688002
SGE,3,63,29,0.4603174603174603,0.5,0.6146550157654618,1.0,0.7172170545688002
KIT,3,63,34,0.5396825396825397,0.5,0.6146550157654618,1.0,0.7172170545688002
SKT,3,36,16,0.4444444444444444,0.5,0.617719317029696,1.0,0.717860914619054
KVF,3,36,20,0.5555555555555556,0.5,0.617719317029696,1.0,0.717860914619054
TEE,3,36,16,0.4444444444444444,0.5,0.617719317029696,1.0,0.717860914619054
GQC,3,36,20,0.5555555555555556,0.5,0.617719317029696,1.0,0.717860914619054
SSP,3,36,16,0.4444444444444444,0.5,0.617719317029696,1.0,0.717860914619054
PKK,3,36,16,0.4444444444444444,0.5,0.617719317029696,1.0,0.717860914619054
GRI,3,36,16,0.4444444444444444,0.5,0.617719317029696,1.0,0.717860914619054
SSA,3,67,36,0.5373134328358209,0.5,0.6254068289416483,1.0,0.7263726236256078
FGR,3,38,17,0.4473684210526316,0.5,0.6271025701571489,1.0,0.7270754436604624
VKD,3,38,17,0.4473684210526316,0.5,0.6271025701571489,1.0,0.7270754436604624
SVK,3,38,17,0.4473684210526316,0.5,0.6271025701571489,1.0,0.7270754436604624
KKA,3,69,37,0.5362318840579711,0.5,0.6304564917867981,1.0,0.730540546682269
IIN,3,40,18,0.45,0.5,0.6358280026288412,1.0,0.7363381617010321
SCK,3,114,54,0.47368421052631576,0.5,0.6397693686429508,1.0,0.7404738062997115
PAG,3,42,19,0.4523809523809524,0.5,0.6439689563703723,1.0,0.7436131135916539
AIK,3,42,23,0.5476190476190477,0.5,0.6439689563703723,1.0,0.7436131135916539
IGP,3,42,23,0.5476190476190477,0.5,0.6439689563703723,1.0,0.7436131135916539
TIG,3,42,19,0.4523809523809524,0.5,0.6439689563703723,1.0,0.7436131135916539
LPA,3,77,41,0.5324675324675324,0.5,0.6487911623106449,1.0,0.7487491775079572
NGL,3,44,20,0.45454545454545453,0.5,0.651587827208914,1.0,0.7498133799872427
AGR,3,44,24,0.5454545454545454,0.5,0.651587827208914,1.0,0.7498133799872427
RIA,3,44,20,0.45454545454545453,0.5,0.651587827208914,1.0,0.7498133799872427
TGG,3,44,20,0.45454545454545453,0.5,0.651587827208914,1.0,0.7498133799872427
EAG,3,44,24,0.5454545454545454,0.5,0.651587827208914,1.0,0.7498133799872427
LIP,3,126,60,0.47619047619047616,0.5,0.6561782216034292,1.0,0.7546615544605281
EEK,3,46,21,0.45652173913043476,0.5,0.6587380770236564,1.0,0.7554335745684133
DDE,3,46,25,0.5434782608695652,0.5,0.6587380770236564,1.0,0.7554335745684133
TGV,3,46,21,0.45652173913043476,0.5,0.6587380770236564,1.0,0.7554335745684133
PGS,3,46,25,0.5434782608695652,0.5,0.6587380770236564,1.0,0.7554335745684133
SNL,3,46,25,0.5434782608695652,0.5,0.6587380770236564,1.0,0.7554335745684133
GAL,3,132,69,0.5227272727272727,0.5,0.6635853603383618,1.0,0.7605562869207585
GLI,3,138,72,0.5217391304347826,0.5,0.670534100245501,1.0,0.7673455554144667
KVL,3,89,47,0.5280898876404494,0.5,0.6718086491746103,1.0,0.7673455554144667
GGT,3,89,42,0.47191011235955055,0.5,0.6718086491746103,1.0,0.7673455554144667
LPP,3,50,27,0.54,0.5,0.6718110337653656,1.0,0.7673455554144667
VGC,3,50,27,0.54,0.5,0.6718110337653656,1.0,0.7673455554144667
KVV,3,50,23,0.46,0.5,0.6718110337653656,1.0,0.7673455554144667
KKG,3,52,28,0.5384615384615384,0.5,0.6778086391424605,1.0,0.7733127657073138
TGL,3,52,24,0.46153846153846156,0.5,0.6778086391424605,1.0,0.7733127657073138
QAA,3,54,25,0.46296296296296297,0.5,0.6834892282353371,1.0,0.7793491770072258
CSC,3,156,81,0.5192307692307693,0.5,0.6890542729314683,1.0,0.785247034679736
LGS,3,101,53,0.5247524752475248,0.5,0.6908264239959597,1.0,0.7868182505648744
DPP,3,58,27,0.46551724137931033,0.5,0.6940040940761318,1.0,0.7899875857440317
NLL,3,62,33,0.532258064516129,0.5,0.7035366713552733,1.0,0.800383016331369
GGE,3,64,34,0.53125,0.5,0.7079807541347641,1.0,0.8049809597893851
LGM,3,29,13,0.4482758620689655,0.5,0.711071103811264,1.0,0.8075764949588462
SQD,3,29,16,0.5517241379310345,0.5,0.711071103811264,1.0,0.8075764949588462
FGG,3,66,35,0.5303030303030303,0.5,0.7122308826373509,1.0,0.808434600042396
VCY,3,119,57,0.4789915966386555,0.5,0.7140263124847865,1.0,0.8100128332215389
LGA,3,123,64,0.5203252032520326,0.5,0.7185088365549661,1.0,0.8105827488495906
SCV,3,123,59,0.4796747967479675,0.5,0.7185088365549661,1.0,0.8105827488495906
RKA,3,31,14,0.45161290322580644,0.5,0.720100131817162,1.0,0.8105827488495906
LWK,3,31,17,0.5483870967741935,0.5,0.720100131817162,1.0,0.8105827488495906
VGV,3,31,14,0.45161290322580644,0.5,0.720100131817162,1.0,0.8105827488495906
KKP,3,31,17,0.5483870967741935,0.5,0.720100131817162,1.0,0.8105827488495906
ARK,3,31,17,0.5483870967741935,0.5,0.720100131817162,1.0,0.8105827488495906
PEA,3,31,14,0.45161290322580644,0.5,0.720100131817162,1.0,0.8105827488495906
SPK,3,31,17,0.5483870967741935,0.5,0.720100131817162,1.0,0.8105827488495906
IPG,3,31,14,0.45161290322580644,0.5,0.720100131817162,1.0,0.8105827488495906
GSD,3,31,14,0.45161290322580644,0.5,0.720100131817162,1.0,0.8105827488495906
SRA,3,31,17,0.5483870967741935,0.5,0.720100131817162,1.0,0.8105827488495906
KLD,3,31,17,0.5483870967741935,0.5,0.720100131817162,1.0,0.8105827488495906
KGV,3,70,37,0.5285714285714286,0.5,0.7202027723528612,1.0,0.8105827488495906
KDK,3,72,38,0.5277777777777778,0.5,0.7239481457469141,1.0,0.8143398714813432
PAL,3,74,35,0.47297297297297297,0.5,0.7275470834894697,1.0,0.8146895759299364
RLL,3,74,35,0.47297297297297297,0.5,0.7275470834894697,1.0,0.8146895759299364
GRP,3,33,15,0.45454545454545453,0.5,0.7283324808813632,1.0,0.8146895759299364
SSD,3,33,15,0.45454545454545453,0.5,0.7283324808813632,1.0,0.8146895759299364
AKS,3,33,15,0.45454545454545453,0.5,0.7283324808813632,1.0,0.8146895759299364
LNL,3,33,15,0.45454545454545453,0.5,0.7283324808813632,1.0,0.8146895759299364
GKM,3,33,18,0.5454545454545454,0.5,0.7283324808813632,1.0,0.8146895759299364
ING,3,33,18,0.5454545454545454,0.5,0.7283324808813632,1.0,0.8146895759299364
KQA,3,33,18,0.5454545454545454,0.5,0.7283324808813632,1.0,0.8146895759299364
LLY,3,33,15,0.45454545454545453,0.5,0.7283324808813632,1.0,0.8146895759299364
GRR,3,76,40,0.5263157894736842,0.5,0.7310088822226056,1.0,0.817226251786032
KIV,3,35,16,0.45714285714285713,0.5,0.735878800856881,1.0,0.8222109506780793
AFV,3,37,17,0.4594594594594595,0.5,0.7428293587290682,1.0,0.8281263753947248
CIC,3,37,20,0.5405405405405406,0.5,0.7428293587290682,1.0,0.8281263753947248
MLK,3,37,20,0.5405405405405406,0.5,0.7428293587290682,1.0,0.8281263753947248
KPG,3,37,20,0.5405405405405406,0.5,0.7428293587290682,1.0,0.8281263753947248
IGR,3,39,18,0.46153846153846156,0.5,0.7492586247608418,1.0,0.8334356226483224
VWI,3,39,18,0.46153846153846156,0.5,0.7492586247608418,1.0,0.8334356226483224
VVP,3,39,18,0.46153846153846156,0.5,0.7492586247608418,1.0,0.8334356226483224
INL,3,39,21,0.5384615384615384,0.5,0.7492586247608418,1.0,0.8334356226483224
GRL,3,41,19,0.4634146341463415,0.5,0.755228657504631,1.0,0.8386770211045319
TNS,3,41,22,0.5365853658536586,0.5,0.755228657504631,1.0,0.8386770211045319
AVN,3,41,22,0.5365853658536586,0.5,0.755228657504631,1.0,0.8386770211045319
AKD,3,43,20,0.46511627906976744,0.5,0.7607916425613439,1.0,0.8443858408006036
GSF,3,45,24,0.5333333333333333,0.5,0.765991824244793,1.0,0.8487444035953384
GFS,3,45,21,0.4666666666666667,0.5,0.765991824244793,1.0,0.8487444035953384
KVG,3,45,21,0.4666666666666667,0.5,0.765991824244793,1.0,0.8487444035953384
KIF,3,47,25,0.5319148936170213,0.5,0.7708669945730263,1.0,0.8536733051750014
ILS,3,49,26,0.5306122448979592,0.5,0.7754496546815659,1.0,0.8573241068895145
LPT,3,49,26,0.5306122448979592,0.5,0.7754496546815659,1.0,0.8573241068895145
GLT,3,49,26,0.5306122448979592,0.5,0.7754496546815659,1.0,0.8573241068895145
LTG,3,51,24,0.47058823529411764,0.5,0.7797679305530743,1.0,0.8616220227105793
SLL,3,132,64,0.48484848484848486,0.5,0.7941225170088052,1.0,0.876343609683419
LRR,3,59,28,0.4745762711864407,0.5,0.794843653982861,1.0,0.876343609683419
IGS,3,59,31,0.5254237288135594,0.5,0.794843653982861,1.0,0.876343609683419
SGV,3,59,31,0.5254237288135594,0.5,0.794843653982861,1.0,0.876343609683419
KLI,3,65,31,0.47692307692307695,0.5,0.8043170001933984,1.0,0.8862997247310175
GVV,3,67,32,0.47761194029850745,0.5,0.8071946913670247,1.0,0.8889809376288819
IAA,3,73,35,0.4794520547945205,0.5,0.8151212352249976,1.0,0.8972165495046754
GSA,3,75,39,0.52,0.5,0.8175538505509841,1.0,0.8989047284782673
KAL,3,75,36,0.48,0.5,0.8175538505509841,1.0,0.8989047284782673
SAI,3,77,40,0.5194805194805194,0.5,0.8198929037490488,1.0,0.9009812129110426
VLK,3,81,39,0.48148148148148145,0.5,0.8243132151052083,1.0,0.9053412576663463
SLI,3,95,49,0.5157894736842106,0.5,0.8375560707290736,1.0,0.9193809777487086
IAG,3,109,56,0.5137614678899083,0.5,0.8481947835965661,1.0,0.9268735539362213
TST,3,28,13,0.4642857142857143,0.5,0.8505540192127228,1.0,0.9268735539362213
QEK,3,28,15,0.5357142857142857,0.5,0.8505540192127228,1.0,0.9268735539362213
KDS,3,28,15,0.5357142857142857,0.5,0.8505540192127228,1.0,0.9268735539362213
TGN,3,28,13,0.4642857142857143,0.5,0.8505540192127228,1.0,0.9268735539362213
ECI,3,28,15,0.5357142857142857,0.5,0.8505540192127228,1.0,0.9268735539362213
TTD,3,28,15,0.5357142857142857,0.5,0.8505540192127228,1.0,0.9268735539362213
TRK,3,28,13,0.4642857142857143,0.5,0.8505540192127228,1.0,0.9268735539362213
DTV,3,28,15,0.5357142857142857,0.5,0.8505540192127228,1.0,0.9268735539362213
IKT,3,28,13,0.4642857142857143,0.5,0.8505540192127228,1.0,0.9268735539362213
RTV,3,28,13,0.4642857142857143,0.5,0.8505540192127228,1.0,0.9268735539362213
WSK,3,28,15,0.5357142857142857,0.5,0.8505540192127228,1.0,0.9268735539362213
GST,3,28,13,0.4642857142857143,0.5,0.8505540192127228,1.0,0.9268735539362213
GAG,3,113,55,0.48672566371681414,0.5,0.8508699225134512,1.0,0.9268735539362213
KRF,3,30,16,0.5333333333333333,0.5,0.8555355519056321,1.0,0.9279127461015533
SGD,3,30,16,0.5333333333333333,0.5,0.8555355519056321,1.0,0.9279127461015533
KGT,3,30,16,0.5333333333333333,0.5,0.8555355519056321,1.0,0.9279127461015533
PDS,3,30,16,0.5333333333333333,0.5,0.8555355519056321,1.0,0.9279127461015533
SES,3,30,14,0.4666666666666667,0.5,0.8555355519056321,1.0,0.9279127461015533
ANG,3,30,14,0.4666666666666667,0.5,0.8555355519056321,1.0,0.9279127461015533
FSK,3,30,14,0.4666666666666667,0.5,0.8555355519056321,1.0,0.9279127461015533
VSN,3,30,16,0.5333333333333333,0.5,0.8555355519056321,1.0,0.9279127461015533
LLK,3,123,63,0.5121951219512195,0.5,0.8569843282497002,1.0,0.9284770620256773
PCG,3,123,63,0.5121951219512195,0.5,0.8569843282497002,1.0,0.9284770620256773
KPK,3,32,15,0.46875,0.5,0.860050065908581,1.0,0.9302867127188545
PPP,3,32,15,0.46875,0.5,0.860050065908581,1.0,0.9302867127188545
TAI,3,32,15,0.46875,0.5,0.860050065908581,1.0,0.9302867127188545
GEV,3,34,16,0.47058823529411764,0.5,0.8641662404406816,1.0,0.9312136211645275
DGK,3,34,16,0.47058823529411764,0.5,0.8641662404406816,1.0,0.9312136211645275
VKN,3,34,16,0.47058823529411764,0.5,0.8641662404406816,1.0,0.9312136211645275
DTI,3,34,16,0.47058823529411764,0.5,0.8641662404406816,1.0,0.9312136211645275
REA,3,34,16,0.47058823529411764,0.5,0.8641662404406816,1.0,0.9312136211645275
ERK,3,34,16,0.47058823529411764,0.5,0.8641662404406816,1.0,0.9312136211645275
KIS,3,34,18,0.5294117647058824,0.5,0.8641662404406816,1.0,0.9312136211645275
VPS,3,36,19,0.5277777777777778,0.5,0.8679394004284404,1.0,0.934272766876685
FSP,3,36,17,0.4722222222222222,0.5,0.8679394004284404,1.0,0.934272766876685
IID,3,38,18,0.47368421052631576,0.5,0.8714146793645341,1.0,0.9370050315747678
GGQ,3,38,18,0.47368421052631576,0.5,0.8714146793645341,1.0,0.9370050315747678
NPV,3,40,21,0.525,0.5,0.8746293123804207,1.0,0.9384434682193356
CVW,3,40,19,0.475,0.5,0.8746293123804207,1.0,0.9384434682193356
GYL,3,40,19,0.475,0.5,0.8746293123804207,1.0,0.9384434682193356
AGE,3,40,21,0.525,0.5,0.8746293123804207,1.0,0.9384434682193356
CAE,3,42,22,0.5238095238095238,0.5,0.8776143287523154,1.0,0.9406370083090196
VIS,3,42,20,0.47619047619047616,0.5,0.8776143287523154,1.0,0.9406370083090196
LGE,3,44,21,0.4772727272727273,0.5,0.880395821280672,1.0,0.9426079456966509
GTG,3,44,23,0.5227272727272727,0.5,0.880395821280672,1.0,0.9426079456966509
FFG,3,48,23,0.4791666666666667,0.5,0.8854334972865135,1.0,0.9464815577621738
FAK,3,48,23,0.4791666666666667,0.5,0.8854334972865135,1.0,0.9464815577621738
SIP,3,48,23,0.4791666666666667,0.5,0.8854334972865135,1.0,0.9464815577621738
IAS,3,50,24,0.48,0.5,0.887724827340783,1.0,0.9469064824968352
SRP,3,50,24,0.48,0.5,0.887724827340783,1.0,0.9469064824968352
SPG,3,50,24,0.48,0.5,0.887724827340783,1.0,0.9469064824968352
GDL,3,50,24,0.48,0.5,0.887724827340783,1.0,0.9469064824968352
NGK,3,52,27,0.5192307692307693,0.5,0.8898839652765371,1.0,0.9476932537556306
GTS,3,52,25,0.4807692307692308,0.5,0.8898839652765371,1.0,0.9476932537556306
GKE,3,52,25,0.4807692307692308,0.5,0.8898839652765371,1.0,0.9476932537556306
GKT,3,54,26,0.48148148148148145,0.5,0.8919231511047488,1.0,0.9493593944701957
ILP,3,56,29,0.5178571428571429,0.5,0.8938530948350216,1.0,0.9509075476968316
GSV,3,62,30,0.4838709677419355,0.5,0.8990763136528589,1.0,0.955955676398574
GGK,3,68,33,0.4852941176470588,0.5,0.9035973456835127,1.0,0.9602522270813101
AKL,3,70,34,0.4857142857142857,0.5,0.9049745264594622,1.0,0.9612050201375063
LKN,3,74,38,0.5135135135135135,0.5,0.9075606176124984,1.0,0.9634401460854548
LRL,3,76,37,0.4868421052631579,0.5,0.9087769252754927,1.0,0.964219549363918
KLK,3,82,42,0.5121951219512195,0.5,0.9121566075526022,1.0,0.9672922667577967
LLS,3,114,56,0.49122807017543857,0.5,0.9254349612567242,1.0,0.9808531650839684
KDV,3,45,23,0.5111111111111111,0.5,1.0,1.0,1.0
PLI,3,45,22,0.4888888888888889,0.5,1.0,1.0,1.0
GVS,3,30,15,0.5,0.5,1.0,1.0,1.0
LLG,3,158,79,0.5,0.5,1.0,1.0,1.0
VPI,3,43,22,0.5116279069767442,0.5,1.0,1.0,1.0
DTL,3,44,22,0.5,0.5,1.0,1.0,1.0
TIS,3,33,17,0.5151515151515151,0.5,1.0,1.0,1.0
VKG,3,33,17,0.5151515151515151,0.5,1.0,1.0,1.0
PFG,3,31,15,0.4838709677419355,0.5,1.0,1.0,1.0
GHL,3,32,16,0.5,0.5,1.0,1.0,1.0
PPL,3,28,14,0.5,0.5,1.0,1.0,1.0
PSV,3,31,16,0.5161290322580645,0.5,1.0,1.0,1.0
DPA,3,45,22,0.4888888888888889,0.5,1.0,1.0,1.0
STI,3,48,24,0.5,0.5,1.0,1.0,1.0
LSN,3,29,15,0.5172413793103449,0.5,1.0,1.0,1.0
LSS,3,48,24,0.5,0.5,1.0,1.0,1.0
PVI,3,49,25,0.5102040816326531,0.5,1.0,1.0,1.0
NPN,3,29,14,0.4827586206896552,0.5,1.0,1.0,1.0
LEN,3,29,14,0.4827586206896552,0.5,1.0,1.0,1.0
KDG,3,43,22,0.5116279069767442,0.5,1.0,1.0,1.0
KLT,3,32,16,0.5,0.5,1.0,1.0,1.0
GRG,3,41,21,0.5121951219512195,0.5,1.0,1.0,1.0
KRL,3,39,19,0.48717948717948717,0.5,1.0,1.0,1.0
NAV,3,41,21,0.5121951219512195,0.5,1.0,1.0,1.0
RFL,3,41,20,0.4878048780487805,0.5,1.0,1.0,1.0
PLP,3,41,21,0.5121951219512195,0.5,1.0,1.0,1.0
DDV,3,46,23,0.5,0.5,1.0,1.0,1.0
KTG,3,30,15,0.5,0.5,1.0,1.0,1.0
FGA,3,41,21,0.5121951219512195,0.5,1.0,1.0,1.0
CLA,3,46,23,0.5,0.5,1.0,1.0,1.0
LKQ,3,45,22,0.4888888888888889,0.5,1.0,1.0,1.0
FIP,3,48,24,0.5,0.5,1.0,1.0,1.0
GEI,3,45,22,0.4888888888888889,0.5,1.0,1.0,1.0
RII,3,29,14,0.4827586206896552,0.5,1.0,1.0,1.0
SVG,3,29,15,0.5172413793103449,0.5,1.0,1.0,1.0
IPL,3,48,24,0.5,0.5,1.0,1.0,1.0
AGT,3,48,24,0.5,0.5,1.0,1.0,1.0
IPF,3,42,21,0.5,0.5,1.0,1.0,1.0
TAT,3,53,26,0.49056603773584906,0.5,1.0,1.0,1.0
NTP,3,53,26,0.49056603773584906,0.5,1.0,1.0,1.0
GFV,3,51,25,0.49019607843137253,0.5,1.0,1.0,1.0
KEL,3,55,27,0.4909090909090909,0.5,1.0,1.0,1.0
EIV,3,29,14,0.4827586206896552,0.5,1.0,1.0,1.0
ASD,3,30,15,0.5,0.5,1.0,1.0,1.0
RAG,3,39,20,0.5128205128205128,0.5,1.0,1.0,1.0
SAP,3,39,19,0.48717948717948717,0.5,1.0,1.0,1.0
LRK,3,39,19,0.48717948717948717,0.5,1.0,1.0,1.0
GPV,3,51,26,0.5098039215686274,0.5,1.0,1.0,1.0
KQL,3,29,15,0.5172413793103449,0.5,1.0,1.0,1.0
GKS,3,53,26,0.49056603773584906,0.5,1.0,1.0,1.0
KVI,3,40,20,0.5,0.5,1.0,1.0,1.0
LIN,3,41,20,0.4878048780487805,0.5,1.0,1.0,1.0
IKN,3,54,27,0.5,0.5,1.0,1.0,1.0
IGD,3,37,18,0.4864864864864865,0.5,1.0,1.0,1.0
GNG,3,37,18,0.4864864864864865,0.5,1.0,1.0,1.0
IGV,3,37,19,0.5135135135135135,0.5,1.0,1.0,1.0
VPP,3,38,19,0.5,0.5,1.0,1.0,1.0
APP,3,30,15,0.5,0.5,1.0,1.0,1.0
VIK,3,38,19,0.5,0.5,1.0,1.0,1.0
KTI,3,36,18,0.5,0.5,1.0,1.0,1.0
TRR,3,37,19,0.5135135135135135,0.5,1.0,1.0,1.0
SDG,3,36,18,0.5,0.5,1.0,1.0,1.0
PSP,3,35,18,0.5142857142857142,0.5,1.0,1.0,1.0
KKS,3,34,17,0.5,0.5,1.0,1.0,1.0
IAR,3,35,18,0.5142857142857142,0.5,1.0,1.0,1.0
VAI,3,35,17,0.4857142857142857,0.5,1.0,1.0,1.0
LDP,3,30,15,0.5,0.5,1.0,1.0,1.0
SDL,3,31,15,0.4838709677419355,0.5,1.0,1.0,1.0
VDS,3,37,18,0.4864864864864865,0.5,1.0,1.0,1.0
SLF,3,66,33,0.5,0.5,1.0,1.0,1.0
SKK,3,65,32,0.49230769230769234,0.5,1.0,1.0,1.0
ADD,3,35,18,0.5142857142857142,0.5,1.0,1.0,1.0
ISS,3,62,31,0.5,0.5,1.0,1.0,1.0
VLP,3,61,30,0.4918032786885246,0.5,1.0,1.0,1.0
LDK,3,61,31,0.5081967213114754,0.5,1.0,1.0,1.0
AGS,3,61,30,0.4918032786885246,0.5,1.0,1.0,1.0
VKA,3,31,16,0.5161290322580645,0.5,1.0,1.0,1.0
LRP,3,31,15,0.4838709677419355,0.5,1.0,1.0,1.0
LIK,3,85,43,0.5058823529411764,0.5,1.0,1.0,1.0
VIG,3,95,47,0.49473684210526314,0.5,1.0,1.0,1.0
VAG,3,85,43,0.5058823529411764,0.5,1.0,1.0,1.0
KIG,3,83,41,0.4939759036144578,0.5,1.0,1.0,1.0
TKK,3,95,47,0.49473684210526314,0.5,1.0,1.0,1.0
GLP,3,103,51,0.49514563106796117,0.5,1.0,1.0,1.0
AGL,3,122,61,0.5,0.5,1.0,1.0,1.0
KSK,3,73,36,0.4931506849315068,0.5,1.0,1.0,1.0
GAI,3,71,36,0.5070422535211268,0.5,1.0,1.0,1.0
IAK,3,71,36,0.5070422535211268,0.5,1.0,1.0,1.0
LLP,3,77,38,0.4935064935064935,0.5,1.0,1.0,1.0
PKI,3,79,40,0.5063291139240507,0.5,1.0,1.0,1.0
SRG,3,28,14,0.5,0.5,1.0,1.0,1.0
AKV,3,77,38,0.4935064935064935,0.5,1.0,1.0,1.0
LLR,3,58,29,0.5,0.5,1.0,1.0,1.0
GAS,3,61,31,0.5081967213114754,0.5,1.0,1.0,1.0
DGD,3,31,16,0.5161290322580645,0.5,1.0,1.0,1.0
EER,3,31,16,0.5161290322580645,0.5,1.0,1.0,1.0
ASN,3,34,17,0.5,0.5,1.0,1.0,1.0
QSL,3,34,17,0.5,0.5,1.0,1.0,1.0
ANK,3,31,16,0.5161290322580645,0.5,1.0,1.0,1.0
LGF,3,69,35,0.5072463768115942,0.5,1.0,1.0,1.0
AKT,3,74,37,0.5,0.5,1.0,1.0,1.0
GKR,3,31,16,0.5161290322580645,0.5,1.0,1.0,1.0
SPL,3,31,15,0.4838709677419355,0.5,1.0,1.0,1.0
KKY,3,34,17,0.5,0.5,1.0,1.0,1.0
YSK,3,33,16,0.48484848484848486,0.5,1.0,1.0,1.0
SKS,3,34,17,0.5,0.5,1.0,1.0,1.0
FKN,3,33,16,0.48484848484848486,0.5,1.0,1.0,1.0
FLV,3,33,17,0.5151515151515151,0.5,1.0,1.0,1.0
SDD,3,33,17,0.5151515151515151,0.5,1.0,1.0,1.0
LIR,3,33,16,0.48484848484848486,0.5,1.0,1.0,1.0
MAA,3,33,16,0.48484848484848486,0.5,1.0,1.0,1.0
GLL,3,215,108,0.5023255813953489,0.5,1.0,1.0,1.0
DAE,3,28,14,0.5,0.5,1.0,1.0,1.0
