train_index,y_true,raw_blend_oof,calibrated_oof
0,0,0.11571194234748297,0.08702396840245448
1,1,0.6541565110399324,0.567216470649434
2,1,0.972429347592118,0.9659002585855031
3,0,0.11179849394589994,0.08414038381489528
4,1,0.997387838040078,0.9972294599796226
5,0,0.04870758251818981,0.03780957059834136
6,0,0.06908477925389517,0.05279422974193221
7,1,0.9970929775932728,0.9968941664011363
8,0,0.5541764785352976,0.4611334190066135
9,0,0.023549565349921153,0.019016846150877596
10,1,0.27573737028290934,0.20978184571600822
11,0,0.0887090162767359,0.06717938145221716
12,0,0.022019385849239802,0.017851655062025674
13,1,0.9968343549504072,0.9965981778757219
14,1,0.9946520465278156,0.9940453027825595
15,0,0.04042968754364697,0.03168034810288773
16,1,0.9919201670473214,0.990751677499378
17,0,0.05809631903720315,0.0447263315462969
18,0,0.027718660454891218,0.02217349694505331
19,0,0.02646852470534934,0.021229480580353528
20,0,0.0447608591635674,0.03489177281714486
21,0,0.07124766217226346,0.05438027831977608
22,1,0.9976832424442141,0.9975628140196663
23,0,0.08896699882480373,0.0673685406907289
24,0,0.2074163279293207,0.15597622332529235
25,0,0.047365653358023826,0.03681830010129613
26,1,0.9971007000479852,0.9969029781375294
27,0,0.043956211670830275,0.03429595719589779
28,1,0.9968234244036096,0.9965856312689741
29,1,0.8859728546400744,0.8506336747672634
30,1,0.9975827105702442,0.9974496724087525
31,0,0.017200015198549815,0.014152885046358988
32,1,0.9977799328913781,0.997671319372415
33,1,0.9971030233186298,0.9969056288053263
34,0,0.07425872624405969,0.05658770393346559
35,1,0.9968296714078004,0.9965928022361679
36,0,0.098753657612387,0.07454891684950371
37,0,0.046798779391093746,0.03639931286472747
38,1,0.9977953260068979,0.9976885642567179
39,0,0.017644279063678818,0.014495947230586366
40,1,0.9894961802722742,0.9877673781013372
41,1,0.986451081544919,0.9839584689120083
42,1,0.9959978362672053,0.9956302162923533
43,0,0.013211803876948777,0.011049371686912578
44,0,0.20813262280225867,0.15652807308189562
45,1,0.9874758937927239,0.9852467418730283
46,0,0.051819926898013444,0.04010577915309686
47,0,0.04683440313746823,0.036425647431816546
48,0,0.1756214486076876,0.13171171519675273
49,1,0.9978838798434879,0.9977876108569451
50,1,0.9603776183739048,0.9500059309677255
51,1,0.9976709061006301,0.9975489479175952
52,0,0.4435191836864304,0.3541741296409
53,1,0.9113360453804328,0.8844036598886409
54,1,0.6298679782005292,0.5405683909169076
55,0,0.192743149639251,0.14472341220109317
56,1,0.997575725177104,0.9974417988461507
57,0,0.07395025111829265,0.05636158430078614
58,0,0.015784283556042437,0.013056351673356816
59,1,0.9978812997788089,0.9977847289962912
60,1,0.4803076974171643,0.38859358585882786
61,0,0.01755318560626622,0.014425643060073602
62,0,0.03327565485446898,0.026347830989013617
63,0,0.01234644823580034,0.010369411401228417
64,0,0.00994057791117944,0.008463557228845182
65,1,0.7600989359623083,0.690311146902506
66,1,0.9545782396612214,0.942292260106606
67,0,0.10689887470665341,0.0805344335146022
68,0,0.6404540930636751,0.5521121217043649
69,0,0.04074406210014618,0.03191382467330883
70,0,0.09845879119842099,0.07433241792517677
71,1,0.9881089401880051,0.9860394262303791
72,1,0.9933055755664293,0.992432874003812
73,0,0.012855045018051056,0.010769367151924107
74,1,0.9890841892886435,0.9872555758118062
75,1,0.9979010341101818,0.9978067656254379
76,1,0.8986681790975752,0.8674977585802611
77,1,0.8591530747910167,0.8153448021034706
78,1,0.6999354926237158,0.6190265506099442
79,0,0.06828844757237883,0.05221016195351978
80,1,0.770672058542673,0.7032132089518692
81,1,0.7932934926086357,0.7311869522065607
82,0,0.018242191207559037,0.014956923410402109
83,1,0.9821411531273496,0.9784826427696693
84,0,0.05931445002586797,0.04562183275275472
85,1,0.9975311859407564,0.9973915606885051
86,1,0.9918549501707155,0.9906720546146919
87,0,0.07274858639773614,0.05548068557361216
88,1,0.5890457679787917,0.49706090144148773
89,0,0.0762176240299189,0.05802352589224853
90,1,0.9977504856472452,0.9976383071373137
91,1,0.9978451872897711,0.9977443674961081
92,1,0.996701238844341,0.996445185621997
93,0,0.059550640347456434,0.0457954262486391
94,0,0.16249969900441208,0.12182010174129554
95,0,0.039018196036801435,0.030631273907452305
96,0,0.9343416419064414,0.9152212356997156
97,0,0.056196702338509236,0.04332909383890808
98,1,0.9976597682833319,0.9975364246926232
99,0,0.12591180243309805,0.09455591031320874
100,0,0.1417138324698579,0.1062791038501267
101,0,0.024509796827697373,0.019746109315213946
102,0,0.207253185562312,0.15585056828681154
103,0,0.05763596019204871,0.04438780721026153
104,1,0.9949225082496429,0.9943661859415885
105,0,0.32625779093554147,0.2512702282938785
106,1,0.9862488331234063,0.9837035304466881
107,1,0.9486835055719223,0.9344248228862468
108,0,0.07690479257618489,0.058527171672928355
109,1,0.9979034915272396,0.9978095087551151
110,1,0.9919376981734491,0.9907730741959935
111,0,0.06843224892289285,0.05231563783393617
112,0,0.02109850208448157,0.017148473534476124
113,0,0.8503858062026142,0.8039246174527725
114,0,0.009111917203260921,0.0078010292244259285
115,1,0.9979978064195472,0.9979146220853388
116,0,0.5529424004177075,0.4598822307826875
117,0,0.23817609529111722,0.17989868276458973
118,1,0.7819429658626116,0.7170883568428301
119,1,0.9977141030539097,0.9975974795324837
120,0,0.04670642315892102,0.036331036495716965
121,0,0.2108646141386051,0.15863507287201295
122,0,0.2735950722378746,0.20805632710050734
123,0,0.022015366488053162,0.01784858919328795
124,1,0.9924170675897493,0.9913569742791143
125,0,0.05745067957274955,0.04425154611585695
126,0,0.07141069646970842,0.054499815451510156
127,0,0.11355456474726791,0.08543393156590749
128,1,0.956398327886117,0.9447164268030483
129,0,0.21327470882398525,0.16049674750167586
130,1,0.9966321754888146,0.9963656456776842
131,1,0.26917234964899195,0.20450234557752667
132,1,0.8905693283354441,0.8567291360678557
133,1,0.9767498958429401,0.9715312041530355
134,1,0.9975646801896847,0.9974293463959043
135,0,0.018605522979521137,0.015236646299464215
136,0,0.12884199308123687,0.09672446053370731
137,1,0.9892928277605961,0.987514911224797
138,0,0.19097393104856616,0.14337310841740808
139,1,0.8027184074383875,0.7429880676398196
140,0,0.15185789861241097,0.113845044666844
141,0,0.20778064668976917,0.15625687274433595
142,1,0.9957229099542854,0.9953089731754002
143,1,0.9816639520633332,0.9778714016090423
144,1,0.8926023229449715,0.8594289965104985
145,1,0.9975735339574139,0.9974393287038238
146,0,0.5472255296970963,0.4541039739945394
147,1,0.9970657161737955,0.9968630470781484
148,0,0.08397013510394752,0.06370541707048992
149,0,0.045150094432881975,0.03517986744589912
150,1,0.9923882150336742,0.9913218952993681
151,1,0.9978270351109639,0.9977240621512522
152,1,0.4261318664006032,0.33827953819010825
153,1,0.9977516287820791,0.9976395892129128
154,0,0.012825317764440174,0.010746015464751098
155,1,0.9978901526393503,0.9977946164015365
156,1,0.996203295934365,0.9958693370380146
157,1,0.9611282743333425,0.9510019123023403
158,0,0.05289764823160909,0.04090005328926558
159,1,0.9971071470577406,0.9969103333124703
160,1,0.9979164341975081,0.9978239526060255
161,1,0.9977483478486637,0.9976359093845049
162,1,0.8482870208744282,0.8011999315702691
163,0,0.2638916248112989,0.20027341584417976
164,0,0.051957403759560566,0.04020712144910034
165,1,0.9975304686912421,0.9973907511604505
166,0,0.10468467971096929,0.07890628803003483
167,0,0.6918322471153031,0.609703445580383
168,1,0.9290578952857405,0.9081378418335359
169,1,0.9978878997187882,0.9977921004712235
170,1,0.9980540257941262,0.9979771195102852
171,0,0.06367835834520431,0.04882731927153081
172,0,0.12799077083195157,0.09609426103219998
173,1,0.686741750586361,0.6038802762277856
174,0,0.02568123354200441,0.0206339062519924
175,1,0.9691118258308689,0.9615486183351535
176,0,0.11823976375509548,0.0888883218164386
177,1,0.9332774422764816,0.9137946373783021
178,0,0.008299593669073622,0.007148012397476963
179,1,0.9975666304586777,0.9974315454658339
180,1,0.008653564905622276,0.007433022089124144
181,0,0.022421351513400196,0.018158122741814702
182,0,0.059724049694536596,0.04592286938361145
183,0,0.10008329148936682,0.07552531617809964
184,0,0.03784022975496276,0.0297547105824943
185,1,0.9949284169216205,0.9943731838206359
186,0,0.10586073388061928,0.07977096157837851
187,0,0.20642996048804357,0.15521669559522291
188,0,0.07601277924322486,0.05787338656596323
189,1,0.9413690163171731,0.9246379535560182
190,1,0.9285210180457082,0.907418111815069
191,0,0.28940725976333764,0.22085518515923866
192,1,0.9975951357290143,0.997463673579841
193,1,0.9961193652114253,0.9957717573533045
194,0,0.07537729395123946,0.057407603810837406
195,0,0.5982708534511308,0.5067545006774684
196,1,0.9916708614597765,0.9904470845078104
197,1,0.9844971579672341,0.9814866726376407
198,0,0.27823693629630614,0.21179847235879312
199,0,0.23840446582888733,0.18007807089554492
200,1,0.9978508996679489,0.9977507550687448
201,1,0.13954677706373067,0.10466708271356609
202,1,0.9673309475120694,0.9592042547032857
203,0,0.01598108648192767,0.01320909618927344
204,0,0.023743572344672136,0.01916430350587235
205,0,0.6463927051446162,0.5586357446213178
206,0,0.05250717862931533,0.040612326144211106
207,0,0.05890693261332684,0.04532228823783539
208,1,0.9979488729361881,0.9978601269993906
209,0,0.12813832066206654,0.09620348516123796
210,1,0.47656352292819315,0.38504036538651193
211,0,0.09902853771083445,0.07475075171124596
212,1,0.9205149936589007,0.8966887640462234
213,0,0.9575002451973027,0.9461826850890593
214,1,0.87461299297764,0.835625610976166
215,1,0.996810235420984,0.9965704884617167
216,1,0.7277355659457896,0.6515132102135737
217,1,0.15263749123544956,0.11442792238516963
218,1,0.9977882718725017,0.9976806625296919
219,0,0.030772899987878417,0.02447189152273972
220,1,0.9920752098468818,0.9909408037752991
221,0,0.35598181019385006,0.276437813434485
222,0,0.0549651337948682,0.0424226985270234
223,0,0.01293097063314496,0.010828994968511151
224,0,0.09073516404449675,0.06866513815941275
225,0,0.8633298930410118,0.8208066362096097
226,1,0.04263098657110542,0.03331389989797431
227,1,0.6585061364681734,0.5720496782076466
228,0,0.05959602273878886,0.045828779627267384
229,1,0.9202898353619184,0.8963871593617805
230,0,0.11596413268182149,0.08720990371448128
231,0,0.08831853582334806,0.0668930802573605
232,1,0.08044016845244881,0.06111823524897184
233,1,0.8842320313610024,0.8483284384069183
234,1,0.9979096045884526,0.9978163316075065
235,0,0.056932813843409175,0.04387064422643821
236,0,0.03536966224209469,0.02791288884235665
237,1,0.9970850697562386,0.9968851415001658
238,0,0.07394753782130718,0.056359595367806964
239,1,0.6078057957834794,0.5168580282173607
240,1,0.9960783286195016,0.9957239958645233
241,0,0.028074586799489695,0.022441904776641586
242,0,0.06862357277073679,0.05245596713993406
243,1,0.9020393027502918,0.8719899415835928
244,0,0.7878545681569438,0.724415612401023
245,1,0.9912920311313262,0.98998314191807
246,0,0.26243465724321047,0.19910939662809407
247,0,0.0692802862856395,0.052937613764532244
248,1,0.9974532439037443,0.9973034988530396
249,1,0.9930362138010522,0.9921076198048723
250,0,0.027092639761768726,0.021701022094694288
251,1,0.5152027723810093,0.4222732077350272
252,1,0.9718933927581196,0.9651987323931835
253,0,0.07483524838573936,0.057010296170297556
254,1,0.9937620297592337,0.9929820941725774
255,0,0.010542549395738919,0.008942753444845148
256,0,0.06664617291689526,0.05100540838829589
257,0,0.05328131253163684,0.04118271558267813
258,0,0.050326890218952605,0.039004726170364656
259,0,0.005966880303477291,0.00524915292343327
260,0,0.3323283051594811,0.2563628266820975
261,1,0.994406479112466,0.9937530288079384
262,0,0.03257475542198489,0.0258230917920461
263,1,0.8762670258471208,0.8378055510451363
264,0,0.5697729731219437,0.4770651989571521
265,0,0.1478662890836489,0.11086387019487084
266,1,0.9896868374036792,0.9880038104843799
267,1,0.9596704148811472,0.9490670366901905
268,1,0.9977963357305639,0.9976896951641585
269,1,0.9978532950439453,0.9977534332322477
270,0,0.3942707144873483,0.30974951620325175
271,0,0.02288373093085759,0.018510310394902516
272,1,0.9949792215238049,0.9944333315465168
273,1,0.9151408704924127,0.889493202224565
274,0,0.042249018353633844,0.0330306568554537
275,1,0.3966941466945535,0.31189313173067806
276,1,0.9974830729734767,0.9973372226769917
277,1,0.1574911846828281,0.1180616415806219
278,0,0.008355905108121765,0.007193401899781542
279,1,0.9979168478715136,0.997824414160658
280,0,0.028295803262232043,0.02260864805963018
281,0,0.08492406291156634,0.06440463026613778
282,0,0.9835373134274557,0.9802657069783575
283,1,0.9710266506885097,0.9640629680134905
284,0,0.5133962383706587,0.420504192234747
285,1,0.9977877996488511,0.9976801335047567
286,0,0.08166046728370141,0.06201258830762682
287,0,0.01459427980570675,0.012130439793472097
288,0,0.8338550782135947,0.7825641289819806
289,0,0.2894301982445137,0.22087385911022545
290,1,0.9977226313813319,0.9976070537758539
291,0,0.13072820802941248,0.09812161200379359
292,0,0.01315354485009776,0.011003676753187613
293,1,0.6050760231244314,0.513956674097525
294,0,0.2543780794284908,0.1926939633666325
295,0,0.12553455600169455,0.09427688432232072
296,0,0.6591227558727191,0.5727363616664783
297,1,0.7782785252440023,0.7125635233696898
298,0,0.07079578879321148,0.05404895251590312
299,0,0.18065885272547777,0.13552717721790258
300,1,0.99792880585937,0.9978377535317877
301,0,0.3649491723945751,0.2841473459536246
302,0,0.6540833920016245,0.5671353816533397
303,0,0.030884050755586034,0.024555338958456817
304,0,0.02862325154968158,0.022855355744889342
305,1,0.945495183635926,0.9301614103260529
306,0,0.0635757564075601,0.048751994769466483
307,0,0.07566292319924128,0.057616959243995805
308,1,0.9964730149890364,0.9961819281390571
309,1,0.9577867323374402,0.9465637153928532
310,1,0.8820841936050265,0.845486816285986
311,1,0.9977085853786085,0.9975912838789778
312,1,0.9976850974666296,0.9975648986410801
313,1,0.997558987858199,0.9974229271980244
314,1,0.7294472968596672,0.6535389274661768
315,0,0.018584589669990468,0.015220538075140193
316,1,0.9925691271503396,0.9915417067384111
317,0,0.07227029782280063,0.05513004410280252
318,1,0.9978690393468197,0.9977710311863223
319,0,0.08971763595068327,0.0679189541256471
320,0,0.4904337056053556,0.398261310848745
321,0,0.36274096951152296,0.282243745998315
322,1,0.998027987638501,0.9979481886865279
323,0,0.020870300085624172,0.01697397968291853
324,1,0.9977692349676626,0.9976593297288963
325,1,0.9970929775932728,0.9968941664011363
326,0,0.013178748687025474,0.011023446576558765
327,0,0.1277792927760083,0.09593772398086613
328,1,0.5803982074179092,0.4880464133544918
329,0,0.012118137935974606,0.010189561363102256
330,0,0.014575013760251238,0.01211541538978933
331,1,0.9976703384004435,0.997548309700342
332,1,0.9356678583656961,0.9169989466111117
333,1,0.9920463179744552,0.9909055782297458
334,0,0.1682438025588336,0.12614202009123535
335,0,0.2742359063990714,0.20857221182270158
336,1,0.6090744222554598,0.5182088055359055
337,1,0.9965659870730342,0.9962893140783398
338,1,0.9817593124206224,0.977993617774714
339,1,0.5095553432073827,0.41675239697836713
340,1,0.862395772568764,0.8195839747297345
341,1,0.11191248745820961,0.08422433413316593
342,1,0.9044992968056684,0.8752712803264842
343,0,0.0842285632132698,0.06389483712928518
344,0,0.08466578416565392,0.06421531270695709
345,1,0.9472536844244971,0.9325134539714057
346,1,0.9977476183024989,0.9976350910909407
347,1,0.9840085776734173,0.9808656954442163
348,1,0.997390077820986,0.9972319974809727
349,0,0.015989899332679282,0.01321593365436584
350,1,0.9977309423584321,0.9976163816775606
351,0,0.05746294257119449,0.04426056497727478
352,1,0.7748124022254743,0.7082956958300158
353,1,0.9979309873441005,0.9978401864584814
354,0,0.2844364873883018,0.21681590200838
355,1,0.9233895968678023,0.9005401873313926
356,1,0.31226061732370664,0.23961793865236222
357,1,0.4195647709533468,0.33233673403688835
358,1,0.9370374803407748,0.9188346302316267
359,0,0.06472020764763943,0.04959208776528876
360,0,0.05252560482383742,0.040625905114536384
361,0,0.16580966597306404,0.12430902933281726
362,1,0.9977885176450416,0.9976809378618824
363,0,0.12500658881962443,0.09388644086630946
364,0,0.07356880969112971,0.056081971761821045
365,0,0.08181455912966927,0.06212552320439118
366,1,0.9974891563792077,0.9973440970831308
367,1,0.9929965693152252,0.9920596798154305
368,1,0.8311606983346771,0.7791047798601917
369,0,0.5019878243808055,0.40939736677914035
370,0,0.9362270577841796,0.9177484625010277
371,0,0.040671458816625865,0.03185991000706451
372,0,0.044369321746566284,0.03460189481723547
373,1,0.997390077820986,0.9972319974809727
374,0,0.1697591749551201,0.12728429814452846
375,1,0.9957315935115738,0.9953191411397945
376,1,0.9976314044456092,0.9975045145652455
377,1,0.7623925710748656,0.6931005721066476
378,1,0.9973845342796075,0.9972257168022757
379,0,0.05950716075550142,0.04576347087832909
380,0,0.025894937837931883,0.020795654790200208
381,1,0.9510814852877254,0.9376279628459804
382,1,0.9941954127989142,0.9935011441570564
383,0,0.052290525139270544,0.04045265703962795
384,1,0.9973024779306883,0.9971326450854554
385,1,0.9896742718129843,0.9879882362325294
386,0,0.7491506331772222,0.6770685717753947
387,1,0.9250969845129773,0.9028283780599993
388,1,0.9610748397476434,0.9509310355257535
389,1,0.990244972944773,0.9886943802753846
390,1,0.997529260507239,0.9973893875002465
391,1,0.5293133449186684,0.4361881196859004
392,0,0.15510727023759918,0.11627588953620016
393,0,0.22183319927437528,0.16713033629187976
394,0,0.0378209436412491,0.029740350820957627
395,0,0.08551510011195528,0.0648378696608513
396,0,0.05767096871955432,0.04441355257432204
397,1,0.9851723747447924,0.9823430149020825
398,0,0.16602339897004145,0.12446988741853271
399,0,0.0089882796157675,0.007701874610583412
400,1,0.9499470205881502,0.9361129918465689
401,0,0.10285496177757758,0.07756147134254118
402,0,0.8559352106657628,0.8111461482215679
403,0,0.0939654935356383,0.07103464381143676
404,0,0.012737802497743216,0.010677251304169468
405,0,0.2590875299109524,0.19643973968390951
406,1,0.9913011626545313,0.9899943402529364
407,1,0.11401432648807255,0.08577270383974304
408,0,0.05510171420633014,0.042523239238832604
409,0,0.19512099376212474,0.14654039631015828
410,1,0.5911260120125185,0.4992398226960799
411,1,0.9966951724735598,0.9964382034503844
412,1,0.07573331913425208,0.05766855634803618
413,1,0.9975214577106379,0.9973805795093104
414,0,0.020059500905887998,0.016353199757363233
415,1,0.7281596687145584,0.6520148322370671
416,1,0.9608929789011116,0.9506897870384386
417,0,0.049388412787821245,0.038312198185051424
418,1,0.9929615230661113,0.9920172856739236
419,1,0.9953847519735284,0.9949119683671381
420,0,0.35457922139418563,0.2752369432295128
421,1,0.9584994471234098,0.9475112929181427
422,1,0.7858137734666233,0.7218822626917814
423,0,0.026223723463529677,0.021044382800323745
424,1,0.9874245118913911,0.9851822956565363
425,1,0.9132395910323359,0.8869493798213438
426,1,0.9977972223544178,0.9976906881687941
427,1,0.9372623698041105,0.9191360213312086
428,1,0.9556151507519139,0.9436736518534309
429,0,0.4885053924481459,0.3964136907578414
430,0,0.039149364078065484,0.03072881974494403
431,0,0.17131216148368872,0.12845585491444317
432,0,0.01970343288199239,0.016080170311248688
433,0,0.011300127820858555,0.009543523354496743
434,1,0.92196038664771,0.8986251349390538
435,1,0.8532659134887493,0.8076694635367259
436,1,0.9866734532012105,0.9842385145508707
437,1,0.9974579972095505,0.9973088745893057
438,0,0.05636186975838661,0.04345061890477324
439,1,0.0394605960576305,0.030960226579854675
440,0,0.4685020098934669,0.3774290131060086
441,1,0.8864722823935136,0.8512953687296777
442,1,0.6794255074240514,0.5955563808207769
443,0,0.010694941930500232,0.009063802620107413
444,0,0.1590638410312483,0.11924080353991826
445,1,0.98375027501543,0.9805369599905677
446,0,0.04105730860662371,0.03214640094895971
447,0,0.9015892891639625,0.8713899694770859
448,0,0.04746769161292989,0.03689370285776252
449,1,0.9961213438156143,0.9957740593543863
450,1,0.8545067232120906,0.8092848775895541
451,1,0.7866332470314186,0.7228990336650996
452,1,0.06077724839120176,0.04669675145231522
453,0,0.026458428562511523,0.02122184833614025
454,1,0.43634737389440803,0.3475896208817296
455,1,0.98871659057474,0.9867979200962063
456,1,0.9958758632974768,0.9954878699196805
457,1,0.9978716150075049,0.9977739092545231
458,0,0.1533591836587935,0.11496769646169865
459,0,0.09539685536751194,0.07208491007106078
460,1,0.28757387148149927,0.21936365730180166
461,1,0.12227484793460308,0.09186738136830251
462,1,0.8982448861726926,0.8669340858874841
463,1,0.9977556785829778,0.9976441308859312
464,1,0.9917742419156564,0.9905734623865654
465,0,0.012418366247148465,0.01042602415714058
466,0,0.9622975636498867,0.9525520463272282
467,0,0.07002177596278167,0.05348138483582749
468,1,0.483570897502451,0.39169980004754784
469,0,0.11167365879008598,0.08404845216976596
470,0,0.09789486872778852,0.0739184024768729
471,0,0.1741147912494459,0.1305725283731811
472,1,0.987816288682012,0.9856732826428231
473,0,0.19288763762382471,0.14483374888004671
474,1,0.945941236306739,0.9307581441275464
475,0,0.35762992916993164,0.2778506162858678
476,0,0.07031480597115274,0.053696263962136254
477,1,0.8545829673595833,0.8093841801712758
478,1,0.996181528149909,0.9958440430331968
479,0,0.012673050866751169,0.010626355846907083
480,0,0.44370628570060344,0.3543464483130867
481,0,0.0900935563653105,0.06819461825207777
482,0,0.5240782728489707,0.4310054049516954
483,1,0.9977903815298375,0.9976830258530608
484,0,0.08178442750384553,0.06210343951065375
485,0,0.2966309941568275,0.2267515220274332
486,0,0.04041132799514088,0.031666711052035945
487,0,0.04462913212277221,0.03479425657146425
488,0,0.09360873966110556,0.07077290860843823
489,0,0.039152519600867096,0.030731166268672686
490,1,0.9949721827177042,0.9944250006653689
491,1,0.9798891995925405,0.975590752510859
492,1,0.9459527018757834,0.9307734817940798
493,1,0.9964418259773722,0.9961458610442216
494,0,0.007808879833344376,0.006751662499052981
495,0,0.04415839857447934,0.034445702511024454
496,1,0.6178854727380426,0.5276327822446348
497,0,0.011610801588130201,0.009789196050114364
498,0,0.07090381547263858,0.0541281621311655
499,0,0.05179743254727362,0.040089196597478456
500,0,0.0632859499409997,0.04853922566096265
501,0,0.11063846595878117,0.0832862299264457
502,0,0.09667273497435253,0.07302128612406004
503,1,0.9910238668575209,0.9896539552122143
504,0,0.0365081905784928,0.02876226295617378
505,1,0.9975879556386491,0.9974555833589615
506,0,0.024086033228120647,0.019424450896798527
507,1,0.19182368746828418,0.1440214892204081
508,0,0.1412220955108383,0.10591318482707941
509,1,0.14276151088179448,0.10705897117056198
510,1,0.9979284278890688,0.9978373319782571
511,1,0.9653239243419929,0.9565560604518576
512,0,0.5288306440280895,0.43570924209987677
513,0,0.12709907419892882,0.09543430334004349
514,1,0.9974764550375104,0.9973297429627822
515,1,0.9978768707623775,0.9977797813530945
516,0,0.6878436837518263,0.6051386109940474
517,0,0.26490017372315344,0.20107987393054638
518,0,0.08668090503051848,0.06569247215317398
519,1,0.8037490067509897,0.7442836336894835
520,1,0.9105677600675448,0.8833765316451864
521,0,0.07669381730449101,0.05837254311353615
522,1,0.9819106224021359,0.9781874687545815
523,0,0.017076514766849755,0.01405743257072709
524,1,0.9977356459223035,0.9976216597411959
525,1,0.986655086877433,0.9842153951444768
526,0,0.07066921784880634,0.05395614422968557
527,1,0.9862454919602467,0.9836993169803439
528,1,0.9630859458249951,0.9535962717420835
529,1,0.9978837735629729,0.9977874921492619
530,0,0.08691982250150174,0.06586762142193685
531,1,0.9965939096664956,0.9963215278624256
532,0,0.18127205144255432,0.1359923403406105
533,1,0.9979246010778753,0.9978330636091123
534,0,0.04499297566681171,0.035063584501106
535,1,0.997918374987592,0.9978261179786807
536,1,0.4021474892980407,0.3167325361669941
537,1,0.4983064661365946,0.40583698598808704
538,1,0.9977655593209673,0.99765520936649
539,0,0.11352942478015171,0.08541540862604798
540,0,0.162436931093028,0.12177294296265646
541,0,0.02772722658333906,0.022179958599799203
542,1,0.8863569010196563,0.8511424860837127
543,1,0.9977692637627964,0.9976593620061327
544,0,0.32017994411942086,0.2461952726038558
545,0,0.04542677870574414,0.03538460981538828
546,1,0.9871128141045791,0.9847910113264583
547,1,0.9977588120665031,0.9976476445686043
548,1,0.9906321921626238,0.9891720466613486
549,1,0.9977250898433079,0.9976098132937717
550,1,0.10448662638282925,0.07876069547886164
551,0,0.7939904802774352,0.7320567501649643
552,1,0.9088075490141116,0.881024077017781
553,1,0.9571468773315835,0.9457125980199532
554,0,0.3398901999173893,0.2627402072581007
555,0,0.022893938653798872,0.01851808142906516
556,1,0.9426545397399608,0.9263594058558206
557,1,0.9417191990497705,0.9251069325026051
558,1,0.9862216781384701,0.9836692841622631
559,1,0.997835555238193,0.9977335943523339
560,1,0.9823175347088349,0.9787083426197812
561,1,0.7252334570096843,0.6485574401860791
562,0,0.030890368529271343,0.02456008169260987
563,0,0.7515491301913171,0.6799594393085404
564,0,0.05739058340694161,0.04420734763553577
565,0,0.029512251791496715,0.02352451447638526
566,1,0.9977025510980068,0.9975845069864548
567,0,0.03399480340575636,0.026885758827738047
568,1,0.9937094288370252,0.9929189323801613
569,1,0.9979209269939155,0.9978289650873049
570,1,0.9868021620453657,0.9844004794200099
571,1,0.988100668813743,0.9860290850989131
572,0,0.19151058412803662,0.14378254860328873
573,0,0.06945762475501,0.05306766970861907
574,1,0.9979326756771288,0.9978420692724564
575,1,0.3261616376304138,0.2511897564273851
576,1,0.9948982241867897,0.9943374197203609
577,0,0.08345897876050391,0.06333076158440001
578,1,0.9647784805920963,0.955835331093949
579,1,0.9979260667753328,0.9978346984897204
580,1,0.4276048864585409,0.33961704634752776
581,1,0.54571792971902,0.4525850705105925
582,0,0.012837341988537958,0.010755461244748847
583,0,0.040132982740232394,0.03145993576891083
584,0,0.015870014070474142,0.013122902534752293
585,0,0.010194928526792994,0.008666237152052808
586,1,0.022553668367477624,0.018258943387263683
587,1,0.9974575825194791,0.9973084056238913
588,1,0.946987662375681,0.9321577299998911
589,0,0.007229198963215036,0.006281468471339519
590,1,0.668820079484964,0.5835849970095698
591,0,0.07660862099781937,0.0583101004867059
592,1,0.9969093329511025,0.9966841622880619
593,0,0.015490499029348818,0.012828139667071465
594,1,0.9979158495180147,0.9978233002423035
595,1,0.47635033104578467,0.3848383934787354
596,1,0.9936375519287881,0.9928325690800202
597,0,0.08894242030338285,0.06735051890201382
598,1,0.9219871293215036,0.8986609653136319
599,0,0.34133754240174397,0.26396513251655296
600,1,0.6984812244433112,0.617348507473985
601,0,0.08865181842595088,0.067137443195853
602,0,0.20579410330465234,0.15472730961482214
603,1,0.9939873138103612,0.9932522141423439
604,0,0.010542795526110628,0.008942949035745417
605,0,0.05544947929768115,0.04277921398689585
606,1,0.9979016938349871,0.9978075020748216
607,1,0.9979259805256468,0.9978346022865386
608,0,0.529945947242793,0.43681602098606576
609,0,0.18631688650099565,0.13982523754830647
610,0,0.01369232989660484,0.011425832008204437
611,0,0.46591414060775505,0.374996879151883
612,1,0.9974009471253238,0.9972443094857135
613,0,0.08938354743339988,0.06767397464446268
614,1,0.3522529966264545,0.2732482211703338
615,1,0.9978873871636396,0.9977915280541026
616,1,0.06790268699831008,0.05192720151133422
617,0,0.0697507547557317,0.053282637710964344
618,1,0.9973024779306883,0.9971326450854554
619,1,0.39504095457700245,0.31043035782740247
620,0,0.02269409515652194,0.018365911083002704
621,0,0.3578023033133071,0.2779984862920801
622,1,0.9136433813865223,0.8874895408947431
623,0,0.02524668911686795,0.020304809762442505
624,0,0.07623529565063916,0.058036478102701676
625,1,0.9977312945035175,0.9976167768598104
626,1,0.996305934396239,0.9959884708659669
627,1,0.997648129998894,0.997523334438495
628,1,0.9888087250350885,0.9869127129167727
629,0,0.16056711906512705,0.12036878253610943
630,1,0.8619951222339357,0.8190597698800015
631,0,0.10935020986743627,0.0823379655848319
632,1,0.7741349953636134,0.7074629872047358
633,1,0.9816328204962458,0.9778314951262171
634,1,0.9828199693704056,0.9793505790236298
635,1,0.9899283102496809,0.9883028715259673
636,0,0.1695485033434188,0.12712544203826945
637,1,0.9932168982987011,0.9923258878676798
638,1,0.677544154416692,0.5934245459975019
639,0,0.30797016152921475,0.23607098230859716
640,0,0.15493723166585982,0.11614859306733756
641,0,0.1547695696811602,0.11602308571998403
642,0,0.20416116973361992,0.15347138452203152
643,1,0.8957267580274415,0.863582709723513
644,1,0.9263385914288489,0.9044925657506102
645,0,0.10897507699407799,0.08206189567607015
646,1,0.019245509111811974,0.015728657592875426
647,0,0.13947989749272371,0.10461735558343635
648,0,0.020606884471849534,0.016772437588191344
649,0,0.19532696794342144,0.14669790515540468
650,0,0.3376498161574478,0.26084684219901505
651,1,0.8477822609090342,0.8005451813572151
652,1,0.9978325413042884,0.9977302226947472
653,0,0.10388874899396083,0.07832122405733041
654,1,0.35555441283526906,0.27607174190554296
655,1,0.10001193350967467,0.07547290917204373
656,0,0.25611461127969604,0.19407374059740753
657,0,0.13313567092597642,0.0999062908295036
658,0,0.060608708446933834,0.04657292559546142
659,0,0.04834373461829662,0.03754087728167633
660,1,0.9637608450884265,0.954489556968274
661,1,0.9383791040363294,0.9206325182212296
662,0,0.11045337584704118,0.0831499684671388
663,0,0.06242447417843159,0.04790666303619719
664,0,0.03873018464945496,0.030417046285517294
665,1,0.8517370702216294,0.8056807569986334
666,0,0.040006969199924865,0.0313663069967462
667,0,0.551052071721858,0.4579683539301529
668,0,0.1435964955635561,0.10768076219835128
669,1,0.996907878868685,0.9966824960748977
670,0,0.06725215942889433,0.051449991435485766
671,1,0.8490083984922756,0.8021360316376086
672,1,0.9904631129257964,0.9889636221003056
673,1,0.9813555349907712,0.9774758909040586
674,1,0.9979168478715136,0.997824414160658
675,0,0.2596068942596246,0.19685357587870023
676,0,0.09967429890697588,0.07522495190748985
677,0,0.4757997268582659,0.3843169394643136
678,1,0.9980553371037211,0.9979785758055867
679,1,0.996879507723614,0.9966499754587868
680,0,0.022851591971597817,0.018485842207344023
681,0,0.11143624174951507,0.08387362105743282
682,1,0.9977321320164685,0.9976177167121298
683,0,0.02428882634551704,0.019578415435474478
684,1,0.997862703024553,0.9977639499151439
685,0,0.07028005145387532,0.05367077885485853
686,1,0.97226094559275,0.9656798982605724
687,1,0.9703290964177518,0.9631478160848995
688,1,0.9823206772529509,0.978712362735324
689,1,0.9978143467352933,0.9977098618781456
690,0,0.008989082531348813,0.007702518796397936
691,0,0.6416921756700957,0.5534693245996486
692,1,0.6315337991092068,0.5423776879126846
693,0,0.3915797004492323,0.3073742231837883
694,1,0.9925719732283919,0.9915451620593678
695,1,0.9975740796694385,0.9974399438942121
696,1,0.9976741553315526,0.9975526005501512
697,0,0.02075815417446651,0.016888191788802877
698,0,0.04397678750884675,0.03431119724840682
699,1,0.8011331259048358,0.7409971772431463
700,0,0.010341507642415234,0.008782901469324773
701,0,0.055122887325265976,0.042538824873012804
702,1,0.9745702338260881,0.9686961602198298
703,1,0.997922186861857,0.997830370553214
704,0,0.10614315613815778,0.07997864267596859
705,1,0.9978753158660643,0.9977780442162503
706,1,0.7571065647046726,0.6866798243579466
707,0,0.8957780176701919,0.8636508988495818
708,0,0.055650289294877614,0.04292700535893689
709,1,0.9919972867185826,0.9908457797257315
710,0,0.10229461279729771,0.0771497286844388
711,0,0.0385853866528662,0.030309321151788467
712,0,0.3445225898673563,0.2666656258116908
713,1,0.9588301350247308,0.9479507846123548
714,0,0.03513162945237795,0.02773517516726084
715,0,0.15545912740080914,0.11653933364797109
716,1,0.9191321180035797,0.8948365383512156
717,0,0.04734330725494164,0.036801786469663686
718,0,0.597721157393089,0.50617464572196
719,1,0.9976449564437688,0.9975197641951904
720,0,0.7328471402810847,0.657571154711528
721,0,0.2009386535804858,0.1509964748064178
722,1,0.9852797881581329,0.9824790375789318
723,1,0.8648421055852547,0.8227873492265712
724,1,0.8290553787434529,0.7764061887488322
725,0,0.05377602741445515,0.04154712198414443
726,1,0.99794913847128,0.9978604229542894
727,0,0.14774357569570662,0.11077230491911319
728,0,0.09353928541771192,0.0707219544968037
729,1,0.997918374987592,0.9978261179786807
730,1,0.9977362428458056,0.9976223295206968
731,0,0.6766596221209993,0.5924234666986826
732,1,0.5231960280045777,0.4301343412896959
733,0,0.020404532912033424,0.016617525887244664
734,1,0.9406748714208837,0.9237082295391231
735,1,0.709170225573583,0.6297318544724363
736,1,0.9250652415343774,0.902785833606266
737,0,0.2622903831802256,0.19899419578800578
738,1,0.7551217183089641,0.6842760867579321
739,1,0.5712928022428065,0.4786295741283012
740,0,0.10849047903855447,0.08170530648137544
741,0,0.053612297187371705,0.04142652731566401
742,1,0.993099340337841,0.9921839190790879
743,0,0.037013337221469655,0.029138786304656106
744,1,0.9394748949713555,0.9221007259154348
745,1,0.9492882972040583,0.935232987269253
746,1,0.9949070900533726,0.9943479230248663
747,0,0.6715577624351832,0.5866645787480242
748,0,0.08278527134895697,0.06283697549087615
749,1,0.9330766767700798,0.9135254961154836
750,0,0.609725016455599,0.5189021236244913
751,1,0.9965493419588227,0.9962701025565269
752,0,0.015168538366035704,0.012577763069521358
753,0,0.01510285394454036,0.012526646491364887
754,0,0.32095249424449196,0.24683903524280068
755,1,0.9978393513508677,0.9977378405725964
756,0,0.06882852582462495,0.05260628860063062
757,0,0.06570297354193859,0.05031333171578801
758,0,0.08261840779088578,0.06271467667855415
759,1,0.9529258841527269,0.9400892564379439
760,1,0.06194808269867073,0.047556800845628994
761,0,0.17915704149885436,0.13438858161266687
762,1,0.9440549235882506,0.9282340817361414
763,0,0.08340870050739116,0.06329391025763134
764,0,0.007075863856594516,0.006156712006758124
765,1,0.9972035413904178,0.9970201733881277
766,1,0.9969845657702907,0.9967702981069348
767,1,0.9977636951044258,0.9976531194232438
768,1,0.9477670776580465,0.9331998679235721
769,1,0.7050614266081016,0.6249581725783452
770,1,0.8820303181414775,0.8454155756306948
771,0,0.5747834646941518,0.48223058715347594
772,0,0.029867817751977825,0.02379189927881211
773,0,0.536468865708474,0.44331100782185884
774,1,0.9373614958234051,0.9192688650201661
775,1,0.9644872112953675,0.955450286508566
776,1,0.9276195701235878,0.9062096780885883
777,0,0.8219790411591572,0.7673647819102989
778,1,0.2574405360749873,0.19512837810645492
779,0,0.05520551703742535,0.04259964772482024
780,1,0.9835361247938845,0.9802641924378023
781,1,0.929270041863991,0.9084222458584631
782,0,0.05666289504210091,0.04367208462559642
783,1,0.9912420535319142,0.9899218393940498
784,1,0.9974866819937229,0.9973413010990401
785,0,0.10228587083195474,0.07714330549873134
786,1,0.8712445055336078,0.8311919465635785
787,0,0.2679503359526575,0.20352232940595863
788,1,0.9975958970998262,0.9974645313644185
789,0,0.4908224235139614,0.3986341388258328
790,0,0.10872519985917159,0.08187801928267859
791,0,0.10503821353634282,0.07916619324077752
792,0,0.099686064174435,0.07523359199784832
793,1,0.9975628403313059,0.9974272717127934
794,1,0.22448943048137585,0.1691964394406688
795,1,0.9977827066905707,0.9976744274555451
796,0,0.10543027078704603,0.07945444393195211
797,0,0.02454729865240348,0.019774562034535127
798,0,0.021480252272878333,0.017440161761611832
799,0,0.2205137754973967,0.16610533994660936
800,0,0.08649455840754025,0.06555586452824351
801,1,0.9884692065293248,0.986489416736356
802,0,0.06746022748379947,0.05160263029089719
803,0,0.029435532926348332,0.023466803380133315
804,0,0.0553883962938651,0.042734256023097515
805,1,0.1307396515901002,0.09813009141761324
806,1,0.9976426634797582,0.9975171844125423
807,0,0.40669614334116244,0.3207858636005081
808,0,0.04287208590435803,0.03349264008225442
809,1,0.9878673095248623,0.9857371545479605
810,0,0.05906353763439383,0.04543740489150893
811,0,0.015446296132791497,0.012793782086562623
812,0,0.15254142823022676,0.11435608771229384
813,1,0.9976870347007175,0.997567075528926
814,1,0.9629326520406025,0.9533932927188422
815,1,0.9979603058749398,0.997872867342398
816,0,0.013253544685869473,0.011082103585426443
817,0,0.2797231654524094,0.21299926502438968
818,0,0.504802352576596,0.41212716214353406
819,1,0.9899878914818088,0.9883765943512248
820,0,0.13759365151118225,0.10321542954989023
821,0,0.04407725483376215,0.03438560781471901
822,0,0.095213962830899,0.07195069951928854
823,1,0.9979286671537234,0.9978375988327921
824,1,0.9977476183024989,0.9976350910909407
825,0,0.021764989196064358,0.017657551530043655
826,0,0.03490673736780195,0.02756722833896793
827,0,0.04177060382235378,0.032675773847494344
828,0,0.07089744737158818,0.05412349280393866
829,1,0.9977336164749389,0.997619382505313
830,0,0.047327581674381954,0.03679016522688506
831,1,0.9457491596945233,0.9305011921450758
832,0,0.032911687716040555,0.026075399332849417
833,1,0.9924181313388527,0.9913582674239397
834,0,0.04774471723223081,0.037098391576106844
835,1,0.9978604961701212,0.9977614832707681
836,1,0.9979168478715136,0.997824414160658
837,1,0.9966313708538092,0.9963647183342644
838,1,0.7231930079490074,0.6461516993498814
839,1,0.8492076162070522,0.8023946230002802
840,1,0.9974617001093473,0.997313061901726
841,0,0.5240686312588547,0.43099588188714194
842,0,0.4503060981410377,0.36044243075777826
843,0,0.33621720840553715,0.25963786938597694
844,1,0.3123254204077608,0.23967160004338484
845,0,0.2158491966755135,0.16248847324043256
846,1,0.681959293820104,0.5984330913372196
847,0,0.059063958048466064,0.045437713920234095
848,1,0.9979309873441005,0.9978401864584814
849,1,0.06762228938383787,0.051721515352435354
850,1,0.9451873762751845,0.9297495753927808
851,0,0.05514353227653347,0.04255402159197858
852,0,0.060648046333842846,0.04660182757092768
853,0,0.46699802139763413,0.3760148718950824
854,0,0.03954810016392208,0.03102527565227488
855,1,0.9979243096499036,0.9978327385327324
856,1,0.997918374987592,0.9978261179786807
857,0,0.009866941075547309,0.008404821917193517
858,1,0.9979676643861917,0.9978810647692019
859,1,0.9414303857548185,0.9247201444389519
860,0,0.04500723807745559,0.0350741405734542
861,0,0.7357184868357493,0.6609856391014748
862,1,0.9931236885033916,0.9922133360245453
863,1,0.9940650244323261,0.9933452391470929
864,0,0.033706571983751335,0.026670216343857623
865,1,0.9944859754349537,0.9938477391226266
866,1,0.11918189329173753,0.08958354351291052
867,1,0.9963833339118126,0.9960781636825111
868,1,0.9975187880238046,0.9973775654697122
869,0,0.10565014347589885,0.07961611142209575
870,1,0.9288522350497084,0.9078621351095209
871,1,0.6645324272731923,0.5787768158501355
872,0,0.05298014297734892,0.04096083494356241
873,0,0.36010130218831915,0.2799726128643701
874,1,0.9227235250751107,0.8996476513357303
875,1,0.7985049606708309,0.7377018393317751
876,1,0.9848255195186189,0.9819033898123712
877,1,0.9802397065153439,0.9760420563003661
878,1,0.8763431627289877,0.8379059408070402
879,1,0.7452754714781705,0.6724100803521315
880,0,0.02682833364140116,0.021501391830081033
881,1,0.24532363325756723,0.18552612408042818
882,0,0.5182562147320512,0.42526964187956856
883,1,0.9977995595547327,0.9976933056662132
884,0,0.10907494936299574,0.08213539173726427
885,0,0.11049807515014745,0.08318287503055831
886,0,0.08805626436005112,0.06670078797469184
887,1,0.9973427880158791,0.9971783907003254
888,1,0.873670361512263,0.8343841054539902
889,1,0.18349430525745292,0.13767941785211998
890,0,0.013245739734104395,0.011075983625494055
891,0,0.022237940170332128,0.018018320451374997
892,1,0.9947884548445773,0.994207278171805
893,1,0.5496778644096817,0.4565790455454494
894,1,0.9863860215452624,0.9838764836356025
895,1,0.9973024779306883,0.9971326450854554
896,0,0.07365711345318571,0.05614670281792826
897,0,0.1625425067870323,0.12185226491606763
898,0,0.3047001737919918,0.23337533390890386
899,0,0.49183065261074355,0.39960174339360444
900,1,0.9880596841453209,0.9859778383903373
901,1,0.3932284566608578,0.30882891623749836
902,0,0.6491117460640736,0.5616341557806226
903,1,0.9967901266858172,0.9965473927179805
904,1,0.9967413597428205,0.996491341557956
905,0,0.07903099046838373,0.06008546492811547
906,0,0.7667731998142637,0.6984426432408718
907,1,0.9719810423367589,0.9653135008761149
908,1,0.8553096429316474,0.8103308554767369
909,1,0.9877938275092439,0.985645158880605
910,0,0.053287731159100064,0.041187444049619076
911,1,0.9663664586716227,0.957932417083588
912,0,0.3788634230058584,0.29622048134338375
913,0,0.11535409128065405,0.08676015509309014
914,0,0.6927302989506321,0.6107334460073147
915,1,0.9515119280768534,0.9382025737172205
916,1,0.9878352309286881,0.9856969979171102
917,0,0.08158407563024571,0.06195660052824935
918,1,0.997580469129836,0.9974471461441088
919,1,0.9646188510663312,0.9556243228582946
920,0,0.31944551251376807,0.24558362630638575
921,0,0.03253576983512435,0.025793890905224597
922,1,0.008704455707279651,0.007473939181538384
923,0,0.08773393530472658,0.0664644687883686
924,1,0.9278598026365453,0.9065317162847143
925,0,0.6952651312260797,0.6136450754085847
926,0,0.07895800666512771,0.06003197586776134
927,0,0.01973700391339234,0.016105923197160293
928,0,0.020186072467733025,0.0164501924200581
929,1,0.869150735797898,0.8284401274489064
930,1,0.9977420517418025,0.9976288467819168
931,1,0.8770164328205713,0.8387938467655187
932,0,0.033891611640426623,0.0268085995384325
933,0,0.01763821305935804,0.014491266216662971
934,1,0.4777802879919022,0.3861938089736256
935,1,0.9980601253705754,0.9979838929233118
936,0,0.0681603145185494,0.05211617655723037
937,1,0.9369606784584885,0.9187317005795851
938,1,0.9976666795937144,0.9975441961612866
939,1,0.9979372220520388,0.9978471388304657
940,1,0.9705185611463616,0.9633964767073814
941,0,0.015343090700810738,0.012713542234307939
942,1,0.6962929464230899,0.614827508680023
943,0,0.551055165444119,0.45797148356420925
944,1,0.9974699388726113,0.997322376977054
945,0,0.7380264912336286,0.663736230062375
946,0,0.16170544273238896,0.12122346866646844
947,0,0.6788080332897015,0.5948563077395579
948,0,0.06679946529768827,0.05111787605341496
949,1,0.9977595398484382,0.9976484606078782
950,1,0.9182716641967109,0.8936842583310077
951,0,0.07108412600030185,0.05426037109158122
952,0,0.5410365926648011,0.4478815709501228
953,0,0.0740510450063194,0.056435469156946416
954,1,0.7757254885026654,0.7094188304237355
955,1,0.9977026613129877,0.997584630775915
956,0,0.06981604290620864,0.05333051589725003
957,1,0.9970698198906169,0.9968677327819524
958,1,0.9716208055926046,0.9648417042098919
959,0,0.057995631650462134,0.04465229574673373
960,1,0.9942861790833036,0.9936095385240423
961,0,0.2555774542597936,0.193646761478691
962,1,0.9102862600977977,0.8830002429668772
963,1,0.9964427768646447,0.9961469609675919
964,0,0.031310288211999174,0.0248752207321995
965,1,0.9978604961701212,0.9977614832707681
966,0,0.5858047914550952,0.4936742462373993
967,0,0.38948828635693433,0.3055318082014335
968,1,0.9887384410241198,0.9868251493436522
969,0,0.5532824516046417,0.46022685960700593
970,1,0.9980258326378343,0.9979457931123895
971,0,0.5465915886879,0.45346503208614175
972,0,0.07003210661935838,0.05348896044765144
973,1,0.9974907879657262,0.997345940626894
974,0,0.10595073010818898,0.07983713941661237
975,1,0.9960033170580918,0.995636605837606
976,0,0.8705220771928674,0.8302421127761509
977,1,0.9912835873739974,0.9899727863580577
978,1,0.996743119801893,0.996493365497907
979,1,0.9894666109464936,0.9877306856205762
980,0,0.185986924475406,0.13957421545999907
981,1,0.6061256264699534,0.5150714135182839
982,0,0.04047652411268072,0.031715136244325634
983,0,0.3510253834850153,0.27220019579493415
984,0,0.06330151130002638,0.04855065081313427
985,0,0.11091886303486687,0.08349266811947881
986,0,0.041131162468818316,0.03220122627325651
987,0,0.1312716427914617,0.09852432460111414
988,1,0.16995982579052665,0.12743561415053553
989,0,0.012551672979025492,0.01053091093769842
990,1,0.9976641218755307,0.9975413202995067
991,0,0.42409891609114436,0.3364363366572919
992,1,0.933684663461949,0.9143405410543013
993,1,0.9975086980293518,0.9973661720271855
994,1,0.9565137485308898,0.944870061166448
995,0,0.42160083829085293,0.33417573641315196
996,1,0.99755368294421,0.9974169439765282
997,1,0.9968689060868767,0.9966378181513369
998,1,0.9979138099537113,0.9978210244748434
999,1,0.9900015598800889,0.9883935031157682
1000,1,0.9968397023678178,0.9966043148391384
1001,1,0.2914256481771572,0.22249953316888713
1002,0,0.22844580700882422,0.17228035298391836
1003,0,0.22111266152901454,0.16657047939346487
1004,1,0.9930648519074146,0.9921422394290805
1005,1,0.9883467978064904,0.9863366162716549
1006,1,0.6888574173561184,0.6062973004568156
1007,0,0.2361319688712022,0.1782941993369527
1008,1,0.9916286537700882,0.9903954588922723
1009,0,0.05079335159625677,0.039348812129281055
1010,0,0.611359455657905,0.5206456738891869
1011,0,0.013064960463262724,0.010934174074399295
1012,1,0.9979014229472762,0.9978071996853514
1013,0,0.04586413023631537,0.03570816542312797
1014,1,0.9978508888244442,0.9977507429446435
1015,0,0.06747069903736935,0.051610312089232474
1016,1,0.9976519320866435,0.9975276113505002
1017,1,0.997811229084197,0.9977063718835372
1018,1,0.10150269071115463,0.0765679084833213
1019,0,0.17022025754522735,0.12763203585084107
1020,0,0.025090808443801817,0.02018668973417227
1021,1,0.7500223060998745,0.6781185182117101
1022,0,0.019351402555585664,0.015809982568193864
1023,1,0.9225349730017753,0.899395004469504
1024,1,0.8315232579270639,0.7795699030362411
1025,1,0.9975456793631979,0.9974079153659045
1026,1,0.9979071322595144,0.9978135723777332
1027,1,0.9848677116718598,0.9819568978206902
1028,1,0.301063556047861,0.2303851887585329
1029,0,0.09653766107871553,0.07292214542799592
1030,0,0.39208661129189487,0.3078212592273349
1031,0,0.04167134507779489,0.032602127514418856
1032,1,0.9966927397825286,0.9964354032701094
1033,1,0.9977988669995048,0.9976925300734547
1034,1,0.054534500938216476,0.042105660583071344
1035,1,0.9976225028696148,0.997494494691583
1036,0,0.6884356791802462,0.6058151321647798
1037,1,0.6634549865749353,0.5775714348038826
1038,0,0.22309751118270033,0.16811332370347326
1039,1,0.9975643953274171,0.9974290251830397
1040,0,0.43079970927734235,0.3425236801836503
1041,1,0.9978363294496809,0.9977344604035959
1042,1,0.42021022378651207,0.33291937498975777
1043,0,0.19594394821155298,0.14716982388099695
1044,1,0.9908596195057233,0.9894520257804966
1045,0,0.03933806365576552,0.030869129331511792
1046,0,0.2681285425588349,0.20366519279888323
1047,1,0.3478866095517249,0.26952521858441325
1048,0,0.22627197409301433,0.17058492543049533
1049,0,0.42530165162780953,0.3375264314861907
1050,0,0.5340708741135213,0.44091892333319105
1051,0,0.569372928331543,0.47665378128692876
1052,0,0.012858973970177006,0.010772453233239426
1053,0,0.9141585845079152,0.8881788144802389
1054,0,0.11092733851771727,0.08349890830757334
1055,0,0.11986387071011752,0.09008692061157396
1056,1,0.9963803552578911,0.9960747142875924
1057,0,0.03001862556019356,0.02390526384193151
1058,0,0.011234056364236735,0.009491224875109214
1059,0,0.04008232182953914,0.0314222956816134
1060,0,0.011274067230935296,0.009522897402744594
1061,0,0.02803245330115339,0.022410139616631047
1062,0,0.6203627319872311,0.5302957523469286
1063,0,0.6722679273398843,0.5874646494081699
1064,1,0.9924195869981645,0.9913600369749594
1065,1,0.7460976803522366,0.6733972335461339
1066,1,0.6949773780082995,0.6133142242158285
1067,0,0.012304204343475351,0.010336148729445377
1068,0,0.017503450277695315,0.01438724996905769
1069,0,0.0464222449563296,0.03612092628013994
1070,0,0.051849194930433606,0.04012735491089168
1071,1,0.996790347897291,0.9965476468417936
1072,1,0.25008023833147114,0.1892861276988806
1073,0,0.014368492260258815,0.011954291205214438
1074,0,0.09693787017200345,0.07321589484429333
1075,0,0.09379916831255675,0.07091261640262107
1076,1,0.7824763509057322,0.7177480735069861
1077,0,0.017552253267823156,0.014424923397416757
1078,0,0.1079863436926505,0.081334386754114
1079,1,0.5921402785878992,0.5003036709132624
1080,1,0.9974380177361606,0.9972862743093938
1081,1,0.940386292149888,0.9233216760924838
1082,0,0.16335256125476125,0.12246101904275325
1083,1,0.9615310362993583,0.9515360384565472
1084,0,0.04698245668923069,0.03653508848365168
1085,0,0.6467666269782256,0.559047655722057
1086,0,0.8246617840447641,0.7707872121865564
1087,0,0.14362352806025033,0.1077008962824796
1088,1,0.7938668701893874,0.7319024582355652
1089,0,0.08333339511231434,0.0632387154918221
1090,0,0.03021572468295207,0.024053388556987465
1091,1,0.9977759012572718,0.9976668013975812
1092,0,0.014984432244422623,0.012434457474543565
1093,1,0.9789885884456462,0.9744292671337622
1094,1,0.997894577412985,0.9977995572002866
1095,1,0.9954848766142934,0.9950297244783889
1096,0,0.07287219933546608,0.05557130589360386
1097,1,0.037674047033495674,0.029630967767899745
1098,1,0.9548864693188571,0.9427029790175793
1099,1,0.6341978254487127,0.5452767560834715
1100,1,0.9905571918692236,0.9890796222657076
1101,1,0.9910716162311699,0.9897126160607419
1102,0,0.021919132281907814,0.01777517566609223
1103,1,0.997390077820986,0.9972319974809727
1104,0,0.021852196820271147,0.017724103449844184
1105,1,0.9955820708883569,0.9951438688686544
1106,1,0.9573412000637849,0.9459711207432869
1107,0,0.04889159873007179,0.037945440907380175
1108,0,0.31967844031454906,0.24577757511959722
1109,0,0.027679298935089948,0.02214380434186847
1110,0,0.08150662374973956,0.061899835800804645
1111,0,0.020344653281671107,0.016571669371122904
1112,1,0.9926378467569792,0.9916251129738585
1113,1,0.9499852659076746,0.936164077193013
1114,0,0.014557891637483323,0.012102061959070447
1115,0,0.07754890285316483,0.05899924844739828
1116,0,0.02364238754113681,0.019087404210881363
1117,0,0.355188601333872,0.27575851833051174
1118,1,0.9967986229565791,0.9965571522375943
1119,1,0.8879671442099006,0.8532768106060423
1120,0,0.09552680117604745,0.07218026945724271
1121,0,0.02250615302892506,0.018222741846799066
1122,1,0.9977268843893584,0.9976118274671081
1123,1,0.9471746573698583,0.9324077826270412
1124,1,0.9729436951319885,0.9665729211319685
1125,0,0.1451697939553515,0.10885296021779418
1126,1,0.996486483499756,0.9961974965908343
1127,1,0.9960050537899647,0.9956386304103255
1128,0,0.04311328245520185,0.03367141909172949
1129,0,0.03515208778163723,0.027750451087669124
1130,1,0.9466851552141602,0.9317531789258459
1131,1,0.9960257381993407,0.9956627384789627
1132,1,0.9956786149098321,0.9952570848545057
1133,0,0.09536250457267484,0.07205970241662586
1134,0,0.018737718196767943,0.01533834854125375
1135,1,0.9978933629989939,0.997798201229183
1136,1,0.4081528020270473,0.32208714154441886
1137,1,0.042006960683261804,0.0328511180271198
1138,1,0.3461238246849655,0.26802581406625126
1139,0,0.05860926595877222,0.04510346451005328
1140,1,0.9868625935077144,0.9844764930991357
1141,1,0.9443844577277494,0.9286751267685345
1142,0,0.027994349715238835,0.022381410799174193
1143,1,0.9975186990965242,0.997377465068266
1144,1,0.14720974295975225,0.11037403181780203
1145,1,0.9072752413209468,0.8789771453800016
1146,1,0.9978777534598322,0.9977807674681045
1147,1,0.9003462119770145,0.8697331463716941
1148,1,0.9976190445187998,0.9974906011858221
1149,0,0.23721416272353124,0.17914336922936516
1150,1,0.997609729305743,0.9974801119628502
1151,0,0.05496828339258433,0.04242501709810928
1152,0,0.1091637651965732,0.08220075286493832
1153,1,0.46905190074165415,0.37794651259166134
1154,1,0.9969402017819078,0.9967195219894837
1155,1,0.9960339625018635,0.9956723217384608
1156,1,0.9964430334569941,0.9961472577732442
1157,0,0.22502850448404543,0.16961617604059967
1158,1,0.5434895136866322,0.4503436673258483
1159,0,0.16688741868494106,0.12512033617274318
1160,0,0.10244424248088069,0.077259671365531
1161,0,0.16984853436956773,0.12735168446728456
1162,1,0.9974765185613006,0.9973298147648562
1163,1,0.9941087735720073,0.9933975750368842
1164,1,0.7799746991777016,0.7146563159151952
1165,0,0.040367977527800344,0.03163451045537088
1166,0,0.029245038793788765,0.023323476834408743
1167,1,0.9968743533218908,0.9966440650527474
1168,1,0.9423855791004714,0.9259992792696724
1169,1,0.9827809693912812,0.9793007641884902
1170,0,0.06221293673303157,0.04775131508288702
1171,1,0.6189643171530862,0.5287917795412943
1172,1,0.6486122027067698,0.5610827429290897
1173,0,0.10366067527986869,0.07815359310220812
1174,0,0.98063629781591,0.9765521843748064
1175,0,0.061194947437068506,0.04700360850575707
1176,1,0.8932143291767258,0.860242201806548
1177,0,0.052648385613204354,0.040716384007758066
1178,1,0.9979978064195472,0.9979146220853388
1179,0,0.08313790754725688,0.06309543451311841
1180,0,0.01628114593018811,0.013441781377530083
1181,1,0.9979059453822361,0.9978122476910016
1182,0,0.01923747830489622,0.015722489061920492
1183,1,0.9977960440030884,0.9976893684280991
1184,1,0.9978440915400528,0.9977431420991206
1185,1,0.9200937833694053,0.8961245516743677
1186,0,0.04147610373913482,0.03245724814789239
1187,0,0.048353005133534493,0.03754772404979436
1188,0,0.09341736874194252,0.07063251326034939
1189,1,0.9967536855920802,0.99650551384422
1190,1,0.19700697129008726,0.14798331158135275
1191,1,0.9275053945162604,0.9060566239771121
1192,1,0.9629631759083706,0.9534337122981271
1193,1,0.0913578957217138,0.069121848384628
1194,1,0.993531212424283,0.9927046814890208
1195,1,0.9978914814957598,0.9977961003054818
1196,0,0.10478017976012206,0.0789764941447003
1197,0,0.20972873164318445,0.15775861670947977
1198,0,0.4604424331578846,0.36987228749307144
1199,1,0.9967524679870468,0.9965041140000183
1200,0,0.05265485652458081,0.04072115236988075
1201,0,0.06499358051627295,0.049792728416939894
1202,0,0.6724712968451612,0.587693857488958
1203,1,0.9975335275986291,0.9973942035042913
1204,1,0.9926057909945882,0.9915862124925576
1205,1,0.6623929353860661,0.5763843947822638
1206,1,0.9508976284203601,0.9373824917210815
1207,0,0.07748969471075272,0.05895585438341946
1208,0,0.9326746990271829,0.9129866088716135
1209,0,0.012172651287462286,0.010232521711587967
1210,1,0.8803817355627934,0.8432365187907395
1211,0,0.011495436782248744,0.009698014226773
1212,0,0.023552285426407985,0.01901891399042457
1213,1,0.9600112510781124,0.9495196032265664
1214,0,0.12617849364427458,0.09475318759686105
1215,1,0.9977344282860977,0.997620293452391
1216,1,0.4979438094512035,0.40548686758245234
1217,1,0.99774995641314,0.997637713563225
1218,1,0.5386706611256592,0.4455118597802576
1219,0,0.44019948734527903,0.35112129118164825
1220,0,0.36110085109245504,0.28083204663245465
1221,1,0.9061305992713916,0.8774486754301251
1222,1,0.959417630064959,0.9487313066603846
1223,1,0.8568810446511762,0.8123794258680652
1224,0,0.40767360483023973,0.32165888585145713
1225,1,0.9605565498384137,0.950243396999487
1226,0,0.016824848619083257,0.013862805029980182
1227,1,0.5538259261155055,0.4607778666211972
1228,1,0.9957334015807608,0.9953212581158966
1229,0,0.014905047022345816,0.012372634737665285
1230,1,0.8783055614431308,0.8404947926489365
1231,0,0.012790628453295975,0.01071876197311281
1232,0,0.20925009139812104,0.15738947626185373
1233,0,0.04986771023825269,0.038665928680440366
1234,0,0.12462613314116891,0.09360512957007244
1235,1,0.6081218586227489,0.5171944147372824
1236,0,0.06948062708092362,0.05308453885514237
1237,0,0.44268482311056023,0.3534060280651467
1238,1,0.9978469669236971,0.997746357603317
1239,1,0.9976738958907487,0.9975523089116852
1240,1,0.991224293560995,0.9899000496994717
1241,0,0.02109229221747081,0.017143726469467824
1242,1,0.7386338672878803,0.6644609673212574
1243,1,0.9949916899367197,0.9944480868281975
1244,1,0.47653873782193257,0.3850168827657773
1245,1,0.9979650339973746,0.9978781347307875
1246,0,0.034138864263948736,0.02699346113184859
1247,1,0.9604366262368719,0.950084246210367
1248,1,0.9977960440030884,0.9976893684280991
1249,0,0.03497995185544883,0.027621908793667292
1250,1,0.997678976614954,0.9975580197735756
1251,1,0.9979109205875006,0.9978178002311131
1252,1,0.997237180736628,0.9970584454065481
1253,0,0.4605265339445842,0.3699508705015266
1254,1,0.8001307611037124,0.7397395808363347
1255,1,0.6526271600910111,0.5655215163145169
1256,0,0.07090501799995892,0.0541290438682964
1257,1,0.9292646983918199,0.9084150823712865
1258,0,0.14048676520214437,0.10536613945169249
1259,0,0.2102347966207347,0.15814902529216252
1260,0,0.14287242295067493,0.10714155174285532
1261,1,0.9855240023100762,0.9827880832304389
1262,1,0.9884804978170247,0.986503506498213
1263,0,0.08314549899918688,0.06310099858357204
1264,0,0.07828966105356029,0.05954215055536087
1265,0,0.1549698203124209,0.11617298921426722
1266,1,0.20470959193451127,0.15389305060327807
1267,1,0.7728293484581397,0.7058592843901572
1268,0,0.1748386776857304,0.13111974703406737
1269,1,0.27374425887832676,0.20817640437813345
1270,0,0.3006960789000664,0.23008348808456333
1271,0,0.0535584603985446,0.041386872204522134
1272,0,0.0278421375031599,0.022266630069608103
1273,1,0.9484638203271913,0.9341312166098679
1274,0,0.09319248629929106,0.07046753760224492
1275,1,0.9455772960018187,0.9302712672196928
1276,1,0.953249654997902,0.9405210810785907
1277,1,0.9923848491708609,0.991317802524232
1278,1,0.8778197492241049,0.8398536556057068
1279,0,0.018984486173244774,0.01552809366593481
1280,0,0.050183401604917396,0.03889886464596127
1281,0,0.6571312435990556,0.570519912230082
1282,0,0.17955445519208388,0.13468978984890648
1283,0,0.15505776020630757,0.11623882365058733
1284,0,0.036278766829448715,0.02859119037913834
1285,1,0.9980553371037211,0.9979785758055867
1286,1,0.9171730242708424,0.8922132674450206
1287,0,0.26451377746852855,0.20077083557453157
1288,0,0.3470482355197019,0.26881184737349284
1289,0,0.062012167150582685,0.04760386700542842
1290,0,0.1225889846966444,0.09209946889034903
1291,1,0.9902258464157864,0.9886707551439756
1292,0,0.042415806059565735,0.033154346368998645
1293,0,0.053056641491414994,0.041017196562773264
1294,1,0.9964966863616463,0.996209287572476
1295,1,0.9784886079426413,0.9737833344274206
1296,0,0.016605493264043324,0.013693035432552639
1297,1,0.9874263246675082,0.9851845696155609
1298,1,0.997147618773383,0.9969564808139525
1299,0,0.12139992532383984,0.09122110625015244
1300,0,0.29770576278346983,0.22763148446377912
1301,1,0.9338123033295103,0.9145116476014071
1302,1,0.997811229084197,0.9977063718835372
1303,0,0.14993082884426576,0.11240512304181166
1304,1,0.1921636330045717,0.14428096258773557
1305,1,0.7348035806682569,0.659896771215704
1306,0,0.07571040111079637,0.05765175847049634
1307,0,0.8274818086346505,0.7743917629295234
1308,0,0.04355326494036124,0.0339974572922576
1309,1,0.9978349819255026,0.9977329530176812
1310,0,0.048427990112964385,0.03760310307892771
1311,1,0.9980009589608073,0.9979181298581062
1312,0,0.9318540437534069,0.9118864281671759
1313,0,0.0834775333917088,0.06334436117737054
1314,0,0.15540119598324414,0.11649595597561097
1315,0,0.08412310590489772,0.0638175397905209
1316,1,0.9935372849841388,0.9927119882525585
1317,1,0.6724305368149719,0.5876479155068337
1318,0,0.9548679107530997,0.9426782516702297
1319,0,0.16129689505281117,0.12091666457910749
1320,1,0.9938965262178665,0.9931434359090393
1321,0,0.25012964611379485,0.18932524725342653
1322,1,0.9940402497497072,0.9933155907053227
1323,1,0.9974174178918913,0.997262959814479
1324,0,0.1275184368980406,0.0957446535866283
1325,0,0.05375477394688284,0.04153146833907022
1326,0,0.14284201098514254,0.10711890785542055
1327,1,0.9241276631113319,0.9015292735680387
1328,0,0.03943441517567533,0.030940763146681857
1329,1,0.3363242448302086,0.2597281503923575
1330,0,0.5290210940768814,0.4358981592457224
1331,0,0.07106450758827385,0.054245986426260835
1332,0,0.13893138382051926,0.10420956934026025
1333,1,0.9739105862301085,0.9678358175395149
1334,0,0.22353026416104776,0.16844996554835887
1335,1,0.9977247274962582,0.997609406587463
1336,0,0.3032472496708466,0.23217971833622045
1337,1,0.9943998252565711,0.9937450975224035
1338,1,0.5228323313811993,0.42977545144548585
1339,1,0.9977471147604415,0.9976345262838261
1340,0,0.08500989950917104,0.06446754885993883
1341,1,0.9961467986134646,0.9958036676639278
1342,1,0.998057728850205,0.9979812318251461
1343,1,0.9965528373695371,0.9962741374189917
1344,1,0.5033850420707684,0.41075167834693777
1345,0,0.015848593943887733,0.01310627639695037
1346,1,0.9980228325204276,0.9979424577813218
1347,0,0.09902454943767915,0.07474782318892409
1348,1,0.8070835106283503,0.7484823141443273
1349,1,0.9971649351220744,0.9969762121888951
1350,1,0.9977960440030884,0.9976893684280991
1351,0,0.6897364084980361,0.6073028127979222
1352,1,0.0714043329744963,0.05449514976083123
1353,1,0.9571025352808616,0.9456536014974746
1354,0,0.3776734630670725,0.29518264904745395
1355,1,0.9979644105728931,0.9978774402491208
1356,0,0.11169292623687119,0.08406264098311707
1357,0,0.30150353262013285,0.23074652047022204
1358,1,0.9976331550144188,0.9975064847571028
1359,0,0.03060756321796951,0.0243477392480256
1360,1,0.9979938825784889,0.9979102555782932
1361,0,0.14523607241311537,0.10890235895697202
1362,1,0.6795243170194823,0.5956684433679426
1363,0,0.14806059265776156,0.11100886424643347
1364,0,0.10496057873687151,0.07910911717604813
1365,0,0.7400585190029574,0.6661623538910443
1366,0,0.20623286967024063,0.15506498502047814
1367,0,0.02352723985844287,0.018999873559898697
1368,0,0.06824596581491599,0.052179001855104844
1369,1,0.9934007416594548,0.9925475868018635
1370,0,0.17276662125938994,0.12955394144249138
1371,0,0.039321799589143586,0.030857036971338146
1372,0,0.07493661865071799,0.057084599297786545
1373,0,0.11446222868209416,0.0861027801849506
1374,1,0.4880441213097465,0.39597218243396287
1375,0,0.30167228866041707,0.23088514316676267
1376,1,0.9979266102118147,0.9978353046343065
1377,0,0.06935122852863601,0.052989641546335196
1378,0,0.01321355699895436,0.011050746552344589
1379,1,0.9980467167997947,0.9979690011730344
1380,1,0.9962190795497099,0.9958876714329968
1381,0,0.09484151821715958,0.0716774030765531
1382,1,0.9927820317196847,0.9917999501321128
1383,0,0.03043116437232373,0.024215248215192872
1384,1,0.5409726717099292,0.44781748250212206
1385,1,0.9976944365574323,0.9975753919261845
1386,1,0.9841069051909781,0.9809907557771715
1387,1,0.2090374835583895,0.1572255418599502
1388,1,0.7415942061743777,0.6679986273305802
1389,1,0.9895604395404307,0.9878470952827211
1390,0,0.02373772871347669,0.0191598628522464
1391,0,0.023903308713206776,0.019285668565072335
1392,1,0.9584253329409056,0.9474127786482601
1393,0,0.579494687342175,0.4871085660830421
1394,1,0.9914029699894025,0.9901191400973591
1395,1,0.9867085351332631,0.9842826702212443
1396,1,0.994794320533457,0.9942142370749577
1397,0,0.027621967864276314,0.022100552825971596
1398,1,0.9950131292493896,0.9944734527266186
1399,0,0.24512391590685406,0.185368515524268
1400,1,0.9977960440030884,0.9976893684280991
1401,0,0.06439830774341142,0.049355816073769036
1402,1,0.9979511158506351,0.9978626267812325
1403,0,0.023312967020595855,0.018836935549432155
1404,1,0.6685581395357433,0.5832907343360226
1405,1,0.9976730292978262,0.9975513347550876
1406,0,0.042198535584838784,0.032993215681230474
1407,0,0.9588084614738284,0.9479219833124035
1408,0,0.04873412852332031,0.0378291720037246
1409,1,0.9979487022971341,0.9978599368104857
1410,1,0.9967391271138004,0.9964887740913885
1411,0,0.49024075469343786,0.39807629430023633
1412,1,0.9979201531724405,0.9978281018096935
1413,0,0.6339658582268082,0.5450240491235308
1414,0,0.8220201116125734,0.7674171272225956
1415,0,0.25833749612737045,0.19584236598254323
1416,1,0.33435292167548547,0.25806662325992835
1417,1,0.2245734827205039,0.16926187511471247
1418,0,0.22560376708855087,0.17006424969882475
1419,1,0.07198111598167214,0.05491803242561792
1420,1,0.9979046323949525,0.9978107821921867
1421,0,0.15639447210003568,0.11723986155248349
1422,0,0.052626641734766846,0.04070036101489929
1423,1,0.9468807002343314,0.9320146913452683
1424,0,0.013445771772185335,0.011232766286433481
1425,1,0.2317788092230544,0.17488447729694656
1426,0,0.08095705671518043,0.06149705886360309
1427,1,0.9750279759423705,0.9692925479604739
1428,0,0.9636001863180756,0.9542769657491924
1429,1,0.6527963337594114,0.56570889553083
1430,0,0.5974252199630423,0.5058625897101443
1431,0,0.05234933599411504,0.04049600102763601
1432,1,0.8114772406746952,0.7540306821032147
1433,1,0.5615911536923799,0.46867989463318793
1434,0,0.08991522072135458,0.06806384254725156
1435,0,0.06842868780907337,0.05231302584431345
1436,1,0.9962268934472394,0.9958967462400252
1437,1,0.9968688638948209,0.9966377697625406
1438,0,0.0493465911738906,0.0382813286284271
1439,0,0.005636203026705881,0.004976569312587401
1440,1,0.997387838040078,0.9972294599796226
1441,1,0.8233491575017462,0.769111854461786
1442,1,0.9977476183024989,0.9976350910909407
1443,1,0.9973159878337206,0.9971479818766903
1444,0,0.15575445783225214,0.11676048845747482
1445,0,0.021810141081202966,0.017692010577162267
1446,1,0.9111920823955125,0.8842111788919296
1447,1,0.2574761498496231,0.19515671853527336
1448,1,0.9969323187349243,0.9967104943684816
1449,0,0.07265993569730629,0.05541569537772989
1450,0,0.060777481796671744,0.0466969229305879
1451,1,0.9974378081753111,0.9972860371961508
1452,1,0.8905161802943851,0.8566585854550756
1453,1,0.1447177705780589,0.10851609540371408
1454,0,0.2539692197800123,0.19236933961827585
1455,0,0.06534330334377253,0.05004938926959357
1456,0,0.0833934716160987,0.06328274829318385
1457,1,0.9705795762937126,0.9634765405468901
1458,0,0.012806444227009621,0.010731188089088895
1459,1,0.9972852516773169,0.9971130818834213
1460,0,0.011083501360857714,0.009371985989407541
1461,0,0.03011209497738149,0.023975513657815604
1462,1,0.8051475721402382,0.7460433768299832
1463,0,0.06723632694735562,0.051438376498737864
1464,1,0.2211514091243524,0.16660057972672704
1465,0,0.3825181096781004,0.29941423381926474
1466,1,0.8953720639695408,0.8631109086101671
1467,0,0.014918877231037311,0.012383406600310651
1468,1,0.9975772533779539,0.9974435214839169
1469,0,0.010856013088721628,0.009191634254377095
1470,0,0.18467365010028902,0.13857558567483996
1471,0,0.040731540013079284,0.03190452610282787
1472,1,0.9973914607636232,0.9972335641763523
1473,0,0.1866697323345487,0.14009371998420422
1474,0,0.025078388422336787,0.02017727683414212
1475,1,0.9375935876194623,0.9195798966471931
1476,0,0.00829264604211503,0.007142411003061935
1477,1,0.9466238495924111,0.9316711882341201
1478,1,0.8996645644930438,0.8688249278988885
1479,0,0.009387971831253481,0.008022127186551552
1480,1,0.9778218533189259,0.9729207463136743
1481,1,0.9967937891783534,0.9965515999728998
1482,0,0.02631231228057645,0.021111375441772953
1483,1,0.9979548849815922,0.9978668271496648
1484,1,0.9978609799816578,0.9977620240511574
1485,0,0.24193591885032129,0.18285554074488955
1486,1,0.9974891310535818,0.9973440684668482
1487,0,0.07038253525647759,0.05374592879625622
1488,0,0.03940592937322125,0.030919585656979446
1489,1,0.9978916900753398,0.9977963332158314
1490,1,0.5442225403283176,0.451080476674709
1491,1,0.9565639432235324,0.944936870793485
1492,1,0.9961176786940013,0.9957697951178928
1493,0,0.8754146851911904,0.8366819716721998
1494,0,0.04349570632412371,0.033954811025136526
1495,0,0.057836300070357685,0.04453513347410095
1496,0,0.019760511165407193,0.016123954627359403
1497,0,0.08167898397631164,0.062026159287938615
1498,1,0.9971783885894565,0.9969915363441565
1499,1,0.9979239642935156,0.9978323532973278
1500,1,0.8583846387745462,0.8143414151230846
1501,1,0.997715580792581,0.9975991386748457
1502,1,0.9979071322595144,0.9978135723777332
1503,0,0.3681972946104517,0.2869535599812346
1504,0,0.20498453452977763,0.15410449834061501
1505,0,0.019355323817904568,0.015812993602320902
1506,0,0.09098272411899208,0.06884669426834734
1507,1,0.8416120287024311,0.7925585983588013
1508,0,0.1369551814924286,0.10274113796699744
1509,1,0.9949936377536799,0.9944503916816273
1510,1,0.8147921053740523,0.7582285775780636
1511,0,0.11473050683185046,0.08630050501221981
1512,0,0.05596337945113364,0.043157409093483506
1513,1,0.997743913557517,0.9976309353964082
1514,1,0.9979182438767709,0.9978259717004091
1515,1,0.9882514242350492,0.9862174958428819
1516,0,0.06466417547207873,0.04955096180847775
1517,0,0.03186837233090175,0.02529376863499583
1518,0,0.008153940233181566,0.007030521674565811
1519,0,0.06253667868853882,0.04798905992763128
1520,0,0.04773954423410129,0.0370945696657118
1521,1,0.6902889230106787,0.6079352516143292
1522,1,0.9860354250985014,0.9834342864434854
1523,1,0.6578474139313104,0.5713165220438149
1524,0,0.23817149138970664,0.17989506661698004
1525,1,0.9978580669323855,0.9977587678647811
1526,1,0.9967072793753706,0.9964521371972698
1527,1,0.15269245151197897,0.11446902239855052
1528,1,0.9953723824192388,0.994897408777892
1529,1,0.9976256474019245,0.9974980345593403
1530,0,0.07524210633906697,0.05730851533280847
1531,1,0.8972543823807789,0.8656154415707096
1532,1,0.7118289904308284,0.632829906775017
1533,1,0.43642848662842065,0.34766386713259667
1534,0,0.09361550738538546,0.07077787367886687
1535,0,0.012631518948969925,0.010593703409539527
1536,1,0.8932539099598125,0.8602948019333312
1537,0,0.13083538837236,0.09820103157652534
1538,0,0.016310947788191074,0.013464878647188603
1539,0,0.038842459191775786,0.030500564837572002
1540,0,0.05901733494018353,0.04540344297997279
1541,0,0.06994290896381836,0.05342355025987674
1542,0,0.06537365370447644,0.050071662479836646
1543,0,0.0588398981756703,0.04527301104055033
1544,0,0.43381011631750827,0.34526972809899514
1545,0,0.020374865975014114,0.016594807476410078
1546,0,0.0879453674997913,0.06661948193543016
1547,0,0.9314733994831649,0.9113761260166016
1548,1,0.9806643862391364,0.97658829299527
1549,1,0.8115370701383164,0.7541063587728316
1550,0,0.05133822967539314,0.039750637906017315
1551,0,0.04610481334776746,0.03588618419625135
1552,1,0.9929739596006033,0.9920323312452962
1553,0,0.8196013346035771,0.7643369513082608
1554,0,0.2790892713634231,0.2124869559224199
1555,0,0.0942465188695097,0.0712408295534885
1556,1,0.9944631272283952,0.9938205273321913
1557,1,0.9928018035628141,0.9918239078846416
1558,0,0.08690949345593828,0.06586004918061256
1559,0,0.16662051571015132,0.12491937674380207
1560,0,0.695849038909014,0.6143166925247193
1561,1,0.997747394409793,0.9976348399586674
1562,0,0.08307811768497858,0.06305161225458523
1563,1,0.9816009099758018,0.9777905863097732
1564,0,0.03435906385862533,0.027158050469067514
1565,0,0.04266105514425066,0.03333619321089035
1566,1,0.997729634606743,0.9976149140635703
1567,0,0.11056718191734846,0.08323375055147253
1568,1,0.9902260560865029,0.9886710141453002
1569,0,0.0716301522515659,0.05466071769568511
1570,1,0.9977516287820791,0.9976395892129128
1571,1,0.8956041322832708,0.8634195900104025
1572,1,0.7744008290988159,0.7077897118929176
1573,0,0.07161212936498473,0.054647503678250525
1574,0,0.2430196328902018,0.18370918835010905
1575,0,0.010152066596142142,0.008632103898986037
1576,0,0.09018719439541184,0.06826328517149094
1577,1,0.2490611022265187,0.18847950026385857
1578,1,0.9974146218509123,0.9972597943404182
1579,1,0.5313542376190876,0.438215108448633
1580,0,0.061656298186527105,0.047342492735959606
1581,0,0.07075102011899144,0.05401612599089992
1582,1,0.9755831942966459,0.970015231500003
1583,1,0.9361714758362036,0.917673965647375
1584,0,0.01844465763644717,0.015112835177980089
1585,0,0.8233989884199344,0.7691754272449808
1586,0,0.05354649650645496,0.041378059710763075
1587,1,0.9979235255657104,0.9978318639024465
1588,0,0.05417639156672627,0.041841972012544845
1589,1,0.9777567164266805,0.9728364064655975
1590,0,0.037909230478083464,0.029806083853365077
1591,0,0.040868531389177176,0.03200624686092876
1592,1,0.9971205045069543,0.9969255688585973
1593,1,0.9697990890832499,0.9624518523297348
1594,1,0.7137000215716346,0.6350143376666578
1595,0,0.28783807090258706,0.21957846995882488
1596,1,0.9975858919691971,0.9974532578022838
1597,1,0.9978417082263744,0.9977404766500118
1598,0,0.3105086926914665,0.23816822070738455
1599,1,0.9664247868852357,0.958009373773656
1600,0,0.04495111053261448,0.035032598154900334
1601,0,0.051880010915088884,0.04015007145387079
1602,1,0.6341299213045628,0.5452027753531803
1603,0,0.06324279351510562,0.048507539986429905
1604,0,0.010199549761138873,0.008669916776275755
1605,1,0.9067582159155345,0.8782866832637397
1606,1,0.6549233427210595,0.5680672037818025
1607,1,0.9673635946484904,0.9592472794436809
1608,1,0.8631600896374558,0.8205843330990282
1609,0,0.035692016136421645,0.028153480894884897
1610,1,0.9429490029127685,0.9267536534342968
1611,0,0.012946339517304254,0.010841062386081991
1612,1,0.9976372507932496,0.9975110939992713
1613,1,0.9953594464230497,0.9948821797031004
1614,1,0.9432073501280337,0.9270995236618215
1615,1,0.9878715315076421,0.9857424392358995
1616,0,0.07031635703643455,0.053697401338817466
1617,1,0.6702266866077318,0.5851663404438059
1618,0,0.09830892064867607,0.07422238329407171
1619,0,0.6864068877878664,0.6034981256519788
1620,0,0.0443420192142047,0.034581678147322305
1621,0,0.06406673191196155,0.04911242510127056
1622,0,0.04893891129834026,0.03798037233766189
1623,0,0.04710246052847685,0.03662378775066735
1624,0,0.6957128853060204,0.614160056566331
1625,1,0.9971878075767839,0.9970022621016474
1626,0,0.11692651230194066,0.08791957692174573
1627,1,0.8027213649682302,0.7429917841097393
1628,1,0.9979480379916624,0.9978591963863478
1629,1,0.9911110481050394,0.989761043875035
1630,1,0.9567008954938427,0.9451191443333563
1631,1,0.9971375752331915,0.9969450328493279
1632,0,0.171381243705992,0.1285079917205415
1633,1,0.9974477082440849,0.997297237461871
1634,1,0.9904752485869422,0.9889785895020804
1635,1,0.9977537837827459,0.9976420060201148
1636,0,0.04613414391247171,0.035907876316838394
1637,0,0.020547703416459784,0.016727139284963676
1638,0,0.09791753355691644,0.07393504154007002
1639,0,0.44363063702853167,0.3542767735001144
1640,0,0.06463638585332618,0.049530564870484364
1641,1,0.9977127231717542,0.9975959301937
1642,1,0.8990703941437195,0.868033444563257
1643,0,0.018406881109874963,0.015083751873477826
1644,0,0.3351302854715521,0.2587215188872205
1645,0,0.04573307800951763,0.0356112220574493
1646,1,0.11492350485690034,0.0864427567990249
1647,0,0.053115332884976815,0.04106043714491431
1648,1,0.9978622278970795,0.9977634188704506
1649,0,0.011031918227134124,0.00933111044798312
1650,1,0.7378579709405562,0.6635352128628554
1651,0,0.42072945868113365,0.33338831007791514
1652,1,0.2165808963822451,0.16305512717287718
1653,0,0.058511791493965404,0.045031803482553596
1654,1,0.08836385833950375,0.06692631030027993
1655,1,0.8144724846992042,0.757823370930128
1656,0,0.0708214693295425,0.054067782632483866
1657,1,0.9264366130448907,0.9046239557247167
1658,1,0.9289682478984098,0.9080176609344396
1659,1,0.9642578359060168,0.955146980168256
1660,1,0.9977554480942963,0.9976438724179325
1661,0,0.23670022542545627,0.17874002017673227
1662,1,0.8783249171641117,0.8405203400655222
1663,0,0.01094451887677815,0.009261827578832524
1664,0,0.01571903226377029,0.013005684978941818
1665,1,0.9820635440150105,0.9783832944100144
1666,0,0.3112281760793511,0.23876336115175795
1667,0,0.5207690829969207,0.42774165089994004
1668,0,0.8007274073040715,0.7404880355595442
1669,0,0.6304795822656419,0.5412323598177128
1670,1,0.9945615940006519,0.9939377465798003
1671,0,0.08164751521674335,0.0620030956738435
1672,0,0.07252083826153481,0.05531372144179375
1673,1,0.997811229084197,0.9977063718835372
1674,1,0.9976781976313029,0.9975571442312198
1675,0,0.011787859117054846,0.00992903532061636
1676,0,0.09459614326745032,0.07149735754985707
1677,0,0.414263527705354,0.3275632894406268
1678,1,0.9899011634386515,0.988269272461831
1679,0,0.07240601594273866,0.05522954291010274
1680,0,0.048962475223917154,0.03799776951351945
1681,0,0.7427681433469426,0.6694039408429194
1682,0,0.04450951462385794,0.034705697040261455
1683,0,0.26593950613380063,0.20191154412369638
1684,0,0.2535983009282485,0.19207491862022563
1685,0,0.17090235393708048,0.1281466089177536
1686,0,0.4792297462942078,0.38756942654773585
1687,1,0.9978939131075135,0.997798815467194
1688,1,0.2144944894988013,0.1614400215576625
1689,1,0.997918013326441,0.9978257144775331
1690,1,0.9968526522952782,0.9966191739311205
1691,0,0.03479819233428713,0.02748615273751674
1692,1,0.8518605075414909,0.8058412532796039
1693,1,0.9836885108182172,0.980458310315064
1694,1,0.9485457773982708,0.9342407540126769
1695,1,0.9963040170672206,0.995986247403642
1696,1,0.9973700369359546,0.9972092874698096
1697,0,0.4159585435369445,0.3290872427603009
1698,0,0.13110298598501371,0.09839933263146387
1699,1,0.7761736081230278,0.7099703365086075
1700,0,0.5470516705937964,0.4539287075808403
1701,1,0.9977476183024989,0.9976350910909407
1702,1,0.9976768596548373,0.997555640359846
1703,0,0.03813726412794509,0.029975837517782385
1704,0,0.04169354064325169,0.03261859632479816
1705,1,0.9963101020733374,0.995993303715667
1706,0,0.17344503877306028,0.13006641806907626
1707,1,0.9892153898623901,0.9874186925498666
1708,1,0.997040199119519,0.9968339013322711
1709,0,0.04342766077600022,0.03390439242430202
1710,0,0.08605012572623474,0.06523006578495677
1711,0,0.06593957980836235,0.05048695412097427
1712,1,0.910258768143041,0.882963495220482
1713,1,0.9283118427591482,0.9071376981807994
1714,0,0.09094241525551258,0.06881713211843517
1715,0,0.058547106072189756,0.0450577662285941
1716,0,0.4466167885734273,0.3570305293265242
1717,0,0.1267674437323316,0.09518891228106185
1718,1,0.93740145566376,0.91932241674648
1719,0,0.15554395966635187,0.11660285617045583
1720,1,0.9963875191274375,0.9960830100009364
1721,1,0.9943790170999658,0.9937202905680622
1722,0,0.010981171876012616,0.009290886968128105
1723,0,0.13505851152793658,0.10133289579089662
1724,1,0.9952012476851383,0.9946957131927512
1725,1,0.9960910789681522,0.9957388392692362
1726,1,0.9963210184689726,0.9960059606679388
1727,0,0.04049965124205945,0.031732313536095104
1728,1,0.9958319021453268,0.9954364966870322
1729,1,0.1675571832109936,0.12562474216918257
1730,0,0.15688382213304566,0.11760648454285848
1731,1,0.9967995545243375,0.9965582222077033
1732,1,0.9952916691965846,0.994802342318838
1733,0,0.07785295330038132,0.059222088194707284
1734,1,0.926500272886049,0.9047092870240702
1735,0,0.27442999368449444,0.208728502616241
1736,1,0.9978849572633923,0.9977888142345778
1737,1,0.9977972223544178,0.9976906881687941
1738,0,0.6594434455710882,0.5730936384148229
1739,1,0.9815410135303344,0.9777137895374883
1740,1,0.9956867977414953,0.9952666730981173
1741,1,0.9973022527503954,0.9971323894109848
1742,1,0.9840367692997188,0.9809015561437319
1743,1,0.9951375376301479,0.9946205035329845
1744,1,0.9662035505076747,0.9577174528012221
1745,0,0.062044851634994,0.04762787148341341
1746,1,0.9876008563448857,0.9854034111930113
1747,1,0.9975328523619917,0.9973934414436462
1748,1,0.9977729414105527,0.9976634841478368
1749,0,0.3201151399564796,0.24614128886143233
1750,0,0.05770442211889336,0.04443815400078535
1751,1,0.9856559077773033,0.9829548802262984
1752,0,0.06998297465302877,0.0534529312161302
1753,0,0.5119693808320163,0.41910895466294745
1754,0,0.07019379455465657,0.05360752714495614
1755,0,0.014123972445659728,0.011763351766736516
1756,0,0.8614060316453067,0.8182892344962391
1757,1,0.9314988123162452,0.9114101952298544
1758,0,0.38454785341901826,0.30119209858474816
1759,1,0.9556271320953922,0.9436896085157922
1760,1,0.11579966156128053,0.08708864059876173
1761,0,0.3164817485290452,0.24311883537220724
1762,1,0.8462440127045621,0.7985511389468052
1763,1,0.9904295144727394,0.9889221775796382
1764,1,0.9044700236241083,0.8752322178952827
1765,1,0.9727747984027122,0.9663521022075867
1766,0,0.48090806468498903,0.38916440955546494
1767,1,0.9753529884057474,0.9697156860600298
1768,1,0.9960864167144554,0.995733412048811
1769,0,0.8489131683195612,0.8020124311355447
1770,1,0.997746803385602,0.997634177020291
1771,0,0.22448603122996674,0.16919379315669306
1772,0,0.15135504943164887,0.11346919006384276
1773,0,0.087626999730135,0.06638606922337545
1774,1,0.9979239642935156,0.9978323532973278
1775,0,0.08228121790676832,0.06246754315040736
1776,1,0.9977960440030884,0.9976893684280991
1777,0,0.049675449770002836,0.03852404798670322
1778,0,0.07008705643443254,0.053529255733405494
1779,1,0.9924392431986092,0.9913839296192665
1780,0,0.1317146590531214,0.09885268274339656
1781,0,0.06297784470493664,0.04831300603107607
1782,0,0.20268024742119928,0.15233343763895943
1783,1,0.9977420517418025,0.9976288467819168
1784,0,0.04899395587473525,0.038021011221621916
1785,1,0.8810892474525216,0.8441714770497972
1786,0,0.6898015717404286,0.607377386370286
1787,1,0.8752029147427558,0.8364028866736215
1788,0,0.22894210025943149,0.17266775802625903
1789,0,0.05790038187544839,0.04458225590986705
1790,0,0.03871032439506493,0.030402271759180033
1791,1,0.9978752232757258,0.9977779407712062
1792,1,0.9979349081809352,0.9978445587806742
1793,0,0.948331532286033,0.9339544035155727
1794,0,0.42369460386837543,0.3360701376706758
1795,1,0.9303718957101682,0.9098994136664933
1796,1,0.9968083999877517,0.9965683807925058
1797,1,0.9891332711516836,0.987316611577296
1798,1,0.9977516287820791,0.9976395892129128
1799,0,0.19134640064388683,0.14365727127194292
1800,0,0.015564576580283037,0.01288570567918419
1801,1,0.9965366431959743,0.9962554416734781
1802,0,0.05371103000918434,0.04149924951141157
1803,0,0.3966708233497927,0.31187248094119596
1804,1,0.9974714839519262,0.9973241236775442
1805,1,0.9969872889233848,0.996773413220983
1806,0,0.09308818405047403,0.07039102230873812
1807,1,0.6625535908713116,0.5765638855963177
1808,1,0.9971325414797476,0.9969392941894687
1809,1,0.9971279733901462,0.9969340858157842
1810,1,0.9978295861784664,0.9977269165166162
1811,1,0.9736092822147311,0.9674425012897541
1812,0,0.9876081572956668,0.985412561702784
1813,0,0.04623837844093486,0.035984962087326655
1814,0,0.4610358218488338,0.3704268659710469
1815,1,0.9894379187728495,0.9876950755386472
1816,1,0.9730263529857488,0.9666809666352332
1817,1,0.9606099906484291,0.9503143132477192
1818,0,0.06572376987441086,0.05032859244615753
1819,0,0.20103185998182171,0.15106799118747194
1820,0,0.8008538355939115,0.7406466753135003
1821,1,0.7599166028401416,0.6900896255053008
1822,0,0.023369536754374642,0.018879959647326507
1823,1,0.06575714654658463,0.050353084731968215
1824,0,0.04370660954399219,0.03411106429165051
1825,0,0.49928485217654317,0.40678210045211144
1826,0,0.2385594069923696,0.18019979471452555
1827,0,0.18554956750874438,0.13924156279322564
1828,1,0.997503011411097,0.9973597494237308
1829,1,0.9198166084083499,0.8957532950645312
1830,1,0.9964514971286894,0.9961570470729816
1831,0,0.10634106350707426,0.08012418339534501
1832,0,0.026911639072921822,0.021564322214467073
1833,0,0.45417470847335634,0.3640317371821829
1834,0,0.09702260178010633,0.07327808949361586
1835,1,0.5639525969874527,0.47109379422736636
1836,1,0.9951299419021712,0.9946115324254452
1837,0,0.019501910622186848,0.015925530766164035
1838,1,0.9924440435957573,0.9913897640290112
1839,0,0.04555695829705737,0.035480927499720996
1840,0,0.02902710938271073,0.023159457010182502
1841,0,0.5873580420535546,0.4952960904612653
1842,1,0.9591951742548319,0.9484358024275361
1843,0,0.25640185371807567,0.19430213072084077
1844,1,0.997529457471563,0.9973896098141706
1845,0,0.6101052297898693,0.5193074918246668
1846,1,0.9957892466330873,0.9953866147774433
1847,0,0.21170538105519057,0.15928420864570747
1848,0,0.04021496354351916,0.03152084237326541
1849,0,0.13628705992515922,0.10224494927974713
1850,1,0.9138812051012444,0.8878077075199544
1851,1,0.9976071872234771,0.9974772490174572
1852,1,0.9406660840710765,0.9236964591419667
1853,0,0.03800493886291735,0.029877336065834818
1854,0,0.121421080967966,0.09123673100550271
1855,1,0.9907433330848849,0.9893089227751466
1856,1,0.981566937239278,0.9777470295218623
1857,1,0.7450267483803722,0.6721115941644158
1858,1,0.982790719133871,0.9793132181629033
1859,0,0.1514511072945187,0.11354098183905327
1860,0,0.023637307052623978,0.019083542671043004
1861,0,0.018965456795241496,0.015513466252066772
1862,0,0.6776914794901436,0.593591358513826
1863,1,0.9944782613348182,0.9938385525968985
1864,1,0.9706039868232486,0.9635085699287642
1865,1,0.8942781921893566,0.8616562965149319
1866,1,0.7935591734612553,0.7315184505052339
1867,0,0.9523800382574694,0.9393610771931779
1868,0,0.038039590894067735,0.029903131882888644
1869,1,0.9978418770431853,0.9977406654578369
1870,0,0.2807233107336779,0.21380805184820473
1871,1,0.3557789791860274,0.27626407045316714
1872,1,0.2234856016937179,0.16841521798060852
1873,1,0.9978878997187882,0.9977921004712235
1874,1,0.986423218053787,0.983923359598112
1875,0,0.21314958618730678,0.16040002860487299
1876,0,0.11472822926615903,0.0862988263493124
1877,0,0.6616352122940468,0.5755381798734504
1878,1,0.6285192043102175,0.5391054160188552
1879,1,0.5934135911633596,0.5016405940033789
1880,0,0.0741879916188352,0.05653585418591641
1881,1,0.996835458181325,0.9965994440556942
1882,0,0.012895922313156297,0.01080147245659915
1883,1,0.7199197491083178,0.6423011995207992
1884,0,0.06826018624280945,0.05218943247089995
1885,0,0.06611314286090986,0.050614310239238174
1886,0,0.16089324048936068,0.12061359528486142
1887,1,0.9976485878422385,0.9975238494844635
1888,1,0.9978479508645555,0.9977474578647747
1889,1,0.9864947889373585,0.9840135337236949
1890,0,0.019725309800851236,0.016096952713366607
1891,1,0.9962898913149103,0.995969863868301
1892,0,0.03682147076613476,0.028995797296437177
1893,0,0.015641387736036214,0.012945379886754609
1894,0,0.015458098474857788,0.01280295622732621
1895,0,0.00754682805328989,0.006539381953360797
1896,0,0.06708496730789615,0.05132733530718436
1897,0,0.034128499386126075,0.026985712792787175
1898,0,0.5429577589026533,0.4498094684141546
1899,0,0.032910976822320456,0.026074867102663674
1900,1,0.5363567373618899,0.4431990424002218
1901,0,0.052340906730447403,0.04048978867878202
1902,0,0.10061144535780228,0.07591322742721855
1903,1,0.18814199202586424,0.14121454450846851
1904,0,0.08019745768944794,0.060940355013193497
1905,1,0.9948558992618197,0.9942872612751192
1906,0,0.02287734271324059,0.018505447022801783
1907,0,0.46926617644243873,0.37814823294482214
1908,0,0.2974708054809305,0.22743905430188252
1909,1,0.9965228633357055,0.9962395285768985
1910,1,0.9760942946105015,0.9706797860186284
1911,1,0.9964459813708202,0.9961506675830512
1912,0,0.043056118618644786,0.0336290512635217
1913,1,0.997564560467745,0.9974292113968419
1914,1,0.9979943633477317,0.9979107906164408
1915,1,0.993295365655104,0.9924205607304317
1916,1,0.9977489848180399,0.9976366238248706
1917,1,0.6377139652964748,0.5491136709924863
1918,0,0.014584466236248476,0.012122786934256226
1919,0,0.8522839645086548,0.8063919361332139
1920,0,0.04647624998537337,0.036160858429755284
1921,0,0.5942351978927142,0.5025040532336158
1922,0,0.02763072662992251,0.022107160851733976
1923,1,0.9799135589212912,0.9756221304951217
1924,0,0.12756207719471724,0.09577695234793547
1925,0,0.547762338806146,0.45464529918000046
1926,1,0.9502965745730423,0.9365798695318799
1927,1,0.911265619065851,0.8843094978074925
1928,1,0.9978764711107553,0.9977793348688185
1929,1,0.9977885792832644,0.9976810069131564
1930,0,0.5220346093697668,0.4289886758619029
1931,1,0.9967081608954105,0.9964531515983287
1932,1,0.9204668226510963,0.8966242370182516
1933,0,0.389611899403999,0.3056406162029518
1934,0,0.09129249893381527,0.06907388493150886
1935,1,0.9969618214482555,0.9967442726737623
1936,0,0.08542183731176758,0.06476950553893239
1937,1,0.9891616467768947,0.9873518904023503
1938,1,0.9933719183231575,0.9925128545002798
1939,1,0.9964575375282159,0.9961640325988803
1940,0,0.03505438533074622,0.027677494980186346
1941,1,0.03940484786133621,0.030918781606734384
1942,1,0.9975613294786329,0.9974255679478337
1943,1,0.9977435941268684,0.9976305770623175
1944,0,0.11273851242675398,0.08483273704027741
1945,0,0.15552582928089723,0.11658927989870951
1946,0,0.038060777081839164,0.02991890296677428
1947,1,0.997670812122052,0.997548842266164
1948,0,0.02187827087583075,0.017743999074292457
1949,0,0.21644390043033646,0.1629490130203474
1950,0,0.5362841984984044,0.44312661486301747
1951,0,0.04745000781917079,0.03688063548117157
1952,0,0.015842306628644668,0.013101395994702244
1953,1,0.6921529856394951,0.6100712166882724
1954,1,0.6414763513895437,0.5532326274498985
1955,0,0.02287732328964294,0.01850543223544665
1956,1,0.7442517112457773,0.6711818899587901
1957,1,0.8665435762640618,0.8250179923317581
1958,0,0.05679597017288254,0.04376998075794008
1959,1,0.9891133840120196,0.9872918829474995
1960,1,0.9618746278250787,0.951991545147744
1961,0,0.6594343393676788,0.573083491896681
1962,1,0.4146382755516782,0.3279000313357727
1963,0,0.352225585441065,0.2732248088411933
1964,1,0.9976540995064703,0.9975300492391787
1965,0,0.04901871095581859,0.0380392872483993
1966,0,0.07456127043742264,0.056809471527685965
1967,0,0.1875014519914921,0.1407267903815662
1968,1,0.9911674590098186,0.9898303007984156
1969,0,0.043287286510311655,0.03380037345149935
1970,0,0.03644020203972978,0.028711570824761255
1971,0,0.0248272945730995,0.019986929241079567
1972,1,0.9588719324365469,0.9480063265457889
1973,0,0.0833493350153142,0.0632503985608242
1974,1,0.8360707687881874,0.7854136414144546
1975,0,0.612348174717143,0.521701633931167
1976,1,0.9932969723544547,0.9924224985091759
1977,0,0.029772944847286337,0.023720568915929916
1978,0,0.27913798875729695,0.21252632071440233
1979,0,0.0233460731289524,0.01886211501880761
1980,1,0.9979326288204321,0.9978420170196919
1981,1,0.8294847931063469,0.7769562916519586
1982,0,0.6783134869651123,0.5942958805193842
1983,0,0.050984061907961065,0.03948946599499175
1984,0,0.11487280484942923,0.08640538690655686
1985,0,0.020465751452445273,0.016664400542321434
1986,0,0.3508002191963281,0.27200808141723415
1987,0,0.07371561771490338,0.05618958912009011
1988,1,0.9978902909096995,0.9977947708078682
1989,1,0.9977903815298375,0.9976830258530608
1990,0,0.05990208668515791,0.04605370650263732
1991,1,0.9979231307041836,0.9978314234338033
1992,1,0.9980219317405705,0.9979414562870723
1993,1,0.9909734696357058,0.9895920201803075
1994,1,0.997390077820986,0.9972319974809727
1995,0,0.6726642412383417,0.5879113539258126
1996,1,0.21648127697492855,0.1629779631972776
1997,0,0.4810884464496869,0.3893359730618048
1998,1,0.9977972223544178,0.9976906881687941
1999,0,0.47257656298042916,0.38126940253797187
2000,1,0.9977312945035175,0.9976167768598104
2001,0,0.0454942661824554,0.035434543720312156
2002,0,0.6158296130576657,0.5254272712873195
2003,0,0.0657065354129145,0.0503159454864435
2004,0,0.013591045796479706,0.01134654642328487
2005,1,0.9976563906469408,0.9975326261216747
2006,1,0.9338794978251527,0.9146017241780429
2007,1,0.9917353578343867,0.9905259401189017
2008,0,0.23207449481585185,0.1751157733120629
2009,1,0.9928484518335736,0.9918804153178232
2010,1,0.9975608238468592,0.9974249977388377
2011,1,0.9494617489202652,0.9354647290366628
2012,0,0.05715876402769288,0.044036844343073554
2013,0,0.3427349821160384,0.26514914277398455
2014,1,0.9963322214601593,0.9960189473025742
2015,0,0.021786440478039452,0.017673923186269844
2016,0,0.19693205188268356,0.14792596232629285
2017,0,0.22981491607269883,0.17334937722122407
2018,0,0.07484582572625523,0.05701804924831752
2019,0,0.04894393949807895,0.03798408466201376
2020,1,0.6202079841049273,0.5301292310514992
2021,1,0.9980622803712421,0.997986285647177
2022,1,0.9302901114619724,0.9097897711951529
2023,0,0.1630085314867348,0.12220245163784971
2024,1,0.7415233864031399,0.6679138936332283
2025,1,0.997404068503301,0.9972478445274067
2026,0,0.1220563536964853,0.09170596978240987
2027,0,0.2724557291295404,0.2071397137440803
2028,0,0.0956660026163944,0.07228242313348633
2029,1,0.9978214815819247,0.9977178475749232
2030,1,0.9956851563634991,0.9952647499080706
2031,0,0.1692276896693806,0.12688356680137913
2032,0,0.14708633381340605,0.11028197412134612
2033,1,0.4334173682590924,0.3449110721424931
2034,0,0.7092591442842724,0.6298353496143683
2035,0,0.4947698721020893,0.40242739951182516
2036,0,0.4972641156878082,0.4048309723521989
2037,1,0.997811229084197,0.9977063718835372
2038,0,0.07313426479652142,0.05576342225151308
2039,1,0.9951213563198482,0.9946013911161369
2040,1,0.7924209808085486,0.7300987702789627
2041,1,0.9902650027004396,0.9887191179880377
2042,0,0.013690235966374132,0.011424193211515814
2043,1,0.9922759271836619,0.9911852949669048
2044,0,0.08778417628415669,0.06650130309270273
2045,1,0.7221525584901255,0.644926596704965
2046,1,0.9976273381879758,0.9974999377825267
2047,0,0.04654133200241942,0.03620897923050262
2048,1,0.916055714721783,0.8907175950490163
2049,1,0.8254422190063881,0.7717840485509324
2050,1,0.32076661677660817,0.24668410961479825
2051,0,0.27155975934522075,0.20641941828079835
2052,0,0.02533160822245111,0.020369143272050923
2053,1,0.997747394409793,0.9976348399586674
2054,1,0.9977208031648457,0.9976050015506184
2055,0,0.4169859130858662,0.3300119823331884
2056,0,0.20461036614601996,0.15381674845742574
2057,0,0.0129369297194485,0.0108336740519165
2058,1,0.6915251329016238,0.6093513932074658
2059,1,0.9960334900898933,0.9956717713024915
2060,1,0.9280219637931738,0.9067490998310634
2061,0,0.06587436353323996,0.050439099005744295
2062,1,0.9515892640690521,0.9383057994242053
2063,0,0.026472954993930972,0.021232829642397814
2064,1,0.9978468139544046,0.997746186547071
2065,1,0.8810680798255386,0.8441434999047047
2066,1,0.9956749660804122,0.9952528089451905
2067,1,0.8342576671620778,0.7830815646711179
2068,1,0.9858476083689292,0.9831971300864819
2069,1,0.9978410966657452,0.9977397926609782
2070,0,0.2226475146348303,0.16776336625689234
2071,1,0.4267185330193486,0.3388120347405819
2072,1,0.4339507437478486,0.3453981775227507
2073,0,0.030004723628504995,0.023894814596362664
2074,1,0.995180236289179,0.994670916502847
2075,0,0.38811172156962304,0.3043208588518626
2076,1,0.9641763352525927,0.9550391933549797
2077,0,0.13674121594998218,0.10258221943236372
2078,1,0.9718519286071265,0.965144433580805
2079,0,0.34759654886643476,0.2692783529943193
2080,1,0.7122137028738504,0.6332787712902175
2081,0,0.06486111294452576,0.049695505933887565
2082,0,0.06214059596798535,0.047698187860819995
2083,0,0.03364289521906194,0.026622588059197146
2084,1,0.9976237049387604,0.9974958479241367
2085,1,0.5586116948705036,0.4656414864175495
2086,0,0.42661220485764245,0.33871550488054475
2087,0,0.2299271147125174,0.17343702589044138
2088,1,0.9977815493589748,0.9976731306803356
2089,1,0.9236706199276138,0.9009167784677956
2090,1,0.9979357254442783,0.9978454700812107
2091,1,0.9977722836657947,0.9976627469394832
2092,0,0.18843211108476257,0.1414355203377966
2093,1,0.9971314228490833,0.99693801881811
2094,0,0.009669904481314162,0.008247528745077223
2095,1,0.9838225740000733,0.9806290030954972
2096,1,0.5084456373341464,0.4156707905630134
2097,0,0.6573649950201834,0.5707798627627353
2098,1,0.9965981294245742,0.9963263945846457
2099,0,0.027492613594648274,0.022002950619254547
2100,1,0.8874693130756515,0.8526167869119491
2101,0,0.9477915331479896,0.9332325620978023
2102,0,0.009571522593439097,0.008168919202778745
2103,0,0.8811660894031522,0.8442730410875158
2104,1,0.8618738053400665,0.8189010647567249
2105,1,0.9928308756947539,0.991859127215557
2106,1,0.9249706771643035,0.902659091663785
2107,1,0.9980611610736666,0.9979850428997924
2108,0,0.014493130348270603,0.012051547028619585
2109,0,0.1262404563289449,0.0947990253815801
2110,1,0.9977193098618231,0.9976033251925998
2111,0,0.04331683526392685,0.03382227033751673
2112,1,0.951717514296379,0.9384769754375766
2113,0,0.788907716510354,0.7257245243404329
2114,1,0.8225326905777952,0.7680705505492805
2115,0,0.9786315481910561,0.9739680810795374
2116,0,0.011984410028880173,0.010084126540973187
2117,1,0.6082293965789545,0.5173088893318105
2118,0,0.009494097415917818,0.008107020421979328
2119,1,0.8987832751084994,0.8676510399525988
2120,1,0.9978950161407902,0.9978000470549769
2121,1,0.9974912793470867,0.9973464958270871
2122,1,0.9979509066256045,0.9978623936027763
2123,0,0.017370267351312335,0.01428441051088557
2124,0,0.05326175745704877,0.04116830968927557
2125,1,0.9975054596889963,0.9973625146890018
2126,0,0.09750818245681467,0.07363453232924846
2127,0,0.015504649349110635,0.012839137129386561
2128,1,0.8839101876009177,0.8479024502786456
2129,0,0.029107031594019204,0.023219615098395967
2130,1,0.9739337832346668,0.9678660896716739
2131,1,0.9978777534598322,0.9977807674681045
2132,1,0.768549539793152,0.7006142713551913
2133,0,0.09887263587104314,0.07463627718900431
2134,0,0.011288800467033823,0.009534558535489367
2135,0,0.6017240887083066,0.5104037190036158
2136,1,0.9939511085461286,0.9932088471068099
2137,1,0.9278226470292936,0.9064819079357055
2138,0,0.10986219258099386,0.08271478968263912
2139,0,0.029804619604978197,0.02374438475401661
2140,0,0.18641753884910994,0.13990181909877508
2141,1,0.5554021067752845,0.46237740041285275
2142,1,0.9977675222144579,0.9976574098072218
2143,0,0.038621994175210624,0.030336557390830826
2144,0,0.09054754979689486,0.06852754866586167
2145,1,0.3265241864715503,0.2514932090747386
2146,1,0.9709764604480575,0.9639971530963011
2147,1,0.9978127756306874,0.9977081031774236
2148,1,0.9973024779306883,0.9971326450854554
2149,1,0.9969819435890596,0.996767298319452
2150,1,0.9846868459894143,0.9817274643012278
2151,1,0.9977625777373975,0.9976518667044267
2152,1,0.9803220242422668,0.9761479852743886
2153,0,0.016314495037565598,0.01346762770929737
2154,1,0.9969024146114766,0.9966762341866577
2155,1,0.9977375342987862,0.9976237785577923
2156,1,0.9979216274527036,0.9978297465024847
2157,1,0.9970510065192053,0.9968462476877069
2158,0,0.007526540375013185,0.006522928761591836
2159,0,0.06671191189933873,0.05105364018756671
2160,1,0.9053061541573777,0.8763481016631814
2161,1,0.9975827471737968,0.9974497136622763
2162,1,0.9976970170560484,0.9975782908351628
2163,0,0.06424427343593538,0.04924275044654215
2164,1,0.9941585975002757,0.9934571471417704
2165,1,0.9952203474831632,0.9947182476818045
2166,1,0.9885677026668616,0.9866122962330791
2167,0,0.15501172277491432,0.11620435831316511
2168,0,0.4568924114317439,0.36656035624601385
2169,0,0.10812561838960666,0.08143685405408918
2170,1,0.8810540252226677,0.8441249241667137
2171,0,0.664627095481287,0.578882780319388
2172,1,0.9898339645844578,0.9881860777820304
2173,1,0.98040942290474,0.976260426765951
2174,0,0.07109624922156817,0.0542692600971672
2175,1,0.9373608164891164,0.9192679546158585
2176,1,0.9975754770049887,0.9974415190915275
2177,1,0.8570031135509797,0.8125386434153031
2178,1,0.9944781097698784,0.9938383720936379
2179,0,0.12996468552557772,0.09755594091177736
2180,1,0.9527031121561967,0.939792094855184
2181,1,0.9978694065248612,0.9977714414890448
2182,1,0.20948439827108803,0.1575701666527524
2183,0,0.2800576776605259,0.21326970990408486
2184,0,0.01018417008239519,0.008657670433076008
2185,1,0.9963743807834311,0.9960677950461572
2186,1,0.9976754085681193,0.9975540092874763
2187,0,0.05200938134619186,0.0402454354353359
2188,0,0.07291620787404185,0.05560356820553361
2189,0,0.19893334149525063,0.14945877238405988
2190,1,0.9337622003746265,0.9144444826360864
2191,1,0.9355537057879715,0.9168459391507439
2192,0,0.7081910546780001,0.628592694159395
2193,1,0.9978173451814716,0.997713218112856
2194,1,0.9979239642935156,0.9978323532973278
2195,0,0.02033298567015398,0.016562733364038323
2196,1,0.8166732385011374,0.7606153396829993
2197,0,0.15355048629242699,0.11511080729924399
2198,0,0.08260555319559573,0.06270525522708005
2199,1,0.952510650801341,0.9395353378868794
2200,0,0.007785535888288265,0.006732770234984596
2201,1,0.995892252936288,0.9955070136386087
2202,1,0.8560384432157442,0.8112807193614421
2203,0,0.13143224101721396,0.09864335168735465
2204,0,0.25536649913729464,0.19347911917827956
2205,0,0.23326427080549628,0.17604691045564444
2206,0,0.011754536619988867,0.009902726812195152
2207,0,0.1315351269278397,0.09871960917015087
2208,1,0.9971184981727285,0.996923280731043
2209,1,0.996775831225713,0.9965309678576825
2210,1,0.731607871255866,0.6561000300060397
2211,1,0.9268155611372277,0.9051319129360728
2212,1,0.9908572432398877,0.9894491026649418
2213,1,0.9976052705509142,0.9974750902852864
2214,0,0.055964171425788564,0.043157991873956685
2215,0,0.04006954793547404,0.031412804656523165
2216,1,0.3470627975761662,0.2688242341800633
2217,0,0.10831264782791244,0.08157446109080746
2218,0,0.14204559898327862,0.10652602581357087
2219,1,0.8952986669239449,0.8630132867376235
2220,1,0.9142102620919613,0.8882479566775705
2221,1,0.9973426389199718,0.99717822158572
2222,0,0.0690492566187367,0.05276817717308252
2223,0,0.864560353241066,0.8224181770214348
2224,1,0.9980601253705754,0.9979838929233118
2225,1,0.9979837687335487,0.99789899807522
2226,1,0.9977516287820791,0.9976395892129128
2227,0,0.07036067816602692,0.05372990137554169
2228,1,0.9979378929887697,0.9978478869124272
2229,1,0.9916068131995804,0.9903687384956141
2230,0,0.09066720538621453,0.06861529940287367
2231,0,0.16463553052526614,0.12342566855384918
2232,1,0.9926798265750028,0.9916760401214375
2233,1,0.9978367638669379,0.9977349463438042
2234,1,0.9978139100683083,0.9977093730799862
2235,1,0.622570467231506,0.5326739619831798
2236,1,0.9561370984875011,0.9443686663634174
2237,1,0.3959905336850439,0.3112703185526514
2238,1,0.9793078660654879,0.97484133155356
2239,1,0.9962975725074096,0.9959787732985699
2240,1,0.926441750661971,0.9046308423057738
2241,1,0.9854784804147037,0.9827304993960262
2242,0,0.9388109533051081,0.9212111647868584
2243,1,0.9966046074265702,0.996333864992524
2244,1,0.8845355997268849,0.8487302962881975
2245,0,0.03008156649692279,0.023952570094773144
2246,0,0.4182627253353288,0.33116235629404966
2247,1,0.9977410838769138,0.9976277609696008
2248,1,0.9972118014007467,0.9970295738222107
2249,1,0.06788590047108488,0.051914887985023105
2250,0,0.686999009841728,0.6041739406094684
2251,1,0.9826651708576915,0.9791528174078145
2252,1,0.9901402755172413,0.9885650226824503
2253,1,0.9572724828964436,0.9458797048720755
2254,0,0.02021511555233791,0.016472443863691975
2255,1,0.17691303693229446,0.132689014068975
2256,1,0.9973912172938681,0.9972332883606341
2257,0,0.013770254893487807,0.01148680919237408
2258,1,0.997734535587201,0.9976204138551263
2259,0,0.14745647915501106,0.11055810099898726
2260,0,0.09054092290785869,0.06852268879881773
2261,0,0.056494278590841024,0.043548035767004556
2262,0,0.051296946492886006,0.039720197080796306
2263,1,0.9968076772757113,0.9965675508636995
2264,0,0.029094147694409093,0.023209917784740765
2265,0,0.1090312164026673,0.0821032084287425
2266,1,0.4390831115493722,0.35009659272618576
2267,0,0.8516611490280841,0.8055820484904049
2268,1,0.9638944604077493,0.9546663369335942
2269,1,0.9977312945035175,0.9976167768598104
2270,1,0.5694452190819428,0.47672811632780837
2271,1,0.9643009197823011,0.9552039560963721
2272,1,0.9267095970088476,0.9049898730894534
2273,0,0.06504156870826988,0.04982794793545103
2274,0,0.13576366182001212,0.1018563333096003
2275,0,0.29249579759563316,0.22337235466362776
2276,0,0.05264308610661561,0.04071247883363679
2277,0,0.11594376809660702,0.08719488876392001
2278,0,0.08467678359988032,0.0642233752037837
2279,0,0.5777482136395299,0.48529788198893015
2280,1,0.9976763767799881,0.9975550975992317
2281,0,0.09947001478487505,0.07507493428854398
2282,1,0.9977877996488511,0.9976801335047567
2283,1,0.9977885176450416,0.9976809378618824
2284,0,0.22644436937341939,0.1707192943458052
2285,0,0.05756346865174432,0.04433449574188686
2286,1,0.9961647006521482,0.9958244830067399
2287,1,0.07683534470366665,0.05847627187493472
2288,0,0.2534863810453924,0.19198609566130917
2289,0,0.14526123384603945,0.10892111267788462
2290,0,0.033602537947199036,0.026592400135341844
2291,1,0.06668282671172851,0.05103230084983209
2292,1,0.9962660634544155,0.995942218056326
2293,0,0.020097589414575616,0.016382390589042225
2294,1,0.5920442836972715,0.500202942076737
2295,0,0.025756311165049662,0.02069073827385441
2296,0,0.012357663336556607,0.010378241014624714
2297,0,0.075707597295953,0.057649703399413006
2298,1,0.9968688925560636,0.9966378026332603
2299,1,0.9978433802946652,0.9977423466777741
2300,1,0.8846557018023388,0.8488893007889153
2301,0,0.049073808450606674,0.03807996336609259
2302,0,0.054045970317151804,0.04174592827138525
2303,0,0.047760164619615415,0.037109804331674004
2304,0,0.10472900286314231,0.07893887166096743
2305,1,0.9488323683994895,0.9346237617103216
2306,0,0.02251714594764024,0.01823111760051788
2307,0,0.07678301426423678,0.05843791772326401
2308,0,0.2747722264139427,0.2090041418083491
2309,0,0.06279362813714748,0.04817774095443762
2310,0,0.09033840275848967,0.06837417122333948
2311,1,0.997811229084197,0.9977063718835372
2312,1,0.41110240288991173,0.32472695056444945
2313,0,0.7502257647892785,0.6783636975263959
2314,1,0.9147022676672962,0.8889062769551576
2315,1,0.965598892209079,0.9569192303660355
2316,1,0.9975772533779539,0.9974435214839169
2317,0,0.06829035267097255,0.052211559326460696
2318,0,0.19922497845426795,0.14968229078577552
2319,0,0.0340543722132049,0.026930295706168148
2320,1,0.997195637244777,0.9970111761989615
2321,0,0.06486293014264087,0.04969683965586988
2322,1,0.9963552601251946,0.9960456456452484
2323,1,0.9980553371037211,0.9979785758055867
2324,1,0.9938447197765776,0.9930813160879595
2325,0,0.10121976775920924,0.07636006949715299
2326,0,0.10331606423879115,0.07790032464175012
2327,0,0.05717499457726683,0.0440487823805123
2328,0,0.06712526632606265,0.051356899948137635
2329,1,0.9211481631489308,0.8975369629613824
2330,0,0.039414118437028384,0.030925673792425022
2331,0,0.02076335443025234,0.016892170338852937
2332,0,0.011049031869519315,0.009344672900999733
2333,0,0.24482296979723994,0.18513106147464156
2334,0,0.6834117630746573,0.6000850278172712
2335,1,0.9882425699086788,0.9862064339227123
2336,0,0.2339261980828442,0.17656525859592268
2337,0,0.08020490183539938,0.06094581074679651
2338,0,0.09977608053866517,0.0752996981870309
2339,1,0.9270675112749588,0.9054696438552374
2340,0,0.09483358313108736,0.07167158055036493
2341,1,0.9978986358013,0.9978040882661506
2342,0,0.02402937798263075,0.019381425819759823
2343,1,0.944226899403808,0.928464257256992
2344,1,0.9975471462425713,0.997409570259715
2345,1,0.9388441649027515,0.9212556644181891
2346,1,0.9970934590029024,0.9968947157615375
2347,0,0.04344656836215455,0.033918402328102656
2348,0,0.007256993364110552,0.0063040649207109865
2349,0,0.02019626208879685,0.01645799941737546
2350,0,0.007895354546853917,0.006821616387277016
2351,1,0.9891693077979815,0.9873614142216717
2352,0,0.010816467660293372,0.009160260112606016
2353,1,0.9681438175060715,0.960274991868089
2354,0,0.12995107168060452,0.09754585627031995
2355,0,0.12847878187720393,0.09645553460874136
2356,0,0.20171923086179394,0.15159552645826388
2357,0,0.10899230182205942,0.08207457129127732
2358,1,0.9776867390188266,0.9727457851271011
2359,1,0.9979221400051602,0.9978303182825083
2360,0,0.9385600851821967,0.9208750240962897
2361,0,0.009149129642574305,0.00783085679058931
2362,0,0.05802789921929893,0.04467602248200979
2363,0,0.036437791266866755,0.028709773289950054
2364,1,0.09361267756250834,0.07077579760821659
2365,1,0.9476943561345296,0.9331026459033782
2366,0,0.11296159350551932,0.08499706965248092
2367,0,0.4517145188271063,0.36174779066199936
2368,0,0.12712087705521552,0.09545043744743197
2369,1,0.9466049234641738,0.9316458759216802
2370,1,0.9979010788629608,0.9978068155833653
2371,0,0.007633295482756081,0.00660947609395658
2372,1,0.8666071303824208,0.8251013538104538
2373,1,0.9955688947262692,0.9951284045325126
2374,1,0.997740253458739,0.9976268293286247
2375,1,0.9753875488998218,0.9697606650739764
2376,0,0.05588631257310442,0.043100698003995706
2377,1,0.9807684110991925,0.9767219960000555
2378,1,0.9684212684733715,0.9606402051996932
2379,1,0.4037648617049463,0.3181720312488537
2380,1,0.9939344878351275,0.9931889329805299
2381,0,0.9091064749671032,0.8814235005279222
2382,1,0.9979760307329397,0.9978903824841399
2383,1,0.9976958029075227,0.9975769268989864
2384,0,0.05391936259028329,0.04165268770011754
2385,1,0.3343016601495546,0.25802345153898826
2386,1,0.9977682402106485,0.9976582146618018
2387,0,0.8585861450032686,0.814604487927516
2388,1,0.6962720726170353,0.6148034842090879
2389,1,0.9885048841373092,0.9865339339542485
2390,1,0.9977170124183534,0.9976007459742954
2391,0,0.01761436237950924,0.014472860281173052
2392,0,0.05596101306942422,0.04315566777274562
2393,1,0.9299555180289953,0.9093412060284769
2394,0,0.10903117580927088,0.08210317855602131
2395,0,0.04646535109277011,0.03615279973277005
2396,1,0.9979008912323026,0.9978066061290999
2397,0,0.04442788697917717,0.03464525920537294
2398,0,0.05628988644358872,0.043397656745629516
2399,1,0.9980022113369742,0.9979195232491004
2400,1,0.9977023138209108,0.9975842404840817
2401,0,0.018492797277651046,0.0151498922038883
2402,1,0.9479110532987637,0.9333923425747743
2403,1,0.9962933611733875,0.995973888716719
2404,0,0.11842521984442692,0.08902515852614037
2405,1,0.9977141343947922,0.9975975147214525
2406,0,0.15055621503323496,0.11287227840797971
2407,0,0.01142980355171893,0.00964611519579839
2408,1,0.6111776592529292,0.5204516153413832
2409,0,0.08920043886941326,0.06753970886323912
2410,0,0.025204364337677344,0.020272741238916224
2411,1,0.9965206016663306,0.9962369163785072
2412,1,0.9793506934878914,0.9748965801762495
2413,0,0.03911953015578112,0.030706634173397356
2414,1,0.9977981651602654,0.9976917440666602
2415,1,0.9927728128694961,0.9917887781117473
2416,1,0.9972834857461472,0.9971110759082937
2417,1,0.9964159144194203,0.9961158807187394
2418,0,0.3446275502601406,0.26675473320462023
2419,1,0.9894177232327964,0.9876700071279142
2420,0,0.8686562933355442,0.8277907466131024
2421,0,0.039559646120944814,0.03103385833476546
2422,1,0.9621150727690435,0.952310224464595
2423,1,0.9696120637947332,0.962206140243529
2424,1,0.26452790034884616,0.20078212953067115
2425,1,0.6087604051677683,0.5178743114319111
2426,1,0.998051803091557,0.9979746509011258
2427,1,0.5177211385648118,0.42474397291539345
2428,0,0.014291602417213396,0.0118942698341665
2429,1,0.9272218489892552,0.905676531055112
2430,1,0.9975097956878561,0.997367411635095
2431,1,0.8381697240795793,0.7881169530219055
2432,0,0.028550704347426705,0.022800707948152844
2433,0,0.03373115437844837,0.026688602242573974
2434,1,0.9974847721986986,0.9973391429586541
2435,0,0.11048687416037137,0.08317462909200438
2436,0,0.010101959785605576,0.008592190240114267
2437,0,0.06097429793770799,0.04684151574537664
2438,1,0.993307212859937,0.992434848486205
2439,0,0.5079925184562312,0.4152294484795873
2440,0,0.5174765010207487,0.4245037189228243
2441,1,0.9973633241997171,0.997201678087621
2442,0,0.0976433505333993,0.07373375836708276
2443,0,0.08461277524691985,0.06417645766439901
2444,0,0.4558711116078531,0.36560942157719195
2445,1,0.1109590759695943,0.08352227555794622
2446,1,0.8374812698476055,0.7872298515571553
2447,1,0.9977312945035175,0.9976167768598104
2448,1,0.9977749351361808,0.9976657186497261
2449,1,0.9862670812221731,0.9837265416565593
2450,1,0.9967905005300659,0.9965478221829297
2451,0,0.06810115114795079,0.052072779689847165
2452,1,0.1343937976931987,0.10083960701509628
2453,0,0.031307236254180776,0.024872930974691537
2454,1,0.9920934420651712,0.9909630286534138
2455,1,0.9977223165659752,0.9976067003945708
2456,1,0.03870281095146851,0.03039668225331353
2457,0,0.031056803104730524,0.02468500856350665
2458,1,0.8661329288338786,0.8244794337360171
2459,1,0.9979382790201815,0.9978483173227802
2460,1,0.9977627032304672,0.9976520074011601
2461,0,0.052292817368313954,0.04045434645017391
2462,0,0.17220731925594443,0.12913158159243876
2463,0,0.24862043190764396,0.18813089067960648
2464,1,0.9977516287820791,0.9976395892129128
2465,0,0.0492530374644959,0.03821227174838524
2466,1,0.15410761292224207,0.1155276583873499
2467,0,0.05451515220741583,0.042091414446250607
2468,0,0.13876285545164918,0.10408429721632814
2469,0,0.08983695898717357,0.06800645304970229
2470,0,0.08823411253827977,0.06683118226558302
2471,0,0.010153983728030773,0.008633630797510188
2472,0,0.1210792301437546,0.09098426616451741
2473,0,0.09804872340401273,0.07403135400610221
2474,1,0.9536631306207007,0.9410724390543949
2475,1,0.9970979853094664,0.9968998806546978
2476,1,0.997329595970373,0.9971634249207453
2477,1,0.9929276185383824,0.9919762596974234
2478,1,0.997945348984184,0.9978561990959864
2479,1,0.8171814301407532,0.7612606872746782
2480,1,0.9974997680181514,0.9973560858148517
2481,1,0.9762539406980808,0.9708872229540986
2482,0,0.9518467909137124,0.9386495106260238
2483,1,0.9477567556503844,0.933186068500481
2484,1,0.9979579070181646,0.9978701945670926
2485,0,0.09106392269163192,0.0689062449766764
2486,0,0.0763934819971435,0.058152418546359816
2487,0,0.6024709236255306,0.5111944215781524
2488,1,0.9755527984354864,0.969975688014666
2489,1,0.9975224014921206,0.9973816449730942
2490,0,0.6637475161972958,0.5778985871449025
2491,1,0.9976754325285013,0.9975540362203458
2492,0,0.7471199156400092,0.674625485809189
2493,1,0.9977516287820791,0.9976395892129128
2494,0,0.07107025327010194,0.0542501992939261
2495,1,0.9543936048869308,0.9420461970761547
2496,0,0.24031220032178707,0.1815776840160977
2497,0,0.16287790550184128,0.12210428671970382
2498,1,0.9979142486815165,0.9978215140247217
2499,1,0.9917159555002981,0.9905022222070903
2500,1,0.1695020703936942,0.1270904317699254
2501,1,0.9661885480707619,0.9576976544101349
2502,0,0.5809361133954376,0.48860511522664213
2503,1,0.9975527776709929,0.9974159228637762
2504,1,0.9958586172580356,0.9954677204275417
2505,1,0.997356767894638,0.9971942447693004
2506,0,0.05823545860528602,0.04482863723196343
2507,1,0.9120377819386787,0.885341993866487
2508,1,0.9775689512542323,0.972593216517602
2509,0,0.4625861849335368,0.3718771659733702
2510,0,0.10254392947276471,0.0773329198047166
2511,0,0.012795087746435674,0.010722265634408132
2512,1,0.6628520904674612,0.576897449204394
2513,1,0.8327754282478161,0.7811771869315834
2514,1,0.9977058723426628,0.9975882371111461
2515,1,0.9845519825592162,0.9815562848598814
2516,0,0.28124377950292834,0.21422916983722498
2517,1,0.9656976751614508,0.9570496730876024
2518,0,0.0416634629049124,0.03259627897643522
2519,1,0.9976628300526151,0.9975398677112572
2520,0,0.0348915295202245,0.027555869740101224
2521,1,0.9792616825195681,0.974781746746087
2522,1,0.8668623685344798,0.8254361697488709
2523,1,0.9943765521615153,0.9937173515325919
2524,0,0.15835973971959658,0.11871276543253702
2525,0,0.02898601499166085,0.02312852204439875
2526,1,0.9976208717941886,0.9974926584300469
2527,0,0.03857878088104596,0.030304406312704677
2528,1,0.9863971591867173,0.9838905203586639
2529,0,0.01968090090662038,0.01606288437569331
2530,0,0.6758554963630712,0.5915140645759216
2531,0,0.045379140637558914,0.035349361087710106
2532,1,0.9068573525939485,0.8784190672323863
2533,1,0.050295494714103696,0.03898156421080369
2534,1,0.29716132315758514,0.22718563921390894
2535,1,0.9300667370604059,0.9094903091086918
2536,1,0.5149241472025827,0.4220001855711331
2537,1,0.9848543135159686,0.9819399072319255
2538,1,0.9733401200052785,0.9670909653562835
2539,1,0.9967994776210009,0.996558133879685
2540,0,0.2048489469957888,0.15400021883491244
2541,1,0.8461914218031057,0.79848299966688
2542,0,0.22890725410482088,0.17264055316476395
2543,0,0.0911968002767028,0.06900369808958041
2544,1,0.7616404135682044,0.6921852520712833
2545,0,0.04256190544199189,0.033262680079871924
2546,0,0.028299036346430266,0.02261108457608961
2547,1,0.40008033020721323,0.31489552835491635
2548,0,0.07186885003284588,0.054835723814152235
2549,1,0.9456119285348605,0.9303176007400482
2550,0,0.052100132295494865,0.040312327944548886
2551,1,0.9977394587840344,0.9976259377663135
2552,1,0.9968959238126376,0.9966687949453402
2553,0,0.08289542625320258,0.06291771139124988
2554,1,0.7054067918792067,0.6253587712470164
2555,1,0.99595341768106,0.995578411351489
2556,1,0.9976657924467798,0.9975431986901053
2557,0,0.09583889037177187,0.07240930078797915
2558,0,0.08280108262818611,0.06284856404170362
2559,0,0.05515883049133431,0.04256528250418297
2560,1,0.9729061389229283,0.9665238248474015
2561,0,0.06284331406194127,0.048214224538778355
2562,1,0.9972395514151504,0.9970611413848527
2563,0,0.06708203662581913,0.051325185257669416
2564,0,0.7519084871931809,0.6803930620266783
2565,1,0.974273705179022,0.968309542666995
2566,0,0.023880491648882278,0.01926833497931435
2567,1,0.10829859146114126,0.0815641188865589
2568,1,0.9926720792740729,0.9916666430127905
2569,1,0.9973646711179704,0.9972032050238928
2570,1,0.9871415926177307,0.984827161758054
2571,1,0.8845884891457553,0.8488003160937729
2572,0,0.9127133843427734,0.8862455359865528
2573,0,0.04745734848264439,0.0368860598555509
2574,0,0.08148589143100726,0.06188464103512254
2575,1,0.8538703691969827,0.8084562525503106
2576,1,0.9970958368660525,0.9968974291692148
2577,1,0.397002373329088,0.31216607690426884
2578,0,0.7511996039632434,0.6795378029505021
2579,0,0.22592524811685502,0.17031472411228943
2580,0,0.013251745477761867,0.011080692822292751
2581,1,0.9976377211901111,0.9975116233323863
2582,0,0.14036724564843853,0.10527723926456649
2583,0,0.08016857622997622,0.06091918810816278
2584,1,0.9977080265816681,0.9975906563641135
2585,1,0.06256344275361007,0.04800871365961391
2586,0,0.1019081031058724,0.07686575061978955
2587,0,0.03983625867752444,0.031239451386715737
2588,0,0.06828181446272547,0.052205296623182976
2589,0,0.09893767966426772,0.0746840366975785
2590,0,0.6513224617414995,0.5640773585440837
2591,1,0.9979168478715136,0.997824414160658
2592,0,0.513231350856864,0.4203428691897767
2593,1,0.9779635045514579,0.9731041141801625
2594,0,0.5106453835858371,0.417815863382253
2595,0,0.03963640609883383,0.031090915548343544
2596,0,0.6591222108561856,0.5727357545561599
2597,0,0.31086716491933736,0.2384647004444784
2598,0,0.18298143433091288,0.13728987654499403
2599,0,0.06488124899691328,0.04971028464413636
2600,1,0.9966722542108482,0.9964118176191622
2601,1,0.9326108746126337,0.9129010458757506
2602,1,0.9977476183024989,0.9976350910909407
2603,0,0.9717092303300152,0.9649575376821912
2604,0,0.20277262677871316,0.15240439287543675
2605,0,0.055257888515896345,0.04263819676521036
2606,1,0.9975610027466513,0.9974251994878934
2607,0,0.022033059486479083,0.017862084760560896
2608,1,0.6907057520749896,0.6084125795948032
2609,0,0.08395181184743723,0.06369198676342891
2610,0,0.3897303818350342,0.30574491843951973
2611,1,0.9509542095339,0.9374580365531947
2612,1,0.9977537837827459,0.9976420060201148
2613,0,0.06711613658224375,0.05135020209568846
2614,1,0.8329171361767762,0.7813591698033134
2615,0,0.11201468171308214,0.08429959712498583
2616,1,0.7268273350760378,0.6504395781101843
2617,1,0.9959436644438175,0.995567031165978
2618,0,0.03164331178568555,0.025125017297063047
2619,1,0.5149526784407868,0.42202813998201194
2620,0,0.07327877310371576,0.05586935740373553
2621,1,0.9974327280889934,0.9972802887957348
2622,1,0.9978734492095684,0.9977759586657371
2623,0,0.6815156711103924,0.5979289658923757
2624,0,0.7042803374267809,0.6240526079337286
2625,1,0.9968362962019559,0.996600405833563
2626,0,0.020537711748739536,0.016719490807379195
2627,0,0.03190724626827643,0.02532291133532258
2628,1,0.9977537837827459,0.9976420060201148
2629,1,0.9965252229307304,0.9962422537568636
2630,0,0.2559423693486804,0.19393681052409453
2631,1,0.9848467643053445,0.9819303334795276
2632,1,0.8168931275388891,0.7608945454684447
2633,0,0.23194365352163793,0.1750134189996392
2634,1,0.561373882278932,0.4684580518208892
2635,0,0.007638702331376092,0.006613857483633361
2636,0,0.5720032326197642,0.4793615547895438
2637,1,0.03631021233039654,0.02861464056210151
2638,0,0.2846905276064349,0.2170219825938456
2639,0,0.02193247156690374,0.01778535268710344
2640,0,0.061743821573372354,0.04740677811351134
2641,0,0.0773878635409517,0.05888122144841471
2642,0,0.16939014927620893,0.1270060471068157
2643,0,0.02664336650698189,0.021361631757995086
2644,1,0.99460341073381,0.993987485150715
2645,0,0.046035831534756266,0.03583516540043942
2646,0,0.05318443830238558,0.04111134873153444
2647,1,0.9972064107125864,0.997023439077569
2648,0,0.018311069801112766,0.015009974559678445
2649,1,0.9979075689264996,0.9978140597337192
2650,1,0.9977025510980068,0.9975845069864548
2651,1,0.9979109205875006,0.9978178002311131
2652,0,0.1429178442554149,0.10717537170306665
2653,1,0.9967893387008309,0.9965464874852671
2654,1,0.997703550924901,0.9975856299409551
2655,1,0.9976505672523561,0.9975260761225746
2656,1,0.9808503698152631,0.976827310139489
2657,0,0.984219924594788,0.9811344481225365
2658,1,0.9979253162201753,0.9978338613089501
2659,1,0.9411211387936613,0.9243059657424927
2660,1,0.9426826115050642,0.9263969914426287
2661,0,0.09381393007137229,0.07092344650886144
2662,1,0.9166384870890627,0.8914976749330539
2663,1,0.8733185357845943,0.8339208863308615
2664,0,0.07260015837425236,0.05537187208736819
2665,0,0.22014425082696823,0.1658184273818191
2666,1,0.9979355443110708,0.9978452681082904
2667,1,0.9970929775932728,0.9968941664011363
2668,0,0.5435100010379431,0.45036425388839635
2669,1,0.531716795381162,0.43857557923085577
2670,0,0.061092839806141365,0.04692859978964448
2671,0,0.6332087101478765,0.5441995694187441
2672,0,0.04249106812677188,0.03321015526999284
2673,1,0.9978274403991292,0.9977245156395393
2674,0,0.0527675949473692,0.04080422610198808
2675,1,0.997390077820986,0.9972319974809727
2676,1,0.9977476183024989,0.9976350910909407
2677,1,0.9632042170339952,0.953752856228803
2678,1,0.9978162001906079,0.9977119365332155
2679,0,0.2493224682997382,0.18868631343987
2680,1,0.5968407008845517,0.5052464765255136
2681,0,0.28494035236361365,0.2172246806254213
2682,0,0.06942690909401494,0.053045143775260845
2683,0,0.02611309593713755,0.020960709055695026
2684,0,0.08395273155215527,0.06369266087458456
2685,1,0.9131958072608106,0.8868908121619784
2686,0,0.045307688337679786,0.03529648940656477
2687,1,0.9924616371826491,0.9914111452726155
2688,1,0.683128440704428,0.5997626314842324
2689,0,0.08833433487250117,0.06690466395602318
2690,1,0.9420067381255441,0.9254919907581896
2691,0,0.9115069086605443,0.8846321161811441
2692,0,0.05981503614265507,0.04598973504675881
2693,1,0.9492547279509729,0.9351881348582779
2694,1,0.9977640810087485,0.9976535520640764
2695,1,0.9970929775932728,0.9968941664011363
2696,1,0.9978878997187882,0.9977921004712235
2697,1,0.27255390448848305,0.20721866758186042
2698,1,0.6547772043724649,0.5679050313338835
2699,0,0.011933924290584857,0.010044304355641203
2700,1,0.948691460245338,0.9344354537271675
2701,1,0.9977185201983021,0.9976024386989524
2702,1,0.9920150657657225,0.9908674657469965
2703,0,0.946681458875072,0.9317482354560578
2704,0,0.1888299182910794,0.14173857813862256
2705,1,0.997591281118539,0.9974593305712641
2706,1,0.9743978691670732,0.9684714549690495
2707,0,0.12598688521899049,0.09461144881821261
2708,0,0.018429164130315312,0.01510090745881019
2709,1,0.993554216965342,0.9927323591846562
2710,0,0.614692857189002,0.5242095056416699
2711,1,0.9977916094712775,0.997684401372286
2712,0,0.1972283966880506,0.14815282281291617
2713,1,0.8769104072734084,0.8386540004318711
2714,0,0.12048825849142429,0.09054788577569764
2715,0,0.13326694639018632,0.10000365374938644
2716,0,0.2794158900962718,0.2127508978762457
2717,1,0.9938611052725645,0.9931009672223304
2718,1,0.9780593493442615,0.973228151517519
2719,0,0.27914490552701565,0.21253190973772254
2720,1,0.9977312945035175,0.9976167768598104
2721,0,0.019541618173169926,0.015956007250416144
2722,0,0.5130647583947621,0.4201799018241714
2723,0,0.03665549778696419,0.028872082482997958
2724,0,0.09261252035087478,0.07004209278894624
2725,1,0.9979340410595908,0.9978435918585491
2726,0,0.063821767926089,0.04893259945515158
2727,1,0.9727670778161548,0.9663420066585195
2728,0,0.08324644699157736,0.0631749874534019
2729,1,0.9732494750862006,0.9669725425835549
2730,1,0.951170843766151,0.937747259673252
2731,0,0.9229357672990531,0.8999320482820722
2732,1,0.9922485935749417,0.9911520238424882
2733,0,0.17291894791406254,0.1296689931341293
2734,1,0.9914515463601151,0.9901786543286306
2735,1,0.2679972303939317,0.20355992166402423
2736,0,0.7448110028424835,0.6718527337475246
2737,0,0.7313133394129138,0.6557506212358114
2738,0,0.17552801151018663,0.13164104074617156
2739,0,0.023341641718960058,0.018858744729645126
2740,1,0.27772643577085404,0.21138631147461417
2741,1,0.8499305044001697,0.8033332293015408
2742,1,0.9924423488806613,0.9913877042968589
2743,1,0.9882553806791337,0.9862224385595294
2744,1,0.9974698700491871,0.997322299171016
2745,1,0.9976997062082558,0.9975813115706272
2746,1,0.895015053610749,0.8626360928917598
2747,1,0.9974327188384382,0.9972802783275154
2748,1,0.19582206249182632,0.14707658195291515
2749,1,0.9962993890794956,0.9959808801636479
2750,1,0.8993590094557431,0.8684178823914239
2751,0,0.5534175453321872,0.4603638008458598
2752,1,0.8528047316951772,0.8070693639054975
2753,1,0.9182017210463596,0.8935906012845465
2754,0,0.49378804783955954,0.4014827031436761
2755,0,0.11817602529822811,0.08884129491999557
2756,0,0.05884300968034831,0.04527529833962007
2757,1,0.9978482826180236,0.9977478288301517
2758,1,0.5769443467244892,0.4844654084862238
2759,1,0.9885041876546332,0.9865330649886993
2760,1,0.9945244083874525,0.9938934953763677
2761,1,0.055504595167641946,0.04281977911990885
2762,1,0.42471519029595567,0.3369947565137257
2763,0,0.6406956296948711,0.5523767799966806
2764,0,0.45091163813383117,0.36100346771189007
2765,1,0.9974746050902261,0.9973276518807975
2766,1,0.944782467938905,0.9292077662512574
2767,1,0.9940405258701834,0.9933159211894959
2768,0,0.021029012375191544,0.017095348791483035
2769,1,0.9883352421894206,0.9863221865775572
2770,0,0.5082594294601435,0.415489401064539
2771,1,0.9952613213500529,0.9947665697274053
2772,0,0.01347014780321817,0.011251862742102877
2773,0,0.09037475341100089,0.06840082862450206
2774,0,0.05224824790167333,0.04042149768984754
2775,0,0.05930439225079703,0.045614440277145965
2776,0,0.17308367365761484,0.12979342014265627
2777,0,0.5666483883162046,0.4738556851192237
2778,1,0.9976630852361279,0.9975401546562653
2779,0,0.39048652078162505,0.3064108003010486
2780,0,0.11728524552899128,0.0881841647707801
2781,0,0.8755775793491074,0.8368966651189664
2782,1,0.6003444676962977,0.5089444487831237
2783,1,0.8212449816653192,0.7664294632375468
2784,0,0.42173069908577465,0.3342931351163578
2785,1,0.6882494383469314,0.6056022618625838
2786,1,0.6202379268836502,0.5301614501192037
2787,0,0.05752294089273834,0.04430469037489516
2788,1,0.9371431351432422,0.918976227046302
2789,0,0.08800622988138003,0.06666410419260548
2790,0,0.046532030933542676,0.03620210226382741
2791,1,0.9979420246029372,0.9978524932211791
2792,0,0.013314709737477321,0.011130056709700449
2793,1,0.9630120610160211,0.9534984432893611
2794,1,0.30977970082147127,0.23756554454090614
2795,0,0.13152691345006753,0.09871352135609424
2796,0,0.146935091410212,0.1101691608869782
2797,1,0.9979826969402523,0.9978978048602299
2798,0,0.9060777756602363,0.877378151424346
2799,0,0.012420277692886148,0.010427528557677635
2800,0,0.04815911722441031,0.03740451976915307
2801,0,0.04101226840447164,0.03211296373427925
2802,0,0.08412648219723085,0.0638200145146555
2803,0,0.022485860609819105,0.018207280053853903
2804,1,0.42621061090980816,0.3383509964934631
2805,0,0.49116037754062336,0.39895838082160096
2806,0,0.09542612061776018,0.07210638590433385
2807,1,0.9890061737866238,0.9871585250881357
2808,0,0.05330310235429439,0.04119876762827763
2809,0,0.22968477191050374,0.17324771763897867
2810,1,0.2715109092140403,0.20638015945479385
2811,0,0.1309601665209121,0.09829349495050116
2812,0,0.018364314423825457,0.01505097690911879
2813,1,0.9974017015878687,0.9972451639604399
2814,1,0.926516536064447,0.9047310866692466
2815,0,0.015494042386826418,0.012830893575395111
2816,0,0.2119323105715636,0.1594594729148633
2817,0,0.0813901656846625,0.06181448349325374
2818,0,0.040092582656357796,0.031429919415747076
2819,0,0.041650618561263744,0.03258674844847692
2820,1,0.9973723232447309,0.9972118788705057
2821,1,0.9952731195952604,0.9947804787397407
2822,1,0.7750024448766824,0.7085293886770937
2823,0,0.04298683257364879,0.033577696398701076
2824,0,0.44320775382172234,0.35388736745633054
2825,0,0.06300199627340945,0.048330739403893035
2826,0,0.02307986986650178,0.018659598821042574
2827,0,0.0603818474242841,0.04640624193562756
2828,0,0.013206050304040049,0.011044859440972386
2829,1,0.422039417386746,0.3345722787170568
2830,1,0.9960797835999422,0.9957256898526708
2831,1,0.9229546841121143,0.8999573964804516
2832,1,0.9737399944013265,0.9676131562661527
2833,1,0.9969109754726015,0.9966860443676208
2834,1,0.9441830739678738,0.9284056015145997
2835,0,0.10042602444751991,0.07577703748144618
2836,0,0.013378798500463585,0.011180288451608558
2837,1,0.9965729627866451,0.9962973634813075
2838,0,0.032695292481577196,0.02591336691808697
2839,1,0.9903138165090737,0.9887793921249229
2840,1,0.9945856264080627,0.9939663348084015
2841,1,0.9963778417303875,0.9960718033791495
2842,1,0.9976925097643016,0.9975732272408252
2843,0,0.06921548436778782,0.05289008874526142
2844,1,0.5137511592036386,0.42085151997642634
2845,1,0.9607783569211957,0.9505377154035217
2846,0,0.02425342729387475,0.019551544309890086
2847,0,0.022640696072296334,0.018325239163775205
2848,1,0.9978409033519966,0.997739576449946
2849,0,0.013810570708070773,0.011518349036445512
2850,1,0.5056983087766,0.41299756025849027
2851,0,0.019531056341103643,0.01594790111258202
2852,0,0.07449773938676943,0.05676290305857303
2853,0,0.053881940517423565,0.04162512714521303
2854,0,0.011158891979931824,0.0094317068854715
2855,0,0.06414958410926529,0.049173243854750436
2856,0,0.029567843986539024,0.023566329053665045
2857,1,0.1512692624730223,0.11340507722133931
2858,1,0.9729558050927054,0.9665887515117377
2859,1,0.8646072269329271,0.8224795901971512
2860,0,0.05998981800893485,0.046118176555207564
2861,0,0.028873086564029593,0.023043501828425635
2862,1,0.7950242124279416,0.7333476450105021
2863,0,0.03121690094782934,0.024805151791079227
2864,1,0.9549580824234436,0.9427983934261602
2865,1,0.9977386457845803,0.9976250256231131
2866,1,0.15677782073405175,0.11752706065091738
2867,0,0.13845289999494315,0.10385392062012902
2868,0,0.02259434151380181,0.018289928880809072
2869,1,0.9976431077300127,0.997517684245734
2870,0,0.10822971719662151,0.08151344403164668
2871,0,0.013923382013215437,0.011606575679991609
2872,1,0.9975643953274171,0.9974290251830397
2873,1,0.9955522351762264,0.9951088475186732
2874,1,0.9975022672224412,0.9973589088459619
2875,0,0.018112883037818085,0.014857299620649756
2876,1,0.8966749199403706,0.8648442399193785
2877,0,0.07565379101747594,0.05761026574621253
2878,0,0.03721618177718353,0.029289926070840553
2879,0,0.6168971261323251,0.5265719859166201
2880,0,0.4108473510741629,0.32449842994567196
2881,0,0.012291562007498633,0.010326192914827727
2882,0,0.060491823624784974,0.04648704711273799
2883,1,0.9850783420121603,0.9822238901063373
2884,0,0.02287282488342937,0.018502007542501683
2885,0,0.10320216419875244,0.07781661908402336
2886,1,0.9979259511262353,0.9978345694942768
2887,0,0.22157354395646794,0.16692855499341508
2888,0,0.0214104733140555,0.01738686488587876
2889,0,0.018382545044249674,0.015065014390833738
2890,0,0.08287301229100702,0.06290128348641304
2891,0,0.06961341202480832,0.05318191793509356
2892,1,0.9320784640291506,0.9121872907635764
2893,0,0.007872301447646259,0.006802972157068227
2894,0,0.09179194117498107,0.06944019654722575
2895,1,0.9977476183024989,0.9976350910909407
2896,1,0.8157917942474122,0.7594965660321372
2897,1,0.9975182246228084,0.9973769293697415
2898,1,0.9488872056006766,0.9346970426713833
2899,1,0.9977516287820791,0.9976395892129128
2900,0,0.00939600526306248,0.0080285553999783
2901,0,0.25494682008682457,0.1931456800021116
2902,1,0.9697148921560679,0.9623412431835023
2903,0,0.02471262116688339,0.01989996752397707
2904,1,0.9978404757027246,0.9977390981425704
2905,1,0.9973806243831344,0.9972212864573535
2906,1,0.46230712507725147,0.37161597423266823
2907,1,0.9978878997187882,0.9977921004712235
2908,1,0.9977386457845803,0.9976250256231131
2909,0,0.5568493293512053,0.463848042189767
2910,1,0.959132662888315,0.948352754871154
2911,1,0.9977435941268684,0.9976305770623175
2912,1,0.9525910048034809,0.9396425388557685
2913,1,0.9980563728068123,0.9979797259746601
2914,1,0.9505146988894906,0.9368711685644273
2915,1,0.04701222917169526,0.03655709504568061
2916,1,0.985705621391193,0.9830177209613884
2917,0,0.19543695535754552,0.14678202044973687
2918,1,0.94182296966789,0.9252458997579941
2919,0,0.009585568057156019,0.008180144834851523
2920,0,0.09944205217409659,0.07505440017692178
2921,1,0.9979905239647955,0.9979065176039209
2922,1,0.9968756526237195,0.9966455549870233
2923,0,0.05168573771214412,0.040006853857841515
2924,1,0.9970286510158402,0.996820705444883
2925,0,0.17759066314982203,0.13320201955989955
2926,1,0.7271788905623917,0.6508550581597077
2927,0,0.4670737293663512,0.37608601323656216
2928,1,0.8840858998736505,0.8481350127398479
2929,1,0.8411209732906773,0.7919243657421181
2930,0,0.044742335371246465,0.03487806038021135
2931,1,0.9976998342531302,0.9975814553979878
2932,0,0.0324868564930147,0.025757251882214706
2933,1,0.24378809742328578,0.18431488755657288
2934,0,0.07074012526715011,0.0540081373407852
2935,1,0.6983920906276144,0.6172457272690864
2936,0,0.4380300504854755,0.34913090033397354
2937,0,0.0667099523594234,0.051052202507887924
2938,0,0.11428291017984216,0.08597062840313546
2939,0,0.5793580659787148,0.48696681993301755
2940,0,0.23052038836817018,0.1739005925119107
2941,1,0.5882692639550003,0.4962486009537321
2942,0,0.06503226653064842,0.04982112090366534
2943,1,0.9977960440030884,0.9976893684280991
2944,1,0.9528258670382427,0.9399558451722962
2945,1,0.02447968893673254,0.019723264860798048
2946,0,0.12571047086910322,0.0944069931675341
2947,1,0.8851164429624709,0.8494993635881581
2948,0,0.07680487250415556,0.0584539381253848
2949,0,0.08389885641902939,0.0636531723499214
2950,1,0.9976674671503696,0.9975450816357857
2951,0,0.016634493949782923,0.013715487464343739
2952,1,0.9850256591193709,0.9821571301729348
2953,1,0.9697935745236856,0.9624446082782189
2954,0,0.3322244430719449,0.25627549472778793
2955,1,0.997575725177104,0.9974417988461507
2956,1,0.529430353392612,0.43630423216212766
2957,1,0.9953538899944732,0.9948756374603006
2958,1,0.9976530331443547,0.9975288498264812
2959,1,0.8536137763080092,0.8081222229989335
2960,1,0.4557096018215242,0.365459115755849
2961,1,0.9969934241521987,0.996780430838528
2962,0,0.9275000738736621,0.9060494915985681
2963,0,0.10123638833967605,0.07637227887128148
2964,0,0.3041812309671652,0.23294814515804074
2965,0,0.6103370997639199,0.5195547698916368
2966,0,0.13785700282292823,0.10341109727490051
2967,1,0.9979592817331131,0.9978717262828497
2968,1,0.9978777534598322,0.9977807674681045
2969,1,0.9257122193977183,0.9036529874706143
2970,1,0.9977059191048818,0.9975882896276755
2971,1,0.7028212138624873,0.622362598783403
2972,1,0.2839740054242196,0.2164408284269037
2973,1,0.5257742289322582,0.43268177467800273
2974,0,0.12860742466335595,0.09655077921472385
2975,1,0.9936677862259762,0.9928689046908366
2976,1,0.8335859120144347,0.7822182566485438
2977,1,0.9973322426820266,0.997166427896397
2978,1,0.9944108135512202,0.9937581950546546
2979,1,0.995073474792109,0.9945448118036775
2980,0,0.01794887270558693,0.014730885028476439
2981,0,0.041052362616660926,0.03214272917748209
2982,0,0.07238485405294498,0.055214028610168414
2983,1,0.9055337746335683,0.8766519302996445
2984,0,0.19783866513800238,0.14862012477512518
2985,1,0.5521732820763152,0.45910314320410367
2986,0,0.1263529392162545,0.09488223876050794
2987,1,0.9977363081348984,0.9976224027777603
2988,0,0.012789954336519293,0.010718232314225718
2989,1,0.9960762526982326,0.995721578861894
2990,0,0.0254459865656615,0.02045577837323969
2991,0,0.009157061820667523,0.007837213864569887
2992,1,0.459906509300286,0.36937165864360627
2993,1,0.9977009573267316,0.9975827168755602
2994,0,0.580745553966425,0.488407157919028
2995,1,0.9771946360042925,0.9721081047728158
2996,1,0.9978038213733174,0.9976980781135586
2997,1,0.9209246993101206,0.897237600096832
2998,1,0.997811229084197,0.9977063718835372
2999,0,0.012195589691666,0.010250595431909553
3000,0,0.6025716821778759,0.5113011389015878
3001,1,0.9977903815298375,0.9976830258530608
3002,0,0.009173814063954894,0.00785063849690923
3003,0,0.17755290549066713,0.13317342974318905
3004,0,0.04296440261041361,0.03356107071021478
3005,1,0.9975703976542325,0.9974357929148929
3006,0,0.039496197380117795,0.030986692626160817
3007,0,0.2527732458086203,0.19142029016498238
3008,1,0.997918374987592,0.9978261179786807
3009,0,0.5553877597939909,0.4623628307448481
3010,1,0.923773873920523,0.9010551491573142
3011,0,0.057805301878668766,0.044512338639794244
3012,1,0.9978503434549237,0.9977501331627089
3013,1,0.9553985409186149,0.9433851520847144
3014,1,0.9297683965702461,0.909090346799065
3015,0,0.13191914712590913,0.09900426524942335
3016,1,0.9764163524510648,0.9710981830715077
3017,0,0.26240600829541333,0.19908651991741103
3018,1,0.5530094822094761,0.4599502073513559
3019,1,0.9979349081809352,0.9978445587806742
3020,0,0.008977172419366767,0.007692962857142094
3021,0,0.1790209890310147,0.13428547945662708
3022,1,0.9973024779306883,0.9971326450854554
3023,0,0.022870394491573243,0.018500157240789426
3024,0,0.12686644063383162,0.0952621623447587
3025,0,0.05578487162386325,0.0430260482257923
3026,1,0.9960680686704049,0.9957120493387045
3027,1,0.9966589706268478,0.9963965186235251
3028,1,0.9977978433174384,0.9976913836213906
3029,1,0.9286183777629915,0.9075486298783252
3030,1,0.9400496189596179,0.9228706751964167
3031,0,0.08176994697377094,0.06209282662775003
3032,1,0.42978787241483135,0.3416022670343694
3033,0,0.14039559845047941,0.10529832804621186
3034,0,0.13800333257226904,0.10351982799576245
3035,1,0.7632926692743423,0.6941966644171019
3036,1,0.997588758556935,0.9974564881341667
3037,1,0.9935214666486297,0.9926929540262444
3038,0,0.1342004609127658,0.10069615443654391
3039,1,0.12664863218406763,0.09510100429547892
3040,0,0.10870440924866126,0.08186272067712015
3041,1,0.9962664843757276,0.9959427065245675
3042,0,0.2513009792844955,0.19025305822072014
3043,0,0.05729872427218649,0.044139786867166596
3044,0,0.029773769281085487,0.023721188811164032
3045,1,0.9977297521184516,0.9976150459424974
3046,1,0.8176198981324063,0.7618176842505385
3047,0,0.03713273069001744,0.02922775034807813
3048,1,0.988597765524423,0.9866497885715303
3049,0,0.10788163574491774,0.081257353258404
3050,1,0.996553338084106,0.9962747153871261
3051,0,0.20264349580631436,0.15230521034705358
3052,1,0.9965532873064228,0.9962746567753814
3053,1,0.9780017586921366,0.9731536239971287
3054,0,0.10643108738116851,0.0801903890400014
3055,1,0.9791156582553607,0.9745933046143631
3056,1,0.9757257380339841,0.9702006417843916
3057,1,0.9979045330695174,0.9978106713269581
3058,0,0.772150652080914,0.7050263178140449
3059,1,0.9934670850341244,0.9926274936207515
3060,0,0.5708128790230707,0.4781353553021979
3061,1,0.9773926074446404,0.9723647256587994
3062,0,0.7354430201820583,0.6606577062257227
3063,0,0.23899104695602394,0.18053896267567113
3064,1,0.6025365206287385,0.5112638968382108
3065,0,0.179487651135167,0.13463915310931257
3066,1,0.9977476183024989,0.9976350910909407
3067,1,0.8653477827212156,0.8234500721902398
3068,1,0.954517113380078,0.9422107999427545
3069,0,0.08717558332852093,0.06605512209762296
3070,1,0.9973670343983636,0.997205884033599
3071,0,0.08874451686973672,0.06720541109363054
3072,1,0.5940499111982398,0.5023092727061732
3073,0,0.13869151396422275,0.1040312695720794
3074,0,0.2892424811004482,0.22072104997612807
3075,0,0.008254475154376245,0.007111631316669754
3076,1,0.9972724734555055,0.9970985647288679
3077,0,0.1456627863260195,0.10922043190917673
3078,0,0.22946315096584424,0.1730746224705493
3079,0,0.048755437537100925,0.03784490623134393
3080,1,0.9972754450465398,0.9971019411209552
3081,0,0.0537537742712538,0.041530732052460446
3082,1,0.37148154000476563,0.28979845661702985
3083,1,0.9685485026009515,0.9608076414667109
3084,1,0.997841234515328,0.9977399468375222
3085,1,0.9977196429046783,0.9976036990676079
3086,0,0.02016725183726038,0.016435772049992782
3087,1,0.9976504353686407,0.9975259277705514
3088,1,0.9502216201906931,0.9364797635576944
3089,1,0.9767899274128362,0.9715831543267294
3090,1,0.2524256343535458,0.19114459339009035
3091,0,0.061724278473818235,0.047392423959262846
3092,1,0.8060976108110252,0.7472398149996554
3093,1,0.9735086845972752,0.9673111364223325
3094,0,0.04411463855659448,0.03441329447397891
3095,1,0.8873725272965689,0.8524884855381076
3096,0,0.07727532939473926,0.058798743973338105
3097,1,0.9447081003118556,0.9291082478513282
3098,0,0.10831057108289203,0.08157293308903982
3099,1,0.9176373968433231,0.8928349887999206
3100,0,0.02890277734757335,0.023065856518517013
3101,1,0.7442341735782596,0.6711608594309094
3102,1,0.9979965183483984,0.9979131887651284
3103,1,0.9588516044299786,0.9479793141646223
3104,1,0.9416996625960921,0.9250807693872585
3105,0,0.2503336826310767,0.1894868109912688
3106,1,0.8711733008975705,0.831098311712299
3107,0,0.4669873930386362,0.3760048849999641
3108,1,0.8667530340892862,0.8252927413024003
3109,1,0.9034397821962985,0.8738576880737384
3110,1,0.9977516287820791,0.9976395892129128
3111,0,0.04377151730950701,0.03415914802024213
3112,1,0.8235691883814371,0.769392580149914
3113,0,0.04969554696711091,0.03853887962505557
3114,1,0.9105237580541963,0.8833177111179222
3115,1,0.9914432687110404,0.9901685143210528
3116,1,0.9936350992466318,0.9928296209518642
3117,1,0.9977885176450416,0.9976809378618824
3118,0,0.30691537718855527,0.2352007369349661
3119,1,0.9903896740165755,0.9888730216461689
3120,0,0.8410810316415911,0.791872787302356
3121,1,0.2581890144912434,0.19572414273089497
3122,1,0.9973969253871282,0.9972397543400863
3123,0,0.05571700339636823,0.04297610276625142
3124,0,0.8891087306557165,0.8547908740379591
3125,0,0.07394812089659727,0.05636002278056994
3126,1,0.9426734526590557,0.9263847285926066
3127,1,0.9373386353060028,0.9192382286443888
3128,1,0.997918374987592,0.9978261179786807
3129,0,0.012383638481133375,0.010398689376753041
3130,0,0.031957021871720476,0.025360224510232003
3131,0,0.4486867021088681,0.35894347619858485
3132,0,0.03193772564853598,0.025345759818055015
3133,1,0.9905894701074841,0.9891194050397156
3134,0,0.08155464079734989,0.061935027635102016
3135,1,0.9763241199478745,0.9709783890423705
3136,0,0.014902510024893845,0.012370658698744612
3137,1,0.9979392764678028,0.9978494294136541
3138,1,0.9977877996488511,0.9976801335047567
3139,1,0.8684392073858156,0.8275056905584192
3140,0,0.028948444602560287,0.023100238149133125
3141,0,0.03416326116118876,0.027011698831718625
3142,0,0.04222077517718356,0.03300971013735597
3143,0,0.2020282552357715,0.1518327630423228
3144,0,0.7250139818150663,0.6482984722441634
3145,0,0.03219515440049629,0.02553870130114173
3146,0,0.5548273573671897,0.46179387551812706
3147,1,0.9521419046225683,0.9390433344029657
3148,0,0.03870143574699159,0.03039565918769202
3149,0,0.2124273510828607,0.1598418920729458
3150,1,0.997677530503085,0.9975563943935003
3151,0,0.33809258281097143,0.2612207649016551
3152,1,0.9974084406530569,0.9972527956180296
3153,1,0.5944534032604696,0.5027334804965182
3154,0,0.07399195022127984,0.056392151021428846
3155,0,0.11899730174039741,0.08944731252118716
3156,1,0.6223172028497447,0.5324009032491901
3157,1,0.9888266248118704,0.9869350080704988
3158,0,0.11873409524436448,0.08925307629627176
3159,1,0.3210064014962646,0.24688397011814756
3160,1,0.9977362428458056,0.9976223295206968
3161,1,0.9780324289581956,0.9731933153384592
3162,1,0.9922514844031619,0.991155542982444
3163,0,0.054204284556225626,0.04186251204240041
3164,1,0.9669080831869798,0.9586468189928204
3165,1,0.15432069677529908,0.1156871197198574
3166,1,0.9099798155249389,0.8825906420515088
3167,0,0.08310498691026978,0.06307130571664614
3168,0,0.50066460925485,0.40811631350036753
3169,0,0.0893783059813372,0.06767013127433678
3170,0,0.3251618195881927,0.25035334943460646
3171,1,0.982810808197571,0.9793388779832156
3172,0,0.07610949915107776,0.057944276802145776
3173,1,0.9954871232448199,0.9950323647607716
3174,0,0.025254587384972757,0.020310793815158778
3175,1,0.6681738378932363,0.5828591340354672
3176,1,0.9930637569794587,0.9921409159773602
3177,0,0.02610503485148416,0.020954611355457443
3178,0,0.012639020981838915,0.010599601974986236
3179,0,0.16607875545331136,0.12451155221403419
3180,1,0.9963132476473249,0.9959969510903219
3181,0,0.09760734009512269,0.07370732310416418
3182,0,0.20374895830552686,0.1531545382727114
3183,1,0.9977105798297601,0.9975935235127948
3184,0,0.04156522674659252,0.032523385003658936
3185,0,0.032691864520181455,0.025910799770227515
3186,1,0.9944379158943399,0.9937904925641182
3187,1,0.9864746418691248,0.9839881527168455
3188,1,0.9980540257941262,0.9979771195102852
3189,0,0.9505945045364116,0.9369777397652725
3190,1,0.9535610759496069,0.9409363635857795
3191,1,0.9225868213770134,0.8994644771594241
3192,1,0.818241071948532,0.7626070791642702
3193,0,0.03976950212026663,0.031189839079315346
3194,1,0.9848136365579733,0.9818883183219401
3195,1,0.19123872676281833,0.14357511898275382
3196,0,0.1181475093044958,0.08882025582315249
3197,1,0.9979239642935156,0.9978323532973278
3198,1,0.05035619539366866,0.03902634564779724
3199,1,0.9380575097488063,0.9202015827956139
3200,0,0.031837368085163714,0.02527052453995421
3201,0,0.06965330395604176,0.053211172720390595
3202,0,0.20663538716278645,0.15537484192566084
3203,1,0.7363509268371768,0.6617388241992148
3204,0,0.0528236721491899,0.040845546181427814
3205,1,0.9974955563539079,0.9973513280055775
3206,1,0.3592342158597567,0.2792276291908515
3207,0,0.06080390250092889,0.046716333613765405
3208,1,0.8588385018378606,0.8149339923495703
3209,1,0.9976201216770562,0.997491813921046
3210,0,0.1572797002871748,0.11790314039396514
3211,1,0.9765601099174105,0.9712848529391015
3212,1,0.9628664069787667,0.9533055672213132
3213,1,0.9974862614585667,0.9973408258879684
3214,0,0.2481323566766616,0.18774490114559736
3215,1,0.96086153979112,0.9506480775170063
3216,1,0.7895942752803307,0.7265783969054962
3217,1,0.9915808423987931,0.9903369593271621
3218,0,0.084048896863386,0.06376314682446078
3219,1,0.9550980122522539,0.9429848184816244
3220,1,0.9566896309494433,0.9451041526665372
3221,1,0.7940661633429436,0.732151226135046
3222,1,0.997811229084197,0.9977063718835372
3223,1,0.9965091438400273,0.9962236809942469
3224,1,0.9961420242387209,0.9957981152360341
3225,0,0.18975884139535265,0.1424465166841828
3226,1,0.9977903815298375,0.9976830258530608
3227,1,0.6696170467114085,0.584480726670866
3228,1,0.8581575081009775,0.8140449266942591
3229,1,0.9537353127886553,0.9411686791549045
3230,0,0.6229505363568095,0.5330838519727057
3231,0,0.196608514474492,0.14767832994305277
3232,0,0.15184363790775462,0.11383438431282214
3233,1,0.9406679530670895,0.9236989626088874
3234,1,0.9977076869499664,0.9975902749612209
3235,0,0.09358069100241037,0.07075233105209212
3236,1,0.49798771950723897,0.405529253605378
3237,1,0.9978777534598322,0.9977807674681045
3238,1,0.05675060144313268,0.04373660599000072
3239,0,0.04518634105026759,0.03520669162772921
3240,1,0.9955572687042787,0.995114757001325
3241,0,0.011745836186675174,0.00989585699798472
3242,0,0.5191547921692441,0.4261529793757861
3243,1,0.997811229084197,0.9977063718835372
3244,0,0.3535940433979363,0.27439425243578996
3245,0,0.06058781638663348,0.046557575837955535
3246,0,0.038732206239993724,0.030418550180326916
3247,0,0.11854010368670036,0.08910992823877291
3248,0,0.012679407610470199,0.010631352978494798
3249,1,0.14278980736599045,0.10708003920165318
3250,1,0.997923661842534,0.9978320159181351
3251,0,0.05059169458503292,0.03920006977349675
3252,1,0.9977223165659752,0.9976067003945708
3253,0,0.17522773112450543,0.13141393680828925
3254,0,0.1595346273343116,0.11959396792983464
3255,0,0.776345852850564,0.7101823726588393
3256,1,0.9962953193047421,0.9959761599322416
3257,1,0.9977478371471595,0.9976353365593721
3258,0,0.023139722602544592,0.018705142308160727
3259,1,0.9978464062136405,0.9977457305913764
3260,0,0.023584094328386516,0.019043094681261294
3261,1,0.9921687499020233,0.9910547934350223
3262,0,0.06127291227731945,0.04706088040093642
3263,1,0.9939709329431407,0.9932325950730704
3264,0,0.05828929609335842,0.044868221247409704
3265,1,0.975393613393845,0.9697685574404862
3266,0,0.012120740930907469,0.010191612961504861
3267,1,0.997873622495882,0.997776152277749
3268,1,0.9892679270944478,0.9874839761161724
3269,0,0.11483911958977303,0.08638055852521526
3270,0,0.11654151043745116,0.08763564621523505
3271,1,0.9757432767515248,0.9702234511909658
3272,0,0.044411874376756456,0.03463340291933647
3273,1,0.9971803913026323,0.9969938171117136
3274,0,0.06482513387955556,0.04966909920428262
3275,0,0.10564718721166481,0.07961393769234387
3276,0,0.15693965893932585,0.11764832311284168
3277,0,0.029548577043473412,0.023551837503403797
3278,1,0.9973974230228609,0.9972403180035538
3279,0,0.026368114815543717,0.021153568985394288
3280,1,0.8782078792297192,0.8403658666937828
3281,1,0.9931175447241544,0.9922059138713291
3282,0,0.02102742627412783,0.01709413611531001
3283,1,0.8944410293470986,0.8618727944570834
3284,1,0.9978393630764016,0.9977378536876518
3285,1,0.9517244249676374,0.9384861988331339
3286,1,0.997689627148183,0.9975699884929875
3287,1,0.9579802045141271,0.9468209912445437
3288,0,0.09583760076048542,0.07240835436427327
3289,0,0.014715031279589782,0.012224581033456978
3290,0,0.03483929574346098,0.027516855316098997
3291,0,0.3778578223367407,0.29534337364237995
3292,1,0.9907380879898173,0.9893024654551856
3293,1,0.996011158176024,0.9956457460540831
3294,1,0.9978777534598322,0.9977807674681045
3295,1,0.9936800421294796,0.9928836306446668
3296,0,0.04608169301317125,0.03586908470571806
3297,0,0.268354631498276,0.20384646800872996
3298,0,0.04874645555713486,0.03783827410751063
3299,0,0.06037364125223471,0.04640021233500542
3300,0,0.3517629313934168,0.27282972541435224
3301,0,0.33993075139598605,0.26277450818063824
3302,1,0.9979178972375049,0.9978255849574467
3303,1,0.538048558210258,0.44488958803381023
3304,0,0.08361456712167464,0.06344480021044455
3305,0,0.018860621958721117,0.015432868320769701
3306,1,0.43886530631227116,0.34989678711491917
3307,1,0.994382042036519,0.9937238971942971
3308,0,0.1569202089285005,0.11763374907594853
3309,1,0.27351376990313053,0.20799089388682973
3310,0,0.5830202391320377,0.49077235079323817
3311,0,0.01575198391543307,0.013031272921185664
3312,1,0.7827332484199098,0.7180659160543073
3313,0,0.5948595733639381,0.5031606583199008
3314,0,0.036323986719666315,0.028624912434159832
3315,0,0.009909254733531554,0.00843857596601313
3316,0,0.05637083436371251,0.04345721456690145
3317,0,0.8580397189139463,0.8138911846495779
3318,1,0.9937649303857026,0.992985576163993
3319,0,0.06840782612169066,0.052297724280291294
3320,0,0.04301659104605897,0.03359975373287958
3321,1,0.9977035445143666,0.9975856227410758
3322,0,0.0877596461295625,0.06648331872631916
3323,1,0.25103331147010105,0.19004097372716033
3324,1,0.9976171682075189,0.9974884886232172
3325,1,0.9968260326281055,0.9965886253781227
3326,1,0.9899257955992513,0.9882997594287988
3327,0,0.05729290754446996,0.044135508692793694
3328,0,0.04891827363673809,0.037965135422749485
3329,0,0.3303271809235949,0.2546814271799687
3330,1,0.8924503839912039,0.8592271389116704
3331,1,0.37472930657616726,0.2926191868185122
3332,1,0.9900190843952297,0.9884151800712337
3333,0,0.1260087639953476,0.09462763275607142
3334,0,0.041301247460407815,0.03232747573818805
3335,0,0.04851437653086741,0.037666899471164784
3336,1,0.9979168478715136,0.997824414160658
3337,0,0.055030135334043516,0.04247054869827682
3338,0,0.10348751021197523,0.0780263247924434
3339,0,0.13860804107749183,0.10396922669802605
3340,1,0.9938586638464741,0.9930980394347739
3341,0,0.30324158459648776,0.23217505907090416
3342,1,0.8369112722056811,0.7864956956254988
3343,0,0.9781129962391685,0.973297566489128
3344,1,0.9361464371629172,0.9176404060200288
3345,0,0.0493125045099752,0.038256167897492525
3346,0,0.05777755635571178,0.04449193548219886
3347,1,0.9980561807947929,0.9979795127446003
3348,1,0.994981603318188,0.994436150379648
3349,1,0.9978518897953352,0.9977518621107438
3350,0,0.14460281897710903,0.10843043964082519
3351,1,0.9943855563290179,0.9937280871191122
3352,0,0.1486260481144025,0.11143089213925561
3353,0,0.18036285194470397,0.13530269121629931
3354,0,0.041903322785245875,0.032774237135467385
3355,0,0.05433418292678695,0.04195816428013165
3356,1,0.9976806337182711,0.9975598822165117
3357,0,0.6207625961800163,0.5307261452592956
3358,1,0.9719627324763122,0.9652895272482217
3359,1,0.9907007544116898,0.9892564968909253
3360,0,0.06167463380827157,0.047355960258737666
3361,1,0.9978463801173818,0.9977457014090625
3362,0,0.6215674172691825,0.5315928785990717
3363,1,0.9870902879424464,0.9847627115017198
3364,0,0.06797915679517402,0.05198329446564283
3365,0,0.16517655341825208,0.12383264248992756
3366,0,0.024055062902037197,0.019400932052994486
3367,1,0.9865938433569283,0.9841382886459035
3368,1,0.9964728573519109,0.9961817459003713
3369,0,0.014507574733724217,0.012062815002558222
3370,0,0.07081344598107274,0.054061899560876946
3371,1,0.026758833904882692,0.021448883536631554
3372,0,0.09146578752057151,0.06920097944247622
3373,1,0.3012898893163527,0.23057105065302352
3374,0,0.30317325953258,0.2321188663746663
3375,0,0.34075480888054654,0.26347178234093366
3376,1,0.9977268114170081,0.9976117455660644
3377,0,0.23472275556020303,0.17718933227035585
3378,0,0.14722009748483889,0.110381756057573
3379,0,0.19621897229389296,0.14738024014033996
3380,0,0.6373048562947432,0.5486666211027426
3381,0,0.3830266387929813,0.2998593809845013
3382,1,0.9155235544262299,0.8900053434474473
3383,1,0.9975643953274171,0.9974290251830397
3384,0,0.16964653631018592,0.12719936127116163
3385,0,0.18972602763002305,0.1424215027425775
3386,1,0.9937473062160668,0.9929644180068475
3387,1,0.9975610027466513,0.9974251994878934
3388,0,0.0743862264245756,0.05668116323417097
3389,0,0.18178001843537994,0.13637779433622343
3390,0,0.3761994056605582,0.2938984292984353
3391,1,0.9449811399909201,0.9294736178866694
3392,0,0.00881111768112357,0.007559650214236655
3393,0,0.053340868015641266,0.041226588323960714
3394,1,0.996770725864552,0.9965251008344128
3395,1,0.3906195075490897,0.3065279557613232
3396,0,0.05757974261663662,0.044346464000028986
3397,0,0.04541224276944522,0.035373854393999066
3398,1,0.9970131749075584,0.9968030156613956
3399,1,0.9419954512579516,0.9254768763855776
3400,0,0.044122519816848574,0.03441913129730324
3401,1,0.9977993773550846,0.9976931016223889
3402,1,0.9979093177755061,0.9978160115227623
3403,1,0.14975886540802752,0.11227669171070927
3404,0,0.05662494936902927,0.04364416917948203
3405,1,0.8573126769873185,0.8129424672590468
3406,0,0.07850136552727395,0.0596973075579
3407,0,0.12138946638184994,0.09121338171265281
3408,1,0.4978123392109451,0.40535997015824315
3409,0,0.039277660880710344,0.03082421885838129
3410,0,0.2843381822434678,0.21673616585033545
3411,0,0.06590271121967516,0.05045990035593668
3412,0,0.06619976499902351,0.050677869788732115
3413,1,0.9396996878772519,0.92240188643959
3414,0,0.02419785483968064,0.0195093558632316
3415,0,0.39727893550541815,0.3124110412464603
3416,0,0.06400425393418081,0.04906656157258111
3417,0,0.24644442810230996,0.18641100186829804
3418,0,0.03740659949602739,0.029431778149140258
3419,0,0.030604633686055184,0.024345539184287387
3420,0,0.6311551239962417,0.5419661616840995
3421,1,0.9976705002992975,0.9975484917105887
3422,0,0.046597876504038155,0.036250785871293004
3423,0,0.05141585318875354,0.03980787316581377
3424,1,0.7890396276084751,0.7258885466291319
3425,0,0.03992432729331402,0.031304897907283885
3426,0,0.008850341950442249,0.00759115402311965
3427,0,0.48227473908357926,0.3904649421560109
3428,1,0.9680598313235065,0.9601644136706418
3429,1,0.9953023827039404,0.9948149672545805
3430,1,0.90852667625492,0.8806488064877191
3431,1,0.9976372982226995,0.9975111473715036
3432,1,0.892584623760671,0.8594054817108974
3433,1,0.9544672581649604,0.9421443580637456
3434,1,0.9506199260786845,0.9370116864924767
3435,0,0.03270533652991249,0.02592088868755604
3436,1,0.931842981384356,0.9118715976897167
3437,0,0.028833170049384918,0.02301344638447961
3438,1,0.9973183057363035,0.9971506126969557
3439,0,0.14702830981967496,0.11023869255078912
3440,0,0.13912439319391076,0.1043530495154444
3441,0,0.2611231553404876,0.19806260652677493
3442,0,0.054329234670482396,0.04195452066825512
3443,0,0.06966781809525731,0.053221816639860156
3444,1,0.46707289199384483,0.3760852263480823
3445,1,0.9900446782305277,0.988446834136602
3446,0,0.02180534995697854,0.017688354255462148
3447,0,0.09040675711192005,0.06842429831948087
3448,1,0.9979884687443348,0.9979042300339073
3449,1,0.9236505647663863,0.9008899027226076
3450,1,0.9447866791108109,0.9292134015584427
3451,1,0.9943643147471982,0.9937027591722959
3452,1,0.937017268696898,0.9188075427316594
3453,0,0.4449679977572295,0.355509187605636
3454,0,0.017041412215894277,0.014030295244561628
3455,0,0.12950997549767543,0.09721913561557398
3456,0,0.47379683380563115,0.38242218137251466
3457,0,0.035078844769965374,0.02769576002313925
3458,0,0.07490242404715008,0.0570595351332108
3459,1,0.8827837210966614,0.8464119833097309
3460,1,0.9979750448638003,0.9978892846438162
3461,1,0.9460855235660193,0.9309511553518455
3462,1,0.9250409487533555,0.9027532745785263
3463,1,0.9398380592171551,0.9225872603368729
3464,1,0.863810892466033,0.8214364686147424
3465,0,0.4727013399690905,0.3813872223452245
3466,1,0.9978274403991292,0.9977245156395393
3467,0,0.03627199586268467,0.028586140892182452
3468,0,0.10600609092497479,0.07987784913866891
3469,0,0.02512015012799633,0.020208926353891297
3470,1,0.7057881486325241,0.6258012567108766
3471,1,0.9977329898708289,0.9976186793670966
3472,1,0.9977264193695043,0.9976113055456738
3473,0,0.18051860141618747,0.13542080658400316
3474,0,0.9240703015593259,0.9014524002997614
3475,1,0.8877075475259495,0.8529326194562409
3476,0,0.47671083348344756,0.3851799450194565
3477,1,0.9972498464545385,0.997072847276546
3478,1,0.5792151290251888,0.48681853979407663
3479,1,0.8426307611447559,0.7938750150097934
3480,0,0.10097552326356149,0.0761806536950589
3481,0,0.026843822053699964,0.021513092737035694
3482,0,0.0932274912724571,0.07049321721273798
3483,1,0.8613907530642702,0.8182692535067364
3484,0,0.20409533225716386,0.15342077330376738
3485,1,0.9023580141347877,0.872414913190819
3486,1,0.9730137241206448,0.9666644599058727
3487,0,0.03514977285554822,0.02774872258560304
3488,0,0.17325202591529693,0.12992059757829025
3489,0,0.016980509623930835,0.013983205006573352
3490,1,0.9978777534598322,0.9977807674681045
3491,1,0.6916232866537859,0.609463898930338
3492,1,0.9962277415707826,0.9958977311477543
3493,0,0.012826838675891494,0.010747210264054306
3494,0,0.16603168924886252,0.12447612713344541
3495,0,0.01253784325256401,0.01052003261577299
3496,1,0.6720464422354593,0.5872150708604245
3497,0,0.10598470786163529,0.07986212498435911
3498,1,0.8538320038120399,0.8084063056026023
3499,0,0.6896654958369096,0.6072216643536462
3500,0,0.0522372272109583,0.040413375070575235
3501,1,0.7801386249894416,0.7148587221257774
3502,0,0.021048104292078276,0.01710994542017657
3503,1,0.6657171011529052,0.5801034899851897
3504,0,0.1189997162812168,0.08944909443310926
3505,1,0.9971309238445356,0.996937449883058
3506,1,0.725167813046729,0.6484799790520167
3507,0,0.869202024634351,0.8285074982513553
3508,0,0.06165511552164125,0.047341624065787506
3509,0,0.2583726962263525,0.19587039459817315
3510,1,0.9850787315678549,0.9822243837020709
3511,1,0.9972854306849794,0.9971132852187781
3512,0,0.07285878180017472,0.05556146958038833
3513,1,0.8105465032808246,0.7528538472400016
3514,0,0.0356512541631448,0.028123062524246782
3515,1,0.9978409324963231,0.997739609046392
3516,1,0.8782590971446612,0.8404334659144103
3517,0,0.20757671666744743,0.1560997695889784
3518,0,0.016394495200756833,0.013529617842614892
3519,0,0.059003175227097124,0.0453930345924811
3520,1,0.8588203278719087,0.814910260797537
3521,1,0.9689300814842527,0.9613096188853025
3522,0,0.020899669136712123,0.016996442102379813
3523,0,0.11162357099526175,0.08401156717377728
3524,0,0.11871198046390977,0.08923675717033201
3525,0,0.8822368672758387,0.8456887099056624
3526,0,0.028831386446627576,0.023012103363525938
3527,0,0.06719607469834793,0.05140884672822254
3528,0,0.04400724714260011,0.03433375758216373
3529,1,0.8289820437042377,0.7763122589936605
3530,1,0.8386059306159015,0.788679234122383
3531,0,0.08617169619362872,0.06531918400546377
3532,1,0.7517531750137143,0.6802056367510413
3533,1,0.9963506479703172,0.9960403017531988
3534,0,0.02533810694758068,0.02037406618806761
3535,0,0.6140398512270071,0.5235105228253468
3536,0,0.9607902691113566,0.9505535202706155
3537,1,0.7136142307945802,0.6349140997826626
3538,0,0.06495301702637844,0.04976295776760827
3539,1,0.9926409450451295,0.9916288722505351
3540,1,0.9920193287521828,0.9908726650753213
3541,0,0.09178292921746778,0.06943358660650349
3542,0,0.018109318882912465,0.014854553125000116
3543,0,0.2564677911430835,0.19435456479055502
3544,0,0.5445542989495074,0.4514141049338722
3545,1,0.8644961450827167,0.8223340551643807
3546,1,0.5610296844556243,0.46810669992688764
3547,0,0.259094158209087,0.1964450202581738
3548,0,0.09165951837673192,0.06934307001413043
3549,1,0.9967217113211368,0.9964687423300614
3550,1,0.08100811933000254,0.06153448242221426
3551,1,0.8814060438679896,0.8445902196605996
3552,1,0.9947994939916842,0.9942203743055158
3553,0,0.37240199790443634,0.2905971347115384
3554,0,0.08079570743819384,0.0613788068966672
3555,0,0.363981266953134,0.28331253981885357
3556,0,0.25163039761534045,0.1905141234135234
3557,0,0.07360252143854465,0.05610668420277986
3558,1,0.9908650797779988,0.9894587424439831
3559,1,0.7772790920550203,0.7113317127885578
3560,1,0.9966126103503385,0.996343092615587
3561,1,0.9974579275766987,0.9973087958431488
3562,1,0.9975585660169773,0.9974224514506493
3563,0,0.021987046344968897,0.017826986489822196
3564,1,0.9556728836303836,0.9437505389667856
3565,0,0.1327474641140951,0.09961839859336771
3566,1,0.9977374849412075,0.997623723178592
3567,0,0.039146451039888196,0.03072665353260733
3568,0,0.03534433763999773,0.02789398392066707
3569,0,0.0542554042406485,0.0419001552706959
3570,0,0.8798749303443864,0.8425669884615076
3571,0,0.06943233104476595,0.05304912007613736
3572,0,0.3933163893628584,0.30890655445851756
3573,0,0.08618565265215743,0.06532941494967902
3574,0,0.08856376294942556,0.06707288014503489
3575,1,0.15785311221780257,0.11833293249226025
3576,1,0.9977538916044675,0.9976421269367483
3577,1,0.9780685787647111,0.9732400942974686
3578,0,0.024596811601726214,0.019812124391879807
3579,1,0.9293289847964422,0.9085012651326939
3580,1,0.9977952536146419,0.9976884831748288
3581,1,0.9977960440030884,0.9976893684280991
3582,1,0.9941864564904437,0.993490442376218
3583,0,0.6946596824288569,0.6129490425029175
3584,0,0.04680626937331494,0.0364048498229442
3585,1,0.9046453895015054,0.8754662333571598
3586,1,0.985494609662366,0.9827509036107446
3587,1,0.6053740970127393,0.5142731395047233
3588,0,0.17746354957157456,0.13310577241825067
3589,1,0.9979548792604944,0.997866820774397
3590,0,0.024894021305387058,0.020037522023675352
3591,1,0.955727673471473,0.9438235040571645
3592,1,0.9976541267674903,0.9975300799010874
3593,1,0.2565100448327958,0.19438816658132468
3594,0,0.08927217858463081,0.0675923122731533
3595,1,0.9949604110228107,0.9944110663883612
3596,1,0.14960665300392914,0.11216301978770073
3597,1,0.9969021405619896,0.9966759201139329
3598,1,0.8298854098496957,0.7774696508053527
3599,1,0.9949406186222078,0.9943876330881369
3600,0,0.03455613391970849,0.02730531540943957
3601,1,0.9970754005256441,0.9968741041508337
3602,1,0.9937781599761889,0.993001455990903
3603,1,0.9980540257941262,0.9979771195102852
3604,1,0.9915977331322545,0.990357628378314
3605,0,0.08903549200962062,0.06741876239892186
3606,1,0.31359476375407,0.24072323414393432
3607,1,0.20215278535426864,0.15192837656979527
3608,1,0.9872858952168091,0.9850083561781764
3609,0,0.010810204081541035,0.009155290156657706
3610,1,0.996845449283674,0.9966109095093669
3611,1,0.9926725022603482,0.9916671560915362
3612,0,0.09801976560177443,0.07401009456844643
3613,0,0.0346482402211999,0.02737413227681237
3614,0,0.13682670909601236,0.10264571608916429
3615,0,0.027036722004877813,0.021658795029698287
3616,1,0.9788881824520177,0.9742996141883726
3617,0,0.0731519591778036,0.05577639359312941
3618,1,0.8125688109669916,0.7554119039246222
3619,0,0.9376412981619192,0.9196438335780153
3620,0,0.05238726915213961,0.04052395737576057
3621,1,0.8595969714308689,0.8159246297477533
3622,1,0.5242413583112907,0.4311664978643601
3623,0,0.19909988840083,0.149586413707304
3624,1,0.9957143013062251,0.995298891572098
3625,0,0.010757303914288646,0.009113308692339674
3626,0,0.048140333563209896,0.03739064541698974
3627,1,0.9067155804601654,0.8782297504371653
3628,1,0.976609915615833,0.9713495127233764
3629,1,0.6588512753031526,0.5724339875873753
3630,0,0.5026033030401317,0.40999374073182526
3631,1,0.730775574397932,0.6551128854479229
3632,1,0.6482974994933846,0.5607354885363752
3633,0,0.08093210664046575,0.06147877307773714
3634,0,0.21516160340831078,0.1619562122388413
3635,0,0.016440429630404856,0.01356520376049412
3636,1,0.9924892129188474,0.991444651259461
3637,0,0.05122816386909279,0.03966947769779101
3638,1,0.2719297103167319,0.2067167767587602
3639,1,0.9977420517418025,0.9976288467819168
3640,1,0.22421221146470294,0.1689806460168618
3641,0,0.3927202238602917,0.30838029347087975
3642,0,0.056600348725713207,0.043626071045504644
3643,1,0.9962363683389395,0.9959077483885688
3644,0,0.07113091615326744,0.054294678568619616
3645,0,0.014982337215764984,0.012432826168121395
3646,1,0.9979349081809352,0.9978445587806742
3647,0,0.06896507256377858,0.05270643543005397
3648,1,0.9923855534514254,0.9913186589151018
3649,0,0.15883648740447356,0.11907028098923132
3650,1,0.9958034612343911,0.9954032412654872
3651,0,0.08813895976108939,0.06676141812642568
3652,1,0.9970113794245266,0.996800962955766
3653,1,0.5827002531538099,0.490439342414021
3654,1,0.9978098171186935,0.9977047911750216
3655,0,0.8519804743424256,0.8059972489068741
3656,0,0.04729998493809113,0.03676977089839721
3657,0,0.03134064004314489,0.02489799193247343
3658,0,0.05040820033554556,0.0390647107359784
3659,1,0.9974380776025726,0.9972863420466106
3660,1,0.9970031803367454,0.9967915882051238
3661,1,0.9977960440030884,0.9976893684280991
3662,0,0.06673323548821794,0.05106928489415757
3663,0,0.6287845833579254,0.539393125709572
3664,0,0.13805513991697915,0.10355832512783043
3665,0,0.04794241048539247,0.03724444223968297
3666,0,0.016396837122640725,0.013531432288323016
3667,1,0.9078173925331072,0.8797012744664867
3668,0,0.06529592445669426,0.05001461906874067
3669,0,0.07796594123156154,0.05930489710814216
3670,0,0.37436263633359557,0.29230035721671704
3671,0,0.1291174934918577,0.09692846802793884
3672,1,0.5382909506445862,0.4451320054444553
3673,1,0.9169722429524849,0.8919444699765186
3674,0,0.04476986467793388,0.034898439181808516
3675,1,0.9977296073394222,0.9976148834624257
3676,0,0.20619287612385206,0.1550342022090233
3677,1,0.4124197681906512,0.3259080546651084
3678,0,0.054709199870063424,0.04223428318963852
3679,0,0.015974732091855556,0.013204165995575418
3680,0,0.058731676335496655,0.04519345462299001
3681,0,0.06409470958097618,0.04913296260500466
3682,0,0.09630200249340475,0.07274918345589945
3683,0,0.009094485891211306,0.007787054653840575
3684,1,0.9977141215870458,0.9975975003411534
3685,1,0.9979093177755061,0.9978160115227623
3686,1,0.8505962087313512,0.8041979648136904
3687,0,0.07112720757052565,0.05429195936795342
3688,0,0.1082282918690675,0.08151239534336004
3689,0,0.03917663920856376,0.0307491019708042
3690,0,0.044316501220087665,0.034562782514404214
3691,1,0.6941077010832089,0.6123147968386045
3692,1,0.9864828674322759,0.9839985154403313
3693,1,0.13878586599917103,0.10410140112940874
3694,0,0.042622262238805025,0.03330743144295491
3695,1,0.03644817165279313,0.028717513142431903
3696,1,0.06415646017046359,0.04917829126844934
3697,1,0.9140153316605446,0.8879871530489409
3698,1,0.9959710980285733,0.9955990363191547
3699,1,0.7599314274063302,0.6901076350315628
3700,0,0.0476530219462337,0.037030643565893306
3701,0,0.11908815854778526,0.08951436505263657
3702,1,0.9782861320566658,0.9735215316030935
3703,0,0.040336545550621536,0.03161116211572525
3704,1,0.9626816020480176,0.953060808730981
3705,0,0.021828828893744698,0.01770627169542701
3706,1,0.7749927916289132,0.708517517353292
3707,0,0.2819650187667341,0.21481299551966002
3708,0,0.3866852767839589,0.30306747123345296
3709,1,0.997616834966661,0.9974881134113486
3710,1,0.9977476493261273,0.9976351258888786
3711,1,0.9592617261274997,0.9485242134700822
3712,0,0.09286268034677722,0.07022559827425001
3713,1,0.997575725177104,0.9974417988461507
3714,1,0.9746108775066843,0.9687491353237053
3715,0,0.34243620659459023,0.2648958898234588
3716,0,0.01334942417541843,0.01115726704525444
3717,0,0.11558545191991339,0.0869307145417273
3718,1,0.9617914662938012,0.9518813089478865
3719,1,0.7749240202082556,0.7084329466268364
3720,1,0.9976279741180536,0.9975006535896647
3721,0,0.00981823502046792,0.008365957838798873
3722,1,0.6313948470883219,0.5422266652794578
3723,1,0.9751722222430427,0.9694803770849465
3724,0,0.13672952942509164,0.10257353989613244
3725,1,0.32930680365352494,0.2538250804052522
3726,1,0.9967274168029263,0.9964753056017034
3727,0,0.13426931910235895,0.10074724479744036
3728,0,0.08483001896195173,0.06433569600722677
3729,1,0.9807655181417199,0.9767182782085766
3730,0,0.07191182282167576,0.0548672297401838
3731,1,0.9613904719007359,0.9513496491764021
3732,0,0.13215013590087876,0.0991755062409064
3733,0,0.040540467982222064,0.031762628652868864
3734,1,0.997940391329468,0.9978506723705252
3735,1,0.9897921124024336,0.9881342460274852
3736,1,0.9709047693807759,0.9639031352915222
3737,1,0.8078751423732095,0.7494806448022315
3738,0,0.08203128100339138,0.06228436078434417
3739,0,0.050565637890974964,0.039180849203102705
3740,1,0.9832581121049955,0.9799097848168297
3741,1,0.9902134388135799,0.9886554277091458
3742,1,0.9898955150048664,0.9882622808056029
3743,1,0.9685247141443711,0.960776338700932
3744,1,0.9974984890556187,0.9973546410608433
3745,0,0.08816595916504284,0.06678121349587231
3746,0,0.16509398682945492,0.12377052625059286
3747,1,0.8516226131626423,0.8055319480883683
3748,0,0.053919186772914324,0.04165255821543746
3749,0,0.04734483786848208,0.03680291759082849
3750,0,0.048987341506301296,0.03801612796366383
3751,1,0.9538669299840477,0.9413441537638282
3752,0,0.18251914742834574,0.1369388496634877
3753,0,0.12373213815371134,0.0929442482770323
3754,0,0.06847433082496304,0.05234650377095002
3755,1,0.9966079942878217,0.996337770328274
3756,1,0.9972116076497324,0.9970293533423111
3757,0,0.032577767928977416,0.025825348151574994
3758,0,0.07081018779663975,0.054059510515357116
3759,1,0.9937184924501729,0.9929298181810805
3760,0,0.0853877545685295,0.06474452207900329
3761,1,0.9976686464700493,0.9975464075438274
3762,0,0.14505180471089058,0.10876502384380927
3763,1,0.9852113128307648,0.9823923306362619
3764,1,0.9980563728068123,0.9979797259746601
3765,1,0.7988805720508125,0.7381723981436352
3766,0,0.01945600635958893,0.01589029409235004
3767,0,0.11412793102629908,0.08585641938653313
3768,0,0.10715208512353458,0.08072067877764252
3769,1,0.3741980825672211,0.29215730408905777
3770,0,0.014081578527984947,0.011730228426560237
3771,0,0.09923173471706452,0.07489995872313135
3772,0,0.02703084880330474,0.021654359565220355
3773,0,0.085802640704923,0.06504864718503237
3774,1,0.9876286319536243,0.9854382215083604
3775,1,0.9532393821010783,0.9405073808945075
3776,1,0.8429378060168942,0.7942719537078737
3777,1,0.9977168335805855,0.9976005451952143
3778,1,0.8504678256261824,0.804031169837092
3779,1,0.7084373596748493,0.6288791528361389
3780,0,0.3451775145521281,0.2672217523217452
3781,0,0.08767262065132665,0.06641951600681145
3782,1,0.9775052953582015,0.9725107471924745
3783,0,0.06119748701597398,0.04700547406468895
3784,1,0.8977311181901195,0.8662500523292421
3785,1,0.9979093177755061,0.9978160115227623
3786,1,0.9978297878959498,0.997727142206708
3787,0,0.16159388044073292,0.12113968344331083
3788,1,0.9963019056059711,0.9959837987234974
3789,0,0.01334016470494495,0.011150009560540719
3790,0,0.3215189458063356,0.2473112986548393
3791,0,0.022484527847035675,0.018206264531789335
3792,0,0.2720853337419217,0.2068418868070081
3793,0,0.06708336782164429,0.051326161869002865
3794,1,0.9930975681705932,0.9921817777220302
3795,0,0.19536153040592852,0.14672433698022289
3796,0,0.056789310053512926,0.04376508138423109
3797,1,0.9979265114733568,0.9978351945030429
3798,0,0.064189407586136,0.04920247640895644
3799,1,0.9946743253859922,0.9940717761088125
3800,0,0.018237333315922435,0.01495318139731544
3801,1,0.9165101720528092,0.8913259088755914
3802,1,0.9117222630448627,0.8849200742542292
3803,1,0.04799316489254044,0.03728193549423521
3804,0,0.0614712684905302,0.04720658464003736
3805,0,0.804341652087835,0.745029103235789
3806,0,0.06616291294348972,0.05065082948227916
3807,0,0.15944895433470324,0.11952969361319718
3808,0,0.03690617684582016,0.029058928236260377
3809,1,0.9556519519448547,0.9437226630241055
3810,1,0.997784573222011,0.9976765187834574
3811,0,0.04275544061597574,0.03340616869426878
3812,0,0.9408938044848589,0.9240014776638648
3813,1,0.7329676153013702,0.6577142518784505
3814,0,0.09174411740738687,0.06940511964958004
3815,1,0.5973389051725224,0.5057715892263235
3816,1,0.5890693290992882,0.4970855575275842
3817,1,0.9847763878528344,0.9818410703678456
3818,1,0.9980574921043878,0.9979809689302919
3819,0,0.6405234659264517,0.5521881296221243
3820,1,0.9655154852644429,0.9568090804615907
3821,1,0.8980944155482985,0.8667337348810078
3822,1,0.9978139100683083,0.9977093730799862
3823,0,0.015538579368728218,0.012865504865610741
3824,0,0.142814546402265,0.10709845875665162
3825,1,0.9908255517996907,0.9894101135314411
3826,1,0.16631811931997698,0.12469172601208112
3827,0,0.020473461652951493,0.01667030367915839
3828,1,0.9212693533744112,0.8976993191725333
3829,0,0.03972415188407168,0.0311561338786958
3830,1,0.4393128720207507,0.3503074056747243
3831,0,0.019059049330017883,0.015585401050643608
3832,0,0.7904146472481448,0.7275992911677664
3833,0,0.031062726164684935,0.024689453917077595
3834,0,0.5753445259560086,0.4828104321986704
3835,1,0.9784263017227759,0.973702785434197
3836,1,0.9955334344507606,0.9950867710991359
3837,0,0.5327335316345942,0.4395870800889201
3838,0,0.05292348525643059,0.04091909010745527
3839,1,0.6698015662653352,0.5846882022825655
3840,1,0.9946086482541288,0.9939937130988317
3841,0,0.018484783624989398,0.015143723796557072
3842,0,0.023759808674793423,0.019176641428605066
3843,0,0.050191996668616165,0.038905206048529824
3844,1,0.9681349976755561,0.9602633800304794
3845,1,0.7824079959420627,0.7176635132232461
3846,0,0.019608916569775238,0.016007652934978002
3847,1,0.8177195669241101,0.7619443206649337
3848,0,0.15410746063991146,0.11552754443250718
3849,1,0.9973111893143015,0.997142535068415
3850,0,0.05178695441975435,0.04008147219014498
3851,1,0.775761794104566,0.7094635048020932
3852,0,0.06368102712997423,0.04882927851767547
3853,0,0.1276892478652682,0.09587107592094632
3854,0,0.03359604872894965,0.026587545951391373
3855,0,0.33409586844387007,0.25785015403671757
3856,0,0.010593340603179853,0.008983109638000218
3857,0,0.6807693792898598,0.5970813354162587
3858,0,0.3118314802158453,0.23926265010961711
3859,0,0.04225804716546838,0.03303735302763614
3860,1,0.048161613567831496,0.03740636365515858
3861,0,0.5760570083916898,0.48354718639389127
3862,0,0.08543886359758882,0.06478198623073704
3863,0,0.0314044608692208,0.0249458698742409
3864,1,0.9880529576485787,0.9859694266500543
3865,1,0.9950638537985554,0.9945334387468769
3866,1,0.679662566345558,0.595825251885496
3867,0,0.6599260494778504,0.5736314933024113
3868,1,0.9893964277714276,0.9876435702169728
3869,0,0.2246013492371755,0.16928357030712432
3870,0,0.14553609241533996,0.10912598799325082
3871,0,0.04826551082429191,0.037483103372755094
3872,1,0.8674937662997495,0.8262646292125165
3873,0,0.06961422135802757,0.05318251146190363
3874,0,0.06265772080477097,0.048077944085048195
3875,0,0.1404664763497759,0.10535104803084681
3876,0,0.4285494248279339,0.3404755661468013
3877,0,0.08401804288849107,0.06374053185927991
3878,1,0.9082456054786054,0.8802733011486902
3879,1,0.9948356592973637,0.9942632656731679
3880,0,0.04131794399273729,0.03233986815323517
3881,1,0.9000005667580765,0.8692725854118306
3882,1,0.7901032958943766,0.7272117600039875
3883,0,0.3485046195011258,0.2700513846198236
3884,1,0.8597299289349976,0.8160983314439896
3885,1,0.9975215660683934,0.9973807018390887
3886,1,0.037919536836738335,0.029813756970894653
3887,1,0.9901176922234192,0.9885371089610622
3888,0,0.5327120760797974,0.4395657256101047
3889,0,0.10613369884803975,0.07997168797184522
3890,0,0.05623157741633074,0.04335475447165628
3891,0,0.039305945081607535,0.030845248945109077
3892,0,0.0430853314930056,0.03365070305099742
3893,1,0.9975441603452928,0.9974062015803267
3894,0,0.45586139444443086,0.3656003779062751
3895,1,0.9974033144717154,0.9972469905933149
3896,1,0.9976778150306471,0.9975567141981231
3897,1,0.9979405213514573,0.9978508173287896
3898,1,0.9172546887886599,0.8923225993664232
3899,1,0.8956968323302483,0.8635429011201676
3900,1,0.9979006967982067,0.9978063890787389
3901,1,0.9916957900820813,0.9904775677507117
3902,0,0.06328159386585774,0.048536027422401866
3903,1,0.9041582514643776,0.8748162086803309
3904,1,0.9947101179513564,0.9941142921473259
3905,1,0.9962657384484505,0.9959418408928357
3906,1,0.9978777534598322,0.9977807674681045
3907,1,0.9938572597868449,0.9930963556352681
3908,0,0.5639143244148038,0.4710546309785357
3909,1,0.8163155137419148,0.760161211024063
3910,1,0.9980021301231947,0.9979194328926236
3911,1,0.9978815307208029,0.9977849869617916
3912,0,0.03605271147213997,0.028422588502985527
3913,0,0.10601445923194888,0.07988400284108284
3914,0,0.03956707975423715,0.031039384075455898
3915,0,0.38539494994488593,0.301934947872792
3916,1,0.7857656619338531,0.7218225880672984
3917,0,0.12267820854087393,0.0921653928171451
3918,0,0.2653882767100556,0.20147037669121626
3919,1,0.9978209182367618,0.9977172171136676
3920,1,0.4339573768378448,0.34540423658064007
3921,0,0.051145169202318624,0.039608276210794546
3922,0,0.5396465298364157,0.44648868505743516
3923,0,0.2684858518664462,0.2039516920822076
3924,1,0.9159337372606225,0.8905543316328031
3925,1,0.9954944810475937,0.9950410111789446
3926,0,0.027798938994622983,0.022234049556678757
3927,1,0.9970197353666406,0.996810515271859
3928,0,0.3639913924540762,0.2833212695791051
3929,1,0.9939674015532205,0.9932283651357127
3930,1,0.996728430220127,0.9964764713007181
3931,1,0.9967714137183277,0.9965258913445013
3932,0,0.1786990326039451,0.13404152729352295
3933,0,0.046476122822708014,0.03616076440535559
3934,1,0.8855285507275865,0.8500451416084712
3935,1,0.9556699209127666,0.9437465933656007
3936,0,0.02906796839329237,0.023190212840240334
3937,0,0.019177141598926674,0.01567613957341292
3938,1,0.9934136480842988,0.9925631359463586
3939,0,0.1523925693112339,0.11424477921158044
3940,0,0.02993497069350435,0.023842382291937945
3941,1,0.9970628381990593,0.996859760687336
3942,1,0.9973531571019335,0.9971901504422689
3943,1,0.9973131909510957,0.9971448072098382
3944,1,0.9763195689487825,0.9709724774873201
3945,1,0.9977306514438371,0.9976160552059098
3946,1,0.9957291959791545,0.9953163338993697
3947,0,0.05791196776164881,0.04459077545928288
3948,0,0.1178715532025254,0.0886166650013191
3949,0,0.2513642939778272,0.19030323078403188
3950,0,0.20378534641189058,0.15318250483650797
3951,0,0.02856102419635595,0.02280848198688591
3952,0,0.0852130245641553,0.06461644166963547
3953,0,0.211253717898229,0.1589354488005667
3954,0,0.316092009649917,0.2427951257735808
3955,0,0.9835916192479981,0.9803348961448151
3956,1,0.9976177247350018,0.9974891152362934
3957,1,0.5101490166356166,0.4173314709415573
3958,0,0.3415389794640901,0.26413572429247534
3959,1,0.874347961642687,0.8352764858791419
3960,0,0.7978212527668129,0.7368456489717465
3961,0,0.013931044972389747,0.011612567191118486
3962,0,0.15980251218467278,0.11979495994652331
3963,0,0.012449977811399322,0.01045090226645749
3964,1,0.996147486710905,0.9958044678589365
3965,1,0.8696825732858664,0.8291388182664535
3966,1,0.9979071322595144,0.9978135723777332
3967,1,0.9654499501322775,0.9567225255043461
3968,0,0.05152426028022769,0.0398878028270541
3969,0,0.09840367701938119,0.0742919528724511
3970,0,0.03475940723945766,0.027457180516006284
3971,0,0.5171677664886309,0.4242005903862651
3972,0,0.04481772115925474,0.03493386440947441
3973,1,0.9884802458255527,0.986503192061385
3974,0,0.017713751134041313,0.014549551242372939
3975,1,0.9554183968748082,0.9434115995753536
3976,1,0.7808256163850106,0.7157072659584269
3977,1,0.9903344901209686,0.9888049137220619
3978,1,0.9804614358888022,0.9763273306545931
3979,0,0.22348990823721895,0.16841856844459818
3980,1,0.9954842345748325,0.9950289699255656
3981,1,0.998051803091557,0.9979746509011258
3982,1,0.9685958070924563,0.9608698856115218
3983,1,0.9959246871306278,0.9955448830094861
3984,0,0.055997100803072596,0.04318222304539889
3985,1,0.9817188654006652,0.9779417841264533
3986,1,0.9977343353568413,0.9976201891760158
3987,1,0.9979677366293114,0.9978811452385107
3988,1,0.9786967549579406,0.9740523380599658
3989,0,0.17328609545341703,0.12994633591240667
3990,0,0.023200002008310593,0.01875100454684723
3991,1,0.07746809364821905,0.058940022796535506
3992,0,0.19486549693890523,0.14634504354681324
3993,1,0.9976222727028908,0.9974942355754973
3994,1,0.9779885165821012,0.9731364861010701
3995,0,0.6061031662202722,0.5150475484861581
3996,0,0.09712281877993853,0.07335165186392825
3997,1,0.8446214300412953,0.7964499049561103
3998,1,0.9950084880957819,0.9944679621594473
3999,1,0.997029046536077,0.9968211574585352
4000,0,0.08489454884297017,0.06438299639994767
4001,1,0.9626344782993028,0.9529983904647545
4002,1,0.9968271957835472,0.9965899605681815
4003,0,0.09514292183887088,0.07189856909768355
4004,1,0.9887160094943594,0.9867971959308102
4005,0,0.35362904905224357,0.2744241838928579
4006,1,0.8960797850905342,0.8640523583759756
4007,1,0.5784271391277364,0.48600143330088313
4008,0,0.03389705095390648,0.026812666899638793
4009,0,0.08843930942363626,0.06698163063397976
4010,0,0.03164432045558345,0.025125773715718974
4011,1,0.9937284177730921,0.9929417377633489
4012,0,0.09524567842386725,0.07197397284614997
4013,1,0.9979420246029372,0.9978524932211791
4014,0,0.03951236066528629,0.03099870813952793
4015,0,0.013945535870816208,0.01162389681572651
4016,0,0.03460225261841747,0.027339773736377623
4017,0,0.21828461587238807,0.1643755518344631
4018,1,0.9765156175752459,0.971227085417754
4019,0,0.6417017919220271,0.5534798719198365
4020,0,0.25193093179203996,0.19075234902546737
4021,1,0.9979202620702416,0.9978282232977319
4022,0,0.08146229433149138,0.06186734667288945
4023,1,0.7456838534864692,0.6729003036427358
4024,1,0.9968758387231605,0.9966457683874064
4025,0,0.010401003588763495,0.008830226901137963
4026,1,0.9544352065343907,0.9421016419488433
4027,1,0.8379326133179926,0.787811380002961
4028,0,0.06018352771982406,0.04626051968501653
4029,0,0.04609227155927731,0.03587690848927149
4030,0,0.255696637030082,0.1937414846769139
4031,1,0.8376668754554328,0.7874689717685378
4032,1,0.996904163284026,0.9966782381980693
4033,1,0.9920197016218895,0.9908731198354364
4034,0,0.009845876649253403,0.008388015370481535
4035,1,0.19262391251324917,0.1446323649632947
4036,0,0.1287757082715613,0.09667537982106475
4037,1,0.25654444620615174,0.19441552462537132
4038,1,0.7574937496261319,0.687149180812709
4039,1,0.997530948319377,0.9973912924974417
4040,0,0.117084384367794,0.08803601375076041
4041,1,0.8862579878112125,0.8510114304768518
4042,0,0.017627481118397827,0.014482984379807627
4043,0,0.03168977489613531,0.02515985970492861
4044,0,0.3174308526217744,0.24390754455688796
4045,1,0.9976813619240692,0.9975607006292992
4046,1,0.6519654250888425,0.5647888392729464
4047,0,0.0688398727204908,0.05261461077557727
4048,1,0.9979242266427009,0.997832645940913
4049,0,0.1617252384392953,0.12123833606604968
4050,1,0.950315936838822,0.9366057284393815
4051,0,0.17718416946385113,0.13289425602346863
4052,1,0.9977729284842686,0.9976634696600419
4053,0,0.019422177989128875,0.015864324222247504
4054,0,0.046751813379020235,0.03636459271106056
4055,1,0.6528210218929598,0.5657362428197297
4056,0,0.26414042637771606,0.20047231016575018
4057,0,0.11279255183540937,0.08487254421978825
4058,1,0.9976079845187642,0.9974781469699834
4059,0,0.08142166695484943,0.06183757080580121
4060,0,0.02864181475491644,0.022869337886833905
4061,1,0.22114332374485746,0.16659429869234887
4062,1,0.9236675579049773,0.9009126750744058
4063,0,0.02898814334990282,0.023130124274572544
4064,1,0.5731458553769594,0.480539811481056
4065,0,0.02062955694260568,0.016789789744550712
4066,1,0.9925809489886875,0.9915560586513532
4067,0,0.23205767620182327,0.1751026159853869
4068,0,0.01842430885607803,0.01509716950208964
4069,1,0.9838758773318506,0.980696848160268
4070,1,0.9976779464409875,0.9975568619004377
4071,0,0.01741257111587889,0.014317080698175198
4072,1,0.9979943633477317,0.9979107906164408
4073,1,0.9968389097942574,0.9966034052861148
4074,0,0.05104143846993206,0.039531780038210756
4075,1,0.9980540257941262,0.9979771195102852
4076,1,0.5685518841319361,0.47580985518496416
4077,1,0.9692791325092467,0.9617685796578697
4078,0,0.5049535133575658,0.4122739629219718
4079,1,0.8728248255183946,0.8332710052092209
4080,1,0.6126435475561667,0.5220172755261308
4081,0,0.3241899104849434,0.24954090614677543
4082,0,0.011369482633877302,0.009598401387044249
4083,0,0.01594786719971715,0.013183321076317327
4084,0,0.013896294909352356,0.011585395321920147
4085,0,0.5819416424099382,0.4896502387487127
4086,0,0.027798105142657965,0.02223342063889085
4087,0,0.02687071417033285,0.02153340796156241
4088,1,0.947715445063843,0.9331308401354005
4089,1,0.9969021405619896,0.9966759201139329
4090,1,0.9918148869629092,0.990623121594746
4091,1,0.4083461081977019,0.32225994648951156
4092,0,0.21728449761251675,0.16360026484340665
4093,0,0.028015482842736507,0.022397344684289482
4094,1,0.9943421809429193,0.9936763607147427
4095,1,0.9883375945949038,0.9863251241361655
4096,1,0.9275989206298454,0.9061819970651666
4097,0,0.04209165089452742,0.03291393834187559
4098,1,0.9967744692701946,0.9965294027747619
4099,0,0.7233792221735781,0.6463710768161273
4100,0,0.13499772802339716,0.10128778260179772
4101,0,0.11169470671946752,0.08406395215877821
4102,1,0.1489750043601242,0.11169138887914243
4103,0,0.1267213342269473,0.09515479568309963
4104,0,0.6456902898396704,0.5578623363255842
4105,0,0.04281265012213483,0.03344858017240077
4106,1,0.9978777534598322,0.9977807674681045
4107,1,0.9465234662620073,0.931536931059938
4108,0,0.029399645614496886,0.023439805167499647
4109,0,0.08559225824647726,0.06489442894110635
4110,0,0.296921807550906,0.22698955521296643
4111,1,0.8633247487680723,0.8207999011143171
4112,1,0.9200759135914774,0.8961006158627223
4113,0,0.0532850272405931,0.04118545213176997
4114,0,0.21620303268405566,0.1627624639776975
4115,1,0.3877954248308305,0.30404280903037434
4116,0,0.07971685981435783,0.06058813046596653
4117,1,0.9974874973739176,0.9973422224756539
4118,1,0.7485456237392185,0.676340273831681
4119,0,0.012988462728664132,0.010874132669540437
4120,0,0.0937215722156261,0.07085568765093614
4121,0,0.5166717840840191,0.4237137866351286
4122,0,0.06421012199910461,0.04921768179048159
4123,0,0.060076417161103866,0.046181812964539395
4124,0,0.02611735293330623,0.02096392916753195
4125,0,0.030658580714044356,0.02438605166314515
4126,1,0.9765158578650215,0.9712273974173361
4127,0,0.007680794307872217,0.006647959812062601
4128,0,0.14759354773568648,0.1106603650411812
4129,1,0.9941777197807693,0.9934800019537866
4130,0,0.06155028800404848,0.04726462691435196
4131,1,0.2889300159358963,0.22046673757657254
4132,0,0.04242612013004329,0.03316199473267145
4133,0,0.06320859211270159,0.04848242890687131
4134,1,0.6818952610096435,0.598360313390005
4135,1,0.9920583633866107,0.9909202652274928
4136,1,0.9903630934607608,0.9888402189741813
4137,0,0.35476167611281423,0.27539308176202143
4138,1,0.7260812981703219,0.6495582988068436
4139,0,0.011572258131619195,0.009758738085901986
4140,1,0.7669822127749508,0.698698005470943
4141,0,0.07313954412963412,0.05576729241046256
4142,0,0.00959479847542139,0.008187521573188555
4143,0,0.05280638526279964,0.04083280857851001
4144,1,0.9977169709596194,0.9976006994291521
4145,0,0.26480302062071714,0.2010021633456628
4146,1,0.9977347904624125,0.9976206998494499
4147,0,0.2775570353376218,0.21124957666008412
4148,1,0.9823863492126252,0.9787963649070514
4149,0,0.6654334746000589,0.5797857401505905
4150,1,0.9748928268351142,0.969116517421352
4151,0,0.2574938818733083,0.1951708294354079
4152,1,0.9359992643331246,0.9174431469759171
4153,0,0.5319301031059955,0.43878771314495457
4154,0,0.051467287444077504,0.039845796706011856
4155,1,0.9268876991318575,0.9052286110183024
4156,1,0.9916833166515338,0.9904623157013699
4157,0,0.31349898507450424,0.2406438475128441
4158,0,0.2711664265179755,0.20610335162916946
4159,1,0.8807009165894419,0.843658268049546
4160,0,0.38400508571048264,0.3007163963983434
4161,0,0.02285205869194574,0.018486197545409592
4162,0,0.03137461339620663,0.024923479026428427
4163,1,0.9977012077353624,0.9975829981380562
4164,1,0.9265017386838652,0.9047112518218094
4165,0,0.695502155317765,0.6139176619305283
4166,1,0.9975745328346624,0.9974404547479153
4167,1,0.997390077820986,0.9972319974809727
4168,1,0.9392600504630833,0.9218128833243847
4169,1,0.9974799038214499,0.9973336410080775
4170,1,0.935957903072668,0.9173877090735495
4171,1,0.5258140116255838,0.4327211280806876
4172,1,0.9979237950096552,0.9978321644643221
4173,0,0.11019094836660995,0.08295678339708076
4174,1,0.9979340410595908,0.9978435918585491
4175,1,0.9309221773943865,0.9106371395699866
4176,0,0.09557516300658492,0.07221575977773341
4177,1,0.9683092049204542,0.9604927098939959
4178,1,0.9976615438162615,0.9975384213508204
4179,0,0.3550211229144863,0.27561514649718544
4180,1,0.9980214981555641,0.9979409742127551
4181,1,0.9412884208763055,0.9245300121154856
4182,0,0.009756643360682929,0.008316795365118033
4183,0,0.03872857619467949,0.03041584972721606
4184,0,0.03147017322618954,0.024995162473787323
4185,1,0.977141550914371,0.9720392740690558
4186,1,0.0979814241488439,0.07398194626834148
4187,0,0.017475241304943604,0.014365471482463277
4188,0,0.8232768943035383,0.7690196672405716
4189,1,0.9365287921001069,0.9181528720242471
4190,0,0.07275787746908946,0.055487496867324494
4191,1,0.9978424373308126,0.9977412920866454
4192,1,0.9977312945035175,0.9976167768598104
4193,1,0.03711943453414744,0.029217843479214436
4194,0,0.014499108522950093,0.012056210641858987
4195,0,0.04401539957174676,0.03433979570248843
4196,0,0.1072171500772651,0.08076853820317412
4197,0,0.011787570707662395,0.009928807636660018
4198,1,0.9961959019384854,0.995860746352024
4199,0,0.511491313155306,0.4186418727955729
4200,1,0.9789250383631272,0.9743472094644674
4201,0,0.13301895391245444,0.099819729576101
4202,1,0.9978837735629729,0.9977874921492619
4203,0,0.09895791479022446,0.07469889479789965
4204,0,0.06650612680126704,0.0509026565595024
4205,0,0.5674044519363484,0.47463147943738326
4206,0,0.9789459524725207,0.9743742157739482
4207,0,0.013145740147577082,0.010997554323545539
4208,1,0.9977682402106485,0.9976582146618018
4209,1,0.9973029145976733,0.9971331408822892
4210,1,0.9234507695255095,0.9006221621002869
4211,0,0.16886575720075703,0.12661073816179233
4212,0,0.20995379025805305,0.15793222537601712
4213,1,0.8987319018860482,0.8675826218536827
4214,0,0.5186589222206209,0.4256654328915547
4215,0,0.07715385607251976,0.05870971458711539
4216,0,0.5623745961983171,0.4694801774165366
4217,0,0.0559287195242239,0.04313190415293757
4218,0,0.04815865914350273,0.037404181414379976
4219,0,0.08357131021551623,0.06341309494550133
4220,0,0.015548973196055763,0.012873581486914695
4221,1,0.877559709640219,0.8395105402385834
4222,1,0.9964088675456482,0.9961077247957725
4223,0,0.9079194418605823,0.8798375903000453
4224,0,0.024959758958403563,0.020087358481792453
4225,0,0.09356438152352431,0.07074036583880818
4226,0,0.01216212741308587,0.010224229034283673
4227,1,0.9976276144853563,0.9975002487862963
4228,0,0.061684167518773564,0.04736296274760102
4229,1,0.9969546493847564,0.9967360632413508
4230,0,0.08392918857366408,0.06367540471012738
4231,0,0.3248164675259686,0.25006459143283427
4232,0,0.025682920812283423,0.02063518356324572
4233,0,0.14058565989474972,0.1054397019336048
4234,1,0.07683723542785009,0.058477657627785194
4235,0,0.36439316977910163,0.28366772150801617
4236,0,0.10622914772759282,0.08004187990030891
4237,0,0.3890775994525619,0.3051703882029892
4238,0,0.013420762094159704,0.011213171363244451
4239,1,0.9357906904081579,0.9171635861768854
4240,0,0.1537659978404989,0.11527204370030875
4241,0,0.014245142600008788,0.011857993741803841
4242,1,0.9977953260068979,0.9976885642567179
4243,0,0.07937403762206631,0.060336880261231476
4244,1,0.17350667082694826,0.13011298396965637
4245,0,0.2619049620899967,0.1986864992397163
4246,0,0.01194903960017707,0.010056228053013936
4247,0,0.28237092829917415,0.21514170330689028
4248,1,0.14272634709059853,0.10703279046645832
4249,1,0.4434197058655003,0.35408252296899223
4250,0,0.32418375137600125,0.2495357595271081
4251,0,0.02027743569956852,0.016520185018113517
4252,1,0.9633647341917356,0.9539653431717869
4253,1,0.09864514817178519,0.07446924493341522
4254,0,0.08499020907380866,0.06445311565854839
4255,0,0.1912620674106699,0.1435929268434917
4256,1,0.9967595590165497,0.9965122658500472
4257,0,0.20699316229647252,0.15565031959915812
4258,1,0.9977476183024989,0.9976350910909407
4259,1,0.9688731895209901,0.9612347921580618
4260,0,0.08256705311300581,0.0626770375865295
4261,1,0.40937149030653414,0.323177046297784
4262,0,0.051962618283453735,0.04021096524916241
4263,0,0.055336802574447855,0.04269628145672821
4264,1,0.6841905578067367,0.6009716418986479
4265,0,0.013156458915324626,0.011005962649566929
4266,0,0.16160926232704553,0.12115123523520842
4267,0,0.06881747163066905,0.05259818108949231
4268,0,0.6112864255295342,0.5205677141009365
4269,1,0.9823261168291961,0.9787193212478901
4270,0,0.02745867584084639,0.02197733992699582
4271,1,0.9761665861673716,0.9707737268683938
4272,0,0.11041951179450493,0.08312503881523711
4273,1,0.9976580759169884,0.997534521463162
4274,0,0.03865175283398879,0.030358697331369037
4275,1,0.9979509066256045,0.9978623936027763
4276,1,0.974240672939108,0.9682664617448793
4277,0,0.044037918821001096,0.034356474463551695
4278,1,0.9487321661177599,0.93448985364011
4279,0,0.08005650927104906,0.06083705549674977
4280,1,0.9948654048265612,0.9942985285079572
4281,1,0.9970560355542875,0.9968519918115892
4282,0,0.05659463485398224,0.04362186745638578
4283,1,0.9963495466414747,0.9960390256272502
4284,0,0.17974438327000272,0.13483376325940177
4285,1,0.7952869613179157,0.7336759218866816
4286,1,0.9976266711719144,0.9974991869708503
4287,1,0.9921798114853431,0.991068267572217
4288,1,0.9978098171186935,0.9977047911750216
4289,0,0.0771913678304301,0.058737207478468535
4290,0,0.48313544294849753,0.39128478460369925
4291,1,0.9977312945035175,0.9976167768598104
4292,0,0.06834028750693341,0.052248185941658816
4293,0,0.02645198954272458,0.0212169806462445
4294,1,0.995913106856644,0.9955313644589892
4295,0,0.16731758131755847,0.12544427601338878
4296,1,0.9821465236285305,0.9784895167377049
4297,0,0.9249785266632689,0.902669612083557
4298,1,0.6925028641423238,0.6104725183461033
4299,0,0.12007506139257451,0.09024282551428867
4300,0,0.061959556238232905,0.0475652275252866
4301,0,0.03532071132375238,0.027876346293809546
4302,1,0.7387581279087929,0.6646092840732967
4303,0,0.07757014870604736,0.05901481966675887
4304,1,0.9460046302632231,0.9308429464969173
4305,1,0.9527340444077821,0.939833358278054
4306,1,0.9479884188784573,0.933495764984759
4307,0,0.04780935873128139,0.037146148952523605
4308,0,0.007788533941137788,0.0067351967549142714
4309,1,0.9946964590555205,0.9940980697114545
4310,0,0.16955375877898848,0.1271294046694766
4311,1,0.9976147448210815,0.9974857599352392
4312,1,0.9966058915720972,0.9963353457510125
4313,0,0.19422248992353575,0.14585352852918154
4314,0,0.022130053712976924,0.01793605866487899
4315,0,0.015409085820227658,0.012764855381862054
4316,1,0.9973095943526902,0.9971407244792575
4317,0,0.027142170937590443,0.021738422864984966
4318,0,0.6056589883715685,0.5145756877978503
4319,1,0.9979168478715136,0.997824414160658
4320,0,0.009124588013544774,0.007811186316185216
4321,1,0.7153570672906264,0.6369518819188925
4322,0,0.05824031824268726,0.044832210309845084
4323,0,0.01804170415764974,0.014802444511717526
4324,0,0.03986801467903947,0.03126305085060021
4325,0,0.029920957712227365,0.023831848281228685
4326,0,0.1015115473429193,0.076574414874899
4327,0,0.0668547008838439,0.05115840059125433
4328,1,0.8962935704675825,0.8643367985092391
4329,1,0.6684598046384475,0.5831802827359855
4330,1,0.9977229958008798,0.9976074628338757
4331,1,0.8286126256618445,0.7758391698115678
4332,0,0.0494113329445247,0.03832911581004277
4333,1,0.9977075685795378,0.9975901420315529
4334,0,0.05541449549033643,0.042753465538239714
4335,0,0.03533935193417157,0.027890262007305742
4336,1,0.9614121436440543,0.951378387547184
4337,0,0.0540759045524824,0.041767972669031136
4338,0,0.053300840019225,0.041197101026984616
4339,1,0.7535695069104937,0.6823990306320041
4340,0,0.10624316147594476,0.08005218557079175
4341,0,0.041146826842796067,0.032212854264321404
4342,1,0.5147087512961073,0.4217891670704004
4343,1,0.6862655322792088,0.6033368422257968
4344,1,0.9975474741283497,0.9974099401624729
4345,0,0.02721583476583624,0.021794040240662022
4346,1,0.991370489573773,0.9900793342699563
4347,1,0.9975041016099662,0.9973609807972221
4348,0,0.0423061053099422,0.033072994296866276
4349,1,0.711396074216605,0.6323249784181153
4350,0,0.16950243312033764,0.12709070526120128
4351,1,0.9373136825524763,0.9192047882784115
4352,1,0.9976663820631881,0.9975438616331759
4353,1,0.8626034129625446,0.8198556962158597
4354,0,0.22986955747730772,0.17339206184792488
4355,1,0.9927453726580333,0.9917555188134175
4356,1,0.997800243810979,0.9976940719486961
4357,0,0.07373051782356455,0.05620051155212313
4358,1,0.9977329021776762,0.9976185809619571
4359,1,0.996688945693224,0.9964310357591383
4360,0,0.2993137641183923,0.22894933876950743
4361,0,0.1047860105992215,0.07898078068947038
4362,1,0.44896915452750774,0.3592047719939844
4363,1,0.8858595670977156,0.850483600610712
4364,1,0.9978302473303884,0.9977276562361735
4365,1,0.9968569464748729,0.9966241002814462
4366,0,0.020232502158526094,0.0164857638667155
4367,1,0.9510008678826474,0.9375203314314816
4368,0,0.023479619795623817,0.018963668526397432
4369,0,0.048935218746906484,0.03797764611690206
4370,0,0.5359476428366927,0.4427906366114896
4371,1,0.9979243254475917,0.997832756154508
4372,1,0.9950151132630747,0.9944757997473138
4373,1,0.5115207104227528,0.41867058885848984
4374,1,0.9968748673842001,0.9966446545428128
4375,1,0.9979071322595144,0.9978135723777332
4376,1,0.9422760635887374,0.9258526364706042
4377,0,0.05931940213302335,0.045625472548358054
4378,0,0.11965973279370648,0.0899362321523102
4379,0,0.10618058836364755,0.08000616974609538
4380,0,0.2714738141822202,0.20635034862443483
4381,1,0.9653336954990932,0.956568967810695
4382,1,0.9977653722054602,0.997654999599629
4383,1,0.970402253417165,0.9632438382512057
4384,0,0.18712414209333383,0.14043956117516507
4385,0,0.09211210980295163,0.06967503332363381
4386,1,0.9482776583137327,0.9338823942759489
4387,0,0.022457000716719216,0.018185289074276283
4388,1,0.9920445449885571,0.9909034163045423
4389,0,0.2707347203418354,0.20575655118576683
4390,0,0.370312244141246,0.28878471868020267
4391,1,0.9358213820480341,0.9172047238536101
4392,0,0.2500332129533222,0.18924889567965897
4393,1,0.8901443622920524,0.8561650658553964
4394,1,0.9357431665501229,0.9170998871455529
4395,1,0.9965900975499716,0.9963171309331018
4396,0,0.3023612339790446,0.2314512503096414
4397,1,0.9975318356942308,0.9973922940230165
4398,1,0.9911297771551754,0.9897840410210563
4399,0,0.03441252764460667,0.027198005815194732
4400,1,0.9227193448817876,0.8996420500999203
4401,0,0.010311655974471635,0.008759150162609478
4402,1,0.9977476183024989,0.9976350910909407
4403,1,0.9943748160748107,0.9937152814828748
4404,0,0.05089417873802833,0.03942317650556869
4405,1,0.9978203490872746,0.9977165801453516
4406,1,0.9971993197183657,0.9970153681250783
4407,1,0.9611596555524594,0.951043535498429
4408,1,0.9366931791952846,0.9183731921994058
4409,0,0.48695610023885494,0.39493147961475245
4410,0,0.05280476389487565,0.040831613890795836
4411,0,0.06745584933796861,0.05159941853492557
4412,0,0.008317727440489945,0.0071626310633058155
4413,1,0.9968448620580297,0.9966102356963187
4414,1,0.997811229084197,0.9977063718835372
4415,0,0.056175310294961964,0.04331335368097207
4416,0,0.012852500696700594,0.010767368630064306
4417,0,0.07640230566114595,0.0581588857045213
4418,0,0.7518225765047954,0.6802893850476639
4419,0,0.08373036595911645,0.06352967557821924
4420,0,0.2247171665312874,0.16937374282050588
4421,1,0.9976204775315087,0.9974922145571061
4422,0,0.0964244720980921,0.07283906937672109
4423,0,0.2564794213784685,0.19436381351208015
4424,1,0.9224775466576978,0.899318058266099
4425,0,0.19325809462151308,0.14511668622365848
4426,1,0.9130852878698656,0.8867429778281046
4427,1,0.9841973647600389,0.9811057703089806
4428,1,0.9977885176450416,0.9976809378618824
4429,0,0.08590023332717528,0.0651201869755265
4430,1,0.9365116446736185,0.9181298899347612
4431,0,0.06459984899567607,0.04950374747790308
4432,1,0.9961745998813158,0.995835990414671
4433,1,0.9979328463161827,0.997842259561809
4434,0,0.531414134976298,0.43827465304592417
4435,0,0.04631304285467306,0.03604017630791889
4436,0,0.12090886206462775,0.09085845582276776
4437,1,0.9551066326190367,0.9429963026707192
4438,0,0.7065251012798162,0.6266567517367914
4439,0,0.12413882689361522,0.09324486591376127
4440,0,0.5387974369256865,0.445638712085789
4441,1,0.9525392759500588,0.939573527450515
4442,1,0.9796825181616318,0.975324439585683
4443,1,0.7418029230674977,0.6682483800185706
4444,0,0.05039855425403828,0.039057594707488576
4445,0,0.6307534636540133,0.5415298080330707
4446,0,0.05560181344107783,0.04289132935634935
4447,0,0.12823752675041836,0.09627692598022744
4448,1,0.9977292397047192,0.9976144708766421
4449,0,0.017304040176504575,0.014233256169801797
4450,1,0.9572027954375022,0.9457869937841162
4451,0,0.2122677645290137,0.15971859860738744
4452,1,0.9895538677011075,0.9878389439355189
4453,1,0.5408631387265919,0.44770767095596786
4454,1,0.9966482915050799,0.9963842162857793
4455,0,0.40155915961173994,0.31620938909476937
4456,0,0.09083586737507401,0.06873899154714243
4457,0,0.07826187660755057,0.05952178745637993
4458,1,0.9602037316859274,0.9497751263600978
4459,1,0.9524991102904161,0.9395199412299303
4460,1,0.7670009152100519,0.6987208573394572
4461,1,0.9979887254342654,0.997904515752166
4462,0,0.1107401501236992,0.08336109161199567
4463,1,0.9979123025833405,0.9978193424380217
4464,1,0.7346199574787899,0.6596783350336322
4465,0,0.0949090440145148,0.0717269517452523
4466,0,0.05924604827678734,0.04557155693368018
4467,1,0.9970619007603709,0.9968586901690395
4468,0,0.03218992533638186,0.02553478279570923
4469,1,0.9692243086335557,0.9616965071857768
4470,0,0.04950426843873081,0.03839771034542012
4471,0,0.04865245757405303,0.03776886572707499
4472,0,0.01205243274275546,0.01013776607957488
4473,1,0.9405359614457502,0.9235221614563416
4474,0,0.5631697693529829,0.4702930143438166
4475,0,0.45408826380648115,0.3639514035868455
4476,1,0.997912186409448,0.9978192127990666
4477,0,0.11252975831894932,0.08467896759877047
4478,0,0.04876631171499091,0.03785293547262452
4479,1,0.9844264152032022,0.9813968279331852
4480,0,0.3314481343689071,0.2556229618571272
4481,0,0.6774274020789037,0.5932923655882483
4482,1,0.9110099066182886,0.883967616890432
4483,1,0.7405807871719398,0.6667865819669057
4484,0,0.009261490907103454,0.007920875396979332
4485,1,0.9976858595980438,0.9975657550699127
4486,1,0.9980611610736666,0.9979850428997924
4487,1,0.9823311786607475,0.9787257964291528
4488,0,0.055915238155023514,0.0431219836268171
4489,0,0.034939426643294164,0.02759164298453686
4490,0,0.17589677277861315,0.1319199867785723
4491,1,0.9375043269229089,0.9194602773297941
4492,0,0.7984873617880248,0.7376797950892575
4493,1,0.2597805013897295,0.19699194153209137
4494,1,0.9888518084743227,0.9869663720165045
4495,1,0.9665224037009159,0.9581381550742755
4496,0,0.0778567927187849,0.05922490210961746
4497,1,0.17532641626025472,0.1314885690018673
4498,1,0.9956388821557239,0.9952105108532114
4499,1,0.9980012753854194,0.9979184819170358
4500,1,0.9977119604220197,0.9975950737472108
4501,1,0.5677563870719731,0.47499277727704625
4502,1,0.9161201866921405,0.8908038906129626
4503,1,0.9946963862331868,0.9940979832142591
4504,1,0.3350944010605931,0.25869127909114153
4505,1,0.9979521232085886,0.997863749445379
4506,1,0.997390077820986,0.9972319974809727
4507,1,0.8516018823962921,0.8055049965574275
4508,1,0.9967069018368593,0.9964517027427361
4509,0,0.020851364542550536,0.016959496291931317
4510,0,0.06413945358543163,0.04916580746938205
4511,0,0.1429274833735439,0.1071825489165737
4512,1,0.9904816290018998,0.9889864582491357
4513,0,0.2300881662097661,0.17356284916120718
4514,0,0.7642158633231191,0.6953217180323183
4515,0,0.5150036580890225,0.42207809070304375
4516,0,0.06887551837684966,0.052640754347222055
4517,0,0.014206012697615273,0.011827435687576571
4518,0,0.08796097984341807,0.06663092835935479
4519,1,0.9969020380060047,0.9966758025797986
4520,0,0.06548300888829173,0.050151913818024065
4521,1,0.9949709755303935,0.9944235718040776
4522,1,0.533077202510481,0.43992918723475666
4523,0,0.012812043039187227,0.010735586743841242
4524,0,0.013465943171126038,0.011248568927593744
4525,1,0.9364178519862144,0.9180041822140778
4526,1,0.8056257814875807,0.7466455069042458
4527,0,0.9469116151025558,0.9320560338086068
4528,1,0.9978570590400366,0.9977576411797375
4529,1,0.9801024711448807,0.9758654055925826
4530,1,0.9965803753521392,0.9963059157727423
4531,1,0.9968645944529869,0.9966328730420636
4532,1,0.9973125681623868,0.9971441002686294
4533,1,0.9977088029176592,0.9975915281670411
4534,0,0.26574641539394583,0.20175698768130912
4535,1,0.9683745973121534,0.9605787803751118
4536,1,0.9761891701152065,0.970803071209251
4537,1,0.9949206783996047,0.9943640186674514
4538,1,0.9501032333912864,0.9363216443810771
4539,1,0.8621887933137803,0.8193131509713473
4540,1,0.9976774252928393,0.9975562761381237
4541,1,0.9094581295887676,0.881893422074426
4542,1,0.6698393036089022,0.5847306386879023
4543,0,0.9785624359161302,0.973878763129355
4544,1,0.16828262198077754,0.12617127086138666
4545,0,0.4360204901783086,0.34729046082799353
4546,1,0.9632106295430576,0.9537613455197648
4547,1,0.9731375820407842,0.9668263347078466
4548,0,0.06296172696073335,0.048301171463914376
4549,0,0.8352761093477417,0.7843911696664294
4550,0,0.009616834963242102,0.008205130903313719
4551,0,0.7635560919281286,0.6945175990075284
4552,0,0.028007970055692423,0.022391680281039907
4553,1,0.8725307087226081,0.8328839340922932
4554,1,0.9978440915400528,0.9977431420991206
4555,0,0.0938243621667594,0.0709311001295338
4556,0,0.04733337322317453,0.03679444520881204
4557,1,0.9898862156702348,0.9882507695215593
4558,1,0.9975391909710927,0.9974005945350796
4559,1,0.9953998391313768,0.9949297232167265
4560,0,0.14811688627807645,0.1110508742519106
4561,1,0.9777384851974477,0.9728127982577707
4562,1,0.9794468911898129,0.9750206561706348
4563,1,0.9976809324503884,0.9975602179563782
4564,0,0.018288705090332195,0.014992750154702666
4565,1,0.9477769562515764,0.933213074500743
4566,0,0.035353959976420685,0.027901167098190877
4567,0,0.043656381962415655,0.034073854071629946
4568,0,0.21328086780415656,0.16050150854208356
4569,1,0.9221555422566742,0.8988866112350865
4570,0,0.010645347585308131,0.0090244199151388
4571,1,0.9907289870875478,0.9892912606467831
4572,1,0.5210969932586356,0.42806463362707536
4573,1,0.9978404757027246,0.9977390981425704
4574,1,0.5705251167490837,0.477839122808865
4575,0,0.33088517252185595,0.25515000500099977
4576,1,0.9977662704093546,0.9976560065251548
4577,0,0.7522430584285229,0.6807968927906877
4578,0,0.024601444088752866,0.01981563858045627
4579,1,0.9976663303482627,0.9975438034872633
4580,0,0.017934728230241226,0.01471997995992831
4581,0,0.14076756249678654,0.10557501745932076
4582,1,0.9933780975368307,0.9925203013159402
4583,1,0.42427903171223136,0.3365995134849033
4584,1,0.9905809119290702,0.9891088579545939
4585,0,0.13505788052151482,0.1013324274558138
4586,1,0.9806550565022265,0.9765762996130833
4587,0,0.12775621316623453,0.09592064106448586
4588,1,0.9459535199728225,0.9307745761728511
4589,0,0.06555491968402319,0.05020468528870079
4590,1,0.9970929775932728,0.9968941664011363
4591,1,0.9401181945233474,0.9229625398635314
4592,0,0.10002927636263963,0.07548564611199926
4593,1,0.8645825673559847,0.822447281401687
4594,1,0.598563966295835,0.5070638115186376
4595,0,0.03663071509534938,0.028853607838686988
4596,1,0.9249193051436746,0.9025902396549773
4597,1,0.9857285058879749,0.983046643949524
4598,0,0.1624506524006611,0.12178325192897664
4599,0,0.08856283450511307,0.0670721994043435
4600,0,0.702121536640355,0.6215529663573267
4601,0,0.06969314216779651,0.05324038795703895
4602,0,0.5342760330697436,0.44112337822457026
4603,1,0.9275027038756205,0.9060530171441847
4604,1,0.9676819245886877,0.9596667064483354
4605,0,0.024969398754990685,0.02009466598836847
4606,0,0.051016515464675026,0.03951339998219395
4607,0,0.3418314353750031,0.26438344549835435
4608,0,0.07501211155468504,0.057139934362134735
4609,1,0.9979316787754267,0.9978409575491524
4610,0,0.18179253008698226,0.13638728974271935
4611,0,0.13359392242271206,0.1002461830440828
4612,1,0.9971975430476812,0.9970133457068865
4613,1,0.9281660875828464,0.9069423049142252
4614,0,0.05094907713678848,0.03946366483401855
4615,1,0.9960627973401845,0.9957059106750324
4616,0,0.02788715037576219,0.022300576520677285
4617,1,0.6048172690594296,0.5136820229333713
4618,1,0.4103492191813475,0.3240522552944663
4619,1,0.7918370683272026,0.7293709344637044
4620,1,0.9975281385414532,0.9973881211129579
4621,1,0.9975737838939418,0.9974396104626573
4622,1,0.8816317747617355,0.8448886308062454
4623,0,0.38707825815334523,0.303412629720349
4624,1,0.5468342900965276,0.4537096055627345
4625,1,0.9835704986806223,0.980307988688661
4626,1,0.9967425336906561,0.9964926915207527
4627,0,0.019023155335259355,0.015557815305455228
4628,0,0.08415784637098206,0.06384300356215668
4629,1,0.9948966481418617,0.9943355524696659
4630,1,0.9975091860718802,0.9973667231880244
4631,1,0.8643520193618611,0.8221452411122888
4632,0,0.08431901832576824,0.06396113859561504
4633,1,0.9264032908178254,0.9045792898985885
4634,1,0.4224516965306957,0.3349451752122502
4635,1,0.9972133404449497,0.9970313251482841
4636,0,0.3944035426566532,0.30986689674567525
4637,1,0.9970770033685321,0.9968759339532444
4638,0,0.09349969890151935,0.07069291263590145
4639,0,0.13854144535432686,0.10391972962195739
4640,0,0.10099142027389686,0.076192330969665
4641,0,0.07760333665291297,0.059039143305778
4642,1,0.9859718182376171,0.9833539907420427
4643,0,0.041117738399664094,0.03219126118533098
4644,1,0.9977885176450416,0.9976809378618824
4645,1,0.9937227822135603,0.9929349700213758
4646,0,0.05417909462032659,0.04184396251628801
4647,0,0.013594220743533815,0.011349032295480364
4648,1,0.948924849705596,0.9347473469470906
4649,1,0.9559052608909251,0.9440599846881833
4650,1,0.9307465471218926,0.910401683637852
4651,1,0.9568290041620342,0.9452896326516972
4652,0,0.5341565149067095,0.4410042657076783
4653,1,0.4566812143046358,0.36636364172027475
4654,0,0.28968358262666166,0.22108015724970723
4655,0,0.17392094910863415,0.13042602977685835
4656,0,0.009029987281711796,0.007735332411442551
4657,0,0.07481362217003544,0.05699444436925561
4658,0,0.7604897071884242,0.6907860168447669
4659,0,0.07811466278214749,0.059413894930367854
4660,0,0.07552119529617479,0.057513078428312166
4661,0,0.9280236552229567,0.9067513672692746
4662,1,0.9976704383723363,0.9975484220910402
4663,0,0.1769971152173862,0.13275265647849777
4664,0,0.13255594749143565,0.09947638655193144
4665,0,0.8014179365385308,0.7413546834100456
4666,0,0.12956756572634534,0.09726178978306288
4667,0,0.1003433134390387,0.07571628859414849
4668,1,0.3380959004794635,0.2612235672075538
4669,1,0.99564735888473,0.9952204494905845
4670,1,0.9748629383180314,0.9690775817522852
4671,1,0.9976272708927914,0.9974998620338584
4672,1,0.9963492145616899,0.9960386408364629
4673,0,0.358499645635659,0.27859690424139805
4674,0,0.11069672332860706,0.08332911978869942
4675,0,0.10951813699782252,0.08246155605438558
4676,1,0.9739561659287391,0.9678952979299738
4677,1,0.6672710440173646,0.5818458032994311
4678,0,0.04006047640645877,0.03140606442979805
4679,0,0.4643810046765725,0.3735585654133771
4680,0,0.7656342284074805,0.6970518625729301
4681,0,0.09838687296117643,0.07427961534444548
4682,0,0.4750396944523698,0.383597553565353
4683,0,0.26221196741791525,0.19893158675250258
4684,0,0.09979381248538659,0.07531272030119143
4685,0,0.15273778993079684,0.11450292784446459
4686,1,0.9365284816145129,0.9181524558917354
4687,1,0.9969093493442707,0.996684181072469
4688,1,0.942137040467814,0.9256664774146174
4689,0,0.15279071000660444,0.11454250397995241
4690,0,0.16136852117601247,0.12097044868984935
4691,0,0.8289272209902157,0.7762420435117904
4692,0,0.07522237226377064,0.05729405078583951
4693,0,0.30437055275785946,0.23310397381804546
4694,0,0.027045391498294123,0.021665342182727827
4695,0,0.040865078518402986,0.032003683132957796
4696,1,0.8916036840820933,0.8581024943728134
4697,0,0.06383428630123378,0.04894178931151179
4698,0,0.14152915328414795,0.10614166863714217
4699,1,0.9788939338439318,0.9743070417496505
4700,1,0.9663347873267972,0.9578906285679452
4701,1,0.9572902703700602,0.9459033683323551
4702,0,0.7306079603218177,0.6549141713141284
4703,0,0.3529559015465891,0.27384875732970143
4704,0,0.06986619675486493,0.05336729527238531
4705,1,0.9306635513803666,0.9102904167443804
4706,1,0.8438206062686865,0.7954136549774377
4707,0,0.587881081725793,0.4958427349113861
4708,0,0.034198018490053717,0.0270376804756881
4709,0,0.027939819925232985,0.022340294069680095
4710,0,0.03800374881326103,0.029876450148295184
4711,1,0.5294926833242228,0.43636608970477786
4712,1,0.7331543672339222,0.6579360999328103
4713,1,0.9225202846569935,0.8993753233392054
4714,0,0.032401694749391134,0.025693455111368165
4715,0,0.04101588054491516,0.03211564538362431
4716,0,0.11452907935394317,0.0861520486537233
4717,0,0.06902756711417732,0.052752269862598546
4718,0,0.22673720794997843,0.1709475736918581
4719,1,0.9326583142883902,0.9129646435099132
4720,0,0.25841010144730736,0.19590017982433086
4721,0,0.907109433399242,0.8787557055052443
4722,1,0.9193807282053735,0.895169496949154
4723,0,0.012689666704053264,0.010639417500115685
4724,1,0.9691454437671079,0.9615928205146518
4725,0,0.010595394767114859,0.008984741533248014
4726,1,0.9714197452667026,0.9645782621454366
4727,1,0.99638146039122,0.9960759940963186
4728,0,0.016416043146235133,0.013546311959622945
4729,1,0.08829603782009054,0.06687658498409739
4730,0,0.19992941870441236,0.15022235121928434
4731,1,0.7895497240955915,0.7265229747857332
4732,1,0.976608178068636,0.9713472570836312
4733,0,0.01085017947367651,0.00918700646764213
4734,1,0.9893260607144672,0.9875561909948497
4735,1,0.994071150476352,0.9933525690840748
4736,0,0.11524645733241445,0.08668081111020343
4737,0,0.0744959920067297,0.05676162222060972
4738,0,0.029410309357430504,0.02344782771023566
4739,0,0.04981100424382339,0.038624083417092156
4740,0,0.02022653027216813,0.0164811888291179
4741,1,0.026875617654574364,0.021537112119044913
4742,0,0.9028520980399893,0.8730738178578676
4743,1,0.9973083462322853,0.997139307571279
4744,1,0.9515831664840405,0.9382976606938261
4745,1,0.9914246100209538,0.9901456554083616
4746,1,0.9976515102785837,0.9975271368879806
4747,0,0.04896071733627634,0.03799647167834615
4748,1,0.9979167995983259,0.9978243603004189
4749,0,0.5671509872904301,0.47437134195705677
4750,0,0.09379939103092827,0.07091277980192728
4751,0,0.02548824754289819,0.020487783950280995
4752,0,0.01427872455183297,0.011884215393075858
4753,0,0.20358203705800723,0.1530262565315686
4754,1,0.7764550287524971,0.7103167851295429
4755,1,0.9977449794977511,0.9976321311325805
4756,1,0.9952587455729396,0.994763532825838
4757,1,0.9971922677524812,0.997007340228555
4758,0,0.04680662012736897,0.03640510911671336
4759,0,0.05022066727641017,0.03892635889553261
4760,1,0.9963961292138159,0.9960929789680503
4761,0,0.04756553281510781,0.036965999714187174
4762,1,0.9977119604220197,0.9975950737472108
4763,0,0.09736730834061207,0.07353111997436862
4764,0,0.9681205059136251,0.9602443004680796
4765,0,0.048728778451181766,0.037825221567688465
4766,0,0.019944292893989902,0.016264887325436458
4767,0,0.05427890855593072,0.04191746297278243
4768,1,0.9975579111749862,0.9974217129168428
4769,0,0.1465615968620176,0.10989059967560612
4770,0,0.08638966595061309,0.06547897043406603
4771,0,0.026990698291828034,0.021624036543492597
4772,1,0.9425862149076081,0.9262679239848518
4773,0,0.02513955444253791,0.02022363124407882
4774,0,0.2378593259903269,0.17964990110471513
4775,0,0.06220631109160599,0.047746449237798146
4776,0,0.12133525626086572,0.09117334480509834
4777,0,0.04784294473169628,0.037170961679438404
4778,1,0.8902355143156475,0.8562860460135556
4779,0,0.03157030586165055,0.025070266183036982
4780,1,0.7615400806606523,0.6920631968874403
4781,1,0.9973024779306883,0.9971326450854554
4782,0,0.0983537606836021,0.07425530444133753
4783,0,0.1952806345960501,0.14666247231632684
4784,1,0.9618401754546279,0.9519458772150801
4785,1,0.9485058282333996,0.9341873615191568
4786,0,0.3780704187849417,0.2955287453292328
4787,0,0.7328518278368243,0.6575767221981159
4788,0,0.012509745783463436,0.010497929289563274
4789,1,0.8974703585134587,0.8659029258183535
4790,0,0.03252509708745249,0.025785896574977627
4791,1,0.9979038188964962,0.9978098741696406
4792,0,0.011260258806778523,0.009511967429573009
4793,0,0.04190973749809736,0.03277899589854555
4794,0,0.3145280570923171,0.24149710073686745
4795,1,0.4695223972173037,0.378389489666894
4796,0,0.23278491120924447,0.1756716691803968
4797,1,0.9913351108810604,0.9900359657523568
4798,0,0.2987473481344975,0.22848494722362886
4799,1,0.9877647168245303,0.9856087046030929
4800,0,0.09776071789186341,0.07381991888870748
4801,0,0.8638586261025312,0.8214989816943087
4802,0,0.01086725570804861,0.00920055257025621
4803,0,0.2603213313888881,0.19742309237914243
4804,0,0.04968684756871351,0.03853245952930157
4805,1,0.9968584657656812,0.9966258431274919
4806,1,0.9980347031330934,0.9979556527245751
4807,0,0.25515433554984857,0.19331054107152376
4808,1,0.6251437638073354,0.535451882032032
4809,1,0.9590349868465247,0.948222982377592
4810,0,0.07315687578095212,0.05577999783783894
4811,0,0.048057540202086815,0.03732948914037111
4812,0,0.05649050384204544,0.043545258646062054
4813,1,0.9170008527882461,0.8919827709722867
4814,0,0.030585446148395055,0.02433112921334312
4815,1,0.8015947652876247,0.7415766850094713
4816,1,0.9767468529015176,0.9715272550544154
4817,0,0.565918081292437,0.4731068158363532
4818,1,0.997695848619123,0.9975769782508386
4819,0,0.08564163738710914,0.06493062551454766
4820,0,0.021250937979461298,0.017264979084155186
4821,0,0.01146497012767549,0.009673925098583004
4822,1,0.9546356076501079,0.9423687091265006
4823,1,0.9864454160987195,0.9839513305262892
4824,0,0.4082705625757675,0.322192409602141
4825,0,0.20398406064187685,0.15333524005768095
4826,0,0.349690272873469,0.2710615546626912
4827,1,0.9575139188661969,0.9462008729258091
4828,0,0.03407793176476279,0.026947909233880026
4829,1,0.02325758474980582,0.01879480956779645
4830,1,0.9971040975630046,0.9969068543846896
4831,0,0.040030580629211644,0.031383851217935334
4832,0,0.18372024383817787,0.13785106017038898
4833,1,0.9218268009653892,0.898446156033309
4834,1,0.9980361433714539,0.9979572532739868
4835,1,0.9973311745325146,0.997165215991441
4836,1,0.9846707477368406,0.9817070356315549
4837,1,0.883934648239761,0.8479348237961216
4838,0,0.014200230539447658,0.011822919772225009
4839,0,0.029554496328779226,0.023556289713594702
4840,1,0.983518553048517,0.9802418020447677
4841,1,0.9977174285293547,0.997601213133153
4842,0,0.08024645172814279,0.06097626221633739
4843,1,0.9977982993132763,0.9976918943091848
4844,1,0.2786568242988559,0.21213758905473248
4845,1,0.9197050326051233,0.8956038516118912
4846,0,0.0721920054491259,0.05507264516598798
4847,0,0.007131023423774828,0.00620161000117503
4848,0,0.07434604167220658,0.05665170736944948
4849,0,0.39649739789401994,0.311718940277973
4850,0,0.5473085430608295,0.45418766886194745
4851,1,0.8361766906828666,0.7855499703127918
4852,1,0.9876575239913163,0.9854744260416727
4853,0,0.08360662292031111,0.06343897748229808
4854,0,0.030923065362224597,0.024584626438616693
4855,0,0.05934633559986392,0.04564526853076454
4856,1,0.992915846347815,0.9919620118635695
4857,1,0.7591625306268993,0.6891738346317742
4858,0,0.17680313771765166,0.1326058310221058
4859,1,0.9916532854548217,0.9904255887251661
4860,1,0.9945463982202591,0.9939196658582705
4861,1,0.9971100851705934,0.9969136849398813
4862,1,0.8018812769155202,0.7419364522412031
4863,0,0.4920756975973791,0.3998370434575389
4864,1,0.7232688434773571,0.6462410363568585
4865,0,0.056144419759167334,0.043290624354426634
4866,1,0.9900165983864071,0.9884121051451534
4867,0,0.15997862971568882,0.11992711383964454
4868,0,0.16561153021819786,0.12415992538159559
4869,1,0.9914704491580906,0.9902018076732391
4870,1,0.9679387298216362,0.9600049476546327
4871,0,0.005768411516005876,0.005085668664262802
4872,1,0.9977877996488511,0.9976801335047567
4873,0,0.6241116504651436,0.5343369307066662
4874,1,0.989881606496359,0.9882450637620696
4875,1,0.9976274142308396,0.9975000233775648
4876,1,0.5044119425275999,0.4117481029439861
4877,1,0.9622108412481163,0.9524371340088991
4878,1,0.997335671593877,0.9971703180623439
4879,0,0.06379033563065015,0.04890952459780914
4880,0,0.10283729578084255,0.07754848968169362
4881,1,0.9979315357876652,0.9978407980892996
4882,0,0.015076714557123987,0.012506300976757258
4883,1,0.8907655507443201,0.8569896225890601
4884,1,0.5700611453374798,0.4773616545841157
4885,1,0.9855908272009268,0.9828725956725007
4886,1,0.47532615877436724,0.38386864214351724
4887,1,0.8977595466551644,0.8662878987113792
4888,0,0.4674111963017863,0.3764031810691484
4889,0,0.013354731263377401,0.011161426560035152
4890,0,0.10696382345596489,0.08058220454528359
4891,0,0.6223780532067484,0.532466503845618
4892,1,0.9702564587236238,0.9630524654085862
4893,0,0.602614105011608,0.5113460734585433
4894,1,0.996874793885826,0.9966445702605082
4895,0,0.1832732858998658,0.13751153331418658
4896,0,0.47310625392541494,0.38176964720808015
4897,1,0.9980540257941262,0.9979771195102852
4898,1,0.9979229600651297,0.997831233083917
4899,0,0.16320203334637468,0.12234787919365128
4900,1,0.9970270111933974,0.996818831358193
4901,1,0.9976398529778343,0.9975140221234172
4902,1,0.9970242566112458,0.9968156831012217
4903,0,0.37257997437802093,0.2907516328466094
4904,0,0.08026572300229484,0.060990385928934056
4905,1,0.9923327675071513,0.991254458283124
4906,0,0.11534439758968025,0.08675300914064199
4907,0,0.08988158371526994,0.06803917640003102
4908,0,0.16751142521440474,0.12559027592825195
4909,0,0.12765596947340346,0.09584644497594107
4910,1,0.9769066358638152,0.9717345849282254
4911,0,0.12286801182540454,0.09230563738858644
4912,0,0.06510199607312435,0.04987229632404877
4913,1,0.9978662702336635,0.9977679366893584
4914,1,0.8631930990403514,0.8206275466249099
4915,0,0.054037041750591125,0.041739352973445325
4916,0,0.15273731566961501,0.11450257317388864
4917,0,0.0337670338765557,0.026715436595285424
4918,0,0.009813307894289072,0.008362025688263596
4919,0,0.03910973691660716,0.03069935143667605
4920,1,0.9968424485347955,0.996607466206601
4921,0,0.009147828608512227,0.007829814072941683
4922,1,0.9970897047941161,0.9968904314854001
4923,1,0.9361291815565633,0.9176172780827793
4924,0,0.11944790731900046,0.08977987928237414
4925,1,0.929544001732256,0.9087895191854393
4926,0,0.13758302012860782,0.10320753096185817
4927,1,0.8576091743727012,0.8133293169301347
4928,0,0.10654545788058162,0.08027450179569287
4929,1,0.9969021405619896,0.9966759201139329
4930,1,0.8057847982354445,0.7468457782215806
4931,0,0.13564936956211587,0.10177148356996985
4932,0,0.008050479395421698,0.006946987542589758
4933,1,0.9973517711705515,0.9971885788156503
4934,0,0.03182062474150773,0.02525797154093986
4935,0,0.8766107639526037,0.8382588156506585
4936,1,0.07064325006123992,0.05393710315171476
4937,0,0.11005030413367964,0.08285325410217516
4938,0,0.22499959413083392,0.16959366203932558
4939,1,0.45435289040212146,0.3641973416022195
4940,1,0.997818508783715,0.9977145204773952
4941,1,0.9774079565970493,0.9723846173240496
4942,1,0.9979071322595144,0.9978135723777332
4943,1,0.9953753576093243,0.9949009109621546
4944,1,0.5253173979916631,0.4322299724675459
4945,1,0.8302778411141103,0.7779726588177087
4946,1,0.9968077990076526,0.9965676906558679
4947,1,0.9979558671921986,0.997867921651676
4948,0,0.032514814801210365,0.025778194612555025
4949,0,0.06664060252623308,0.05100132144226027
4950,1,0.997776907979818,0.9976679296142578
4951,1,0.9508348564266016,0.9372986787864427
4952,1,0.7869791837630447,0.7233284544660453
4953,0,0.08035983858524282,0.06105936227212856
4954,1,0.9977362428458056,0.9976223295206968
4955,0,0.008950090420632438,0.007671231070367338
4956,0,0.5606739062432158,0.4677436401367582
4957,1,0.9389209883149775,0.9213585979103038
4958,0,0.6644664568996884,0.5787029788233322
4959,1,0.9979235322824792,0.9978318713949633
4960,1,0.17855007785413524,0.13392867595336336
4961,1,0.997889252160334,0.9977936108209242
4962,0,0.03197820029281701,0.025376099695630858
4963,1,0.9976303315144688,0.9975033069774931
4964,0,0.044059478264079174,0.034372442093225965
4965,0,0.09778518681091387,0.07383788198163825
4966,1,0.9975916789400205,0.9974597788204508
4967,0,0.018022952559676907,0.014787991368676317
4968,0,0.09212092686018439,0.06968150057836686
4969,1,0.9971875931858679,0.9970020179934861
4970,0,0.024109899347343068,0.01944257380208794
4971,1,0.9967432437704622,0.9964935080499808
4972,0,0.061641977487633226,0.04733197413013392
4973,1,0.9977419067365909,0.9976286841078662
4974,0,0.023730887974456293,0.01915466441472577
4975,1,0.053371532408345995,0.0412491774073609
4976,1,0.19414955050338994,0.14579778512622127
4977,1,0.9843208383859472,0.9812627000426815
4978,0,0.11628832596094084,0.08744894591110368
4979,0,0.01564994060159052,0.012952023555834326
4980,1,0.045871019893571105,0.035713261680752735
4981,1,0.9979943633477317,0.9979107906164408
4982,0,0.26181360571549955,0.19861357803872082
4983,1,0.9357403266066141,0.917096080593429
4984,1,0.9877029297892811,0.985531313654336
4985,0,0.07411307979145168,0.056480942203652365
4986,1,0.9976725106229352,0.997550751689228
4987,1,0.8026636193207781,0.7429192216886082
4988,0,0.06854057632063282,0.05239509265668508
4989,1,0.12101829703679243,0.09093926858565815
4990,0,0.459979274519562,0.3694396181342698
4991,0,0.06576525482610886,0.05035903468111168
4992,0,0.035140259178564705,0.02774161889437843
4993,0,0.07932740051534812,0.06030270048222308
4994,0,0.01591432854686314,0.013157295145275593
4995,1,0.675211760939208,0.5907865150921784
4996,1,0.9856855259281323,0.9829923207220788
4997,1,0.9979448932368792,0.9978556910728718
4998,1,0.9540870951611597,0.9416376534306339
4999,1,0.05110662501852828,0.039579852292078416
5000,0,0.09396608319464901,0.07103507643021384
5001,1,0.7197138651544581,0.6420593683700491
5002,0,0.024018057954050955,0.019372828578991877
5003,0,0.07333116527486083,0.05590776439112324
5004,1,0.7835625750048284,0.7190924274807065
5005,0,0.41097482864661716,0.324612640869327
5006,0,0.16145771321879554,0.12103742570022732
5007,1,0.9122687460074379,0.8856508655539698
5008,0,0.1755884896342526,0.13168678511190388
5009,0,0.011717851875414978,0.009873758717830751
5010,1,0.7348643617790577,0.6599690832438728
5011,0,0.799392376754674,0.738813794111336
5012,1,0.920411783750172,0.8965505107400666
5013,0,0.08210151833374009,0.06233583860706404
5014,0,0.07565208446220131,0.05760901491401887
5015,1,0.48827978913414993,0.3961977310679742
5016,0,0.9003182185162677,0.8696958438933389
5017,1,0.9951618494848338,0.9946492113779397
5018,1,0.9974904783485574,0.9973455907939945
5019,0,0.0785401400588642,0.059725725141400655
5020,0,0.01205645559546009,0.010140937759345783
5021,0,0.11963938577366781,0.08992121313039024
5022,1,0.9976244198030393,0.9974966526625506
5023,0,0.030588423507362128,0.024333365255908544
5024,1,0.9979600745751162,0.9978726096404025
5025,1,0.9977497733031657,0.9976375081900254
5026,0,0.049976734257818525,0.038746377578335954
5027,1,0.9898492357664607,0.9882049870671442
5028,1,0.9979448932368792,0.9978556910728718
5029,1,0.5965778627369134,0.5049695364656901
5030,0,0.08441874398096522,0.06403423551070606
5031,0,0.057714143263667826,0.04444530281808105
5032,0,0.1829611849638118,0.13727449878518816
5033,0,0.6311345414813979,0.5419437975604486
5034,1,0.933522454442689,0.9141230916191346
5035,1,0.6735430404210557,0.5889024478961399
5036,1,0.9041952637258043,0.8748655933409346
5037,1,0.9413446835581294,0.924605364886667
5038,0,0.03948278454569587,0.030976721617159027
5039,0,0.005106185143371739,0.004537531736096321
5040,1,0.9973162720468871,0.9971483044669847
5041,0,0.1618816436611767,0.12135580797644305
5042,1,0.9979168478715136,0.997824414160658
5043,1,0.9978721804611137,0.9977745410662618
5044,1,0.997650843329748,0.9975263866719012
5045,0,0.05663229428733371,0.04364957263695017
5046,0,0.013126616676764912,0.010982551957531938
5047,1,0.9978295481227665,0.9977268739381224
5048,1,0.8192071478074525,0.763835482199504
5049,0,0.07611339393523982,0.05794713145302714
5050,0,0.04160715139525243,0.03255449498257101
5051,1,0.2576159676578291,0.19526798831454442
5052,0,0.8688483842765253,0.8280430101314322
5053,1,0.7164098402228729,0.6381842999564129
5054,1,0.9969984497941418,0.9967861785672164
5055,0,0.16022480095509953,0.12011185309455082
5056,1,0.9926972571465665,0.991697180244965
5057,0,0.6115574575626964,0.5208570668570095
5058,1,0.9976304709471144,0.9975034639115155
5059,0,0.018924876334785797,0.015482270452606016
5060,0,0.3111327630443391,0.23868441904210794
5061,1,0.9576707181282602,0.9464094247850736
5062,1,0.9870387607410873,0.9846979663786034
5063,1,0.9796942577314318,0.9753395700757503
5064,0,0.039381918221085194,0.030901734373411302
5065,0,0.4448440943507158,0.35539494818216977
5066,0,0.5250660698195488,0.43198148861642266
5067,1,0.9961489942554513,0.9958062209633911
5068,0,0.3589373530367774,0.2789726889647739
5069,1,0.5144525502173607,0.42153822476692604
5070,1,0.9971202950050846,0.9969253299368243
5071,0,0.11250182191015876,0.08465839015743531
5072,1,0.8968426095644932,0.8650673990857494
5073,1,0.8898311066833766,0.8557493382503403
5074,0,0.06833522161851768,0.05224447018473148
5075,1,0.9945541555798822,0.9939288963773271
5076,1,0.9898073976282851,0.9881531775111722
5077,0,0.02013888854334767,0.016414038766156908
5078,1,0.9588302556706569,0.9479509449336112
5079,0,0.06965625586321379,0.05321333749817488
5080,1,0.6942535828796079,0.6124823903750368
5081,0,0.5021861939516292,0.4095895437403893
5082,1,0.9953252177457791,0.9948418700053254
5083,1,0.9969318839669272,0.9967099964292029
5084,0,0.044565822196087096,0.034747385623558454
5085,1,0.9380979343837827,0.9202557527094111
5086,1,0.9762697954247894,0.9709078201378561
5087,0,0.07018422880381323,0.053600512591022775
5088,1,0.6776565622346056,0.5935518206185556
5089,1,0.8447629562382919,0.7966330929282402
5090,1,0.9669024268332398,0.9586393606431483
5091,1,0.7726969604619991,0.7056967684341762
5092,0,0.531737466923068,0.43859613526706354
5093,1,0.5835516375402234,0.4913255856848292
5094,1,0.9712729303218057,0.9643858438748846
5095,1,0.8298308590441711,0.7773997398271735
5096,1,0.9459681695268718,0.9307941730191984
5097,0,0.060230961102140795,0.04629537377204038
5098,0,0.21564212849615777,0.16232815928337277
5099,0,0.6422517836850766,0.5540832654359886
5100,1,0.9943954991087299,0.9937399404951602
5101,0,0.03629109361600161,0.028600383056592037
5102,0,0.9437101255950751,0.9277725663811435
5103,0,0.19693676958550418,0.1479295735560825
5104,1,0.9976934538632445,0.9975742879185903
5105,0,0.05730548783120287,0.044144761420152855
5106,1,0.9968283530088963,0.9965912889184457
5107,1,0.8779225801318746,0.839989350714539
5108,0,0.09254966959970137,0.06999598941311366
5109,0,0.8226700282272181,0.7682456657360429
5110,1,0.9963974013709447,0.9960944517675153
5111,0,0.021615553507166173,0.017543479154700316
5112,0,0.7662844982509585,0.6978457396147253
5113,1,0.5314185907415656,0.4382790826954981
5114,0,0.1903483186961428,0.14289595479190864
5115,1,0.9974221785723949,0.9972683489777892
5116,1,0.971880548465836,0.965181912709111
5117,0,0.01572252789605198,0.013008399583006446
5118,0,0.06371697388944149,0.04885566814606979
5119,1,0.31940069250134007,0.2455463105958364
5120,1,0.9976949944285389,0.9975760186521961
5121,0,0.1564032791798084,0.11724645910016379
5122,0,0.05773243030278161,0.04445875082972054
5123,1,0.9978890218868359,0.9977933536658242
5124,1,0.9881849516443733,0.9861344377755511
5125,0,0.041147661145728716,0.03221347358047423
5126,0,0.9198934070197697,0.8958561598514828
5127,0,0.8780827636530899,0.8402007420421286
5128,1,0.9947893558753689,0.9942083471651659
5129,1,0.9976619173777657,0.9975388414226963
5130,1,0.9943550785611885,0.9936917442179375
5131,0,0.5748302912225025,0.4822789702856026
5132,0,0.21288919018759955,0.16019876833598332
5133,0,0.21756389313479477,0.1638168020519646
5134,1,0.8343749099254576,0.783232279948569
5135,0,0.06501325400161892,0.04980716723351868
5136,0,0.034273907156681035,0.027094404721109036
5137,1,0.9953917894114571,0.9949202506345058
5138,1,0.964594275314374,0.9555918339406775
5139,0,0.10031068126559854,0.07569232145713968
5140,0,0.19743173735764655,0.14830850869058257
5141,0,0.07134522629486371,0.054451812815505304
5142,0,0.010078459456907525,0.008573466474064444
5143,0,0.050472143814928636,0.03911188168710119
5144,1,0.6660541258137427,0.5804811658925532
5145,0,0.18011820781502286,0.1351171812172922
5146,0,0.061894250626775865,0.04751726383156927
5147,1,0.9979142486815165,0.9978215140247217
5148,0,0.08840352392213309,0.06695539284645613
5149,0,0.07156040543036335,0.05460958059460426
5150,1,0.9901059168280139,0.9885225525999665
5151,0,0.06873100448678246,0.052534762781065746
5152,0,0.016759120663832526,0.013811947811996917
5153,1,0.9935131310481633,0.9926829225738204
5154,1,0.9975198444044717,0.9973787581351308
5155,1,0.9893143367623862,0.9875416291787071
5156,0,0.06230714737958764,0.04782050212113287
5157,1,0.9901896474243626,0.9886260342091866
5158,1,0.9930310752432326,0.9921014070068755
5159,0,0.06455400021121109,0.049470095003898124
5160,0,0.04488927047771897,0.034986825783928026
5161,1,0.9976488943242259,0.9975241942543019
5162,1,0.9971180271055086,0.9969227434860107
5163,1,0.9904652103412666,0.9889662090125654
5164,0,0.058814332244383025,0.0452542171747948
5165,1,0.997731149724488,0.9976166143872163
5166,1,0.997762418090047,0.9976516877148006
5167,0,0.13942151789366675,0.10457394957488148
5168,0,0.037022098706206624,0.02914531514922024
5169,1,0.6703599184461243,0.5853162248865116
5170,0,0.05811809409009825,0.04474234248962513
5171,0,0.0826641768621199,0.06274822199832497
5172,1,0.9975482170858414,0.9974107783140082
5173,0,0.3143738983797005,0.24136923790956247
5174,1,0.9900762977585797,0.9884859337198894
5175,0,0.24351861393236948,0.18410244673938417
5176,1,0.911386397641839,0.8844709833961184
5177,0,0.6040015611548549,0.5128166158416169
5178,0,0.1410391704705281,0.10577708298046339
5179,0,0.37810604165052,0.29555980952029937
5180,0,0.2711398112564137,0.2060819678476399
5181,1,0.19071628323851061,0.14317658021443266
5182,1,0.9974269007072019,0.9972736938428253
5183,0,0.3694771956548714,0.28806134666383826
5184,1,0.645251439749964,0.5573793768743345
5185,1,0.5913083650702482,0.4994310188670056
5186,0,0.5697467658657299,0.4770382421615412
5187,1,0.9944680236140016,0.9938263594570846
5188,0,0.19335626831269265,0.14519167670608701
5189,1,0.9974885201592002,0.9973433781906833
5190,1,0.1071973010566507,0.0807539379019404
5191,1,0.9977035445143666,0.9975856227410758
5192,1,0.7369569685031172,0.6624609482663318
5193,0,0.6324533752874691,0.5433776184656127
5194,1,0.7547184835787275,0.6837882321871157
5195,0,0.13695707482855607,0.10274254426441891
5196,0,0.06119710371630018,0.047005192495206585
5197,0,0.9422377874264103,0.9258013833077738
5198,0,0.38485410059678193,0.30146059833779776
5199,0,0.23059992094292303,0.17396275050080567
5200,0,0.013009915347492669,0.010890972412813942
5201,0,0.05117017333071891,0.03962671489187208
5202,0,0.016880985251292224,0.013906232327291521
5203,0,0.022981000867046943,0.018584353984702047
5204,0,0.016308829297535344,0.013463236834761578
5205,1,0.9589655860141657,0.9481307704642045
5206,1,0.5045301679344081,0.41186287733968324
5207,0,0.015440225470142191,0.012789063115565663
5208,1,0.9957654923027506,0.9953588215700554
5209,1,0.81583087890516,0.7595461590870535
5210,1,0.9825069068391643,0.9789505273159805
5211,0,0.6050033697335593,0.5138795506807072
5212,1,0.9904874368362466,0.988993620566204
5213,0,0.01968766542934995,0.016068074047551152
5214,0,0.12975683573351487,0.09740197885530362
5215,1,0.6805001993525877,0.5967757400105835
5216,1,0.596035353980319,0.5043981264231542
5217,1,0.9248951846793287,0.9025579120046288
5218,1,0.37078175345215547,0.28919165157032
5219,1,0.9974917219899573,0.9973469959525204
5220,1,0.9396030532984213,0.9222724240982587
5221,1,0.9977516287820791,0.9976395892129128
5222,1,0.9889692260750441,0.9871125476921605
5223,0,0.053382414390086924,0.041257193601043025
5224,0,0.14439951053524575,0.10827895549377249
5225,0,0.4720747398718663,0.38079568800658337
5226,1,0.7530268991534792,0.681743434554797
5227,1,0.9584422986021157,0.9474353302701269
5228,1,0.9977258615964777,0.9976106795119043
5229,0,0.11362735671715729,0.08548756488692774
5230,1,0.9977108482380241,0.9975938249070482
5231,1,0.9556170419436294,0.9436761705361231
5232,0,0.06793510123842995,0.05195097843889328
5233,1,0.9977357088448452,0.9976217303441544
5234,0,0.1937573685105966,0.1454981032374558
5235,1,0.9935346310322353,0.9927087949589203
5236,1,0.9948992548470674,0.9943386407951683
5237,0,0.02358467362211252,0.019043535037486802
5238,1,0.5269403556917124,0.4338358921036361
5239,1,0.9244303542269273,0.9019349334161785
5240,0,0.09351364161271279,0.07070314141068659
5241,1,0.3530180852645196,0.2739019009395821
5242,0,0.6529418215136129,0.5658700623913201
5243,1,0.9853714912858484,0.982595120205285
5244,0,0.9667604576712502,0.9584521465578135
5245,1,0.9915724181487973,0.9903266496610977
5246,1,0.9379285016543972,0.9200287071536486
5247,1,0.9970901533264309,0.9968909433668421
5248,0,0.10525352979152199,0.07932449615093062
5249,1,0.8854642199821138,0.8499599378701957
5250,0,0.3854809777972941,0.30201041756080166
5251,0,0.03785012680355303,0.029762079470297104
5252,1,0.9526523601475043,0.9397243905763962
5253,1,0.9651107594170842,0.9562744427156377
5254,0,0.01327742830902508,0.01110082974683529
5255,0,0.02111160941876511,0.017158493057709365
5256,1,0.7957619713751307,0.7342695647881528
5257,0,0.01266172339362368,0.010617450790774797
5258,0,0.07467368920223322,0.056891874398873186
5259,1,0.994597863616109,0.9939808886271508
5260,1,0.9956241267512477,0.9951932076548579
5261,1,0.9957810430400413,0.9953770175270905
5262,0,0.20101918260591745,0.1510582637258733
5263,0,0.5544059798253758,0.46136625375967844
5264,0,0.5594694081886689,0.46651534368219544
5265,1,0.9192955541510035,0.8950554235255247
5266,1,0.21963649720474468,0.16542429784951435
5267,1,0.16846493534362456,0.1263086533170488
5268,0,0.22378330977353722,0.16864685466308071
5269,1,0.8969257674705076,0.8651780698515078
5270,0,0.49258435968198905,0.40032563786303393
5271,1,0.8601010001880599,0.8165831878754406
5272,0,0.022589896172609893,0.018286542480549773
5273,0,0.03852180535058207,0.030262013983468696
5274,0,0.06691642401487516,0.05120368436363022
5275,1,0.975920254861294,0.9704535692171655
5276,1,0.23821393374803684,0.17992840350696984
5277,0,0.024348626590285152,0.0196238049711988
5278,0,0.016682326581125496,0.013752514307225416
5279,0,0.02046179287445804,0.01666136970380485
5280,1,0.9946040235305652,0.9939882138493172
5281,1,0.9649218618654519,0.9560248308663142
5282,0,0.08418853968313421,0.06386550092207367
5283,1,0.9528005667302175,0.9399220963832611
5284,1,0.9979494033741245,0.99786071820192
5285,0,0.2245554842296792,0.1692478627785352
5286,0,0.020439291799317423,0.016644141443796882
5287,1,0.8979463238309108,0.8665365623449987
5288,1,0.9979658837272731,0.9978790812886451
5289,1,0.9930114815259914,0.9920777144228776
5290,0,0.47509703466011743,0.38365181069628146
5291,0,0.07952164957078842,0.060445063269906785
5292,0,0.3180864298319994,0.24445266471645816
5293,1,0.9768005584183062,0.9715969497543636
5294,1,0.997894577412985,0.9977995572002866
5295,0,0.012135916280908914,0.010203573182097442
5296,1,0.9544656066107147,0.9421421570100402
5297,0,0.05342636587427402,0.041289569992426146
5298,1,0.5155581454205312,0.4226215316187525
5299,0,0.018483144922017955,0.01514246240818471
5300,1,0.8940751967786543,0.8613864265255919
5301,0,0.038788497016625956,0.030460424671265536
5302,1,0.9954714655990613,0.9950139617924423
5303,0,0.08175650213505277,0.06208297281370751
5304,1,0.7057116248545237,0.6257124550043066
5305,1,0.9964715388875887,0.9961802216492199
5306,0,0.07243476783474574,0.05525062157829255
5307,0,0.028261567402321684,0.02258284645908799
5308,1,0.9949730044213423,0.9944259732442755
5309,0,0.06693469173656184,0.051217086560823605
5310,0,0.05784463436187538,0.044541262138392004
5311,0,0.828573625088298,0.7757892314491314
5312,1,0.7985441078889672,0.737750875935388
5313,1,0.9978905708670134,0.9977950834337602
5314,1,0.6907472695073702,0.608460132428972
5315,0,0.039670293337105596,0.03111610334308311
5316,1,0.9082700942727648,0.8803060165319985
5317,0,0.09600819786050935,0.07253355434549874
5318,0,0.01746976997090199,0.014361247167250646
5319,0,0.010760654226442616,0.00911596785559654
5320,1,0.9253829849901043,0.9032117038708775
5321,0,0.1275127291270484,0.09574042922701838
5322,1,0.9313429533782,0.9112012458964426
5323,1,0.9716316730244414,0.9648559410531322
5324,0,0.11044816454368361,0.08314613205481354
5325,1,0.9914230174396708,0.9901437041785417
5326,1,0.815814035040406,0.759524786366673
5327,1,0.8397755154362563,0.7901876639168931
5328,0,0.009286737975944063,0.007941093066904431
5329,0,0.11352363247033571,0.0854111409140986
5330,0,0.8119570258448342,0.7546376431895736
5331,0,0.023986925087925378,0.01934918302657686
5332,1,0.9746496649346892,0.9687996872209509
5333,1,0.7620056033271496,0.6926295907092022
5334,0,0.20477127794415204,0.15394048789220352
5335,1,0.9979093177755061,0.9978160115227623
5336,0,0.009874637212664874,0.008410961850929039
5337,0,0.016358973689192455,0.013502095168547792
5338,0,0.014782231039222334,0.012276952985744492
5339,0,0.03878080345318246,0.030454701590476793
5340,1,0.9942896087585089,0.9936136320952782
5341,1,0.9449887572070431,0.9294838105096513
5342,0,0.023966365955341386,0.019333567448712174
5343,0,0.02534550136684631,0.02037966753703627
5344,1,0.9979182283808252,0.997825954411786
5345,0,0.017453680395384717,0.014348824289908836
5346,0,0.016139700008947433,0.013332124984286337
5347,0,0.009555748749052236,0.008156311006019091
5348,0,0.008076149842241568,0.00696771992323646
5349,0,0.05162970414586947,0.03996554356043705
5350,0,0.022027769314433003,0.017858049669691702
5351,0,0.06556262059347462,0.05021033652816665
5352,0,0.011422275301462878,0.009640161164919276
5353,1,0.3619915057200759,0.28159842991940204
5354,0,0.0847971422695448,0.06431159746381841
5355,0,0.10886053582819691,0.0819776071430272
5356,1,0.814586715716786,0.7579681791471422
5357,0,0.007024765036191399,0.006115099976443007
5358,1,0.9375393421518676,0.9195072018070716
5359,1,0.9415115272426051,0.9248288140619829
5360,0,0.05514840534735648,0.04255760863392297
5361,0,0.5814577498386371,0.48914717491069293
5362,0,0.02223756992274765,0.01801803817767326
5363,0,0.044313660937216816,0.034560679312711035
5364,0,0.3312379806526329,0.2554463828861442
5365,1,0.9362663341210017,0.9178011045987897
5366,1,0.7813034198059281,0.7162977016332573
5367,1,0.9872410001256295,0.9849519964474828
5368,0,0.09659410877306229,0.07296357628700947
5369,1,0.9967463854799887,0.9964971205957983
5370,1,0.9937237374172122,0.9929361171529797
5371,0,0.06318057907401861,0.04846186124601466
5372,1,0.8511184163054983,0.8048765535810591
5373,1,0.9253065140885177,0.903109209163393
5374,0,0.3541751801865556,0.27489125909777995
5375,0,0.008395859643475046,0.0072255956869608645
5376,0,0.034046693227163916,0.026924554656643323
5377,1,0.9899725949019009,0.9883576697166748
5378,1,0.8838290453545115,0.8477950616393625
5379,0,0.4972001138286892,0.40476923152106825
5380,0,0.01620743428521131,0.013384642780362187
5381,1,0.9593123408243085,0.9485914496703804
5382,0,0.20796923384782395,0.15640217340841467
5383,0,0.6221931433297914,0.5322671701496676
5384,0,0.17518479982793708,0.1313814705562755
5385,1,0.9376575492276169,0.919665611556926
5386,1,0.9945426972776035,0.9939152617855919
5387,0,0.09183077308252424,0.06946867841329496
5388,0,0.1923408954058292,0.14441628334721338
5389,0,0.7671976532685536,0.6989612658769484
5390,0,0.18116372823542046,0.13591015669735126
5391,0,0.05260810045700508,0.040686697879862274
5392,0,0.5104564825818314,0.41763149456883586
5393,0,0.010418977628291486,0.008844520988267851
5394,0,0.4613364370764059,0.3707079277344171
5395,0,0.12426348830958407,0.09333702191413894
5396,1,0.9976962487902971,0.9975774277952927
5397,1,0.9513476695595273,0.9379833138798379
5398,0,0.010743041632565812,0.00910198808233975
5399,1,0.9568959625936377,0.9453787357941694
5400,0,0.4935170487323396,0.4012220946128429
5401,0,0.020961064139583298,0.01704339378305937
5402,0,0.20226927641398101,0.15201782417032791
5403,1,0.6508798475455074,0.5635878131992554
5404,0,0.07689259055320523,0.05851822856359946
5405,0,0.23785577973762356,0.17964711627314195
5406,0,0.2591595985864983,0.19649715602500345
5407,1,0.9892843601475503,0.9875043920599741
5408,1,0.9870752888236418,0.9847438663426373
5409,0,0.05884283410205693,0.04527516927027448
5410,0,0.4465171962384322,0.35693857456871586
5411,0,0.7365125386748382,0.6619313553834505
5412,1,0.40656165458710913,0.32066580016742857
5413,1,0.9974975384064008,0.997353567146948
5414,1,0.791315785297918,0.7287214430453068
5415,0,0.07880241302944403,0.05991794282490739
5416,1,0.033983053321399406,0.026876973451537736
5417,1,0.9972976013995954,0.9971271078470013
5418,1,0.965478101035652,0.9567597063344383
5419,0,0.8547398748874112,0.8095885556356177
5420,0,0.04759564156532556,0.036988246815015495
5421,1,0.9963297012733983,0.9960160261042581
5422,0,0.014134972807487722,0.011771945678682052
5423,1,0.1114426885362404,0.08387836824726012
5424,1,0.9976533486061707,0.9975292046524817
5425,1,0.9956508821943907,0.9952245800573513
5426,1,0.9255704310789703,0.9034629425070785
5427,1,0.5947866673453295,0.5030839700766658
5428,0,0.3970733473505398,0.31222893665310686
5429,1,0.9976273381879758,0.9974999377825267
5430,1,0.9950401204472393,0.9945053771085534
5431,1,0.9974948899741163,0.9973505751638179
5432,1,0.9531987855711883,0.9404532396420114
5433,1,0.86791562604166,0.8268183155027282
5434,0,0.041890808988363934,0.03276495368788016
5435,1,0.9977476183024989,0.9976350910909407
5436,1,0.7777067415761199,0.7118586747210578
5437,0,0.06497366287551228,0.049778110349445015
5438,0,0.023907280325387727,0.01928868562225644
5439,0,0.39148981248056236,0.30729497195829036
5440,0,0.01238666467735957,0.010401071521125195
5441,1,0.997545131940875,0.9974072977616432
5442,0,0.03713504829827886,0.029229477167309934
5443,1,0.1942848546327916,0.14590119215223596
5444,0,0.15641853804315972,0.11725788986435748
5445,1,0.9973593509838539,0.9971971735377646
5446,1,0.9979172845384987,0.997824901362844
5447,1,0.976868113024792,0.9716846052906467
5448,1,0.5566361566509014,0.46363130092721594
5449,0,0.4919233340393451,0.39969073315818354
5450,1,0.910471768422349,0.8832482138652297
5451,1,0.058851733698841446,0.04528171144305499
5452,1,0.9907411299890769,0.9893062105367358
5453,0,0.1916159549459457,0.1438629561537441
5454,1,0.2845329921349623,0.21689418338252467
5455,0,0.08189282967838567,0.06218288835203631
5456,0,0.024595345885440763,0.019811012497912672
5457,1,0.9979209263757133,0.997828964397645
5458,0,0.8178752287320477,0.7621421184990892
5459,0,0.07290040378556566,0.05559198236704756
5460,1,0.9963952340346893,0.9960919425820391
5461,1,0.8356592944301315,0.7848841374514504
5462,0,0.6810143998606015,0.5973595659519699
5463,1,0.9968655161439655,0.9966339301884618
5464,1,0.9664852628583629,0.9580891586309137
5465,1,0.9800349853973933,0.9757785135739733
5466,0,0.016826399995476908,0.013864005281034682
5467,0,0.19058844817668194,0.1430790810904172
5468,0,0.5217625673183197,0.4287204934330818
5469,0,0.12544542283418547,0.09421096335123347
5470,1,0.9760663695166523,0.9706434944089873
5471,0,0.3261696793143404,0.2511964863818179
5472,0,0.05229790774566517,0.04045809813552621
5473,1,0.7476118279213193,0.6752169092616974
5474,1,0.9432595891565797,0.9271694576127564
5475,0,0.05170086793616478,0.04001800829946181
5476,0,0.533176055031579,0.44002760924529216
5477,1,0.9976325865583038,0.9975058449943666
5478,0,0.025467186018528692,0.02047183370767782
5479,0,0.01602000026864632,0.013239285944678669
5480,1,0.738477808956129,0.6642747189843334
5481,0,0.09268172076849598,0.07009285432133956
5482,1,0.9976769800554163,0.9975557756912223
5483,0,0.07824396542977238,0.059508660427674186
5484,0,0.9792965051556205,0.9748266746465528
5485,0,0.028300139048066265,0.022611915591049237
5486,0,0.04003255421810971,0.031385317655508484
5487,0,0.835065697276368,0.7841205287521421
5488,1,0.8534836301898223,0.8079528204854293
5489,1,0.9862807959241304,0.9837438349830993
5490,0,0.23596792216386692,0.17816552893608312
5491,0,0.2839354300806276,0.21640954945010443
5492,1,0.952117469605863,0.9390107285076633
5493,1,0.9572272251017692,0.94581949512651
5494,0,0.5703047664695171,0.47761233795982305
5495,0,0.06189879135539178,0.04752059879532691
5496,1,0.9848453100773584,0.9819284892262858
5497,0,0.3696610711852599,0.28822058949329105
5498,0,0.7311725238328869,0.6555835998528131
5499,0,0.08383942572316906,0.06360961191523448
5500,0,0.14590084460574834,0.10939790643225472
5501,0,0.3632275061268575,0.28266287950828317
5502,0,0.1395052392134273,0.10463619781387773
5503,0,0.17778179960978513,0.1333467555498865
5504,1,0.8641512715699059,0.8218822743777502
5505,1,0.9965058923058004,0.9962199244893574
5506,0,0.4933117830623478,0.40102474024541784
5507,1,0.9272880957175205,0.9057653342879831
5508,0,0.27122327802536483,0.2061490297904236
5509,0,0.23170798769245787,0.17482908473674427
5510,0,0.5655226639925026,0.472701551566057
5511,0,0.012214302603340391,0.010265338318866888
5512,1,0.9662792810245073,0.9578173874947356
5513,1,0.4307081978667874,0.3424403143503787
5514,0,0.45836728199674415,0.3679350843304717
5515,0,0.08147841375541207,0.061879160630540615
5516,0,0.20937788530838986,0.15748802386658767
5517,1,0.603690564338282,0.5124868367763905
5518,1,0.9973246477902729,0.9971578101459643
5519,0,0.6262357121417397,0.5366325892398001
5520,1,0.8087812309357592,0.7506240394298607
5521,1,0.9978274403991292,0.9977245156395393
5522,1,0.987526725154869,0.9853104820216027
5523,1,0.9569558222997854,0.9454583890981736
5524,1,0.21711024226410702,0.1634652325729709
5525,0,0.3056660524871663,0.23417087810506812
5526,0,0.08576539458442933,0.06502134422360063
5527,1,0.9860616087041572,0.9834673337604773
5528,0,0.05129160285967993,0.03971625682009198
5529,1,0.9979142486815165,0.9978215140247217
5530,1,0.9746901607828932,0.9688524617843365
5531,0,0.03422273011744683,0.027056152151088305
5532,0,0.09287635996048711,0.07023563316408839
5533,0,0.009627589039077917,0.00821372359068514
5534,1,0.9888240525388494,0.9869318042972199
5535,1,0.7280026769101975,0.6518291237203316
5536,1,0.9978057554559876,0.9977002437209352
5537,0,0.04219079101613208,0.03298747169216678
5538,1,0.9027069351911877,0.8728802190074635
5539,1,0.9253422951908943,0.9031571668465986
5540,0,0.12123720219482423,0.09110092873125783
5541,0,0.04335333358885926,0.03384931647849753
5542,1,0.9974492340189112,0.9972989633592408
5543,0,0.010364915109579547,0.008801522626197182
5544,1,0.9955520285750032,0.9951086049544062
5545,1,0.9964427054630596,0.9961468783756539
5546,1,0.9973623215114213,0.9972005413540647
5547,0,0.08433161151985367,0.06397036913462835
5548,0,0.07864011548431736,0.05979899636875149
5549,1,0.3061210112579271,0.234545803612806
5550,1,0.9976212144846025,0.9974930442373164
5551,1,0.9976248473050671,0.9974971339031409
5552,0,0.15324622120096573,0.11488319677449867
5553,1,0.9941896259924088,0.9934942296976074
5554,0,0.0816900244138371,0.06203425088479771
5555,0,0.0089425239967428,0.007665158727271932
5556,0,0.047358807927257496,0.036813241394534985
5557,1,0.38414747256394977,0.30084116922229476
5558,1,0.8469069319671146,0.7994102457048335
5559,1,0.9975505935294431,0.9974134591324793
5560,1,0.7745007857862327,0.7079125823198623
5561,0,0.05122627607614778,0.03966808563994034
5562,0,0.2912892035463249,0.22238829725251857
5563,1,0.901117532655652,0.8707611088468753
5564,1,0.9345252273220868,0.9154673302665837
5565,0,0.008599028588578136,0.007389157686376185
5566,1,0.506949403670815,0.41421411216385334
5567,1,0.9978380452005597,0.997736379608201
5568,1,0.9633944055671094,0.9540046174345599
5569,0,0.030245836417538495,0.02407601450666208
5570,1,0.9672175688692671,0.9590548228109089
5571,1,0.9969664721242573,0.9967495953283456
5572,1,0.22348869463728752,0.16841762427048895
5573,0,0.11106144201241627,0.08359764568287026
5574,0,0.23601515877279552,0.1782025776507319
5575,0,0.9085377041851476,0.8806635402065439
5576,0,0.1113807191417037,0.08383273647869456
5577,1,0.9979059453822361,0.9978122476910016
5578,0,0.048437712131026586,0.037610282951858365
5579,1,0.9968132016404062,0.9965738944659467
5580,1,0.8834423535338775,0.8472833462998678
5581,0,0.04837581425468693,0.03756456963982558
5582,0,0.022288855367810872,0.01805713552454218
5583,0,0.1750114691914348,0.13125039896118726
5584,0,0.14599990770520715,0.10947176426368352
5585,1,0.9940954026639366,0.9933815824694913
5586,1,0.012371923402104084,0.010389467246860282
5587,0,0.05061737292273014,0.03921901099675269
5588,1,0.9072884051171674,0.8789947263626102
5589,1,0.1162608425179586,0.08742868024513302
5590,0,0.25543312005353114,0.19353205901155204
5591,1,0.9977851818132089,0.9976772006447815
5592,0,0.39621072975203453,0.3114651893990403
5593,0,0.2723742531482721,0.20707419393768628
5594,0,0.09719991412015574,0.07340824306845332
5595,0,0.052959476080987854,0.04094560790850817
5596,0,0.1061660698001923,0.07999549299401186
5597,0,0.030489443145002633,0.024259024388285796
5598,0,0.05611571098322194,0.04326950013209676
5599,0,0.03808932839879889,0.029940156166026573
5600,0,0.24745833603868111,0.18721206824426134
5601,0,0.181852432288549,0.13643275192905577
5602,0,0.21268543551078545,0.16004130874758116
5603,0,0.11617007059537054,0.08736174827286687
5604,1,0.7006244726701463,0.6198222884245533
5605,1,0.9515646666803805,0.9382729679996757
5606,1,0.9969021405619896,0.9966759201139329
5607,1,0.9727344438478003,0.9662993325718443
5608,0,0.06005275686169189,0.046164426623621184
5609,1,0.6473669887544324,0.5597092988341645
5610,0,0.06378119542886455,0.04890281462573756
5611,0,0.05557525217540826,0.042871781196191366
5612,1,0.9953480609320491,0.9948687736569765
5613,0,0.027559079159925025,0.022053103789286335
5614,1,0.9977182405398461,0.9976021247432325
5615,0,0.21089951221601322,0.1586620101687031
5616,1,0.9197131910782529,0.8956147788945448
5617,1,0.8426107843237687,0.793849192313834
5618,1,0.8149184822890043,0.7583888209494694
5619,1,0.8257073424657406,0.7721228108723417
5620,0,0.24764845807849029,0.18736234062933832
5621,1,0.9925727155434787,0.9915460632634624
5622,0,0.03424437343792408,0.027072329856654212
5623,1,0.07693060300111541,0.05854608864341263
5624,1,0.4068534704356073,0.32092633276884647
5625,1,0.9942383789552484,0.993552468854261
5626,0,0.013549292934111282,0.011313852303373458
5627,1,0.9930508987641617,0.9921253731012553
5628,0,0.013867444589572443,0.01156283365767409
5629,0,0.04988079414061264,0.038675583550539905
5630,1,0.9961188936068146,0.9957712086547877
5631,1,0.9976702871243044,0.9975482520544018
5632,1,0.9285179396343057,0.9074139849795583
5633,1,0.9619077632326252,0.9520354660579708
5634,1,0.852098177529705,0.8061503124034094
5635,1,0.9412127494735567,0.9244286638492686
5636,0,0.13913957225834317,0.1043643338770583
5637,1,0.9887402202446063,0.9868273664029941
5638,1,0.9910552694567413,0.9896925360075234
5639,1,0.9931354245569208,0.9922275128819543
5640,0,0.10730573369552104,0.08083369832057559
5641,1,0.9922010522327733,0.9910941375622276
5642,1,0.9978124127846164,0.9977076969939225
5643,0,0.08643230021072895,0.0655102244958898
5644,0,0.017682576903830172,0.01452549889970724
5645,1,0.9762173073371958,0.9708396292559607
5646,0,0.6766956173923689,0.5924641895375204
5647,1,0.9801276145145629,0.9758977752291239
5648,1,0.9490723087904316,0.9349443910545955
5649,0,0.038610523867999465,0.030328023508377794
5650,1,0.9971774830104061,0.9969905049997388
5651,1,0.9928711807154418,0.9919079394011366
5652,1,0.9974652424439855,0.9973170672576874
5653,0,0.039265033527293505,0.030814829894615085
5654,0,0.01818835841585084,0.014915453255571073
5655,0,0.9977984634120334,0.9976920780881269
5656,1,0.9963387723319662,0.9960265399198925
5657,0,0.06690293122469188,0.05119378528926737
5658,0,0.016210964109653874,0.013387379298593828
5659,1,0.9913592312533417,0.9900655346163787
5660,1,0.9974517265838365,0.9973017827020798
5661,0,0.057305106040387035,0.044144480615847394
5662,0,0.28304855309196314,0.21569066276151405
5663,1,0.6510455854114775,0.5637711020005891
5664,1,0.8562921929416878,0.8116115363486903
5665,1,0.7275232745020104,0.6512621832504092
5666,0,0.008525589784410401,0.007330062940405838
5667,0,0.047522690537857556,0.036934343214636844
5668,1,0.5773139162561494,0.4848480554238143
5669,0,0.06702650464731696,0.05128444487690977
5670,0,0.009218325260824929,0.007886300943797301
5671,1,0.5286861351237149,0.43556591755274454
5672,1,0.7845650295075721,0.7203341261585205
5673,0,0.3719139130576694,0.29017355120529226
5674,1,0.7180488158524365,0.6401051705996754
5675,1,0.9977578309347558,0.997646544427648
5676,0,0.1918604063614868,0.144049513555784
5677,1,0.5239372419800087,0.4308661158774142
5678,1,0.9479089656724871,0.9333895517923216
5679,1,0.8143990921391043,0.7577303391215677
5680,0,0.008020689867405015,0.0069229233652554996
5681,0,0.14548196875971275,0.10908564312578906
5682,0,0.03375955697493435,0.02670984470086602
5683,0,0.9972945722155305,0.9971236679078989
5684,1,0.8964217521935433,0.8645073547830937
5685,0,0.05390315828557446,0.04164075363177092
5686,1,0.9977297527828974,0.9976150466881782
5687,1,0.9689327265939602,0.9613130977068696
5688,1,0.9920075304120222,0.9908582748618392
5689,1,0.9276628156173318,0.9062676495581828
5690,1,0.8393538752602926,0.7896437336287448
5691,0,0.29901908454660003,0.22870771333618925
5692,1,0.990083992412621,0.9884954474875397
5693,0,0.018659273099536584,0.015278002706374824
5694,0,0.0875324449966242,0.06631674723659425
5695,0,0.019589245088240927,0.015992557742631065
5696,0,0.019396021434362313,0.015844242334398094
5697,0,0.1654646129269908,0.12404937467198474
5698,1,0.7126564971615441,0.6337955873297553
5699,0,0.0299478421256979,0.023852057971826265
5700,1,0.9903496748140875,0.9888236570793658
5701,1,0.9823615669830797,0.9787646675403482
5702,1,0.17858478798620922,0.13395497228971923
5703,0,0.08321639193792088,0.0631529588568649
5704,0,0.22461359508962817,0.16929310431287523
5705,1,0.9976017060782644,0.9974710753390207
5706,0,0.034737948216369295,0.027441150205208008
5707,0,0.505862689224865,0.41315732589762216
5708,1,0.8139373399289629,0.757145140159545
5709,0,0.11674070828730787,0.08778254629660912
5710,0,0.040922738273222375,0.032046494036689785
5711,1,0.9150713028957567,0.8894001052330065
5712,1,0.9961582359363544,0.9958169669958306
5713,0,0.2542651041008045,0.1926042548358777
5714,0,0.17246615824171213,0.1293270298621364
5715,1,0.535696732318977,0.44254022174318675
5716,1,0.9444948992182607,0.928822931649574
5717,0,0.11486697106873335,0.08640108698670101
5718,1,0.9967357205171017,0.9964848563645812
5719,0,0.18859285111199714,0.1415579672353487
5720,0,0.09064115611692664,0.06859619578479369
5721,1,0.9961869651915924,0.9958503617392791
5722,0,0.04758484956683726,0.03698027274548989
5723,0,0.01566578077985558,0.01296432730866451
5724,0,0.039535988512012,0.031016272363965727
5725,1,0.9059782587551741,0.8772452909953252
5726,1,0.996385548050355,0.9960807276163716
5727,1,0.997735840251601,0.9976218777901807
5728,1,0.9980540257941262,0.9979771195102852
5729,0,0.11864994807116629,0.08919098230280544
5730,0,0.019278935994525976,0.015754331606444977
5731,0,0.012225295034953197,0.01027399804564399
5732,1,0.9752886804837828,0.9696319839292825
5733,0,0.024512427925630353,0.019748105604060456
5734,0,0.051730402188549414,0.04003978157201521
5735,0,0.09665706891642539,0.07300978753548314
5736,0,0.20849112567652106,0.15680436198774522
5737,0,0.2232257305151667,0.1682130568315025
5738,0,0.07813151038124627,0.05942624249396334
5739,0,0.05031290398803617,0.03899440790893369
5740,1,0.9948802681404234,0.9943161436906635
5741,1,0.9979239642935156,0.9978323532973278
5742,0,0.11991390057609191,0.09012385264365208
5743,0,0.008576328408283745,0.007370894595937476
5744,1,0.6631672702578908,0.5772497480420913
5745,1,0.8961519370237228,0.864148353447928
5746,0,0.12756861223706262,0.09578178906268206
5747,1,0.9977361432613598,0.9976222177825529
5748,1,0.9944321949049278,0.9937836757918767
5749,0,0.0863136274895134,0.06542322886594067
5750,0,0.01518546397877553,0.012590932819144607
5751,0,0.024882223567929344,0.020028577354335535
5752,0,0.048041175920341024,0.03731740111839832
5753,1,0.9203282463111673,0.8964386109779565
5754,0,0.051793298872346356,0.04008614928396778
5755,0,0.014153792047793316,0.011786647123586706
5756,0,0.5184006965685717,0.4254116260880159
5757,0,0.1455134916502046,0.10910914081044615
5758,1,0.9980022113369742,0.9979195232491004
5759,0,0.03968277966096907,0.031125384016016687
5760,1,0.2534027220720846,0.1919197058530189
5761,0,0.13675589584989983,0.10259312219389125
5762,0,0.010352898091371472,0.008791963136318172
5763,0,0.9488749236954501,0.9346806300495312
5764,0,0.26492825091733246,0.2011023332336867
5765,1,0.8242061152284889,0.770205447703684
5766,1,0.6180150700465057,0.5277719489987839
5767,1,0.9974065978570346,0.9972507088757608
5768,0,0.021880185972117612,0.017745460327631617
5769,0,0.2754124549311168,0.20951997205875486
5770,0,0.9942007772838883,0.9935075535966961
5771,1,0.9960602743991624,0.9957029724207834
5772,0,0.0470675954744529,0.03659801838821637
5773,1,0.9977056995150333,0.9975880430156366
5774,1,0.9959720000609866,0.9956000884215941
5775,1,0.9260841354448315,0.9041514925753363
5776,1,0.8125234578964695,0.7553544942129062
5777,1,0.9976663713182723,0.997543849552088
5778,0,0.0353523731567415,0.027899982525571472
5779,1,0.8466232073931719,0.7990425096825715
5780,1,0.9977435941268684,0.9976305770623175
5781,0,0.12823903538161044,0.09627804281816489
5782,0,0.08005214897980407,0.06083385988942546
5783,1,0.3658753363789191,0.284946758250181
5784,1,0.5319474096611081,0.4388049262202819
5785,0,0.11033075838812795,0.0830597023982782
5786,0,0.0858955936240534,0.06511678585335523
5787,0,0.4905517686396498,0.39837453435579057
5788,0,0.2987558327246848,0.2284919021049735
5789,0,0.012323488192930174,0.010351333577511517
5790,1,0.9688975229754762,0.9612667972505933
5791,1,0.720850703884067,0.6433952310779563
5792,0,0.0425477124506697,0.03325215642277961
5793,0,0.07646011096278586,0.05820125308666995
5794,0,0.055564684552497266,0.04286400373945085
5795,0,0.014077901034917246,0.011727354850177545
5796,0,0.01817550170062147,0.014905548097127368
5797,0,0.01330551321643516,0.011122847487819795
5798,0,0.0701751486376955,0.05359385410811601
5799,1,0.9735793128451138,0.9674033683784004
5800,1,0.9023707588811058,0.8724319080633354
5801,1,0.9166802902811708,0.8915536347798461
5802,1,0.9938167096261508,0.9930477156235092
5803,0,0.21797630723798292,0.16413650061229546
5804,0,0.1041155544881391,0.07848793121112978
5805,0,0.1877343268950868,0.14090409805990173
5806,0,0.18489756512297428,0.1387458017839775
5807,0,0.20474516347920738,0.15392040533760462
5808,1,0.7235694516619056,0.6465952206769159
5809,0,0.009630055608537845,0.00821569433976526
5810,0,0.6414358485519536,0.5531882125554795
5811,0,0.08777390902512211,0.06649377561213708
5812,1,0.8932264092804314,0.8602582553397233
5813,1,0.3089803624875235,0.236905091747207
5814,0,0.0660948746691455,0.05060090570477185
5815,0,0.20611023485024965,0.15497059603275612
5816,0,0.10839421940773583,0.08163447944585105
5817,1,0.9980228325204276,0.9979424577813218
5818,1,0.9091863749174971,0.881530268085764
5819,0,0.011028353633565552,0.009328285373812664
5820,1,0.9975116300607767,0.9973694831470342
5821,1,0.9949123662760812,0.9943541731425738
5822,0,0.05749341554318843,0.044282976253712
5823,1,0.6516599585041384,0.5644507699951006
5824,1,0.31750477624569806,0.24396899930118732
5825,0,0.15972716750508495,0.1197384267564799
5826,0,0.026249482847638846,0.02106386366144023
5827,0,0.010837153994230212,0.009176672867608452
5828,1,0.878100225512835,0.8402237871774072
5829,0,0.15688143517875813,0.11760469602057026
5830,0,0.20100333247408653,0.15104610188371445
5831,1,0.9978346510867282,0.9977325829205645
5832,0,0.06964402427046329,0.05320436746798861
5833,1,0.9972420195803541,0.997063948060908
5834,1,0.9970458061668593,0.9968403071932377
5835,0,0.16616152968839748,0.124573855515778
5836,0,0.10762952680605609,0.08107188520584382
5837,1,0.969642997470744,0.9622467850721342
5838,0,0.01290006631585177,0.010804726856236648
5839,0,0.0623157240598137,0.04782680063784345
5840,0,0.004960963065164296,0.004416746238008125
5841,1,0.7877576034184611,0.7242951532580303
5842,1,0.5466178802326878,0.45349152388347913
5843,0,0.05545700682720461,0.04278475428073723
5844,0,0.1790586816276989,0.13431404258889898
5845,1,0.4072654415881892,0.32129424746024027
5846,0,0.0233111892465675,0.018835583380108163
5847,0,0.5019173183614123,0.40932906983235856
5848,1,0.06658255499482087,0.05095873224256277
5849,1,0.9245907738479815,0.9021499291052855
5850,0,0.013166041554421335,0.011013479407157833
5851,1,0.9978769326886903,0.9977798505356515
5852,0,0.029745668920290166,0.02370005960386185
5853,1,0.9934261646649287,0.9925782135388791
5854,0,0.08573938086964601,0.06500227512468253
5855,1,0.6530693050548486,0.5660113018488752
5856,1,0.9978846845007681,0.997788509588073
5857,0,0.05923589734632974,0.04556409582874319
5858,1,0.890726830851142,0.8569382199528901
5859,0,0.30475055933711437,0.23341681964346753
5860,0,0.05111078934255618,0.03958292324661377
5861,1,0.9094397739342124,0.8818688920065649
5862,1,0.9891435819873127,0.9873294314781045
5863,0,0.09153916657098975,0.06925479841153244
5864,0,0.2288556521932606,0.17260026798433642
5865,0,0.42907589940496627,0.3409543922302394
5866,0,0.4680509079228687,0.37700466683437933
5867,0,0.08246814640247122,0.06260454663250807
5868,1,0.7312595140116445,0.6556867765629457
5869,1,0.5551665722056054,0.4621382335278129
5870,0,0.058467019458068814,0.0449988873221762
5871,0,0.09557649379406886,0.07221673637966906
5872,0,0.19951060369169674,0.14990123886407422
5873,1,0.864095935752974,0.8218097933137112
5874,0,0.08777936505437858,0.06649777572020046
5875,1,0.9960536757080223,0.9956952868952078
5876,0,0.2869904499650675,0.21888944132074908
5877,0,0.06677264738150405,0.05109820048576524
5878,1,0.16003504087451018,0.11996944565456254
5879,0,0.1362109091308012,0.10218840333759166
5880,1,0.5584989717551737,0.46552669122395246
5881,1,0.9859352188832515,0.9833077789867242
5882,1,0.5803228279252157,0.48796814106072733
5883,0,0.043918014043053843,0.034267664479167244
5884,0,0.055703983659145466,0.042966521154335954
5885,1,0.9976614453043442,0.9975383105728945
5886,1,0.9910462925162287,0.9896815079308651
5887,0,0.149137201167506,0.11181248305869002
5888,0,0.5343673528365003,0.44121439654756767
5889,0,0.017935159084914803,0.014720312145907195
5890,0,0.028272061733488743,0.022590755584434016
5891,1,0.7250756803152182,0.6483712679799037
5892,0,0.027233638089306837,0.02180748098887791
5893,0,0.04192821541260086,0.03279270362552433
5894,0,0.03135215928097535,0.024906633893853666
5895,1,0.997474257126953,0.9973272585500599
5896,0,0.6831644828014516,0.5998036398205556
5897,0,0.845463713882188,0.7975403828825831
5898,0,0.08192209104758928,0.06220433428655229
5899,1,0.896633400023831,0.8647889879701627
5900,1,0.9943195650955032,0.9936493803568734
5901,0,0.04150905852982173,0.03248170397328269
5902,1,0.9977972223544178,0.9976906881687941
5903,1,0.9944177998086325,0.993766521469691
5904,0,0.5220862786983329,0.4290396194027545
5905,1,0.9789055381695135,0.9743220276878587
5906,0,0.018878956111686884,0.015446965487724276
5907,0,0.017370428822313613,0.014284535219283847
5908,0,0.1340009399758501,0.10054812461095526
5909,1,0.9978410966657452,0.9977397926609782
5910,1,0.28056963333834817,0.2136837397270231
5911,1,0.9738352391530087,0.9677374807769389
5912,0,0.11698719871967242,0.08796433487292253
5913,0,0.7416110334579749,0.6680187614028047
5914,1,0.916696803295417,0.8915757400542824
5915,1,0.8523257945255527,0.8064463416585373
5916,1,0.9628548459990296,0.9532902569424179
5917,1,0.9977952536146419,0.9976884831748288
5918,1,0.971377892222332,0.9645234132524357
5919,0,0.039553100194199,0.031028992433810815
5920,0,0.4651331038734109,0.3742639107704818
5921,1,0.9840499528244147,0.9809183248007909
5922,0,0.010448605103696933,0.008868079417470765
5923,1,0.9740342127258435,0.9679971357438288
5924,1,0.9888273080747108,0.9869358590687312
5925,0,0.03642998780957737,0.028703954798205037
5926,1,0.9272377062926431,0.9056977876184172
5927,1,0.9713302114554696,0.9644609227341494
5928,0,0.013532133482273093,0.011300414113279065
5929,1,0.997797013011461,0.9976904537104491
5930,1,0.9979943633477317,0.9979107906164408
5931,1,0.9758567729842079,0.97037103556235
5932,1,0.9978525187999512,0.9977525653704942
5933,0,0.04895677918657672,0.037993564167463675
5934,1,0.6862578434499059,0.6033280700190131
5935,0,0.06743878320928576,0.051586899002626606
5936,0,0.0736772996965103,0.056161500279512167
5937,1,0.6555433949864955,0.5687555212294558
5938,1,0.9239815276740349,0.9013334305881164
5939,0,0.03337913224461136,0.02642526190714852
5940,0,0.4940877076589229,0.4017709453317869
5941,1,0.9970064780277198,0.9967953589579657
5942,1,0.8535585900336055,0.8080503890531131
5943,0,0.02833108960611982,0.022635239865290053
5944,1,0.6518682931633781,0.564681330436251
5945,0,0.409200988872528,0.3230244958315849
5946,0,0.08610620391617793,0.06527117426425973
5947,0,0.01528416392015058,0.0126677145147886
5948,0,0.10369812892267832,0.07818112042679476
5949,0,0.07198033811828423,0.054917462132445444
5950,1,0.9960943065380641,0.995742596155088
5951,0,0.042370200970201354,0.033120527324799684
5952,1,0.8777973103930657,0.8398240463821934
5953,1,0.18507409411849562,0.13888001083023566
5954,1,0.18148786020494934,0.13615608661358156
5955,0,0.4376702561391674,0.3488011547872674
5956,0,0.01540151436843479,0.012758968979010212
5957,0,0.2467118405860485,0.1866222253257757
5958,0,0.07017680274506964,0.05359506706508187
5959,0,0.05908198355247802,0.04545096367227367
5960,1,0.9978610387393454,0.9977620897270035
5961,1,0.9562149595013123,0.9444723246316628
5962,1,0.9967884035067179,0.9965454131201834
5963,1,0.9712956851411516,0.9644156695993675
5964,1,0.5460980229351339,0.4529678218283362
5965,0,0.38495385431394447,0.3015480711207646
5966,1,0.9868219823853654,0.9844254126984063
5967,1,0.975059794887047,0.969333985226514
5968,0,0.02040144373402541,0.01661516032981998
5969,1,0.9963058617139189,0.9959883865801172
5970,1,0.738102007580903,0.6638263179966009
5971,1,0.9079721317373493,0.8799079741497393
5972,1,0.9977903815298375,0.9976830258530608
5973,0,0.45127268561302375,0.3613381190579692
5974,1,0.9296356877908961,0.9089124349418679
5975,0,0.08179420072170088,0.06211060237326159
5976,1,0.9804043062346515,0.9762538447222326
5977,1,0.9283141342164762,0.9071407700217617
5978,1,0.9919494671120918,0.9907874364986436
5979,1,0.9676709249672436,0.9596522162755908
5980,0,0.09044265801233536,0.06845062609841758
5981,1,0.9967259929848099,0.9964736677916878
5982,0,0.2682352535632522,0.20375074870890655
5983,1,0.997696905977048,0.9975781660545384
5984,0,0.05849824327464567,0.04502184295570338
5985,1,0.9963892605325158,0.9960850263703337
5986,1,0.9751234011700844,0.9694168109855967
5987,0,0.1191562683005471,0.08956463146028135
5988,0,0.01381533474822488,0.011522075690397605
5989,1,0.9976906608739184,0.9975711499614561
5990,1,0.9079216714280074,0.8798405685647355
5991,0,0.009379814363146706,0.008015599382012791
5992,0,0.02019470154969545,0.0164568037900738
5993,1,0.9979142486815165,0.9978215140247217
5994,0,0.30678041564608965,0.23508943723753373
5995,0,0.06612762551523414,0.050624937051420904
5996,1,0.9975692379915357,0.9974344854622955
5997,0,0.02654887576405012,0.021290217615349834
5998,1,0.9904710794802511,0.9889734477081512
5999,0,0.5503954247793832,0.4573042794169178
6000,0,0.14961425694142508,0.11216869820843657
6001,1,0.9912812567518519,0.9899699279341527
6002,0,0.0572212676939604,0.04408281721245866
6003,0,0.1834874152859804,0.13767418397557055
6004,0,0.10552360439116673,0.07952306904913113
6005,1,0.997236515443134,0.9970576887947746
6006,1,0.9932986637701655,0.9924245384286547
6007,1,0.645869044736783,0.558059112126243
6008,1,0.8211560415884986,0.7663161714713773
6009,0,0.1692514516591815,0.1269014806209975
6010,1,0.9979913186978834,0.9979074021416805
6011,0,0.6485054514075415,0.5609649389747586
6012,0,0.557541122397465,0.46455169935045826
6013,1,0.9528575514152198,0.939998109222055
6014,1,0.9969360749710252,0.9967147961836731
6015,1,0.9975968275717838,0.9974655796387762
6016,0,0.03121462564782574,0.024803444509558847
6017,0,0.4021651951987463,0.316748284337795
6018,0,0.45018572828225056,0.3603309418883864
6019,0,0.10519315848966554,0.07928010971170808
6020,1,0.9456175635434148,0.9303251395527419
6021,1,0.9968949461463497,0.9966676743307591
6022,0,0.9085638929775456,0.8806985295762317
6023,1,0.4801478306974086,0.3884416362319119
6024,0,0.31166735576653554,0.23912679968212136
6025,1,0.9948121431629418,0.9942353782208663
6026,1,0.031149076906725387,0.024754257418400934
6027,0,0.0570929408367946,0.04398842877522828
6028,0,0.021914319756332862,0.01777150393999745
6029,0,0.013517964846705182,0.01128931740516289
6030,0,0.048869169823721206,0.03792888105159655
6031,0,0.012165076425145013,0.010226552859895934
6032,1,0.9433095132755789,0.9272362916838355
6033,0,0.511560438285344,0.418709397311783
6034,0,0.08795686804862969,0.06662791373379841
6035,0,0.9041732923616201,0.8748362773534776
6036,0,0.6603845707838768,0.5741427215465421
6037,1,0.29457100421972965,0.22506686736079337
6038,0,0.04074876926734881,0.03191732006531131
6039,1,0.6764676209397329,0.5922062701546578
6040,0,0.2724126039940944,0.2071050337192778
6041,1,0.9553065510199421,0.9432626203171005
6042,0,0.046321423404833084,0.03604637354481286
6043,1,0.5641492863509036,0.47129508200015763
6044,1,0.08510948603040806,0.06454054660511599
6045,0,0.04196122154872089,0.03281718851502437
6046,1,0.9976490470293595,0.9975243660352827
6047,0,0.06441887796750512,0.04937091492527895
6048,1,0.9953384227288166,0.9948574232887284
6049,1,0.3293780862821523,0.25388488206273907
6050,1,0.997625702912017,0.9974980970453996
6051,1,0.9977476183024989,0.9976350910909407
6052,1,0.9978733642745425,0.9977758637678273
6053,0,0.05606733088512296,0.04323390101845296
6054,0,0.018660590467450923,0.01527901623560854
6055,0,0.1670170399572514,0.12521794180145873
6056,1,0.8279395832605698,0.774977561345199
6057,1,0.7771024750920819,0.7111141327394469
6058,0,0.07882504636561927,0.05993453058396383
6059,1,0.26416033512386183,0.20048822690245927
6060,0,0.09864916226010481,0.07447219220770214
6061,0,0.01839449939018161,0.015074218770152815
6062,1,0.9978969433685283,0.9978021987890323
6063,0,0.02696675466677615,0.021605952511108976
6064,0,0.6931262132777979,0.611187787722005
6065,1,0.657937064138711,0.5714162772872856
6066,1,0.9874648967110419,0.9852329500100895
6067,1,0.9947031140534152,0.9941059740813527
6068,1,0.9975636773312266,0.9974282155537909
6069,0,0.2918083715199454,0.22281160624452553
6070,0,0.06776570057999379,0.05182671604421083
6071,1,0.7476967133602275,0.6753189910928855
6072,1,0.9979943633477317,0.9979107906164408
6073,1,0.6518164790301757,0.5646239846272659
6074,0,0.018335241978128778,0.01502858973680311
6075,0,0.961013314223516,0.9508494227176293
6076,0,0.9457259726687036,0.9304701724844819
6077,0,0.05162843567982635,0.03996460838085702
6078,1,0.8731569416075076,0.8337081578294163
6079,1,0.7162625767877577,0.6380118403893063
6080,0,0.32076313830556646,0.24668121057980577
6081,0,0.02035336350792108,0.016578340198298295
6082,1,0.9969360767916216,0.9967147982686182
6083,1,0.9976118310719797,0.9974824788597326
6084,1,0.0465235031467892,0.03619579700561515
6085,1,0.9974355025078185,0.9972834283003685
6086,0,0.3030692878592998,0.2320333622804793
6087,1,0.9597098591379802,0.9491194175749402
6088,0,0.7584073501743184,0.6882572656744633
6089,1,0.9977991153161831,0.9976928081652616
6090,1,0.9354604434218314,0.91672093137645
6091,1,0.7226850281447624,0.6455534299653949
6092,1,0.9451923936736042,0.9297562887893219
6093,0,0.04841760753468073,0.03759543532632794
6094,1,0.30016556944623185,0.22964808255226601
6095,0,0.5242263077073206,0.4311516301742919
6096,0,0.20637820529671574,0.15517685530930272
6097,1,0.6131910653737012,0.5226025848497272
6098,1,0.9453266419149675,0.9299359123817114
6099,1,0.9978878997187882,0.9977921004712235
6100,1,0.9979198326793481,0.9978277442602357
6101,0,0.06428487707090753,0.04927255505535903
6102,0,0.09510951779883592,0.07187405715375987
6103,0,0.11282257669760437,0.08489466176435982
6104,0,0.715844926363115,0.6375228505357707
6105,0,0.04208068916567374,0.0329058075453044
6106,1,0.997746878084967,0.9976342608095179
6107,1,0.8559174274726131,0.8111229673855515
6108,1,0.9978401362602077,0.9977387184860979
6109,1,0.9958475070062083,0.9954547367544851
6110,0,0.03632307093286019,0.02862422951600714
6111,0,0.3855445272923904,0.3020661710615375
6112,1,0.9979355443110708,0.9978452681082904
6113,0,0.19210458929202065,0.1442358921224242
6114,1,0.9968638235939985,0.9966319888784997
6115,1,0.9591698845336616,0.9484022050268827
6116,0,0.1779507280604058,0.13347468714254077
6117,1,0.6063553222506686,0.5153155031823624
6118,1,0.9714170058556435,0.9645746722247485
6119,1,0.9697450302334654,0.962380836956086
6120,1,0.9903336392907013,0.9888038634381124
6121,0,0.8970450970909656,0.8653368859061729
6122,1,0.9840033428973884,0.9808590362381157
6123,0,0.7638358997644994,0.6948585716011867
6124,1,0.9016211897072528,0.8714324972240322
6125,0,0.041550161625462184,0.03251220574286087
6126,0,0.06302945850418906,0.04835090351630283
6127,0,0.14068434688514692,0.10551311292871485
6128,0,0.0405491384085988,0.03176906815188899
6129,1,0.99737380512015,0.9972135584105525
6130,0,0.01982466764421104,0.016173160668426733
6131,0,0.3971298402958392,0.31227897354181333
6132,0,0.041892816686810684,0.03276644311932219
6133,0,0.41803328624269276,0.33095554699748736
6134,0,0.41224430789623245,0.32575066804715497
6135,0,0.24650755155145831,0.18646085830599185
6136,0,0.09111985039240836,0.06894726245791818
6137,0,0.18767601303758963,0.14085969652911062
6138,1,0.9149499094566655,0.8892376570093702
6139,0,0.8497213625355337,0.8030616331809053
6140,0,0.04568761065754022,0.03557758647636338
6141,1,0.9977999983181051,0.997693797028856
6142,0,0.03894385703592911,0.030575984873453275
6143,0,0.19521470113170014,0.14661205217898426
6144,0,0.028149329014186077,0.022498248854390196
6145,1,0.7111151740369891,0.6319974536109579
6146,1,0.01885783150321863,0.015430722670177354
6147,0,0.028304763383096645,0.022615400553616136
6148,0,0.030276647357659715,0.024099164817648334
6149,0,0.15746795247990258,0.11804422896250431
6150,0,0.7299751110407252,0.6541641544773867
6151,1,0.9693831205319965,0.9619052693172703
6152,1,0.10361242744567381,0.0781181326958551
6153,1,0.9034894022784814,0.8739238797442139
6154,1,0.8775847903096374,0.8395436315529426
6155,0,0.04782840157874746,0.03716021752372753
6156,0,0.007675829172881927,0.00664393772878376
6157,0,0.03232141032652452,0.025633305612232104
6158,0,0.027804221657016223,0.022238033889306247
6159,1,0.9646598289102694,0.9556784933192973
6160,0,0.20549185732536834,0.15449475252201242
6161,0,0.02332690481670428,0.018847536416333213
6162,0,0.1951648475763909,0.14657392982778963
6163,0,0.14199411239416937,0.1064877039257267
6164,1,0.9977230411817568,0.997607513773236
6165,0,0.35970936381550994,0.2796358031436938
6166,0,0.07188577207433092,0.05484813039260927
6167,1,0.9853942022514315,0.9826238624408661
6168,1,0.9563642300454382,0.9446710375553055
6169,1,0.9816330694406565,0.9778318142540868
6170,0,0.06866113417279984,0.05248351663862286
6171,1,0.9979142486815165,0.9978215140247217
6172,1,0.997863518071308,0.997764860865196
6173,0,0.0520277131198356,0.040258948017751206
6174,1,0.9972371102813147,0.9970583652811101
6175,1,0.8940082249319679,0.8612973963860433
6176,0,0.1022806364269892,0.07713945950930402
6177,1,0.793764475342096,0.7317746586143721
6178,0,0.025859431675598718,0.020768785285559158
6179,0,0.04765926611907081,0.03703525712066507
6180,1,0.9924151981243302,0.9913547016384903
6181,1,0.5690550145200849,0.4763269341457058
6182,1,0.9508753962570546,0.9373528076933134
6183,1,0.0823665872608399,0.0625301118902878
6184,1,0.9971866032265173,0.9970008907972042
6185,0,0.0932895380289197,0.07053873494737971
6186,1,0.42635133246525825,0.33847870894054877
6187,0,0.0870385829491417,0.06595468535392231
6188,1,0.2664573063499229,0.20232611269716555
6189,1,0.9794121292102924,0.97497582359372
6190,1,0.9186038091377233,0.8941290312218731
6191,1,0.9744228968274515,0.9685040870411367
6192,1,0.9975149867312691,0.9973732734846662
6193,1,0.9977223165659752,0.9976067003945708
6194,0,0.4187797439082376,0.3316285267283251
6195,1,0.8073207777455496,0.7487814710744293
6196,0,0.02125611504264639,0.01726893511934029
6197,0,0.023391659246713766,0.018896783501330255
6198,1,0.9787766951957231,0.9741556147466834
6199,0,0.05801327489882187,0.0446652690737636
6200,1,0.9973318357512809,0.9971659662032927
6201,0,0.44465099027855015,0.35521692954194717
6202,0,0.13836916846666128,0.10379169155044637
6203,1,0.13223802527149414,0.09924066599709112
6204,0,0.045049825769205465,0.035105660483482966
6205,1,0.9314246012523131,0.9113107056081623
6206,0,0.08788609593955904,0.06657602624497036
6207,0,0.09823424544737043,0.07416755802108627
6208,1,0.2976590728321514,0.22759324270037667
6209,0,0.013384360247957095,0.011184647008184015
6210,1,0.9371602020179279,0.9189990996311294
6211,0,0.032286034346388284,0.02560679975365091
6212,0,0.04990695649596684,0.03869488906505646
6213,1,0.9905448433024393,0.9890644004695265
6214,0,0.12384182160168321,0.09302532039269387
6215,1,0.9974550610305696,0.997305554007011
6216,0,0.05834894039742782,0.04491207389408536
6217,0,0.04858848556214382,0.037721626462827264
6218,1,0.9962244208431907,0.9958938747734872
6219,0,0.03153434594852785,0.025043295901546636
6220,1,0.9972893725269545,0.9971177625399198
6221,0,0.11513765267950762,0.08660060666202873
6222,1,0.9968983773819506,0.9966716071558486
6223,1,0.9975688133272732,0.9974340066673563
6224,1,0.9979231118917049,0.9978314024483125
6225,1,0.9946536823585339,0.9940472468398245
6226,1,0.9973453971713404,0.9971813500762389
6227,1,0.9977312945035175,0.9976167768598104
6228,0,0.03722720174090199,0.02929813616385317
6229,0,0.03809891121483713,0.029947289346859064
6230,0,0.007317881554500316,0.006353547484813934
6231,0,0.02509992471093228,0.020193598638548502
6232,0,0.1669676562862405,0.12518075483222257
6233,1,0.7193282466313314,0.6416065359276074
6234,1,0.034776055623268604,0.02746961691215957
6235,0,0.5660222992864388,0.473213652928511
6236,1,0.9979411423889527,0.9978515096993974
6237,1,0.9861901120583305,0.9836294698859758
6238,1,0.841247907976241,0.7920882911885743
6239,0,0.13479988860999847,0.10114095469202102
6240,1,0.9979943633477317,0.9979107906164408
6241,0,0.08370874532056491,0.06351382858374388
6242,1,0.997390077820986,0.9972319974809727
6243,0,0.02979118394110629,0.023734282789881014
6244,0,0.008277125378629006,0.007129896722226219
6245,1,0.9977296073394222,0.9976148834624257
6246,0,0.09679270662228133,0.07310934401924431
6247,0,0.0672361086539181,0.05143821635530711
6248,0,0.5191495502440635,0.4261478243245653
6249,0,0.34872547051156266,0.27023947672816234
6250,0,0.03176087236425716,0.025213171058388512
6251,0,0.018823287842274116,0.015404159793810256
6252,0,0.4873369009611376,0.39529560701077776
6253,1,0.9011058366042733,0.8707455190897548
6254,0,0.10941920797388226,0.08238874594441514
6255,0,0.016047600767662998,0.013260696264401062
6256,0,0.076210344577924,0.05801819049917332
6257,0,0.01595320861090211,0.01318746572133607
6258,0,0.6604277001387903,0.5741908192969871
6259,1,0.9738814071892365,0.9677977370484492
6260,1,0.9095818789917616,0.882058801088833
6261,0,0.5459026095237236,0.45277102569790034
6262,0,0.06491501835059478,0.04973506927831341
6263,1,0.997918374987592,0.9978261179786807
6264,0,0.10499261959358952,0.07913267306271533
6265,1,0.9976734423519591,0.9975517990815931
6266,1,0.6963266645939942,0.6148663171505526
6267,0,0.09419909645950489,0.07120603557539912
6268,1,0.99792880585937,0.9978377535317877
6269,1,0.7103680202556153,0.6311266714481294
6270,1,0.8327603018509382,0.7811577624882554
6271,1,0.997575725177104,0.9974417988461507
6272,0,0.036052029744442396,0.02842207997894516
6273,0,0.07120523460633688,0.05434916998396044
6274,1,0.9976549046691334,0.99753095483798
6275,0,0.11358489652200568,0.08545627996582342
6276,0,0.5786095076721113,0.48619048933306097
6277,0,0.05405953375057171,0.04175591679349615
6278,1,0.06617415908531327,0.05065908139232424
6279,1,0.047590383637572564,0.03698436180604805
6280,1,0.9976587550284094,0.9975352852007524
6281,0,0.036601473139297167,0.02883180834833609
6282,0,0.025457354603680222,0.02046438799808192
6283,1,0.9712914937422383,0.9644101758302793
6284,1,0.47108028436987576,0.37985754232111424
6285,0,0.4682722559003101,0.37721286559094686
6286,0,0.5809345696250207,0.4886035113888011
6287,0,0.06636812183413088,0.050801399772558854
6288,1,0.8646656840547027,0.8225561821005146
6289,0,0.46932420019436644,0.3782028632588505
6290,0,0.08425949279149969,0.06391750774691148
6291,1,0.9976493050130658,0.9975246562444661
6292,0,0.16202202154655185,0.12146124985601664
6293,1,0.9949180890373293,0.994360951739281
6294,0,0.10901384338116092,0.0820904236329442
6295,0,0.11413215213567653,0.08585952998782886
6296,0,0.210635529756885,0.15845826042152877
6297,1,0.9351343414929749,0.9162838209600027
6298,1,0.16324438532033714,0.12237971094861848
6299,1,0.5954836573309854,0.5038173230319274
6300,1,0.0714701980129567,0.054543441606603786
6301,0,0.101118586146595,0.07628574299492892
6302,1,0.9971404656832072,0.9969483277591052
6303,1,0.9975022382121929,0.9973588760778932
6304,0,0.0771115186987136,0.05867868489769256
6305,0,0.04845346769221543,0.037621918611005535
6306,1,0.9900122440587904,0.9884067191949297
6307,0,0.1261468614305276,0.09472978759735991
6308,1,0.921292441156022,0.8977302497427412
6309,0,0.08391952847169873,0.06366832420515092
6310,0,0.007436239246488112,0.0064496617828880025
6311,0,0.009937792410136884,0.008461335891522872
6312,0,0.4513690744458331,0.36142747840841144
6313,1,0.9978545856180988,0.9977548760819216
6314,0,0.04757219068573018,0.0369709191935723
6315,0,0.22062452357141302,0.16619134187093373
6316,0,0.027800654978636704,0.022235343803914603
6317,0,0.009370895029095317,0.0080084615219783
6318,0,0.013788898721392415,0.011501395274280162
6319,0,0.03146007009686694,0.024987584132682962
6320,0,0.011596266767348864,0.00977771098381484
6321,0,0.28255307990358336,0.21528924205983166
6322,1,0.8979341634825762,0.8665203722768703
6323,0,0.20745344133040944,0.15600481043615522
6324,0,0.26814809534153805,0.2036808688267771
6325,0,0.07593077313640978,0.05781328048013354
6326,0,0.28524739602841676,0.21747385423890517
6327,1,0.9329581245418215,0.9133665669811664
6328,1,0.6713803390964737,0.5864647721329412
6329,1,0.9952910028705806,0.9948015570488675
6330,1,0.9247568685878389,0.902372534112395
6331,1,0.984157177340879,0.9810546787441854
6332,1,0.9040613999572056,0.874686984596171
6333,0,0.2843178004180467,0.2167196346864993
6334,1,0.6297435132599631,0.540433313776657
6335,0,0.06084166204478718,0.046744074429624985
6336,0,0.0691254078559105,0.05282402690625675
6337,1,0.9502915504423777,0.9365731596133895
6338,0,0.6425515715758717,0.5544122857852699
6339,1,0.9958894767730766,0.9955037713317345
6340,0,0.029019567850702477,0.02315378005576222
6341,1,0.998057728850205,0.9979812318251461
6342,0,0.04002500224226014,0.031379706290064764
6343,1,0.7993967245561315,0.7388192438661639
6344,0,0.04672204537884608,0.03634258584565001
6345,1,0.9958469378453427,0.9954540715589109
6346,1,0.995608064070473,0.9951743670539496
6347,1,0.9493072695567701,0.935258336258775
6348,1,0.7358495040932655,0.6611416370787576
6349,1,0.9239752018185539,0.9013249530782462
6350,1,0.9977154365971083,0.9975989767814778
6351,0,0.09145949949858738,0.06919636759170869
6352,1,0.43132618785244065,0.3430034214062792
6353,0,0.09546442416820769,0.07213449449593289
6354,0,0.1525491415568479,0.1143618555208677
6355,1,0.8007199954885573,0.7404787358297973
6356,0,0.2058539071059774,0.15477332946927005
6357,1,0.9813787155317328,0.9775056297913203
6358,0,0.11645903427768009,0.08757482606741622
6359,0,0.3112065116964907,0.23874543614054333
6360,1,0.9420160964181022,0.9255045225260112
6361,1,0.9978409408158494,0.9977396183513534
6362,0,0.2974936419594489,0.22745775592086534
6363,0,0.7217368496901605,0.6444374149169437
6364,0,0.16534494222568646,0.12395933220677599
6365,1,0.7572891362192267,0.6869011240531937
6366,1,0.6772168125571754,0.5930539823516832
6367,0,0.02131518053937829,0.0173140663307652
6368,0,0.31539291813357584,0.2422147140883434
6369,0,0.023387358194468688,0.018893512671354636
6370,1,0.4284615226928053,0.3403956403164698
6371,1,0.9974828158291704,0.9973369320725091
6372,0,0.1599665065644867,0.11991801658885837
6373,0,0.04686812961352657,0.0364505789106086
6374,0,0.6729286007062798,0.5882094130464057
6375,0,0.04046252607644661,0.03170473926760324
6376,1,0.9964445197091161,0.996148976923483
6377,0,0.09324886762201844,0.07050889893989983
6378,0,0.11860476055671683,0.08915763814441376
6379,0,0.16167104805677598,0.12119763717738685
6380,0,0.04857672169288735,0.03771293940332547
6381,1,0.9559239187289305,0.9440848284743825
6382,0,0.08674565450599628,0.06573993937059762
6383,1,0.997918374987592,0.9978261179786807
6384,1,0.9975999801460206,0.9974691311405264
6385,1,0.9978604961701212,0.9977614832707681
6386,1,0.9978563155347873,0.9977568100200868
6387,0,0.45978546930238895,0.36925862206933613
6388,1,0.99801066639905,0.997928928779664
6389,0,0.05450289810609856,0.04208239190308298
6390,0,0.02154113983161423,0.017486660208765766
6391,1,0.735577541600017,0.6608178394733293
6392,0,0.20695269457884205,0.15561915750299005
6393,1,0.9150884079673441,0.8894229955129999
6394,1,0.9959004632389541,0.9955166016740602
6395,1,0.9873370135926073,0.9850725139589787
6396,1,0.7734879748943645,0.706668053453645
6397,1,0.9601760520136666,0.9497383833260602
6398,0,0.4549675776759289,0.3647688335774553
6399,1,0.9976237065571599,0.9974958497460231
6400,0,0.042170522630925876,0.03297243887521133
6401,0,0.04518872676274729,0.035208457142421816
6402,1,0.9969021405619896,0.9966759201139329
6403,1,0.9306123618855473,0.9102217903958717
6404,1,0.9920843525392675,0.990951949026447
6405,0,0.01977003914150939,0.016131262819427263
6406,1,0.1600226349507471,0.11996013595613157
6407,1,0.9009637256469392,0.8705561033776182
6408,0,0.14510962530753885,0.10880811647808636
6409,0,0.04172194813091734,0.03263967386185888
6410,1,0.9659111191665248,0.9573314761666929
6411,1,0.9709748860445189,0.9639950884858066
6412,0,0.013144366329895973,0.010996476605218975
6413,1,0.9977476183024989,0.9976350910909407
6414,0,0.014710973070389637,0.012221417848461964
6415,1,0.99752704933032,0.9973868916593893
6416,0,0.09402221047201614,0.07107625584400128
6417,1,0.9933575433895494,0.9924955289604336
6418,1,0.9945557052147336,0.9939307401919157
6419,0,0.03982532954839618,0.03123132925216674
6420,0,0.2964098652648276,0.22657056046398782
6421,1,0.7644893584120394,0.6956551763155153
6422,1,0.995751385036703,0.9953423107805021
6423,0,0.024535797723663932,0.019765836478277433
6424,0,0.6542782934338751,0.5673515389747791
6425,1,0.3839053801517339,0.3006290335989655
6426,1,0.9700768486267933,0.9628166502250584
6427,1,0.9979212095066345,0.99782928025393
6428,0,0.7931886295771491,0.7310561300339278
6429,0,0.07233809714821397,0.05517974987013282
6430,0,0.048888845113883264,0.03794340785097273
6431,1,0.9976962487902971,0.9975774277952927
6432,1,0.6467343070729581,0.5590120468105203
6433,0,0.06813053376181794,0.052094332152603104
6434,0,0.03264842269288244,0.025878265875549065
6435,1,0.9976725237791566,0.9975507664788393
6436,1,0.9383501125673468,0.9205936705056293
6437,0,0.13725771926626432,0.1029658649505792
6438,1,0.9942395770686221,0.9935538996884934
6439,0,0.08343622029903511,0.06331408081414425
6440,0,0.09094322506753828,0.06881772602576747
6441,0,0.2101937359905952,0.15811734417828818
6442,0,0.04715606786210301,0.036663408762467035
6443,1,0.9979433899853992,0.9978540153390124
6444,1,0.997650750432618,0.9975262821756047
6445,1,0.8855633541699783,0.8500912385566066
6446,1,0.8908800039925266,0.8571415700785131
6447,0,0.14548587358970233,0.10908855383326799
6448,0,0.04174375917450679,0.03265585669583691
6449,0,0.15866538450145729,0.11894196060784812
6450,0,0.22946671418546938,0.17307740529665658
6451,0,0.04106491558486368,0.03215204813750808
6452,0,0.3238943373874432,0.24929394943996264
6453,1,0.9930209150733833,0.992089121936347
6454,1,0.9423489692772173,0.9259502586064944
6455,1,0.9434780454588376,0.9274619017964914
6456,1,0.9971512886391803,0.9969606631735112
6457,1,0.9967265048193636,0.9964742565576148
6458,0,0.10789354376219634,0.08126611387023577
6459,1,0.9979093177755061,0.9978160115227623
6460,0,0.6477755161568952,0.5601597282020069
6461,0,0.023555987340758963,0.019021728217691318
6462,1,0.9977607138526015,0.9976497769444274
6463,1,0.9977333644604873,0.9976190997111253
6464,1,0.9960167526425112,0.9956522666675807
6465,0,0.02025977923874047,0.016506659833401684
6466,0,0.9604768950997467,0.9501376888494437
6467,1,0.9961391064321152,0.9957947217051092
6468,1,0.8056758789791283,0.7467085988850898
6469,0,0.05262084960385333,0.040696092785231265
6470,0,0.1675310005523244,0.12560502053841158
6471,1,0.9973900111156768,0.9972319219110561
6472,1,0.997730444372728,0.9976158228237939
6473,1,0.9867087820691356,0.9842829810012654
6474,1,0.942067275022006,0.925573055771468
6475,1,0.9544128580418938,0.942071857012168
6476,1,0.47856280176854876,0.3869362436724889
6477,0,0.05678272910871947,0.0437602402418591
6478,0,0.016583204692909775,0.013675778389021629
6479,0,0.06974344657393033,0.053277278328933066
6480,0,0.8174443806712665,0.7615946987848028
6481,0,0.0295082425762176,0.0235214987444866
6482,1,0.7179475500689483,0.6399864092718108
6483,0,0.21862149950908705,0.16463681195163773
6484,0,0.5988394140404492,0.507354554902012
6485,1,0.9950422163781139,0.9945078556345558
6486,1,0.800744601982701,0.7405096102136786
6487,0,0.7120624265455567,0.6331022513684675
6488,0,0.9512888516766957,0.937904796917411
6489,0,0.05145911870315143,0.03983977378908491
6490,0,0.9005532681480853,0.8700090690177431
6491,0,0.024395548212461614,0.019659415584563522
6492,0,0.016244219964443925,0.013413159493388036
6493,1,0.8569559616224163,0.8124771405773323
6494,0,0.01366972396407703,0.011408138910119282
6495,0,0.06891539095718817,0.052669997910648775
6496,0,0.12155861365446996,0.09133831005877933
6497,0,0.20357947712085578,0.15302428927728073
6498,1,0.5840482472831353,0.4918428397384368
6499,0,0.49602775722385883,0.40363890272681485
6500,0,0.45019886922170793,0.3603431127200132
6501,1,0.9710999736248329,0.9641591080373524
6502,0,0.26574069634267283,0.20175241027639926
6503,0,0.074891314412526,0.057051391916200934
6504,0,0.051811439447507115,0.04009952233147314
6505,1,0.99801317651341,0.9979317205445358
6506,1,0.9832850332636006,0.9799441181357205
6507,1,0.8697332229050961,0.8292053687961243
6508,0,0.1910792008106087,0.14345341423464208
6509,1,0.992598991770306,0.991577960070222
6510,1,0.8103314777347589,0.7525820814349707
6511,0,0.421382034889061,0.33397795946184206
6512,1,0.9979299776822408,0.9978390604427492
6513,0,0.3511558454314916,0.27231152403892117
6514,1,0.993614581789233,0.9928049560481537
6515,1,0.9947284324946406,0.9941360396964435
6516,0,0.046325688812211566,0.03604952770904001
6517,1,0.9968034570498954,0.9965627043013221
6518,1,0.9870122173531153,0.984664608025838
6519,1,0.9507640999772944,0.9372042021638123
6520,1,0.9242296806107801,0.9016659937584152
6521,0,0.013402645873796063,0.011198976113534133
6522,1,0.8916721866804838,0.8581934693902383
6523,0,0.5985067358911135,0.5070034120830936
6524,1,0.9972407738108873,0.9970625314543092
6525,1,0.48611911533584407,0.39413156642011554
6526,1,0.9569127580332784,0.9454010852470117
6527,0,0.7370621293178263,0.6625862893769925
6528,1,0.9915165091703673,0.9902582113082162
6529,0,0.01745567164217686,0.014350361779560394
6530,1,0.9625720782133029,0.9529157335028559
6531,0,0.3025935233807663,0.23164218836577447
6532,1,0.651305157790536,0.5640582162106009
6533,1,0.9133174254681938,0.8870534970656009
6534,1,0.8627350298774735,0.8200279490971463
6535,1,0.9648437572887772,0.9559216075958242
6536,1,0.916899849067017,0.8918475546739396
6537,1,0.9372782317029238,0.9191572787502873
6538,1,0.9147883455098222,0.8890214593714619
6539,0,0.10926787743041785,0.08227737276695335
6540,0,0.18192688286933306,0.13648925754459007
6541,0,0.055166513183163235,0.04257093765533501
6542,0,0.16408692104700803,0.1230131001167969
6543,0,0.01993415255852412,0.016257113002142096
6544,1,0.9975707423525266,0.9974361815341416
6545,1,0.7290657021163232,0.6530870806052314
6546,1,0.9866896337489864,0.9842588809578423
6547,0,0.6044005107572815,0.5132397937021892
6548,1,0.9974118629562485,0.9972566706941084
6549,1,0.9976311170652151,0.9975041911212347
6550,1,0.9979071322595144,0.9978135723777332
6551,0,0.2544061395311302,0.19271624568707504
6552,0,0.21018605134791282,0.15811141503380186
6553,1,0.9404921174711226,0.9234634320398573
6554,0,0.41008158100201036,0.3238126094326553
6555,0,0.1254223913918724,0.09419393012435492
6556,1,0.5509034612549205,0.45781802853651316
6557,1,0.9841760251898661,0.9810786415414522
6558,0,0.08217194751786738,0.06238745714325103
6559,1,0.9875195744699419,0.9853015163348815
6560,1,0.9970089734714027,0.996798212193451
6561,1,0.9963585316318053,0.9960494359157177
6562,0,0.02274936136075687,0.018408000071328395
6563,1,0.07599583381977783,0.057860966495733544
6564,1,0.973085618811325,0.9667584260865415
6565,1,0.9975736117764364,0.9974394164310952
6566,0,0.8406678485538868,0.7913393051269451
6567,0,0.017602623738792497,0.01446380089739786
6568,1,0.9961960546774995,0.9958609238225471
6569,1,0.8107517581481986,0.7531133043710959
6570,1,0.8531500411601902,0.8075186719143319
6571,0,0.4145197888599039,0.3277935498457182
6572,1,0.9922076159315514,0.991102130856082
6573,0,0.06752406813758835,0.051649462774944144
6574,1,0.9961131203318067,0.9957644912537138
6575,0,0.019010651770162267,0.015548205247081538
6576,1,0.9978701201157265,0.9977722388767054
6577,0,0.015520827193461213,0.01285170967499503
6578,0,0.09365193382929907,0.07080459764066423
6579,0,0.2316077554632493,0.17475069317311454
6580,0,0.07350399098302171,0.056034456144069676
6581,1,0.9971933580373755,0.9970085814882711
6582,0,0.09324805287500125,0.07050830123923503
6583,0,0.4233707445322011,0.33577689740982236
6584,1,0.9026777538530082,0.8728413019648061
6585,0,0.4338905811245951,0.3453432229687949
6586,0,0.2829616001310522,0.21562020510311297
6587,1,0.9979509066256045,0.9978623936027763
6588,1,0.9356387452226584,0.9169599241697718
6589,1,0.9928786269056611,0.9919169553173841
6590,0,0.06372377630216047,0.04886066198330045
6591,1,0.997319132615033,0.997151551167491
6592,0,0.2571473352223091,0.19489508370637532
6593,0,0.0359919337351496,0.02837725083510469
6594,0,0.24630346022026361,0.18629966966848951
6595,0,0.2874360880945298,0.21925164617362833
6596,0,0.6485463818739741,0.5610101059171155
6597,0,0.2740971292975596,0.2084604733945738
6598,0,0.14792912527655658,0.11091075872201665
6599,0,0.06282214909340744,0.04819868349326916
6600,0,0.055985914409578064,0.04317399154185456
6601,1,0.9972972529963238,0.9971267122137452
6602,0,0.5407395393531365,0.4475837700579953
6603,1,0.06718228301555737,0.0513987288564079
6604,0,0.028244451523210385,0.022569946671775264
6605,0,0.434893158646425,0.3462593766313196
6606,1,0.34033037446613523,0.2631125920581026
6607,0,0.03281861132960956,0.02600571105737677
6608,1,0.9787998077306349,0.9741854706367542
6609,0,0.03193848121468961,0.02534632620693741
6610,1,0.9093323205333345,0.8817252962624533
6611,0,0.7363673593512561,0.661758399359389
6612,0,0.31973312118954456,0.24582311049838393
6613,1,0.9622943824530703,0.9525478312153528
6614,1,0.9973091556248851,0.9971402264258503
6615,1,0.9027672093723756,0.8729606035323147
6616,1,0.9976719676032737,0.9975501412468893
6617,0,0.041706914410852156,0.03262851933581237
6618,0,0.02219757361762042,0.017987543929100205
6619,1,0.9672532596967149,0.9591018651923504
6620,1,0.9962104139462882,0.9958776060182614
6621,1,0.9774630752545793,0.9724560424890514
6622,1,0.9921892411345997,0.9910797528880221
6623,0,0.021923590314901962,0.01777857689492913
6624,0,0.08875801517919235,0.06721530830796456
6625,1,0.9078663371446986,0.8797666533828299
6626,1,0.7276227813272231,0.6513798408287431
6627,0,0.0160841086247875,0.013289013092844424
6628,0,0.03655436997414285,0.02879669215491167
6629,1,0.8104778459787165,0.7527670681758156
6630,0,0.07243309721876091,0.055249396813108545
6631,0,0.03296023038759164,0.026111741012665553
6632,0,0.019512171378830264,0.015933406451770094
6633,1,0.9979164341975081,0.9978239526060255
6634,0,0.06323157440161505,0.04849930280131584
6635,0,0.010037947900304984,0.008541182966022614
6636,1,0.9973576065821074,0.9971951957144424
6637,0,0.05381686281269783,0.04157719774310586
6638,0,0.01952412791682683,0.015942583466616547
6639,0,0.06431747008519804,0.0492964793731261
6640,1,0.9967920021388783,0.9965495471678764
6641,1,0.9865635685152635,0.9841001644894807
6642,0,0.8755877316513103,0.8369100463865544
6643,1,0.9979405213514573,0.9978508173287896
6644,0,0.05116008598231546,0.03961927625224198
6645,0,0.10058236713672408,0.07589186941665903
6646,1,0.9635570627338829,0.9542198968054051
6647,1,0.996326131017425,0.9960118875204983
6648,1,0.2655389703088913,0.2015909648830751
6649,1,0.9473567520641089,0.9326512668928884
6650,0,0.18731799329139515,0.14058712384906352
6651,1,0.9916063522316925,0.9903681744864739
6652,1,0.844970257824931,0.7969014491767638
6653,1,0.9975580239151061,0.9974218400666224
6654,0,0.034075012061443956,0.026945726440089635
6655,0,0.1481721242031667,0.1110920974497159
6656,1,0.9923899085365384,0.991323954497735
6657,1,0.9243538281707946,0.9018323737548086
6658,1,0.9979306419877124,0.9978398013072661
6659,1,0.9307886613995873,0.9104581434699187
6660,0,0.08745918705188378,0.06626303918577024
6661,0,0.07816483203203725,0.0594506638383627
6662,1,0.975311610845733,0.9696618309177855
6663,1,0.9413111590116082,0.9245604654679771
6664,1,0.9660102539471285,0.9574623374172253
6665,0,0.10347596848625369,0.07801784232829184
6666,1,0.739236950036026,0.6651809484339617
6667,1,0.9901740794887928,0.9886067981256424
6668,0,0.017788185579665564,0.014606971584883756
6669,1,0.9774376781408964,0.9724231328910161
6670,0,0.7383302389650919,0.6640986235966316
6671,1,0.9697862692155124,0.9624350117715069
6672,1,0.6609723917943668,0.5747984162344546
6673,0,0.049312126403605744,0.0382558887993739
6674,1,0.9956026617783192,0.9951680294477804
6675,1,0.9508847403817212,0.9373652838554057
6676,0,0.9227687668925197,0.8997082731361922
6677,0,0.10553231611100633,0.07952947456445686
6678,1,0.9219228372600092,0.8985748257232355
6679,1,0.30741309637118935,0.23561129209718293
6680,1,0.9979105585711141,0.9978173962356992
6681,1,0.590007411598309,0.4980676577209985
6682,1,0.9976646389609185,0.9975419017201242
6683,0,0.11386936320147262,0.08566588386725633
6684,0,0.06399246812510051,0.04905790983169913
6685,0,0.09934857250085631,0.07498575493110722
6686,1,0.9977186237251185,0.9976025549216183
6687,1,0.986778614995323,0.9843708551939424
6688,1,0.2432198464596717,0.18386696545783957
6689,0,0.10912010678907069,0.08216862369328579
6690,1,0.9976783934461972,0.9975573643201667
6691,1,0.9977199330011912,0.9976040247278976
6692,0,0.0443435298980355,0.034582796771708724
6693,0,0.07548682946277005,0.05748788955318816
6694,0,0.0677675582172502,0.051828078716280444
6695,0,0.0054695701470733795,0.004838832600740967
6696,1,0.9816132984062167,0.9778064685535299
6697,0,0.017584361313969656,0.014449706084828854
6698,0,0.03121018888173654,0.024800115346913704
6699,0,0.03538959480555482,0.02792776820853734
6700,0,0.04507528186287309,0.03512450054874355
6701,0,0.03616194917458607,0.028504067821394793
6702,1,0.4066334053867155,0.32072985327468934
6703,1,0.8952688440936338,0.862973621634486
6704,1,0.9978940442542454,0.997798961900891
6705,1,0.9970549510325529,0.9968507531353021
6706,0,0.03514901269980862,0.027748154993810996
6707,1,0.9747195071138166,0.9688907036805722
6708,1,0.9968552825644574,0.996622191470886
6709,0,0.08263852694576135,0.06272942251396102
6710,0,0.5381554755549185,0.4449965099747264
6711,1,0.8673738669230053,0.8261072863159283
6712,1,0.9765157251854879,0.9712272251421977
6713,0,0.5117391898086884,0.4188840288231031
6714,0,0.04398654709941293,0.034318425873825616
6715,0,0.5096381833292716,0.4168331817778941
6716,1,0.9973676924568465,0.9972066299784343
6717,1,0.8302795961464677,0.7779749086780551
6718,0,0.08264827092766776,0.0627365641273493
6719,1,0.9894440612032851,0.9877026994582047
6720,1,0.9167372399149673,0.8916298711501196
6721,1,0.9980199392918774,0.9979392409567142
6722,1,0.9250176465845824,0.9027220433108929
6723,1,0.859983688184272,0.8164298918769975
6724,1,0.9970421064310875,0.996836080462626
6725,0,0.1599664599558943,0.11991798161372733
6726,1,0.9850680503431511,0.9822108495354318
6727,1,0.997811229084197,0.9977063718835372
6728,0,0.9604674948177276,0.9501252134677056
6729,0,0.18615245852366924,0.13970014144677959
6730,1,0.9980467870178933,0.9979690791763821
6731,0,0.47434451870398076,0.38293997053355133
6732,1,0.6125980630090273,0.5219686643620033
6733,0,0.07120667872802876,0.05435022883147277
6734,0,0.09077857359008913,0.06869697356602765
6735,0,0.19314918480352866,0.14503349985356936
6736,1,0.991946455086895,0.9907837608806156
6737,1,0.9976926410214075,0.9975733747075236
6738,0,0.3843301982302057,0.3010013119936296
6739,1,0.9969119587554223,0.9966871710278421
6740,1,0.9815798267070239,0.9777635557526477
6741,1,0.9184892864503769,0.893975671794866
6742,1,0.9151502755128121,0.8895057883499708
6743,0,0.04073751537729273,0.03190896326261002
6744,0,0.323481052231066,0.2489487361214835
6745,0,0.5489913787461196,0.45588565146269333
6746,1,0.9968477227182017,0.9966135180861566
6747,1,0.8724063014994283,0.8327202267536895
6748,0,0.02714002766811608,0.021736804557347573
6749,0,0.038866780282198005,0.030518655595638832
6750,1,0.9976658194248824,0.9975432290235422
6751,1,0.9977476183024989,0.9976350910909407
6752,0,0.2748149222099066,0.20903853434552613
6753,0,0.05885867832348708,0.04528681648539694
6754,0,0.02549616005101797,0.020493776061580652
6755,0,0.10021783482375526,0.07562412997073413
6756,1,0.9949582049310282,0.9944084547759742
6757,1,0.9968421533588137,0.9966071274858492
6758,1,0.9932515161887775,0.9923676640022697
6759,0,0.5463541154759122,0.45322577815863246
6760,0,0.040601062542505034,0.03180763103685105
6761,1,0.8034828307436452,0.7439489275713045
6762,1,0.9973765365907992,0.9972166540593697
6763,1,0.8547456629565069,0.8095960950961122
6764,0,0.31180351562372566,0.23923950183813672
6765,1,0.7550183797509349,0.6841510468632386
6766,1,0.9728444426869713,0.9664431641449975
6767,1,0.6288249411022915,0.5394368853720105
6768,1,0.5923852312488056,0.500560742460578
6769,1,0.7546790661534919,0.6837405516277617
6770,0,0.437008787930498,0.34819519296128465
6771,1,0.28263557483100904,0.21535606751649067
6772,1,0.9956618897444812,0.9952374833731059
6773,0,0.03236910026603991,0.025669035914549262
6774,1,0.975215822205379,0.9695371401007815
6775,0,0.057794015218476186,0.044504038819518144
6776,0,0.11769803453909933,0.08848865780780932
6777,1,0.8642037656575211,0.8219510353521055
6778,0,0.0543848838908212,0.04199549712033412
6779,1,0.9832430552831255,0.9798905810766203
6780,0,0.04457232237649268,0.03475219807177723
6781,0,0.01351928553710191,0.011290351782409443
6782,0,0.011924382952340207,0.01003677722598539
6783,0,0.020395024034599963,0.01661024434532258
6784,0,0.3389920836603365,0.26198080437487775
6785,1,0.8626374107451865,0.8199001893619874
6786,1,0.8063757593752684,0.7475902644129985
6787,0,0.13975911827216578,0.10482497435402928
6788,1,0.7082017692677134,0.6286051542174729
6789,1,0.7597021228175995,0.6898290903594272
6790,0,0.6134119901228301,0.5228388396372323
6791,1,0.7510336705290495,0.6793376788737484
6792,0,0.05905026911161612,0.04542765173654274
6793,1,0.9881073558158098,0.9860374454321704
6794,1,0.0491271021983575,0.0381193066536363
6795,0,0.077774206941806,0.0591643748316132
6796,0,0.06369177519597698,0.04883716902826589
6797,0,0.12306183888699275,0.09244886428680667
6798,0,0.0890493731956019,0.06742894063337178
6799,1,0.9570043948748668,0.9455230206285515
6800,1,0.9844498029270006,0.9814265333851032
6801,0,0.7623211532951116,0.6930136377763276
6802,1,0.7684573414821603,0.7005014793008509
6803,1,0.9346991018786585,0.9157004048891052
6804,1,0.9619069146301309,0.9520343412536082
6805,1,0.9885735741106983,0.9866196191670621
6806,0,0.0460432961699815,0.035840686339729026
6807,1,0.9446794368387557,0.929069889971567
6808,1,0.07207614981428115,0.05498770647601484
6809,1,0.997667517763857,0.9975451385414155
6810,1,0.997811229084197,0.9977063718835372
6811,1,0.8877469615561606,0.8529848747260972
6812,0,0.12512591424903227,0.09397467843017716
6813,1,0.4271976242623102,0.3392470843938509
6814,1,0.9972451567579699,0.9970675152605328
6815,1,0.9907563715155255,0.9893249736022393
6816,1,0.9599554467201601,0.9494455139899295
6817,0,0.015554840392101256,0.012878140514055813
6818,1,0.9966676894105386,0.99640656069931
6819,1,0.9974733437018224,0.9973262260151075
6820,1,0.9959470213935866,0.9955709482980548
6821,0,0.021022249829627363,0.017090178358203662
6822,1,0.9503272133084154,0.9366207884135541
6823,0,0.24490634531035785,0.18519684203805703
6824,0,0.06607427795769541,0.05058579253210822
6825,1,0.847266916234174,0.7998769180734754
6826,1,0.8735129908254278,0.834176898172805
6827,1,0.9775505550505432,0.9725693845484168
6828,0,0.23345841646275386,0.17619892056474754
6829,1,0.9966744779877104,0.9964143783921553
6830,0,0.4679892381730974,0.376946667677162
6831,0,0.029288168442258882,0.023355930936724542
6832,1,0.99733644471411,0.997171195135348
6833,1,0.9737866936035413,0.9676741161261001
6834,1,0.9974083776418999,0.9972527242672152
6835,0,0.15587671496923675,0.11685204831991236
6836,0,0.10046693136046021,0.07580708280811269
6837,1,0.9970529022026283,0.9968484129997197
6838,0,0.20126785390385332,0.15124908474608964
6839,1,0.9973974230228609,0.9972403180035538
6840,0,0.15954375444958735,0.11960081550784313
6841,1,0.9977207046851218,0.9976048910011504
6842,1,0.9899235217733937,0.9882969453314523
6843,1,0.960322138923984,0.949932295149473
6844,1,0.9559736819036572,0.944151089036101
6845,0,0.13199074515802278,0.09905734206289955
6846,0,0.043731473262316245,0.03412948362802466
6847,1,0.9878777502279111,0.985750223053888
6848,0,0.014772766413535348,0.012269577567268024
6849,0,0.10224201693048146,0.07711108388702688
6850,1,0.06180469389735458,0.047451487573760893
6851,1,0.9868323904637724,0.9844385047999294
6852,0,0.04251709395106813,0.033229453368718624
6853,1,0.997648240312781,0.9975234585355416
6854,1,0.9979349081809352,0.9978445587806742
6855,1,0.9624338120178815,0.9527325648818801
6856,1,0.9976342557830198,0.9975077235755623
6857,1,0.8964432741433633,0.8645359923249019
6858,1,0.9929117660655263,0.9919570731590985
6859,1,0.9935001723944612,0.9926673258642468
6860,1,0.9976172721194383,0.9974886056219062
6861,0,0.010680937182892718,0.009052682597014836
6862,1,0.9975678434003346,0.9974329130855384
6863,0,0.7324258394049656,0.6570708590372467
6864,0,0.13874133024425533,0.10406829751303788
6865,0,0.07415122593399318,0.05650890418243196
6866,1,0.9969044286703785,0.9966785423291395
6867,0,0.9276276012383339,0.9062204439525476
6868,1,0.9973069704906612,0.9971377457320738
6869,1,0.9838565183615443,0.9806722093138108
6870,1,0.938164874564282,0.9203454534094456
6871,1,0.8754339989823838,0.8367074261782319
6872,1,0.8415919332968597,0.7925326397106094
6873,1,0.997335671593877,0.9971703180623439
6874,1,0.9977338709157795,0.9976196680200762
6875,1,0.951740902152975,0.9385081901465359
6876,0,0.05975731675315449,0.04594731745756513
6877,0,0.04673973288520433,0.0363556619025973
6878,0,0.8753894728309426,0.8366487435623128
6879,1,0.11997395693947407,0.09016818701046592
6880,1,0.9407466085216925,0.9238043185557042
6881,0,0.06033208854566602,0.046369680676522154
6882,1,0.9980344788896749,0.9979554035137478
6883,0,0.09205277951244734,0.06963151512477778
6884,1,0.7802655125305306,0.7150154136677193
6885,0,0.05063347442032011,0.03923088788519193
6886,1,0.9268553030976119,0.9051851853820274
6887,0,0.013580042651626933,0.01133793108977083
6888,1,0.9975026716660359,0.9973593656761685
6889,0,0.753074310998076,0.6818007073303322
6890,1,0.9901869513498929,0.9886227030159306
6891,0,0.45244121001174303,0.3624219222376286
6892,0,0.01551031770460142,0.012843542351810731
6893,0,0.6979574490209526,0.6167446562572604
6894,1,0.9976433261486675,0.9975179299897795
6895,0,0.06258373878471371,0.04802361761429758
6896,0,0.022608131133986215,0.018300433412956396
6897,1,0.2674799964120697,0.20314535718498222
6898,0,0.7371875633029488,0.6627358086031948
6899,1,0.9896269206865085,0.987929537027837
6900,1,0.9049870873900439,0.8759222465434532
6901,0,0.018098812594585824,0.014846456934518602
6902,0,0.076614324887024,0.05831428102397932
6903,1,0.9979071322595144,0.9978135723777332
6904,1,0.9256065758114872,0.903511388634669
6905,0,0.02771548051027348,0.022171098206319906
6906,1,0.99442979344211,0.993780814222658
6907,0,0.7562975820728112,0.685699635557531
6908,1,0.9980478360973702,0.9979702445471405
6909,0,0.010108972552400876,0.008597777121282398
6910,0,0.015343992934753817,0.012714243830693393
6911,0,0.059702327958608636,0.04590690587287772
6912,1,0.4694257726781481,0.378298502013038
6913,1,0.3819777444296345,0.2989414208372371
6914,0,0.06717533027566586,0.05139362816955684
6915,1,0.983685654824362,0.9804546731254101
6916,0,0.016224963129027964,0.013398231801373305
6917,0,0.19931719955931182,0.1497529795079123
6918,0,0.12541914505618862,0.09419152926212343
6919,1,0.9965567063448795,0.9962786031793177
6920,1,0.9717374244874741,0.9649944676998582
6921,1,0.6173817746776924,0.5270920441234821
6922,1,0.9614813674908824,0.9514701799386092
6923,0,0.010551935877054216,0.00895021234972296
6924,1,0.9973749937437248,0.9972149055361983
6925,0,0.017932667503121523,0.014718391147606051
6926,1,0.9397140928013534,0.9224211846881156
6927,1,0.9979349081809352,0.9978445587806742
6928,0,0.060896383148867514,0.04678427587597458
6929,0,0.05785312617063064,0.044547506615764065
6930,1,0.037447517181400616,0.029462256296450683
6931,0,0.6598393612144468,0.5735348635764548
6932,0,0.02550266480625428,0.02049870202066072
6933,0,0.14494071727248156,0.10868223543181074
6934,0,0.886327033096606,0.8511029117906865
6935,0,0.21729675299715379,0.16360976222163898
6936,1,0.9965729002975898,0.9962972913789173
6937,1,0.9848745152669307,0.9819655253255755
6938,1,0.9762973321355142,0.9709435920042242
6939,0,0.1689573819087243,0.12667980107763907
6940,1,0.9973522372092939,0.9971891073032
6941,1,0.9349234371796393,0.9160011169261117
6942,0,0.10266306348830903,0.07742045962284792
6943,1,0.9975907894572071,0.9974587765802038
6944,0,0.052178876195104064,0.040370367701495255
6945,1,0.9971937941159403,0.9970090779427666
6946,1,0.9976369260132767,0.9975107285232953
6947,1,0.5358268264119475,0.44267005189934583
6948,0,0.09879866519336211,0.07458196365269412
6949,1,0.9864933086560892,0.9840116689610316
6950,0,0.5461548796882193,0.4530250873065679
6951,1,0.994902964678355,0.9943430358834705
6952,0,0.01000373860981828,0.008513915641022942
6953,1,0.5134643602737899,0.420570848341066
6954,0,0.06965212613685837,0.053210308967790304
6955,0,0.00950921122448266,0.008119105774212612
6956,0,0.08664838590458263,0.06566863278274418
6957,0,0.04353867400060987,0.03398664676244908
6958,1,0.9969209675046925,0.9966974922646329
6959,0,0.08813872482258313,0.06676124587488869
6960,1,0.5439642304483213,0.4508207791068171
6961,1,0.9979420246029372,0.9978524932211791
6962,1,0.6894735435696857,0.6070020302743602
6963,1,0.9974485863199247,0.9972982307157574
6964,1,0.9885052631435733,0.9865344068194941
6965,0,0.08322774718487738,0.063161281585638
6966,0,0.11321329255741042,0.08518249595905475
6967,0,0.8984673953219428,0.8672303763973268
6968,0,0.1362503217494757,0.10221766905193336
6969,1,0.8852655867516882,0.8496968713022461
6970,1,0.9977516287820791,0.9976395892129128
6971,0,0.07224003200318671,0.055107855199198696
6972,0,0.16550110398449275,0.12407683230027498
6973,0,0.04139323941562202,0.03239575139962905
6974,1,0.7151967452418335,0.6367643004005413
6975,1,0.9791430624829061,0.9746286746039283
6976,1,0.9974741233104887,0.9973271072856252
6977,0,0.09530187865538489,0.07201521360681035
6978,1,0.95168143186976,0.9384288171703737
6979,1,0.406953896341658,0.3210160074419311
6980,1,0.9979168478715136,0.997824414160658
6981,1,0.9971604106875387,0.9969710575351878
6982,1,0.997577733642566,0.997444062838655
6983,1,0.5880008184893284,0.4959679113257033
6984,0,0.014381241515395108,0.011964241706492483
6985,0,0.057712308536463114,0.0444439535827825
6986,0,0.2663946769426826,0.20227596142706858
6987,0,0.14573141391841615,0.10927159248963664
6988,1,0.5106022621202497,0.4177737738074275
6989,1,0.9090046927821391,0.8812874959082018
6990,1,0.9321958168789133,0.9123446159727582
6991,0,0.01450904524616433,0.012063962104485532
6992,0,0.09732262093356996,0.07349831652642341
6993,1,0.9979239642935156,0.9978323532973278
6994,1,0.9977797550513533,0.9976711200910516
6995,0,0.011615763365281305,0.009793116534087034
6996,0,0.008813690253847647,0.007561716691378511
6997,1,0.9977837687092803,0.9976756173935414
6998,1,0.9933684311362658,0.9925086517546899
6999,1,0.896552629332336,0.8646815062177722
7000,0,0.26815236264347014,0.20368429007413788
7001,0,0.9893655941049749,0.9876052864738973
7002,1,0.9953569891883755,0.994879286572973
7003,1,0.4185405390287586,0.3314128222251027
7004,0,0.1909616953380388,0.14336377462787323
7005,0,0.029335003255200543,0.023391170678530627
7006,1,0.9979292032259142,0.9978381967124879
7007,0,0.009800541665987886,0.00835183689966246
7008,1,0.08995515691165527,0.06809312802564267
7009,0,0.023043750742992013,0.018632112011157845
7010,1,0.9968099553392652,0.9965701668428515
7011,1,0.9222728275808925,0.8990437573737879
7012,1,0.6960066948186279,0.614498088731335
7013,0,0.07910447470017035,0.06013932071963786
7014,0,0.2514582869110625,0.19037771775078532
7015,0,0.394890661550176,0.3102974747304398
7016,1,0.9976564765068202,0.9975327226863473
7017,1,0.9095651256692291,0.8820364115802537
7018,0,0.014420224348503097,0.011994663820442885
7019,1,0.7656659642710422,0.6970905973267946
7020,1,0.40462400843443136,0.3189374756753314
7021,1,0.9968946633545652,0.9966673501864944
7022,0,0.8657454306966226,0.8239713493375335
7023,0,0.0727238145439208,0.055462525275788835
7024,1,0.9514944443437799,0.9381792364386475
7025,1,0.9755592215798201,0.9699840444009884
7026,1,0.9962680476835454,0.9959445206704527
7027,0,0.307023012417163,0.2352895093319184
7028,0,0.1769118881333303,0.1326881445142853
7029,0,0.8673188524305322,0.8260350948014293
7030,1,0.7406247781847345,0.6668391736427693
7031,1,0.9974767154084931,0.9973300372639757
7032,0,0.7844544961825304,0.7201971650791321
7033,1,0.927711382129371,0.9063327541142484
7034,1,0.9969376847476997,0.9967166396658175
7035,0,0.9261131717798972,0.9041904126010036
7036,0,0.12815129790551538,0.09621309187575584
7037,1,0.9371555509910079,0.9189928664493071
7038,1,0.7547954428890671,0.6838813290663313
7039,0,0.0781555635119627,0.059443870967427745
7040,1,0.9274790496122001,0.9060213083701856
7041,1,0.8813670021669762,0.8445386107236308
7042,0,0.014790561967669707,0.012283444737732288
7043,1,0.9766950327929745,0.9714599995033194
7044,0,0.08140456134426446,0.06182503408480362
7045,0,0.019167691378015484,0.015668879399676906
7046,0,0.03510383167259299,0.027714418425784967
7047,1,0.97158185368951,0.964790673403822
7048,1,0.5512964844200722,0.4582156302851191
7049,1,0.9881507517123589,0.9860916936610113
7050,0,0.046884656906972036,0.03646279611734083
7051,1,0.9978777534598322,0.9977807674681045
7052,0,0.007949757955698822,0.006865602006995184
7053,1,0.07578171989346039,0.0577040318615826
7054,0,0.32325919592932945,0.2487634667420776
7055,0,0.10252323561737556,0.07731771415824083
7056,1,0.9377056065056952,0.9197300126402149
7057,0,0.17346747991301414,0.13008337322574676
7058,0,0.01591470182757577,0.013157584827105917
7059,0,0.748920817713515,0.6767918814596292
7060,0,0.8132986587843772,0.7563360369150625
7061,1,0.9901385448335477,0.9885628836386564
7062,0,0.07493728320968622,0.05708508640969271
7063,1,0.9960301255799304,0.9956678509806385
7064,1,0.9581254163850899,0.9470140679341167
7065,1,0.9889972505918954,0.987147422009261
7066,1,0.9963999206463762,0.9960973682758923
7067,1,0.9474916349088478,0.932831612723181
7068,1,0.3914665250827998,0.3072744411909388
7069,0,0.24094367255653842,0.18207448453262595
7070,1,0.08992953067264642,0.0680743361169338
7071,0,0.7205512085170069,0.6430431774529424
7072,0,0.16123804077505205,0.12087247226805704
7073,1,0.9977257689094212,0.9976105754807185
7074,0,0.09749715084217417,0.07362643419193579
7075,1,0.8789237868017756,0.841310904399831
7076,0,0.046216407305367725,0.03596871395486045
7077,1,0.9979168478715136,0.997824414160658
7078,0,0.20920492124058543,0.15735464536920862
7079,0,0.048999322073450535,0.0380249729670335
7080,0,0.08544078979753494,0.06478339818414387
7081,0,0.02851813154992149,0.022776169721188053
7082,0,0.008735655567520213,0.007499017217827711
7083,0,0.025473346545407737,0.02047649924227865
7084,0,0.09091000483550324,0.0687933627146688
7085,1,0.9979071322595144,0.9978135723777332
7086,0,0.13677186598715974,0.10260498328727677
7087,0,0.040753621311158734,0.03192092302330761
7088,1,0.8512171926605535,0.8050049345815342
7089,0,0.5352679146577466,0.44211238000215386
7090,0,0.02016105659080001,0.016431025097975425
7091,0,0.04255967205833504,0.03326102410382405
7092,1,0.5219807934529794,0.4289356183551118
7093,1,0.9969418517381783,0.9967214113123628
7094,1,0.9155998421501816,0.8901074433043404
7095,1,0.7848982393549986,0.7207470762033936
7096,1,0.9977705871074598,0.9976608453481328
7097,1,0.5315207729892648,0.43838067083571075
7098,1,0.9976605455733758,0.9975372987991642
7099,1,0.9920307333504961,0.990886573762973
7100,1,0.9959781646352031,0.9956072781683072
7101,1,0.9965884727188343,0.9963152567381888
7102,1,0.9979308126267663,0.997839991609312
7103,1,0.9972792784083517,0.9971062963105345
7104,0,0.11333885961857275,0.08527500590740232
7105,1,0.9592079186191824,0.948452733070179
7106,0,0.1444422528461633,0.10831080148390043
7107,0,0.081536474261224,0.06192171332346719
7108,0,0.12373248661823152,0.09294450583852543
7109,1,0.9979819853798881,0.9978970126646012
7110,0,0.4143733854092927,0.32766199472756574
7111,1,0.9977435941268684,0.9976305770623175
7112,0,0.026429613797515156,0.02120006487660542
7113,0,0.04809171563791755,0.0373547335861228
7114,0,0.43312604238610847,0.34464511158404565
7115,1,0.9978346112326051,0.9977325383369702
7116,1,0.9163078779493521,0.8910551212707946
7117,1,0.9979943633477317,0.9979107906164408
7118,0,0.04208717827028312,0.03291062080832179
7119,0,0.05301051309749637,0.04098321089633001
7120,1,0.37778955943655934,0.29528385917138067
7121,1,0.9978924098560336,0.9977971369468095
7122,0,0.026684542770343794,0.021392748211869494
7123,0,0.02848876720045172,0.022754047443286917
7124,1,0.9740276448276961,0.9679885663055687
7125,0,0.06406890299260998,0.04911401882606604
7126,0,0.05947320385048682,0.04573851391832196
7127,0,0.14661917746085557,0.10993354169129636
7128,1,0.9836784873585279,0.9804455449952164
7129,1,0.9976341687402999,0.9975076256180394
7130,1,0.9973158680363746,0.9971478459024923
7131,1,0.9976411231577675,0.9975154513218457
7132,1,0.9637364366315189,0.9544572607537778
7133,0,0.05451206315189416,0.042089140017259476
7134,0,0.24802530749025709,0.1876602594098144
7135,1,0.935887060232224,0.9172927555301916
7136,1,0.9041592659389568,0.8748175622639908
7137,0,0.94257770387569,0.9262565282447932
7138,0,0.3957576312780304,0.3110642412648576
7139,0,0.027570469319283256,0.022061697944865056
7140,1,0.33040427951118734,0.25474615927399114
7141,0,0.07673222856504136,0.05840069568058219
7142,0,0.1156824469935765,0.08700222292342874
7143,1,0.19375158186638,0.1454936819397747
7144,1,0.9964885094922701,0.9961998381204661
7145,1,0.9979231307041836,0.9978314234338033
7146,0,0.12249830804399459,0.09203247354667843
7147,0,0.02003147794466912,0.016331721263271863
7148,1,0.9973372108373254,0.9971720642535781
7149,0,0.32192253894101,0.2476479082905569
7150,0,0.009606857498843624,0.008197158224828286
7151,0,0.1155876761761564,0.08693235432340891
7152,1,0.9456931240960378,0.9304262272030426
7153,1,0.9977877996488511,0.9976801335047567
7154,1,0.9734313976714126,0.9672101959492456
7155,1,0.14425908138500165,0.10817433014673009
7156,1,0.9781018744197336,0.9732831764193025
7157,1,0.9977347004607398,0.9976205988592283
7158,0,0.17251702501785338,0.12936544226699892
7159,1,0.9303648855201092,0.9098900155875302
7160,0,0.04912860326993768,0.038120414779516915
7161,0,0.21845262558916645,0.16450583988219603
7162,1,0.9978803595950902,0.9977836787779916
7163,0,0.0859846761132264,0.06518208772567849
7164,0,0.030240709215975402,0.0240721619984774
7165,1,0.6151489805675812,0.5246979856738229
7166,1,0.9977877996488511,0.9976801335047567
7167,1,0.8317046675415052,0.7798026746670911
7168,0,0.10573334697873475,0.07967729124986139
7169,1,0.6812474035130363,0.5976242063689315
7170,1,0.9852896951617255,0.9824915804033915
7171,1,0.6736753795097595,0.5890517640790472
7172,0,0.05183200715130519,0.040114684490655174
7173,0,0.040158347204164516,0.03147878044769622
7174,1,0.9975557007107763,0.99741921984628
7175,1,0.8364302109753445,0.7858763081834484
7176,0,0.5802441141299219,0.4878864121276932
7177,0,0.02056436937723047,0.016739896409499876
7178,0,0.03413256380853476,0.026988751192399858
7179,1,0.9975793897112979,0.9974459295052625
7180,1,0.9683083702497914,0.9604916112402366
7181,0,0.02164949229398945,0.017569389982602827
7182,1,0.9568338125715863,0.945296031447634
7183,1,0.9542892373827263,0.9419070947445056
7184,1,0.9917665085394001,0.9905640121558797
7185,1,0.8895948550392879,0.8554358413303529
7186,1,0.9979106068443018,0.9978174501068677
7187,0,0.37762661532933933,0.29514181097861725
7188,0,0.010563954154449603,0.008959762018069908
7189,1,0.9956679111266248,0.9952445408634227
7190,1,0.9975189173039283,0.9973777114302403
7191,1,0.8941961868151724,0.8615472727317304
7192,0,0.09807469016065637,0.07405041765283597
7193,1,0.9857646903169297,0.9830923707880478
7194,1,0.7954932423886187,0.7339336946558406
7195,1,0.9974915760051513,0.9973468310104702
7196,0,0.9077851447031489,0.8796581991739865
7197,1,0.9973416331874574,0.997177080799536
7198,1,0.9535333949285812,0.9408994535487796
7199,1,0.04793864957010468,0.037241663934190976
7200,1,0.9976901946956083,0.9975706261794836
7201,1,0.9947230369473836,0.9941296332851469
7202,1,0.9019606639859947,0.8718850912793148
7203,0,0.05188342691857746,0.040152589599773074
7204,1,0.9971316379396274,0.99693826404939
7205,0,0.15559340349145528,0.11663988094756769
7206,0,0.14961919316633582,0.11217238446190336
7207,0,0.3810184962934317,0.2981026033932464
7208,1,0.018476269146701793,0.015137169728643075
7209,1,0.9960308829738299,0.9956687335141644
7210,1,0.9978142509853838,0.9977097546977683
7211,1,0.9709531283521864,0.9639665558061186
7212,1,0.4996416210359949,0.4071269382982961
7213,0,0.7321615275777202,0.6567570793332541
7214,0,0.010430937289093443,0.00885403124932833
7215,1,0.6485676270355525,0.5610335506902291
7216,1,0.9980435445386958,0.997965476997224
7217,1,0.7901729204327212,0.7272984117687198
7218,0,0.015383679346799642,0.012745102555854428
7219,1,0.997390077820986,0.9972319974809727
7220,1,0.7863508346405477,0.7225485536043538
7221,1,0.9856852794221523,0.982992009130859
7222,1,0.9838883327468854,0.9807126997239587
7223,1,0.9221816380758968,0.8989215758251341
7224,1,0.9791021332027624,0.9745758472584055
7225,0,0.3702086096120916,0.28869491738229025
7226,0,0.19566149617067916,0.14695375965666174
7227,0,0.17484848855745913,0.13112716495650528
7228,0,0.0350899416131905,0.02770404640422415
7229,0,0.03934058737455188,0.030871005704379773
7230,0,0.021725393229595723,0.017627329666064864
7231,1,0.9976729910466566,0.9975512917555215
7232,0,0.015891180061842047,0.013139330193022469
7233,1,0.9225192951724681,0.8993739975155501
7234,1,0.9976398162990058,0.9975139808518578
7235,0,0.15616123075367233,0.1170651461173375
7236,1,0.9167130446460027,0.8915974817338155
7237,1,0.9977260926550675,0.9976109388489046
7238,0,0.013053083005203803,0.010924853047193052
7239,0,0.2869410476944162,0.21884929548907775
7240,1,0.5632488124014752,0.47037384470400606
7241,1,0.9944606462052231,0.9938175720362306
7242,0,0.914510534111493,0.8886497223946348
7243,1,0.9954637991548634,0.9950049496193974
7244,1,0.9969694027558016,0.9967529491265705
7245,1,0.9979138099537113,0.9978210244748434
7246,0,0.19480976706575825,0.14630243635166013
7247,0,0.09797956094535917,0.07398057840609995
7248,1,0.9972191615631569,0.9970379485890943
7249,0,0.3260168767259494,0.25106861550817594
7250,0,0.09283210503714104,0.07020316935431056
7251,1,0.9449714878005726,0.9294607022254715
7252,1,0.9973216275098302,0.9971543826435991
7253,1,0.6753969977370123,0.5909958273674348
7254,0,0.05899369551911367,0.045386066312453774
7255,1,0.8982991889580912,0.8670063925700655
7256,0,0.6758187986570613,0.5914725777574814
7257,1,0.9956571474617031,0.9952319246209361
7258,0,0.08579254845874035,0.0650412491405023
7259,1,0.954338140613415,0.941972274628452
7260,1,0.9665902165588409,0.9582276087317085
7261,1,0.9979187588187618,0.9978265462094595
7262,1,0.7887348547532618,0.7255096082758038
7263,1,0.9938254104904306,0.9930581540832241
7264,0,0.13171263412990428,0.09885118177090327
7265,0,0.0698778360155819,0.05337583066986724
7266,0,0.01801695630227989,0.014783369471222036
7267,0,0.0493855181005837,0.03831006156862749
7268,0,0.040906864817949376,0.03203470860856178
7269,1,0.6268914477122896,0.5373421792453634
7270,1,0.9963035723367148,0.995985731653539
7271,1,0.8808482120624153,0.8438529188607702
7272,1,0.6359648814534724,0.5472035168536725
7273,1,0.9892314203841222,0.9874386143921691
7274,1,0.9974980301246024,0.9973541226265846
7275,0,0.04861584792365725,0.03774183204076263
7276,0,0.4593328145814754,0.3688360021036406
7277,1,0.9978816586915764,0.9977851299061493
7278,0,0.06446761493375192,0.049406688317970765
7279,0,0.06490192754763527,0.0497254614525996
7280,1,0.9979140364622205,0.9978212772228902
7281,0,0.033636509937204795,0.026617811858923424
7282,0,0.057829694833541154,0.04453027626665019
7283,1,0.9023588960797575,0.8724160892450082
7284,0,0.0769519031348582,0.05856169992042374
7285,0,0.029305950739031788,0.023369311098988148
7286,1,0.9926027570279,0.9915825301362922
7287,0,0.14349448733294967,0.1076047875033246
7288,0,0.39145841603896203,0.30726729214208043
7289,0,0.04015965155903242,0.031479749514478135
7290,1,0.9252684947086918,0.9030582516609481
7291,0,0.06649972695256204,0.05089796092878922
7292,1,0.9977035445143666,0.9975856227410758
7293,1,0.9975250664959798,0.9973846534293281
7294,1,0.9977489432621793,0.9976365772152228
7295,1,0.9950143122500154,0.994474852183524
7296,1,0.9977054678534063,0.9975877828445631
7297,1,0.9971936226189333,0.9970088827022836
7298,1,0.8569882687040757,0.8125192802816812
7299,0,0.04945224072139977,0.03835930976633343
7300,1,0.9967895143899392,0.9965466893172172
7301,0,0.05716603401304292,0.0440421916356019
7302,1,0.9977476183024989,0.9976350910909407
7303,1,0.9977386457845803,0.9976250256231131
7304,1,0.9974625950222872,0.9973140738251057
7305,1,0.9973095943526902,0.9971407244792575
7306,0,0.04454169616743395,0.034729523577136656
7307,0,0.02954463871627116,0.02354887525552394
7308,1,0.8676458800463078,0.8264642618643737
7309,0,0.16373321469718233,0.12274716364261123
7310,1,0.9388875035543305,0.9213137327817189
7311,1,0.9967952783649683,0.9965533105702038
7312,0,0.2082189907899436,0.156594629152053
7313,0,0.7715104195002559,0.7042409747021289
7314,1,0.9976880935484173,0.997568265313712
7315,0,0.014014978842719367,0.011678181117002437
7316,1,0.9443455783326284,0.9286230930431802
7317,0,0.04154080346144303,0.03250526133087656
7318,0,0.005691049879730347,0.0050218486320049785
7319,1,0.9979071322595144,0.9978135723777332
7320,0,0.021515618667351626,0.01746717109128083
7321,0,0.5936423581052495,0.5018809506181953
7322,1,0.9492712633998598,0.9352102282102167
7323,0,0.06547746973683886,0.05014784890115799
7324,1,0.9898023535068687,0.9881469303191978
7325,1,0.9914411990862262,0.9901659789619628
7326,0,0.09871745683679367,0.07452233663651099
7327,1,0.997651310682167,0.9975269123738574
7328,0,0.05025821692475088,0.03895406211091587
7329,1,0.9977357088448452,0.9976217303441544
7330,0,0.07118830408098875,0.054336756305320096
7331,1,0.5617635638508507,0.4688559628617583
7332,1,0.9977516287820791,0.9976395892129128
7333,1,0.929696534732838,0.9089940074267957
7334,0,0.02032091249874007,0.016553486465894555
7335,1,0.9978102686555257,0.9977052966822186
7336,0,0.23161073909767677,0.1747530265978407
7337,0,0.01355142645025008,0.011315523069287924
7338,0,0.17435958577709554,0.1307575562674239
7339,1,0.9978660341315915,0.9977676728315806
7340,1,0.22585952487630878,0.17026351319034272
7341,0,0.06077901873205671,0.0466980520856114
7342,1,0.5467245261766716,0.45359898845278135
7343,1,0.8350762980321147,0.7841341629712517
7344,1,0.9973381585557834,0.9971731393567528
7345,0,0.04346631893068821,0.03393303664232339
7346,1,0.9552695096598284,0.9432132787873042
7347,1,0.10944139674209072,0.0824050763463511
7348,1,0.9932374754349969,0.9923507215829638
7349,0,0.5997227234191943,0.5082873974062713
7350,0,0.1188165932457101,0.08931395491369831
7351,0,0.05752781941145815,0.04430827821076698
7352,1,0.9976656656069702,0.9975430560745926
7353,1,0.8849005093669884,0.8492134318156687
7354,0,0.059245132541953655,0.04557088385412256
7355,0,0.11616363010729727,0.08735699935583814
7356,0,0.30349520139671465,0.232383666646019
7357,1,0.15531371753028786,0.11643045642223353
7358,1,0.9972483514751096,0.9970711476053208
7359,0,0.915212173540263,0.8895886230728944
7360,1,0.9627014452707974,0.9530870914541081
7361,1,0.9575614546211624,0.9462641005832179
7362,1,0.9946420110402574,0.994033375534139
7363,1,0.9976852191698806,0.9975650354037792
7364,0,0.014076675788854387,0.011726397438998908
7365,0,0.5458098487200924,0.45267762048418003
7366,0,0.18694436023930355,0.1403027226595704
7367,0,0.23583678671541186,0.17806268254919638
7368,1,0.11911359440230868,0.08953313711403334
7369,0,0.008280917943852904,0.007132954792448591
7370,1,0.9977590496477076,0.9976479109630016
7371,0,0.025649322718420964,0.0206097481048365
7372,1,0.9599918008606965,0.9494937803224145
7373,0,0.9203384529866288,0.8964522829101231
7374,0,0.28893016680856803,0.22046686035637064
7375,1,0.9975113653243568,0.9973691841931185
7376,0,0.046367183790808335,0.03608021177368116
7377,1,0.9979250095618273,0.9978335192515984
7378,1,0.9977885176450416,0.9976809378618824
7379,1,0.9917027400716231,0.9904860653112753
7380,1,0.9866633199559114,0.9842257591215057
7381,0,0.16889313006828455,0.126631370357618
7382,0,0.03520393032536149,0.02778915954031029
7383,1,0.9900104554794504,0.9884045068251394
7384,1,0.9976078038490962,0.9974779434928362
7385,1,0.996321914950594,0.9960069999770053
7386,0,0.5684510574645307,0.4757062611405594
7387,1,0.996061934983983,0.9957049063764192
7388,0,0.06763328862332604,0.05172958403928726
7389,1,0.9733383308229735,0.9670886280645797
7390,1,0.7843714003672819,0.7200942094678444
7391,0,0.05856760488413589,0.04507283650825547
7392,1,0.9940156721947181,0.9932861702303175
7393,0,0.03502024426540575,0.02765199935248189
7394,0,0.31177862718180344,0.2392189003253986
7395,1,0.9153131802096515,0.8897237970794549
7396,1,0.94380793977507,0.9279034957995965
7397,1,0.5556195819869616,0.46259827394574876
7398,1,0.4612786312831124,0.3706538762616789
7399,1,0.9759063089129867,0.9704354388093278
7400,0,0.23463174865775993,0.17711801518996706
7401,1,0.9735942115991258,0.967422822887144
7402,1,0.920902517178882,0.8972078843758573
7403,0,0.02258048647736116,0.01827937419295845
7404,0,0.6665354726375451,0.581020766966297
7405,0,0.039734462014692405,0.031163796694341092
7406,0,0.10591783805883984,0.07981295241130094
7407,1,0.9976273381879758,0.9974999377825267
7408,1,0.9312270294976208,0.9110458345793533
7409,1,0.2843083533039776,0.21671197246308246
7410,0,0.08059547293421512,0.06123205651928562
7411,0,0.5815302233866435,0.4892225059385234
7412,0,0.011913992651368908,0.010028579952188041
7413,0,0.021483496956795134,0.01744263982243771
7414,1,0.9899519775463719,0.9883321594923781
7415,1,0.5411034565808507,0.44794861395968966
7416,1,0.6797294878525314,0.5959011640729077
7417,0,0.14395120307914933,0.10794497055380513
7418,1,0.997499524504436,0.9973558107383853
7419,0,0.009838342479095158,0.008382003604343094
7420,0,0.062284026356115664,0.04780352250477931
7421,0,0.2437369727020433,0.184274581663279
7422,1,0.021120539018652303,0.017165318849756934
7423,0,0.05021455656360596,0.03892185050839589
7424,1,0.5488084475440527,0.4557009507096595
7425,0,0.3213856743001956,0.24720016878205545
7426,1,0.9975785780941048,0.9974450146876481
7427,1,0.944864331078517,0.9293173126789437
7428,0,0.009586555148600899,0.008180933716065717
7429,0,0.7029784117153777,0.6225445681473692
7430,0,0.7496017012499807,0.6776117967807458
7431,0,0.07057512985071135,0.05388715321303599
7432,1,0.9967232056483791,0.996470461395851
7433,0,0.018315300649602267,0.01501323286312664
7434,0,0.1568145895689963,0.11755461006055923
7435,1,0.9716855232916639,0.9649264838303048
7436,1,0.9979534758119306,0.9978652568141388
7437,1,0.9979168478715136,0.997824414160658
7438,0,0.24563158887546843,0.18576919127172897
7439,1,0.9751849606892651,0.9694969618303726
7440,1,0.9680632262717239,0.9601688837707635
7441,1,0.9973384950431412,0.9971735210658303
7442,0,0.00869754402145679,0.007468382920997391
7443,1,0.9978410966657452,0.9977397926609782
7444,0,0.4693857851125934,0.37826084946603017
7445,0,0.011052926190949686,0.009347758952608882
7446,1,0.997707617611223,0.9975901970940577
7447,1,0.9975610027466513,0.9974251994878934
7448,0,0.2944911313428253,0.2250015991058374
7449,0,0.22724314932063228,0.17134207644887897
7450,1,0.7142027298620651,0.6356018505423735
7451,0,0.10636767962634405,0.08014375735978702
7452,1,0.931481582129019,0.9113870959202441
7453,1,0.8822428250807679,0.8456965887273324
7454,1,0.8107988985713883,0.7531728988571749
7455,0,0.06789638527265186,0.05192257897094348
7456,1,0.9928506299690464,0.9918830532269955
7457,0,0.01654841681713945,0.01364884114867521
7458,0,0.5787043301580649,0.4862888011392287
7459,1,0.9978935128893103,0.9977983685942022
7460,0,0.2533736579837849,0.19189664216175342
7461,0,0.08489113554401964,0.06438049444796032
7462,1,0.951114243996775,0.9376716974921959
7463,1,0.8858925925702792,0.8505273492770659
7464,0,0.1768301737052973,0.1326262941892173
7465,1,0.8202784872385165,0.7651987297967887
7466,1,0.5696088167435306,0.47689635801759195
7467,1,0.9977960440030884,0.9976893684280991
7468,0,0.011387435190566723,0.009612603401199647
7469,0,0.06137026642495641,0.04713239369795856
7470,0,0.028628450805465014,0.022859271959659394
7471,0,0.05008256567118593,0.038824466143271376
7472,1,0.1556480168041041,0.11668077776843802
7473,1,0.9979943633477317,0.9979107906164408
7474,0,0.24640284886261865,0.1863781627322884
7475,0,0.5837603784886536,0.49154297614970194
7476,0,0.4990380969726721,0.40654366021035976
7477,1,0.9833709209078219,0.9800536323734549
7478,1,0.8076217425385613,0.7491610169762378
7479,0,0.011615659954468137,0.00979303482637447
7480,1,0.8264654729974847,0.773091862623053
7481,0,0.9221993194624454,0.8989452663697519
7482,0,0.029847722657254785,0.023776791582233652
7483,0,0.05036504880300077,0.03903287705945981
7484,0,0.18048400690306765,0.13539457035769173
7485,0,0.0654417489520035,0.05012163502776644
7486,0,0.4893730250059922,0.39724463147818573
7487,1,0.9978404757027246,0.9977390981425704
7488,0,0.057806789004638814,0.04451343221849135
7489,1,0.948554645969178,0.9342526068425746
7490,0,0.12462948976199217,0.09360761131551269
7491,1,0.9977449715625999,0.9976321222313342
7492,1,0.6817263454273794,0.5981683481801178
7493,1,0.701844864540407,0.6212329505455296
7494,0,0.8876542616595027,0.8528619743151388
7495,0,0.012926384607119345,0.010825393929393237
7496,1,0.9977241114209581,0.9976087150809102
7497,0,0.03828719764630977,0.030087431023538492
7498,1,0.6505148479200911,0.5631842567897971
7499,1,0.9866891899071272,0.9842583223149249
7500,1,0.9974474926584204,0.9972969935940995
7501,1,0.9978004520353146,0.9976943051310291
7502,1,0.9977476183024989,0.9976350910909407
7503,0,0.013353552137132442,0.011160502409239253
7504,1,0.9973521050884426,0.9971889574789011
7505,1,0.995030125800229,0.9944935570707614
7506,0,0.35106391975948986,0.27223307909712563
7507,1,0.967085270483748,0.9588804287651578
7508,0,0.09978536036183981,0.07530651316464888
7509,0,0.05566660052926921,0.04293900952596891
7510,1,0.9979284744307609,0.9978373838868887
7511,1,0.8849545389981187,0.8492849732938257
7512,1,0.9979168478715136,0.997824414160658
7513,0,0.012069813818736615,0.0101514691480873
7514,1,0.9979167779399294,0.9978243361352912
7515,0,0.19878742794726606,0.14934695471802845
7516,1,0.9972530584321382,0.9970764988256765
7517,1,0.9800183458890164,0.9757570868011652
7518,1,0.995471598050559,0.9950141174849306
7519,1,0.8609995905003831,0.8177577605432698
7520,1,0.9016245034235061,0.8714369148835952
7521,0,0.013744276860921147,0.011466483284002531
7522,1,0.9258358900091476,0.903818750252245
7523,1,0.988893316088149,0.9870180565170468
7524,1,0.9974397939240748,0.997288283972225
7525,0,0.13515543960227017,0.10140483750915093
7526,1,0.6831669963722458,0.5998064997845722
7527,0,0.08210186493224138,0.062336092633712606
7528,0,0.24078155660873746,0.18194692251203065
7529,1,0.13941858747076857,0.10457177079389722
7530,1,0.9593716422674481,0.9486702219169967
7531,1,0.9975446462101838,0.9974067497503547
7532,0,0.06783435391303458,0.05187707651037435
7533,0,0.010650218702627737,0.009028288534807439
7534,0,0.06142365802284362,0.047171612682975865
7535,0,0.13002550397968943,0.09760099363063131
7536,0,0.09522008697476204,0.07195519348926174
7537,0,0.15201194887121003,0.11396020683046883
7538,0,0.016173874350675174,0.013358623589974142
7539,1,0.9077660635943754,0.8796327116219725
7540,0,0.04427040953226242,0.034528651540120636
7541,1,0.9977361432613598,0.9976222177825529
7542,0,0.037047444339255386,0.029164201764990037
7543,1,0.9727710847899267,0.9663472462508889
7544,0,0.020385026831559044,0.016602588672068493
7545,1,0.9964091334585546,0.9961080325779609
7546,0,0.20538680750632737,0.15441393396773248
7547,0,0.18691475221283765,0.14028018823563512
7548,0,0.017517406066425982,0.014398023708655153
7549,0,0.532122390332118,0.438978976558652
7550,0,0.6805498833552616,0.5968321399743337
7551,1,0.9460215416489671,0.9308655686442927
7552,0,0.2203954753355151,0.1660134800590874
7553,0,0.08690677090584917,0.06585805327540765
7554,0,0.07558099788793006,0.05755691139586164
7555,1,0.9923316030489271,0.9912530416977771
7556,1,0.9977903815298375,0.9976830258530608
7557,1,0.9437359623440306,0.9278071505484533
7558,0,0.09255445087803171,0.06999949664623496
7559,1,0.403593690572421,0.3180195939865338
7560,0,0.6995478471523967,0.6185790488111295
7561,1,0.9940244445682201,0.9932966720744797
7562,1,0.9976621329339184,0.9975390838146568
7563,1,0.9426864154664627,0.9264020845883971
7564,1,0.9190272796436059,0.8946961345927583
7565,1,0.8912309555609159,0.857607537459594
7566,1,0.9974525459969171,0.99730270950041
7567,1,0.9048946255395951,0.8757988466456434
7568,0,0.64312472415949,0.555041571120589
7569,0,0.07962924945807663,0.06052392190939658
7570,0,0.9245100904880721,0.9020417961885226
7571,1,0.7524531763654791,0.6810505644305359
7572,1,0.7278511609047668,0.6516499161502791
7573,0,0.03347817556703368,0.02649936560467122
7574,0,0.14029390355789176,0.10522268865102682
7575,0,0.018892093230258117,0.015457066197649041
7576,1,0.9936448106604697,0.9928412936557699
7577,1,0.685936109555398,0.6029610559031805
7578,0,0.20218154024705642,0.15195045542273794
7579,0,0.05354381066810552,0.041376081340329975
7580,1,0.9977493393647591,0.9976370214871741
7581,1,0.4038218444546833,0.3182227823104942
7582,0,0.028646805762306275,0.022873097134068182
7583,1,0.9976348835318144,0.997508430034279
7584,1,0.9262731884412947,0.9044048988907474
7585,0,0.022093090614126735,0.017907870213572086
7586,0,0.07921034722492053,0.06021691349576432
7587,0,0.00497925946195451,0.004431976092266593
7588,0,0.01907650414193838,0.015598814668014698
7589,0,0.15367118096990925,0.11520110383943927
7590,0,0.37555906274007156,0.2933410318889235
7591,1,0.7089676407166849,0.6294960896073816
7592,0,0.2603394296926391,0.19743752318754434
7593,0,0.09674611076246342,0.07307514295313704
7594,1,0.9965068293864572,0.9962210071247867
7595,1,0.9611406123962891,0.9510182773083535
7596,0,0.711985159546918,0.6330120996521345
7597,0,0.6290485472874332,0.5396793687753619
7598,1,0.9974803779836228,0.9973341769095708
7599,0,0.01324117759238771,0.011072406297418149
7600,1,0.992034087070502,0.9908906636130237
7601,0,0.9234212317857818,0.9005825798136716
7602,0,0.12586100605314238,0.09451833721454479
7603,0,0.04592332811557454,0.035751953147076014
7604,0,0.10247976827683031,0.07728577498813755
7605,1,0.7423810197282441,0.6689403644844933
7606,1,0.9975914789357794,0.9974595534643712
7607,1,0.9288470842517075,0.907855230007594
7608,0,0.03413887317393907,0.026993467792534993
7609,1,0.9944659730877027,0.9938239170995984
7610,0,0.16298754479326819,0.1221866797918964
7611,1,0.7019581200885106,0.6213639395192753
7612,1,0.9681064769775471,0.9602258299146645
7613,0,0.08614160584343664,0.06529712595863295
7614,1,0.9963328461174311,0.9960196713344301
7615,1,0.9961872755934926,0.9958507224574584
7616,0,0.01314184018505828,0.010994494904259607
7617,1,0.9814365090212454,0.9775797657430964
7618,1,0.9970929775932728,0.9968941664011363
7619,0,0.41490407539272867,0.3281389384416191
7620,0,0.19710831055984238,0.14806088868777648
7621,1,0.5310693569820606,0.43793194878549535
7622,0,0.14830284062472399,0.11118965310011478
7623,1,0.9973047828414379,0.9971352620470906
7624,0,0.06296632975128974,0.04830455109999884
7625,0,0.14485974437752017,0.10862189252473681
7626,1,0.9580968954919467,0.946976147565903
7627,0,0.017722155104032352,0.0145560348978346
7628,1,0.9357682940220298,0.9171335670114721
7629,1,0.08001238829956274,0.06080471974705406
7630,0,0.1186166114842239,0.08916638297486343
7631,0,0.1813163331924881,0.1360259378250977
7632,0,0.2694048825619619,0.20468892541773784
7633,0,0.13386491501618275,0.10044721068046339
7634,1,0.98507571135853,0.982220556855152
7635,0,0.2553734216654974,0.1934846200026903
7636,0,0.09061560022458505,0.06857745404681416
7637,0,0.078246862503701,0.059510783681529796
7638,1,0.997892704952098,0.9977974664554757
7639,1,0.9969716963049957,0.9967555736992209
7640,0,0.17656922490239255,0.13242879797684745
7641,1,0.991476745807096,0.9902095194885914
7642,0,0.05714700355383904,0.04402819413193203
7643,1,0.9836845843740818,0.9804533098671959
7644,1,0.9974446502388508,0.9972937781550433
7645,0,0.03265996574657787,0.02588691072725215
7646,0,0.03132411289301208,0.02488559269764014
7647,1,0.9263295422102373,0.9044804360574716
7648,1,0.9931273372828703,0.9922177438256514
7649,1,0.9977693816217712,0.9976594941171185
7650,1,0.9954987879857872,0.9950460719826583
7651,1,0.9965768351659198,0.9963018314166509
7652,1,0.9967757967234774,0.9965309282101955
7653,1,0.08578088354713416,0.06503269827172331
7654,1,0.9977579007399842,0.9976466227011809
7655,1,0.858522985653368,0.8145220279835969
7656,1,0.9973825209360878,0.9972234355173011
7657,1,0.997860760248497,0.9977617784454246
7658,0,0.4670744371700366,0.37608667836818904
7659,0,0.02567157623382714,0.020626595320100003
7660,0,0.05434874346783362,0.041968885782438056
7661,0,0.2507622347519364,0.18982622765514184
7662,1,0.9903312251882801,0.9888008833846648
7663,0,0.019986746588492928,0.01629743319498972
7664,0,0.06218855815399517,0.04773341150929156
7665,1,0.9977435941268684,0.9976305770623175
7666,1,0.9903278085191056,0.9887966656482038
7667,1,0.9385459625574701,0.9208561006919899
7668,1,0.551417702507513,0.45833828855631076
7669,1,0.99777511064135,0.9976659153436342
7670,0,0.1950175525418169,0.14646130171121044
7671,0,0.1274379967904452,0.09568512011811042
7672,1,0.9515307682751954,0.9382277213870308
7673,1,0.9940104225187074,0.9932798851023544
7674,0,0.3266438438370095,0.25159338064896414
7675,1,0.9968881623660394,0.9966598980155216
7676,1,0.9474259477819595,0.9327437864745676
7677,0,0.11773921498093318,0.08851903659067704
7678,0,0.26459970506889946,0.20083955292846264
7679,0,0.035851214777947886,0.028272268870003586
7680,0,0.1513156616662979,0.1134397533248548
7681,0,0.2555110465175158,0.19359398579696988
7682,0,0.08311376639153356,0.06307774053189513
7683,0,0.06560525258228783,0.0502416214546491
7684,1,0.6274372375032191,0.5379331104729368
7685,0,0.032685576962963175,0.02590609108557109
7686,0,0.4360534341892846,0.3473206070320346
7687,1,0.9858018236629494,0.9831392897497786
7688,1,0.9980022113369742,0.9979195232491004
7689,0,0.060722473493777185,0.04665650913024513
7690,0,0.7437652090331008,0.6705986087882218
7691,0,0.2406707524594303,0.18185974344934364
7692,0,0.1554176490890407,0.11650827555111168
7693,0,0.07305927532823553,0.055708448997680175
7694,1,0.969619382080757,0.9622157561519118
7695,0,0.02082613606095065,0.0169401985145039
7696,0,0.07430325751858163,0.05662034602973557
7697,1,0.9973107178028653,0.9971419998195045
7698,0,0.13805419253628393,0.10355762113855278
7699,0,0.036315657016245,0.02861870080488354
7700,1,0.9955526804177108,0.9951093702607369
7701,0,0.1777571621413061,0.13332809826259215
7702,1,0.928725390507933,0.9076920890883139
7703,1,0.9978404757027246,0.9977390981425704
7704,1,0.36295897029626945,0.282431525497965
7705,1,0.9979420246029372,0.9978524932211791
7706,0,0.9279907036192181,0.9067071941840188
7707,0,0.5091797632521922,0.41638620920146047
7708,0,0.06916603417420311,0.052853822226578924
7709,1,0.9926932415705136,0.9916923103658246
7710,0,0.08454876829144772,0.06412954131370692
7711,1,0.9959452827263432,0.995568919522165
7712,1,0.4464644433601483,0.35688987039178266
7713,0,0.19356922574028249,0.14535435991617993
7714,1,0.6531298815469094,0.5660784203563112
7715,0,0.07662661804188049,0.05832329101232847
7716,1,0.9976953181811865,0.9975763823591104
7717,1,0.09908596523006705,0.07479292001679365
7718,0,0.03854510958883177,0.030279353652001084
7719,0,0.07250260741778801,0.05530035610539338
7720,0,0.18131125096068051,0.13602208178883768
7721,0,0.07005867143189398,0.05350844074289703
7722,1,0.9067207602490183,0.8782366671773867
7723,1,0.9883180215977152,0.9863006813288215
7724,0,0.011206143490090525,0.009469125159788042
7725,1,0.9959464073568507,0.9955702318116618
7726,1,0.9951044282640875,0.9945813922097752
7727,1,0.02436325941280245,0.019634910737792957
7728,0,0.0561132224861698,0.04326766905864209
7729,1,0.964164439995071,0.9550234608001499
7730,1,0.9977224088899241,0.9976068040288527
7731,1,0.9979521013690125,0.9978637251063556
7732,0,0.1466663076587717,0.10996869089497074
7733,1,0.9343364125211046,0.9152142257163381
7734,1,0.8068840814141398,0.7482309058639041
7735,0,0.0788195077454229,0.05993047138168324
7736,0,0.5998759739863246,0.508449316739724
7737,1,0.9979216274527036,0.9978297465024847
7738,1,0.6356600877736749,0.5468709596589794
7739,1,0.09365615396512007,0.07080769371749235
7740,1,0.8871593436802558,0.8522059042642778
7741,0,0.9003439885710198,0.8697301835749985
7742,0,0.08664932073575451,0.06566931809513776
7743,0,0.04866794105377438,0.0377802990308594
7744,0,0.08907779673197637,0.06744978193763596
7745,1,0.9968204841963213,0.9965822558624988
7746,1,0.9979168478715136,0.997824414160658
7747,1,0.9977857149690457,0.9976777979784232
7748,0,0.42190038786368345,0.3344465590247709
7749,1,0.06004673142227081,0.04615999891944151
7750,0,0.10335176375565454,0.07792656077022703
7751,1,0.9967086487981991,0.9964537130401313
7752,1,0.11299981631460879,0.08502522749788473
7753,0,0.0324361854024304,0.02571929376055704
7754,0,0.17293133299446517,0.12967834793770072
7755,0,0.013654565842896399,0.01139627409191637
7756,0,0.17257979652119726,0.12941284601902905
7757,0,0.15538606331922333,0.11648462519010244
7758,1,0.9978124102161617,0.9977076941186817
7759,1,0.9972175720089844,0.9970361400399237
7760,1,0.9976418775504396,0.997516300135063
7761,1,0.4985647349818991,0.40608639335917446
7762,0,0.09203386146355114,0.06961763898587926
7763,1,0.9979309873441005,0.9978401864584814
7764,1,0.9921428688592374,0.9910232629475203
7765,0,0.04990289231322337,0.038691890073939916
7766,1,0.7935278132638816,0.7314793178701547
7767,1,0.9977497733031657,0.9976375081900254
7768,1,0.9944743567529714,0.9938339024090308
7769,1,0.9973091556248851,0.9971402264258503
7770,1,0.6746493114202244,0.5901511725070202
7771,1,0.9975879364793414,0.9974555617688862
7772,1,0.03295572930855856,0.026108371354088535
7773,0,0.12145613874515421,0.09126262358609076
7774,0,0.32432714378617683,0.24965558612960378
7775,1,0.997071160891806,0.9968692638675051
7776,0,0.10223009902732422,0.07710232726994386
7777,1,0.36442744767459945,0.28369728445253767
7778,0,0.11443177508961042,0.08608033641855851
7779,1,0.997070384248175,0.9968683771418686
7780,1,0.9979913186978834,0.9979074021416805
7781,0,0.10027132898551072,0.0756634188489448
7782,1,0.997616728354475,0.9974879933708245
7783,0,0.27286375128041285,0.20746788636800195
7784,1,0.8883544763656133,0.8537904360564642
7785,1,0.9799595163624621,0.9756813241869337
7786,0,0.16652744758881216,0.12484930928463397
7787,1,0.9769194084586355,0.9717511552111536
7788,0,0.4229941959741407,0.3354360498570232
7789,1,0.946298462046051,0.9312359842372998
7790,1,0.46849278168989206,0.37742033058769925
7791,0,0.0383604047720991,0.0301419122212619
7792,1,0.07883709093261171,0.059943357932296694
7793,1,0.9915472731886976,0.9902958731789832
7794,1,0.997937988786692,0.9978479937239799
7795,1,0.756352813145323,0.6857665344912738
7796,0,0.019786774761924152,0.016144099005589524
7797,0,0.017117118554549667,0.014088819040887407
7798,0,0.022699479353716454,0.018370011741966542
7799,0,0.07639444239412554,0.058153122453504714
7800,1,0.9976450018871664,0.9975198153212224
7801,0,0.03506752346459972,0.02768730592135447
7802,0,0.3064116236748551,0.23478536043523027
7803,0,0.038479648703616184,0.03023064607748673
7804,0,0.5013218480452106,0.40875242490789343
7805,0,0.04046125540268615,0.03170379547428349
7806,0,0.018438236467570986,0.015107891888073797
7807,0,0.4874802350705663,0.3954326965479893
7808,0,0.09918663895660787,0.07486684454512656
7809,1,0.993240875976034,0.992354825089286
7810,0,0.024380955891924252,0.019648341271847315
7811,1,0.9329612821082867,0.913370799970696
7812,1,0.7560055652060707,0.6853459791594502
7813,0,0.4803465156178356,0.38863048484645474
7814,0,0.04180030581187646,0.03269781047149968
7815,0,0.21996068984105493,0.16567592874277567
7816,1,0.9135296905771355,0.8873374485681153
7817,1,0.9964347414195792,0.9961376654785792
7818,1,0.9976840694685121,0.997563743420006
7819,0,0.14272042851303268,0.10702838391149071
7820,1,0.8646467853162872,0.8225314202473801
7821,1,0.9977748630367171,0.9976656378453899
7822,0,0.02350959279278124,0.018986457103535852
7823,0,0.03326152958179337,0.026337260443311212
7824,1,0.4444833525386189,0.3550624115548952
7825,1,0.9975856476812324,0.9974529825043775
7826,0,0.10494948217866894,0.07910095921729995
7827,1,0.9976603718544841,0.9975371034441674
7828,1,0.9933217042184872,0.9924523228745266
7829,1,0.9978906696641423,0.9977951937589813
7830,1,0.9979420246029372,0.9978524932211791
7831,1,0.7662997896182855,0.6978644130124796
7832,1,0.9966491609015974,0.9963852179280906
7833,1,0.9977251961824236,0.9976099326503046
7834,0,0.08831455260851287,0.06689015980828311
7835,0,0.21833546184256766,0.16441498037903993
7836,0,0.13969949543069995,0.1047806388990236
7837,0,0.023228454792958077,0.018772650157132212
7838,0,0.1489604365368734,0.11168051314844188
7839,0,0.03296423571427813,0.026114739518352997
7840,0,0.08447966186108258,0.06407888728969229
7841,1,0.9977516287820791,0.9976395892129128
7842,0,0.05795318524854981,0.044621083995322254
7843,1,0.990579761909582,0.9891074406268325
7844,0,0.38604241486530616,0.30250308012386823
7845,0,0.13061208702012966,0.09803557106548706
7846,1,0.9525260020436568,0.9395558184523652
7847,1,0.9961830417522427,0.9958458021398799
7848,1,0.9338281417301618,0.9145328795602699
7849,1,0.16653220263489815,0.12485288909857986
7850,1,0.9977057534865954,0.9975881036289554
7851,0,0.09349754278211306,0.07069133084632703
7852,1,0.847048905486397,0.7995942829305128
7853,1,0.08940585205138316,0.06769032984938433
7854,0,0.0821126570377292,0.062344002312505586
7855,1,0.9964560998638254,0.9961623700589234
7856,1,0.9257630449457511,0.9037211116586088
7857,1,0.9319593243496451,0.9120275697251331
7858,1,0.998004366337641,0.997921920759341
7859,1,0.997336108260862,0.9971708134451319
7860,1,0.8074738204132866,0.7489744621427921
7861,0,0.03708767178772599,0.029194176742133395
7862,0,0.5509495784559599,0.45786467579296547
7863,0,0.08031424404711256,0.06102594649746577
7864,0,0.8202569154868296,0.7651712700497109
7865,0,0.02724545343342557,0.021816400843966337
7866,1,0.7303768040263141,0.6546401713546023
7867,0,0.137245024526438,0.10295643466895688
7868,1,0.9940831988280965,0.9933669837419499
7869,0,0.016554093015422447,0.013653236602269773
7870,1,0.9141596199872987,0.8881801998954973
7871,1,0.9977525544996242,0.997640627413183
7872,1,0.7890027312193875,0.7258426668336718
7873,1,0.9432625472667073,0.9271734176964281
7874,1,0.8987408977550955,0.8675946023259578
7875,1,0.9417651187161895,0.9251684274531925
7876,0,0.02667866258557085,0.021388304757817684
7877,1,0.9977885176450416,0.9976809378618824
7878,1,0.9529089251297042,0.9400666355536824
7879,1,0.9980515299321198,0.9979743475077524
7880,0,0.27015616661246217,0.20529195078531812
7881,1,0.9977903815298375,0.9976830258530608
7882,0,0.01776018622221304,0.014585373798573692
7883,1,0.9246093435435463,0.9021748165779139
7884,0,0.05731576932176846,0.044152323365688514
7885,0,0.019008969654753228,0.015546912372087185
7886,0,0.060810524459378255,0.0467211985914464
7887,1,0.92022017005953,0.8962938431883235
7888,0,0.2825009426231024,0.21524701003457408
7889,0,0.57624736283673,0.48374410485390923
7890,0,0.014723819455926709,0.012231430839094542
7891,0,0.03798174939292377,0.029860072769561808
7892,1,0.9467835428470937,0.9318847599222937
7893,1,0.9950425434003973,0.9945082423458668
7894,0,0.5782067682581897,0.4857730224527714
7895,0,0.06446595941062395,0.04940547315455961
7896,1,0.9957772497731324,0.9953725794262323
7897,1,0.8466552837846599,0.7990840806144486
7898,1,0.9894025806105791,0.9876512088964623
7899,0,0.19506708715215026,0.14649917693058132
7900,1,0.7787576075316002,0.7131543442591927
7901,1,0.9305645803932119,0.9101577329440894
7902,1,0.9977738073722017,0.9976644547057301
7903,0,0.03212159478412244,0.025483575437255258
7904,1,0.874734296680395,0.8357854201561206
7905,1,0.891673252365976,0.858194884696734
7906,1,0.9968690708904231,0.9966380071591339
7907,0,0.7812226484145264,0.7161978743750533
7908,0,0.015313899038045212,0.012690840929882718
7909,1,0.9975856632485856,0.9974530000479085
7910,1,0.994094374446274,0.9933803525493429
7911,0,0.051101864415107556,0.039576341607135176
7912,1,0.9929513729095667,0.992005004867009
7913,1,0.9400602964721412,0.9228849789952063
7914,1,0.9833646335804501,0.9800456165555452
7915,1,0.9883583408780969,0.98635102943524
7916,1,0.9977125631411956,0.9975957505064692
7917,0,0.015392820165364854,0.012752209497357957
7918,0,0.25142672907142116,0.19035270844700494
7919,1,0.83492560766446,0.7839403609332929
7920,1,0.46052276644352785,0.36994735006123647
7921,1,0.9976635783141838,0.9975407090994273
7922,0,0.05621014462254889,0.04333898453843263
7923,1,0.9736284162292932,0.9674674847072534
7924,0,0.11709323070628573,0.08804253843629217
7925,1,0.5855905215692959,0.49345069046603457
7926,1,0.9938943163952803,0.9931407868639145
7927,1,0.9894623052842098,0.9877253422092939
7928,1,0.9977146584169079,0.9975981030790455
7929,0,0.09564020701431938,0.07226349273347295
7930,1,0.9628080711748668,0.9532283110245966
7931,0,0.347923427129382,0.26955655742453033
7932,1,0.9945633482475105,0.9939398336598637
7933,1,0.9332564178943101,0.913766452712308
7934,0,0.9543172905687681,0.9419444852056308
7935,1,0.9974365352175067,0.9972845968457649
7936,0,0.012487176778134006,0.01048017293355262
7937,1,0.9976488579435101,0.9975241533288144
7938,0,0.08395312392801552,0.06369294847227512
7939,1,0.6747015101364938,0.5902101228886478
7940,1,0.9457502394943058,0.9305026366984885
7941,0,0.10424153266544817,0.0785805316204257
7942,1,0.9774647468519599,0.9724582084806145
7943,0,0.17226335327756426,0.12917389041417932
7944,0,0.00844206221635078,0.007262812247307183
7945,1,0.8309640040251964,0.7788524917168749
7946,1,0.4265036744580212,0.3386169846481796
7947,1,0.5121461013925976,0.419281663981469
7948,1,0.9971139275088261,0.9969180677084744
7949,0,0.029555884730478314,0.023557333998833176
7950,0,0.9648301434263862,0.9559036145882024
7951,0,0.02196508563326724,0.017810233813754687
7952,0,0.9653170840104881,0.9565470245294617
7953,0,0.22416165177467087,0.16894129335215805
7954,0,0.0187809305834412,0.015371584997061016
7955,1,0.7554363318495168,0.6846568355259207
7956,0,0.020913914693994055,0.017007336989448153
7957,1,0.9980540257941262,0.9979771195102852
7958,1,0.9976577001865643,0.99753409890537
7959,0,0.09118999794711699,0.06899870918854997
7960,0,0.005534126488560394,0.004892225018170762
7961,1,0.9977292038188186,0.9976144306026925
7962,0,0.14815494249222236,0.11107927489965269
7963,0,0.24576001312891627,0.1858705705245062
7964,0,0.06478038792270298,0.04963625776250601
7965,0,0.10877664656581056,0.08191587627798368
7966,0,0.09413938752826485,0.07116222727547693
7967,0,0.16585528659189147,0.12434336251885805
7968,0,0.05611024750362392,0.04326548001958369
7969,0,0.02078226068635554,0.01690663448023392
7970,1,0.890032744182587,0.8560169288538525
7971,1,0.4396214346639828,0.35059058705105084
7972,1,0.9977435941268684,0.9976305770623175
7973,0,0.05488084696177614,0.042360649807427854
7974,0,0.13014192162371788,0.09768723559758252
7975,0,0.05636214632296674,0.04345082238606864
7976,0,0.13152528151465592,0.09871231177092099
7977,1,0.9272862830293165,0.9057629043888359
7978,0,0.09725836819828648,0.07345115129897059
7979,1,0.027411779814977884,0.021941948036815925
7980,1,0.9467021232409947,0.9317758718218526
7981,1,0.9880690982910059,0.9859896106582148
7982,0,0.13437381810947308,0.10082478200663146
7983,1,0.5859159920207448,0.4937902828039911
7984,1,0.8157170274647452,0.7594017011938435
7985,0,0.161773078016766,0.12127426617570297
7986,1,0.6415366889274956,0.5532987957928726
7987,0,0.2766510090783223,0.21051854213389318
7988,1,0.9207754249656128,0.8970376304118864
7989,0,0.15511968026543,0.11628518048877404
7990,1,0.9241756009339075,0.9015935179406692
7991,1,0.9978948748969306,0.9977998893521035
7992,1,0.4184073135921962,0.33129270411367284
7993,1,0.9599497862737998,0.94943799865286
7994,1,0.8756372127842129,0.8369752661241302
7995,1,0.99755368294421,0.9974169439765282
7996,0,0.04352033058960636,0.03397305583334629
7997,0,0.012838614366662768,0.010756460747436677
7998,1,0.9976899133726267,0.9975703100911603
7999,1,0.9379557331450767,0.9200651986042914
8000,1,0.9305366861400635,0.910120336991603
8001,0,0.9966494231687837,0.9963855200858882
8002,1,0.9977208749665207,0.9976050821521535
8003,0,0.0077918575598338105,0.006737886709469013
8004,1,0.9979071322595144,0.9978135723777332
8005,0,0.032854904385977386,0.026032885419801286
8006,1,0.9526589820499825,0.9397332244382541
8007,1,0.4775963054910167,0.38601932294130914
8008,0,0.010293175797176224,0.00874444446271485
8009,0,0.5210564031198651,0.42802464837247256
8010,1,0.9755498272663843,0.9699718225452093
8011,1,0.9977117591680607,0.9975948477678394
8012,1,0.9569469349930766,0.9454465632604425
8013,1,0.9216869656247835,0.8982588072049157
8014,0,0.17451489139592138,0.13087495638687385
8015,1,0.9756525532105631,0.9701054550034245
8016,1,0.9927974771748207,0.9918186659151709
8017,1,0.9849556701426713,0.9820684190050416
8018,0,0.10590809118160886,0.0798057851291823
8019,0,0.07733601355740018,0.058843220074543026
8020,1,0.997187452326022,0.9970018576080324
8021,1,0.9238691528309939,0.9011828337945137
8022,1,0.38406900233361774,0.3007724043918309
8023,1,0.8994787906321275,0.8685774436717196
8024,0,0.054233558939670634,0.04188406904992436
8025,0,0.10397127402010171,0.07838188084918361
8026,1,0.4620250063787361,0.37135198329878744
8027,0,0.158860433493176,0.119088240447773
8028,1,0.6002263668258593,0.5088196132103703
8029,1,0.9819473086322239,0.9782344560499395
8030,0,0.09040981738841244,0.06842654255666733
8031,0,0.3250156593956288,0.25023113166954586
8032,0,0.050001565359393776,0.03876469980530104
8033,0,0.0398515850509093,0.031250841260667066
8034,1,0.9977524787698502,0.9976405424826712
8035,0,0.08719982805109425,0.06607289633111481
8036,0,0.041359689333653464,0.03237085141364548
8037,0,0.0352092500599417,0.027793131414512586
8038,1,0.9723310232943584,0.9657716049371008
8039,1,0.41544255637409905,0.3286231006053396
8040,0,0.19415750473579038,0.14580386397435494
8041,1,0.8836922728712929,0.8476140578054521
8042,1,0.9961446882054119,0.9958012133910387
8043,0,0.015352366852379552,0.012720755458027626
8044,1,0.9978047223053353,0.9976990869102174
8045,1,0.8082403629781764,0.7499414246458589
8046,0,0.6822620200849385,0.5987772171726142
8047,1,0.9760140459173021,0.9705754887789064
8048,0,0.027255366475723443,0.021823884440484737
8049,1,0.9968141178800548,0.9965749465083124
8050,1,0.07685391045785891,0.05848987911592041
8051,0,0.481392725061086,0.38962543746333367
8052,0,0.009982811592261817,0.008497232516193116
8053,0,0.074515083374147,0.056775616276932825
8054,1,0.9963485227548463,0.9960378392116506
8055,0,0.03098726252154376,0.02463281447779108
8056,0,0.025304124958713065,0.020348323473837065
8057,0,0.04596469760018001,0.03578255247382731
8058,1,0.8941803553113995,0.8615262256170474
8059,1,0.7116943905354325,0.6326728970663619
8060,0,0.2174365471416581,0.16371810162244577
8061,1,0.9978432516664119,0.9977422028244558
8062,1,0.9966661014550076,0.9964047318631439
8063,0,0.09010343005223584,0.0682018588206745
8064,0,0.8015322744388922,0.7414982267911094
8065,0,0.18756557958245826,0.140775613911573
8066,1,0.9977978433174384,0.9976913836213906
8067,0,0.07244733111072713,0.05525983198519667
8068,0,0.0994830073205406,0.07508447528603082
8069,0,0.02125987628461155,0.0172718092286388
8070,0,0.010483507705003243,0.008895827288580195
8071,1,0.9642955143352108,0.9551968078452493
8072,0,0.010186521503680972,0.00865954286564015
8073,0,0.11572870407520448,0.0870363260872151
8074,0,0.15815990177082698,0.1185629302674017
8075,1,0.6584571237687704,0.5719951124830491
8076,1,0.997733557518867,0.9976193163488438
8077,1,0.99533394330294,0.9948521475929714
8078,0,0.9481216947185398,0.9336739213511694
8079,0,0.06082049408502335,0.046728522994471805
8080,0,0.05165508852217261,0.03998425812911958
8081,0,0.040172405062807996,0.03148922463555127
8082,0,0.07249305885485444,0.05529335588543498
8083,0,0.20511589649979556,0.15420553610117463
8084,0,0.05989715914645358,0.04605008541175968
8085,1,0.997390077820986,0.9972319974809727
8086,0,0.15068277565866223,0.11296683364358208
8087,1,0.9896488209821337,0.987956687963517
8088,1,0.9977291065711068,0.9976143214635277
8089,1,0.9977476183024989,0.9976350910909407
8090,0,0.020382149396997284,0.016600385149789797
8091,1,0.9970785935374853,0.9968777492203692
8092,0,0.058038416318732286,0.044683755776796084
8093,1,0.9967399821659153,0.9964897573935066
8094,1,0.889115284873331,0.8547995689607644
8095,1,0.9976521733047848,0.9975278826774011
8096,1,0.7342738475875631,0.6592666985952875
8097,0,0.04770183305153519,0.03706670755879689
8098,1,0.9538041022000491,0.9412603921377479
8099,0,0.07479548572732944,0.05698115052141579
8100,0,0.41077197520074304,0.32443090418740156
8101,1,0.9972035413904178,0.9970201733881277
8102,0,0.018173698229343414,0.014904158624413253
8103,0,0.5691534800478957,0.47642815663513566
8104,0,0.5326410779256292,0.4394950648159678
8105,0,0.11628665238549203,0.08744771184986912
8106,1,0.9975218049709642,0.9973809715453041
8107,1,0.9977516287820791,0.9976395892129128
8108,1,0.947221824504346,0.9324708527009604
8109,1,0.8080235661282053,0.7496678882380057
8110,0,0.23915197653031506,0.180665440493278
8111,0,0.01748633943854426,0.014374039924876023
8112,1,0.8541124153294577,0.8087713935588964
8113,1,0.9927705234064659,0.9917860034451347
8114,0,0.06800146469448612,0.051999657870299094
8115,0,0.07388219409931682,0.05631169622552311
8116,1,0.9579386118477161,0.946765685061487
8117,0,0.6425734328844709,0.5544362822343937
8118,0,0.3712887466125424,0.2896312456936252
8119,0,0.08655557609518971,0.06560059537583118
8120,0,0.05441582297087136,0.04201827822235013
8121,1,0.9641499554006627,0.9550043033534777
8122,0,0.7538668902787747,0.6827584635774566
8123,1,0.43530219220882016,0.3466333745021417
8124,0,0.9963269745790848,0.9960128653879754
8125,1,0.9495705493621238,0.935610084410128
8126,1,0.9977065489155399,0.9975889969324293
8127,1,0.7426372327258528,0.6692471599534114
8128,0,0.014311717800575796,0.01190997396766532
8129,0,0.06552503842837387,0.05018275713107674
8130,0,0.29496946893021303,0.22539253092050313
8131,0,0.1410579902561905,0.1057910849992894
8132,0,0.018070982019598322,0.01482500935506892
8133,0,0.02018888288826494,0.01645234570466329
8134,1,0.96746458304341,0.9593803582478239
8135,0,0.05871561770060188,0.045181649305551554
8136,0,0.014871974179712588,0.012346873187021276
8137,0,0.015726858940309604,0.013011762896671096
8138,0,0.009485893324455362,0.00810045975494728
8139,0,0.07006214979837518,0.053510991465884235
8140,0,0.14912570835422917,0.11180390237333838
8141,1,0.9028983828906978,0.8731355483927044
8142,0,0.2132214797148257,0.16045560086987717
8143,1,0.9385355384749478,0.9208421330709563
8144,1,0.8398439868121161,0.7902760086920894
8145,1,0.8034308533181833,0.743883575779891
8146,1,0.9107972584045421,0.8836833288709616
8147,1,0.9923937572391404,0.9913286341813772
8148,0,0.03715640286810605,0.029245387981937092
8149,1,0.9932429522754072,0.9923573305390367
8150,1,0.9898091656598921,0.9881553671897935
8151,1,0.9440903809117347,0.9282815393214247
8152,1,0.9963934496394584,0.9960898766623105
8153,1,0.47761241410293864,0.3860345989761691
8154,0,0.04443514009842608,0.03465062962175915
8155,1,0.8764154084534028,0.8380012035357458
8156,0,0.016674104789021715,0.013746150300802505
8157,0,0.033150008395746645,0.026253797851369734
8158,1,0.9945545638592367,0.9939293821669976
8159,0,0.6533262543518953,0.5662960254409173
8160,0,0.05322497611162413,0.04114121314970289
8161,0,0.12061411828498297,0.0906408151423206
8162,0,0.00854129448503249,0.00734270279758911
8163,0,0.07557424771800589,0.05755196379108301
8164,1,0.9866197243959659,0.9841708757988576
8165,0,0.06286780681779984,0.04823220901671905
8166,1,0.939523350483999,0.9221656438757438
8167,1,0.06596565751259062,0.050506089538914264
8168,1,0.9940156581911193,0.9932861534651112
8169,1,0.9453418798945805,0.9299563002830125
8170,1,0.9936329498828345,0.9928270373522914
8171,0,0.0529196001590065,0.040916227567290686
8172,1,0.07977063663322119,0.06062754284002205
8173,0,0.47834275383945496,0.38672741528193855
8174,0,0.8893496119626402,0.8551104471185834
8175,0,0.005918002884702437,0.0052089233475367475
8176,1,0.9958591643337678,0.9954683596919134
8177,1,0.7146430965149302,0.6361167140053104
8178,1,0.9973279525902159,0.9971615602302261
8179,0,0.06474711067187541,0.04961183361504188
8180,1,0.9122966944492235,0.885688242607782
8181,1,0.9866893938168884,0.984258578966708
8182,0,0.09941773413230787,0.07503654251155968
8183,1,0.9964205589414582,0.9961212556174153
8184,0,0.05292058433691314,0.04091695271015101
8185,1,0.13158725279129319,0.098758245199461
8186,0,0.18024654983218996,0.13521449797945306
8187,0,0.02922109838082817,0.02330546128349855
8188,1,0.8543852808300828,0.8091267170847382
8189,1,0.7639485805333028,0.6949959058566688
8190,0,0.11170789959223365,0.0840736676195245
8191,1,0.933461510139163,0.9140413922666356
8192,0,0.05969327754387921,0.045900254605675976
8193,0,0.045888088505682864,0.03572588717862939
8194,0,0.31108154476920635,0.23864204480260182
8195,0,0.0714286225124128,0.05451295874147415
8196,1,0.9976782620401241,0.9975572166245729
8197,1,0.9969277795223915,0.9967052953799909
8198,0,0.19131003306741567,0.14362952321954273
8199,0,0.08589110662506282,0.06511349667156409
8200,0,0.015492503997211077,0.012829697938567999
8201,0,0.24762090964948344,0.18734056516438358
8202,0,0.042385900938496646,0.03313216997694104
8203,0,0.2842524351086827,0.21666662024863237
8204,0,0.04063915464329232,0.0318359200837348
8205,0,0.27345752194647055,0.20794562699213073
8206,0,0.07369908340876632,0.056177468735658154
8207,1,0.6384491188152539,0.5499174123605236
8208,1,0.7135731385629994,0.6348660902714249
8209,1,0.9860674884945713,0.9834747543667435
8210,0,0.213878097173347,0.1609632674082651
8211,0,0.05717721246605619,0.04405041369631477
8212,0,0.06831081246818625,0.05222656638087434
8213,0,0.0604797553196572,0.046478180033350976
8214,1,0.869026359697177,0.8282767602523552
8215,1,0.15422666565985185,0.11561674956847563
8216,1,0.9972770304744999,0.9971037424201571
8217,1,0.8773640999302181,0.8392524681612358
8218,0,0.03407916611460586,0.026948832041512154
8219,1,0.9862199281045154,0.983667076985531
8220,0,0.09434696888902736,0.07131453085378364
8221,0,0.010583667340601696,0.00897542462791243
8222,0,0.5590302038648831,0.46606778925290704
8223,0,0.023950201661480635,0.01932128948602396
8224,1,0.9974947025734859,0.9973503634457452
8225,0,0.05828235178296025,0.044863115482899216
8226,1,0.997843571721662,0.9977425607619232
8227,0,0.09320307342919122,0.07047530429639637
8228,0,0.6142292958203983,0.5237132638540011
8229,0,0.611107640427607,0.5203768821629186
8230,1,0.9810248130824917,0.9770513830533166
8231,0,0.03846598840880528,0.030220481457673382
8232,0,0.043750801834940664,0.034143802229250335
8233,0,0.01679006589789808,0.013835893143760863
8234,0,0.04995143661121577,0.0387277108485459
8235,1,0.7682094398789803,0.7001982472487402
8236,0,0.04407723383641089,0.03438559226371562
8237,1,0.7757358717806719,0.7094316070108079
8238,0,0.05939614782825617,0.04568187986667045
8239,1,0.9828441557938503,0.9793814692889197
8240,1,0.8644918905786139,0.82232848126527
8241,0,0.041265578651513174,0.03230100123898709
8242,1,0.8900885946777012,0.856091051463331
8243,0,0.011472129573318574,0.009679586208952208
8244,0,0.12293421904226948,0.09235455961728806
8245,0,0.07116576220733374,0.05432022827840752
8246,0,0.18898745518092136,0.14185861184854417
8247,1,0.6714228180226658,0.5865126072447243
8248,1,0.8187932979428039,0.7633091513883089
8249,0,0.09711168104584295,0.07334347636211679
8250,1,0.7929300135714589,0.7307335381726316
8251,1,0.997226766103223,0.9970465998519883
8252,0,0.07648785104406568,0.058221584659367075
8253,0,0.24226158741834364,0.18311200668345518
8254,0,0.7116896851416639,0.6326674085916629
8255,1,0.9977052351534268,0.9975875215055618
8256,1,0.9373710238083486,0.9192816338638479
8257,1,0.12584328446576926,0.0945052290564173
8258,0,0.03656871912937183,0.028807389873197455
8259,1,0.9958784669107157,0.9954909113772367
8260,0,0.06551128770116801,0.050172666209367195
8261,0,0.15908170156838491,0.11925420031041171
8262,1,0.9961337061260727,0.9957884404724613
8263,0,0.01954563769707545,0.015959092148542842
8264,1,0.9977623044126878,0.9976515602641904
8265,1,0.9980561807947929,0.9979795127446003
8266,1,0.9976625005336881,0.9975394971755176
8267,0,0.008635981437386782,0.007418881276147733
8268,0,0.5191932179123036,0.4261907690199112
8269,0,0.17731107777864052,0.13299033334400828
8270,0,0.07358411175886992,0.05609318897060635
8271,0,0.9217669515149032,0.8983659704063225
8272,0,0.02655357500483368,0.021293769485056225
8273,1,0.9911352560655435,0.989790767923578
8274,0,0.5260588033010789,0.4329633086799836
8275,0,0.1164303948960079,0.08755370696516761
8276,1,0.9960457574137945,0.9956860632914959
8277,0,0.10218164472211154,0.07706672594535219
8278,1,0.9021868792725939,0.8721867152620685
8279,1,0.763086622749605,0.6939456807047272
8280,0,0.08122772068863052,0.06169542761855785
8281,0,0.46747264787815535,0.37646094619393444
8282,1,0.9858329899657752,0.9831786636763723
8283,0,0.01034653008272063,0.00878689714292725
8284,0,0.07470752938948264,0.05691667911928039
8285,1,0.993711160967682,0.9929210128245941
8286,0,0.05716787053950573,0.04404354245376076
8287,0,0.2141817136560002,0.16119807952811047
8288,1,0.9976830604632049,0.9975626095084983
8289,1,0.9961967834039526,0.9958617705378774
8290,0,0.08271988853391418,0.06278905457432477
8291,1,0.2816098896476135,0.2145254890956057
8292,0,0.008077419645921343,0.0069687453577253694
8293,0,0.02859392934625453,0.02283326889634039
8294,1,0.9980019350949417,0.9979192159079124
8295,1,0.9315436076236567,0.9114702491534413
8296,0,0.42209739268901675,0.3346247081624852
8297,0,0.2225994957573934,0.16772602840706408
8298,1,0.9138312570367209,0.8877408842927839
8299,0,0.12294560302199506,0.09236297164412992
8300,1,0.9358088446318888,0.9171879192851015
8301,0,0.01598070546057964,0.013208800568514296
8302,0,0.256731449127245,0.19456425196742463
8303,1,0.03513855666420075,0.027740347649519825
8304,1,0.9977149715543432,0.9975984546567699
8305,0,0.095731193118944,0.07233026427700726
8306,1,0.582778538050761,0.49052080446261664
8307,1,0.9964420720041659,0.9961461456335958
8308,0,0.012739161272834643,0.010678319155008574
8309,1,0.9911453283330944,0.9898031337807935
8310,1,0.20012542524283372,0.15037265993298363
8311,1,0.9958175337792818,0.9954196979063049
8312,0,0.59087570461488,0.49897742749632323
8313,1,0.9892263405176251,0.9874323016127657
8314,0,0.2768701823040037,0.21069534026699416
8315,1,0.9900175671277096,0.9884133033798087
8316,0,0.1910192594290041,0.1434076869167646
8317,0,0.06919487501329835,0.05287497398047225
8318,1,0.997982775755759,0.9978978926060812
8319,0,0.5211413917863863,0.42810837215685593
8320,1,0.8329910121001014,0.7814540490580538
8321,0,0.06683437361456722,0.051143487186277266
8322,1,0.9550132205788879,0.9428718544972867
8323,0,0.19972925643931505,0.1500688736188171
8324,1,0.8558578165604177,0.8110452648971459
8325,1,0.9924898701820793,0.9914454497733401
8326,0,0.03386367673769089,0.02678771020731063
8327,1,0.6531048874615085,0.5660507265737605
8328,1,0.9967770405718465,0.9965323575332575
8329,1,0.9692665671665226,0.9617520615060602
8330,0,0.03336576015496397,0.02641525628651095
8331,0,0.04969146699132477,0.03853586863498104
8332,0,0.15162198309564348,0.11366869886574581
8333,0,0.9211493755321771,0.8975385871541057
8334,1,0.10379592599196831,0.07825299945405718
8335,1,0.9281911902531013,0.9069759564131473
8336,0,0.09362582702862449,0.07078544458667525
8337,0,0.09988728059060586,0.07538136280235824
8338,1,0.9978277041845072,0.9977248107933119
8339,0,0.03364216958711162,0.026622045287295337
8340,1,0.7859839959318393,0.7220934143806281
8341,0,0.04002666463372432,0.03138094150460668
8342,1,0.99587599924633,0.9954880287339358
8343,1,0.9968799780270912,0.9966505147097842
8344,0,0.5503947608150996,0.4573036081384511
8345,0,0.01017072733448687,0.008646965501058234
8346,0,0.20858778526516847,0.15687886535003004
8347,0,0.20449199028276352,0.15372572633119738
8348,0,0.04605747582269923,0.035851173716808134
8349,1,0.9574578104424603,0.9461262399969587
8350,0,0.652883699366585,0.5658056739673866
8351,0,0.009894103636255595,0.00842649077147268
8352,0,0.06376793698807065,0.04889308136204711
8353,0,0.05743999387301091,0.044243687252098644
8354,0,0.6050815393592186,0.5139625299251537
8355,0,0.04393765616759441,0.0342822133626663
8356,0,0.31684168790840017,0.24341787933299697
8357,1,0.8706280179822017,0.8303813782882865
8358,1,0.9591599007703295,0.9483889414145504
8359,1,0.9978837735629729,0.9977874921492619
8360,1,0.9893490311704498,0.9875847187622115
8361,0,0.016018714161155106,0.013238288232832926
8362,0,0.7892533338307215,0.7261543112495318
8363,0,0.014486377290157545,0.012046278793030482
8364,0,0.08410592048737034,0.06380494338545696
8365,0,0.512525193135987,0.4196522416042506
8366,0,0.05213083296250229,0.040334956741620284
8367,0,0.012840441036869363,0.010757895658192912
8368,0,0.3932202873092791,0.308821703575724
8369,0,0.4114960591056227,0.3250797530396904
8370,1,0.9401467271277518,0.9230007621672092
8371,1,0.9976765360936399,0.9975552766716833
8372,1,0.9820579770178466,0.9783761671223613
8373,1,0.845219758365243,0.7972244804989054
8374,1,0.15472210973693984,0.11598756024417325
8375,0,0.6703236605286553,0.5852754333580665
8376,0,0.08330440900740202,0.06321747029665248
8377,1,0.9041741554100522,0.8748374288992256
8378,0,0.01401396989431498,0.011677392521114032
8379,0,0.05913305595637218,0.0454885043299167
8380,0,0.5219119963027152,0.4288677944099298
8381,1,0.997880775361019,0.9977841432070615
8382,0,0.016776136448194312,0.013825114875403203
8383,0,0.010581683076422673,0.008973848159886846
8384,0,0.1525281646301859,0.11434616961333846
8385,1,0.9614509699537717,0.9514298728030218
8386,0,0.05452187075614459,0.042096361210892747
8387,1,0.8517305811804226,0.8056723201263575
8388,1,0.9973249866501366,0.9971581946777405
8389,0,0.023212891087792106,0.01876081014702906
8390,0,0.12253766593305757,0.09206155239698574
8391,1,0.9794022448502301,0.9749630749965812
8392,0,0.04539756555357148,0.035362994329351034
8393,0,0.1330245878093439,0.09982390777412942
8394,1,0.9529865140450771,0.9401701262995715
8395,1,0.9968659930264856,0.9966344771473608
8396,1,0.9939041488357379,0.9931525731130626
8397,1,0.7809591797731301,0.7158722916566043
8398,1,0.3472280799079226,0.2689648369492529
8399,1,0.9645113839209063,0.955482246094577
8400,0,0.9169315654360765,0.8918900139149093
8401,0,0.024695183227435406,0.019886741886373217
8402,1,0.9917253320002255,0.990513684721684
8403,0,0.1951670290525216,0.14657559795053102
8404,0,0.010133262597986433,0.008617126552430798
8405,1,0.997811229084197,0.9977063718835372
8406,0,0.762055865619383,0.692690756912833
8407,0,0.0558638488792053,0.04308416736112134
8408,1,0.9977101719158361,0.9975930654637758
8409,1,0.9898984931452607,0.9882659671910493
8410,1,0.9978781698669055,0.9977812326521174
8411,0,0.010694985055705444,0.009063836860965761
8412,1,0.9542273593964072,0.9418246190506173
8413,0,0.06172802704160449,0.04739517723965725
8414,1,0.9977563583549183,0.9976448931657903
8415,1,0.9736827241772468,0.9675383903754301
8416,0,0.08662613346533113,0.0656523198274726
8417,1,0.9973823641215287,0.9972232578284426
8418,1,0.9874442983674053,0.9852071148901432
8419,0,0.015034949051762982,0.012473788815167475
8420,1,0.8988915197643932,0.8677952028088737
8421,1,0.9961079065459604,0.9957584242654275
8422,0,0.08008005079837471,0.06085430881268406
8423,0,0.11886622258578688,0.08935057917041624
8424,0,0.07032778689399079,0.05370578270311457
8425,0,0.09313269487408232,0.07042367495982287
8426,1,0.1796132685543775,0.1347343712475793
8427,0,0.01218259500211277,0.010240356846825598
8428,1,0.52663029501105,0.43352890849955084
8429,1,0.9941132535509989,0.9934029328845004
8430,0,0.12312319667380811,0.0924942060517693
8431,1,0.5104009547473807,0.41757730480403127
8432,1,0.910097484434811,0.8827479170872807
8433,0,0.007514976720401653,0.006513549481025706
8434,0,0.6796904917040489,0.5958569283794385
8435,1,0.997148372420877,0.9969573397372959
8436,0,0.23370751857187624,0.1763939881780026
8437,1,0.9909569053655061,0.9895716589825946
8438,0,0.2864965432283957,0.21848814223979232
8439,0,0.04142384083491406,0.03241846236158145
8440,1,0.9929281593670096,0.99197691422345
8441,0,0.026185275247707883,0.021015304170540892
8442,0,0.03936193013271263,0.030886873769428207
8443,0,0.05788061275842304,0.04456771883692791
8444,0,0.04459882583037299,0.034771819836197995
8445,0,0.0602325114553843,0.04629651296462151
8446,1,0.9976921194676482,0.9975727887411435
8447,0,0.024305961366971652,0.019591421802049768
8448,1,0.9496674933070397,0.9357395941771846
8449,0,0.07333880603629023,0.05591336557011663
8450,1,0.9911539464069019,0.9898137136025669
8451,0,0.0145365059638489,0.012085382168003875
8452,1,0.9952351403541184,0.9947356966487788
8453,1,0.23587303500490303,0.17809111032537384
8454,1,0.9691181827467769,0.9615569768121079
8455,1,0.922927856582854,0.8999214480776571
8456,0,0.008410540239942308,0.007237422381459174
8457,0,0.07660057265667361,0.05830420163464632
8458,1,0.9978837735629729,0.9977874921492619
8459,1,0.9976947353807826,0.9975757276329036
8460,1,0.9538296961494133,0.941294514191444
8461,0,0.021975940450969452,0.017818514491187307
8462,1,0.98904567494639,0.9872076695283585
8463,1,0.9977379942917407,0.9976242946659235
8464,0,0.09546946659856605,0.07213819483416037
8465,0,0.49188150826068383,0.3996505724822304
8466,1,0.9978777534598322,0.9977807674681045
8467,1,0.33401257230039044,0.25778001811095097
8468,1,0.9590633595720196,0.948260679412297
8469,1,0.9979243254475917,0.997832756154508
8470,0,0.6649226873075176,0.5792137006752567
8471,1,0.7656853529462411,0.6971142623884128
8472,1,0.9979043739727609,0.9978104937453346
8473,0,0.014784230083437615,0.012278510729959806
8474,0,0.14276042265033814,0.10705816093734835
8475,0,0.05540717488966808,0.042748077454189626
8476,1,0.9968689248574094,0.9966378396786805
8477,0,0.1890516864520953,0.14190755531372803
8478,0,0.027429984820969207,0.021955687476554984
8479,0,0.5617115894929858,0.4688028829037435
8480,1,0.6329036830311716,0.543867574078718
8481,0,0.13076749646889652,0.09815072397990855
8482,0,0.19273998265194542,0.14472099386824816
8483,0,0.12626120579029665,0.09481437531613418
8484,0,0.6838988317088497,0.6006394571465342
8485,0,0.15649429867208786,0.11731464511088102
8486,1,0.8981726434661434,0.8668378936267035
8487,0,0.07823703919346023,0.05950358421646882
8488,1,0.9357930846992168,0.9171667953795576
8489,0,0.05785775762708966,0.0445509123636774
8490,0,0.10817358227654969,0.08147214290601414
8491,0,0.0518160796855813,0.04010294304881165
8492,1,0.7524512945234272,0.6810482923202411
8493,1,0.9908046463821372,0.9893843895331711
8494,0,0.05608380808763126,0.04324602537126969
8495,1,0.7829332184212319,0.7183133705055117
8496,1,0.9972839244739523,0.9971115742808151
8497,1,0.9980397832930411,0.9979612979951425
8498,0,0.13183186570752903,0.09893956402379142
8499,0,0.30711594410455517,0.23536616072314537
8500,0,0.852475351960742,0.8066408726207465
8501,0,0.021786931832505595,0.017674298179276304
8502,1,0.9537356197729838,0.9411690884472884
8503,1,0.9970549510325529,0.9968507531353021
8504,1,0.9046150683721021,0.8754257706563038
8505,1,0.8344325307788855,0.783306355807776
8506,1,0.9644140499926963,0.9553535521334313
8507,0,0.010852361566235001,0.009188737531404971
8508,0,0.09035263831503632,0.06838461071894414
8509,0,0.03990245024434381,0.031288640874208955
8510,0,0.07766875131011455,0.05908708603122325
8511,0,0.010635812929771641,0.009016847229905983
8512,0,0.07417189046656512,0.05652405171828439
8513,1,0.9843548095900883,0.981305863689892
8514,0,0.5302448680939483,0.4371128427361803
8515,0,0.06140889285533477,0.04716076693436586
8516,1,0.9107357433026875,0.8836010926510314
8517,0,0.18062299887677516,0.1354999838528171
8518,0,0.016538718384917647,0.01364133082328922
8519,1,0.678718231425192,0.594754524821933
8520,0,0.1652301576047729,0.12387297120166652
8521,1,0.996604068710645,0.9963332437837019
8522,1,0.997680868184205,0.9975601457289719
8523,0,0.014757374017287486,0.012257582297403006
8524,0,0.15501620063654079,0.11620771057465214
8525,0,0.35913136348743313,0.2791392946611704
8526,0,0.012685138381153224,0.010635857899032802
8527,0,0.01755736140761965,0.014428866293715814
8528,0,0.0753028501218413,0.057353038797353706
8529,1,0.9978004520353146,0.9976943051310291
8530,1,0.9937399054564493,0.9929555320956269
8531,1,0.9759655169617298,0.9705124086012313
8532,0,0.04076215592784409,0.031927260494780826
8533,1,0.996301716084363,0.9959835789290556
8534,1,0.9344746305263469,0.9153995060038872
8535,1,0.9974733170376402,0.9973261958735609
8536,0,0.008465734694144767,0.007281875810778625
8537,1,0.15061284789316354,0.11291458894878678
8538,1,0.13105327751398413,0.09836249506908387
8539,1,0.9233753561979849,0.9005211041211829
8540,0,0.25153465309643336,0.19043823949365996
8541,1,0.9977312945035175,0.9976167768598104
8542,0,0.12456336415867147,0.0935587213287463
8543,0,0.12605416953986265,0.09466122006251532
8544,1,0.8789056516045144,0.8412869607546111
8545,0,0.008781118492895534,0.0075355499813092456
8546,1,0.9947152940783381,0.9941204390258841
8547,1,0.9963841161564304,0.9960790695201451
8548,0,0.30947926598380526,0.2373172637844886
8549,0,0.032916274841659925,0.026078833599437544
8550,1,0.6571277725871727,0.5705160525893436
8551,1,0.9976266201917852,0.9974991295856233
8552,1,0.17515726965021586,0.13136065159528337
8553,0,0.07219132095624636,0.055072143337924685
8554,1,0.055118165134513536,0.042535348857365554
8555,0,0.08499829901717237,0.06445904563114106
8556,1,0.9977476183024989,0.9976350910909407
8557,1,0.9436948296276355,0.9277520916264216
8558,1,0.9979509066256045,0.9978623936027763
8559,0,0.3002760285673899,0.22973872560739192
8560,1,0.9722776068920156,0.9657017028994742
8561,1,0.970105232114362,0.9628539197713054
8562,1,0.668712729161917,0.5834643916969708
8563,1,0.9976980967568696,0.9975795036961344
8564,0,0.029403155575998853,0.023442445794604843
8565,0,0.03801301902786964,0.02988335121595678
8566,0,0.09471872502566582,0.07158730192032368
8567,0,0.2221703364731888,0.16739237927790937
8568,0,0.471381637942471,0.3801417468954853
8569,0,0.0340699424058567,0.026941936306574606
8570,0,0.03805895290535945,0.0299175450552783
8571,0,0.78689159237937,0.7232197138741202
8572,0,0.09175946116478098,0.06941637368404444
8573,1,0.9964029815837991,0.9961009116704738
8574,1,0.9243253809083423,0.9017942491391711
8575,0,0.05927484243715976,0.045592720997432834
8576,1,0.9978325413042884,0.9977302226947472
8577,1,0.8825389297735862,0.8460881968827476
8578,0,0.0683920022912074,0.05228611783541877
8579,1,0.16084707083211391,0.12057893429180201
8580,1,0.9882579922239729,0.9862257010618364
8581,0,0.013012676967103393,0.01089314009550272
8582,0,0.14064998373839566,0.10548755062815464
8583,0,0.08519062089778068,0.06460001945642398
8584,0,0.2995452295921417,0.22913916826829697
8585,1,0.7415197784472219,0.6679095769587645
8586,0,0.114963251534406,0.08647205361072127
8587,1,0.9980453657535454,0.9979675002959766
8588,0,0.046372811131128636,0.036084372928713054
8589,0,0.9520231171543492,0.9388848216221899
8590,0,0.03751570105274527,0.02951304127841612
8591,0,0.9181377909565136,0.8935049970197108
8592,0,0.4252868744424987,0.33751303153751583
8593,1,0.9974849763495204,0.9973393736620673
8594,1,0.996292891518086,0.99597334395666
8595,0,0.06671467850073956,0.05105566999308995
8596,0,0.038602504595366426,0.030322057132482996
8597,1,0.06962950498520387,0.053193719741282335
8598,1,0.9977230411817568,0.997607513773236
8599,1,0.913305512838456,0.8870375617058452
8600,0,0.0736058491920167,0.0561091236134388
8601,1,0.9756154185094528,0.970057150969804
8602,0,0.17288654342494741,0.12964451738885568
8603,1,0.8482213205039961,0.8011146963440308
8604,0,0.15208439708660917,0.1140143691953286
8605,1,0.7667317385271601,0.6983919929324994
8606,0,0.9488856544711296,0.9346949698619821
8607,0,0.0642177781555203,0.04922330176224314
8608,0,0.06575733702946221,0.05035322451061038
8609,1,0.9976040558558565,0.9974737221239559
8610,1,0.48903467084868524,0.3969205114084964
8611,1,0.9393841676112802,0.9219791731629119
8612,0,0.021982198878486972,0.017823288684528205
8613,0,0.06266965310219742,0.04808670611527127
8614,1,0.996840080556585,0.9966047488410714
8615,0,0.022751153475131805,0.01840936480316965
8616,0,0.015280077947752395,0.012664536463422898
8617,1,0.9977458168779376,0.9976330704508737
8618,0,0.04638554613059996,0.03609378980938703
8619,1,0.9975904337022905,0.9974583757201498
8620,1,0.9943878088895102,0.9937307726502355
8621,0,0.18248838706417747,0.13691549565841415
8622,0,0.12306239026491872,0.09244927173620755
8623,0,0.14254161703188264,0.10689525871651123
8624,0,0.009654631052152692,0.008235328065512667
8625,1,0.956026085641502,0.9442208632869327
8626,0,0.32106888761962926,0.24693605830841484
8627,1,0.9978794751118436,0.9977826907502433
8628,0,0.06258471517109156,0.048024334600769915
8629,0,0.02647115679662696,0.02123147030424789
8630,1,0.9977893257884141,0.9976818431879718
8631,1,0.6014401070308301,0.5101031952378425
8632,1,0.777665652917792,0.7118080363065901
8633,1,0.9927014143652197,0.9917022217197963
8634,1,0.9770985935615646,0.9719835692381661
8635,0,0.07031107889009715,0.05369353093955158
8636,1,0.7120830125878999,0.6331262712655179
8637,0,0.11725725819768973,0.08816352135491684
8638,0,0.06476344050930712,0.049623819072328344
8639,1,0.98979490696668,0.9881377073599474
8640,1,0.9699130931994383,0.9626015980724838
8641,1,0.9301238690153782,0.9095669017587976
8642,1,0.8930771748660423,0.8600599397917916
8643,0,0.06588343165875778,0.05044575315026394
8644,1,0.99792880585937,0.9978377535317877
8645,0,0.01230299108440576,0.010335193316136736
8646,1,0.9481812772476395,0.9337535653804301
8647,0,0.009673445626129457,0.008250357307405774
8648,1,0.6272656077338011,0.5377472544515766
8649,0,0.1116966732205128,0.08406540032211479
8650,1,0.26829670174534725,0.20380001792045865
8651,1,0.09237378096207152,0.0698669705239645
8652,1,0.8391102910723829,0.7893295710387872
8653,1,0.522373970384776,0.42932331242738436
8654,1,0.9963524569551017,0.9960423977946362
8655,0,0.09875374768464791,0.07454898298476524
8656,0,0.04435016869570903,0.03458771262447495
8657,0,0.29279274677986017,0.22361467023331952
8658,1,0.8319709563894615,0.7801444096657868
8659,0,0.09727943503598697,0.07346661552070158
8660,0,0.11615950221665798,0.08735395564562601
8661,0,0.011023717130624344,0.009324610690492709
8662,0,0.9512666392446727,0.9378751446102696
8663,0,0.14479042397856098,0.1085702350095777
8664,0,0.011664763333993744,0.009831827957653317
8665,1,0.35107310809116365,0.27224091972003656
8666,0,0.03361749037717612,0.02660358497974442
8667,1,0.9178380718434282,0.8931036774699477
8668,1,0.9940016474107225,0.9932693783808219
8669,1,0.8918666694336448,0.8584517668605932
8670,0,0.03727064534891367,0.029330501622044734
8671,0,0.00792067492468901,0.006842090433837981
8672,1,0.6871076343803456,0.6042979566356289
8673,1,0.9626180230516047,0.952976593837515
8674,0,0.07975783245556456,0.0606181588142603
8675,1,0.8800042981750968,0.8427378778568433
8676,0,0.07476944258265546,0.05696206110764951
8677,1,0.8784285462493984,0.8406571232501525
8678,1,0.8198482382403995,0.7646511248125497
8679,1,0.7524090937056043,0.6809973405614684
8680,0,0.01106498742252197,0.009357316457573246
8681,1,0.9118355199292589,0.8850715203316543
8682,1,0.5550524966796051,0.4620224167915272
8683,1,0.5542114107763265,0.46116885556489784
8684,0,0.3356337999093201,0.2591459196308576
8685,0,0.20560385149129762,0.15458091924151526
8686,0,0.2719643640008031,0.20674463463272857
8687,0,0.6589524322616085,0.5725466473407117
8688,0,0.09758595106013049,0.07369162149122732
8689,0,0.015285162715488812,0.012668491366189609
8690,1,0.9356747077830285,0.9170081273643147
8691,0,0.9178445290400012,0.893112323332672
8692,0,0.2171550863433217,0.16349998130707147
8693,1,0.9500770984104416,0.9362867370168485
8694,0,0.09557706999952278,0.0722171592296374
8695,1,0.9968702172846724,0.9966393219027048
8696,1,0.8752600675095664,0.8364782033220625
8697,0,0.04921257168139392,0.03818240072410943
8698,1,0.8537038472356088,0.8082394702535854
8699,0,0.06878832714965509,0.0525768055019405
8700,1,0.95142727080667,0.9380895714264063
8701,0,0.13591627008821566,0.1019696345511806
8702,1,0.9969605059602981,0.9967427670108228
8703,1,0.9845006374428853,0.9814910910374789
8704,0,0.05035485026643395,0.0390253533065463
8705,0,0.06703201904284639,0.05128849046555062
8706,0,0.016765385978028048,0.0138167960890416
8707,1,0.9438683736647318,0.9279843880752789
8708,0,0.3789995775241174,0.29633929352921423
8709,0,0.015049760372229506,0.012485319196687028
8710,0,0.37683782361418994,0.29445443943397986
8711,1,0.48909240676486154,0.3969758116884782
8712,1,0.8485289142115051,0.8015137782739788
8713,0,0.009280101974463013,0.007935779326831689
8714,1,0.9830395462288588,0.9796309277377766
8715,0,0.06668099494528211,0.05103095690834038
8716,0,0.06391004829663319,0.04899740634607705
8717,0,0.0696194415691852,0.0531863397170239
8718,0,0.04085116255865491,0.03199335057160903
8719,1,0.9975456793631979,0.9974079153659045
8720,0,0.13237753166287372,0.09934409824086884
8721,0,0.042127826880649255,0.03294077115575185
8722,0,0.015949467467095583,0.013184562804964228
8723,1,0.9977228599881903,0.9976073103857384
8724,0,0.6834439475215164,0.6001216560025336
8725,1,0.7145374088764496,0.635993129394089
8726,1,0.8489123770831257,0.8020114042104673
8727,0,0.008390168772231175,0.007221010779557594
8728,0,0.06496930471298047,0.04977491177414144
8729,0,0.04658695071936862,0.03624270792085665
8730,1,0.9381355670988472,0.9203061811281928
8731,1,0.9145630853831798,0.8887200390499227
8732,0,0.8565145534067002,0.8119014724703171
8733,1,0.6870275845587712,0.6042065630597486
8734,0,0.02817256494029952,0.022515763761338573
8735,0,0.8377889625027355,0.7876262756696297
8736,1,0.9976707193592491,0.9975487379812336
8737,0,0.21508637429704372,0.1618979917394784
8738,1,0.2962747011020267,0.22645996299671603
8739,0,0.03720135136617969,0.029278876972967802
8740,1,0.9363227294603945,0.9178766909591134
8741,0,0.25735385574806074,0.19505940328205515
8742,0,0.039379704521218736,0.030900088560737494
8743,0,0.07511231387325422,0.057213380657447216
8744,1,0.691419176563667,0.6092299548412696
8745,1,0.9977497733031657,0.9976375081900254
8746,0,0.18275270747936995,0.13711618693316113
8747,1,0.57275895870261,0.48014071451756696
8748,0,0.7862737979454799,0.7224529628107026
8749,1,0.9976628904475453,0.9975399356234527
8750,1,0.8612227816770635,0.8180495960096882
8751,0,0.020242673881091168,0.016493556219938733
8752,0,0.7641777064026075,0.695275201196071
8753,0,0.08970151710210292,0.0679071343471092
8754,0,0.04728332247060306,0.03675745696122773
8755,0,0.9290032733906717,0.9080646159187539
8756,0,0.36414201894095577,0.2834511414655931
8757,0,0.12232686899814971,0.09190581340269124
8758,1,0.8508541886165725,0.8045331721116468
8759,0,0.021013975418067272,0.017083851882697565
8760,0,0.4816699018946963,0.38988918620427065
8761,0,0.4410375474230175,0.3518911689236582
8762,0,0.04330198677943339,0.03381126703860213
8763,0,0.018997656243632234,0.015538216719484884
8764,0,0.016876873784250193,0.013903051964680606
8765,1,0.9979420246029372,0.9978524932211791
8766,0,0.021621846530092054,0.017548283767692824
8767,1,0.998053111851075,0.9979761044771779
8768,1,0.9980228325204276,0.9979424577813218
8769,1,0.9408038521964687,0.9238809932688855
8770,0,0.03569552171721542,0.028156096849213542
8771,0,0.030499153874516155,0.024266318259952045
8772,0,0.017386044099563576,0.014296595020948474
8773,1,0.9972331224868932,0.9970538299299195
8774,1,0.9977889169862877,0.9976813852284332
8775,1,0.9934822840099322,0.9926457925456744
8776,0,0.00959061267196681,0.008184176428098783
8777,1,0.9004299234601145,0.8698446976953816
8778,1,0.897575687411904,0.866043136850269
8779,1,0.446802729351081,0.35720223153034864
8780,0,0.014544988897258079,0.012091998611397484
8781,1,0.9970855119407869,0.9968856461914161
8782,0,0.1266870994135945,0.09512946557462665
8783,0,0.9976924060115455,0.9975731106747238
8784,0,0.2984202253514622,0.2282168356467343
8785,0,0.03984935195295481,0.03124918173205517
8786,1,0.9945109274506672,0.9938774480705792
8787,0,0.013597802910332673,0.011351836966603149
8788,0,0.00748116526854112,0.006486119902651833
8789,0,0.05680407631762123,0.043775943853023476
8790,1,0.8074593079003861,0.7489561605152047
8791,1,0.9034902174970787,0.8739249672298663
8792,1,0.9946390919107717,0.9940299058525108
8793,1,0.9131265433326761,0.8867981620278609
8794,0,0.008434526194906464,0.007256742768397254
8795,1,0.935868607544285,0.9172680225431142
8796,0,0.2007952881985704,0.15088647963105686
8797,1,0.9536693908144964,0.9410807858891125
8798,1,0.0929399324329841,0.07028226796372096
8799,1,0.9043610817370156,0.8750868479454702
8800,1,0.15562441135133284,0.11666310085094984
8801,1,0.9976773611486365,0.9975562040404347
8802,0,0.03899287906783147,0.030612445046472543
8803,1,0.6675029769479542,0.5821060566396394
8804,0,0.2011275069210464,0.15114138427922777
8805,0,0.034428988753870716,0.02721030727034766
8806,1,0.9934781949886788,0.9926408698082552
8807,0,0.01839429020122179,0.015074057705576087
8808,1,0.8579406812215032,0.81376192600617
8809,0,0.1263343067901004,0.09486845450627632
8810,0,0.2277100137719983,0.1717062233534565
8811,0,0.029332524091855175,0.023389305353911257
8812,1,0.9969435485021534,0.9967233541620756
8813,0,0.1785221932208936,0.13390755095979165
8814,1,0.9977002767297907,0.997581952409025
8815,1,0.8394104900391062,0.7897167597918896
8816,0,0.4390690965302654,0.3500837348077221
8817,0,0.814220111014387,0.7575034850128723
8818,0,0.2167790148217687,0.1632086015602988
8819,1,0.9979316013259847,0.9978408711776809
8820,0,0.7167028377223481,0.6385274929712885
8821,0,0.5385377314908054,0.4453788652377694
8822,0,0.05581091380812073,0.043045212791242765
8823,0,0.020078588378651556,0.01636782865632936
8824,1,0.07367078010235022,0.05615672111414816
8825,0,0.011944025827480663,0.010052273040980653
