val_index,val_sequence,best_train_identity_by_longer,best_train_containment_by_shorter,best_train_length_ratio,best_train_index,best_train_sequence,is_exact_duplicate,null_mean_identity,null_p_value,excess_over_null
0,VAMDPVGTKDGDWVFTIANSAARDAAG,0.25925925,0.28,0.9259259,2214,AARAGGNADGDGFSVVADEVKDLAE,False,0.26106116,0.55,-0.001801908
1,GADAILCVSPYYNRPTQQGLFEHYK,0.1923077,0.2,0.96153843,7143,VSCADILTMATRQFDNVYYKNLQQGK,False,0.17526115,0.5,0.017046541
2,GAIQRVAEENRITREAQLIEA,0.2857143,0.3,0.95238096,3631,ARDDEEYAEFIEQQREAGLV,False,0.2949986,0.75,-0.009284288
3,VLEKDCPPHPVPGMHKCVCLKTC,0.3478261,0.42105263,0.82608694,4311,CCGVPNAACPPCVCNKTCG,False,0.24935696,0.05,0.09846914
4,GDLPICGETCFGGTCNTPGCVCAWPVCNR,0.9310345,0.9310345,1.0,7313,GDLPVCGETCFGGTCNTPGCVCAWPVCTR,False,0.29811615,0.0,0.63291836
5,MSQEIVTVSLIISILVLSGLTMGFILLKIQK,0.53125,0.5483871,0.96875,2868,MAKEIFTVAGVMWALVLTGLSVGFGLLKIQGE,False,0.30381253,0.0,0.22743747
6,RGSNLTHPLRNI,0.5714286,0.6666667,0.85714287,1434,RGSLTILPLRNIID,False,0.3624451,0.05,0.20898351
7,TLQMLRGVQICCPYILWCCLIP,0.5652174,0.59090906,0.95652175,686,TLQSLSMARICCSRKLWCCGIPF,False,0.24334756,0.0,0.32186982
8,INIKDILAKLVKVLGHV,0.7647059,0.7647059,1.0,2035,IKIMDILAKLGKVLAHV,False,0.37217453,0.0,0.39253137
9,SPEVMKSLSENFCKAMDQCKQELNLPDEVIKDLYN,0.5714286,0.5714286,1.0,5554,SKEVMKQMTINFAKPMEACKQELNVPDAVVQDFFN,False,0.16714284,0.0,0.40428576
10,SSSLAGSGAYMARGGKAETTTVFFHEEA,0.25,0.25,1.0,8246,SLAQSVMSMASSQISTDTVSSMSGSYIA,False,0.2545238,0.85,-0.0045238137
11,CVPYEGPCNWLTQNCCDELCVFFCL,0.7307692,0.76,0.96153843,6100,CVPYEGACNWLTQNCCDAVCVVFFCL,False,0.27568752,0.0,0.4550817
12,ATVKVTLIKSVTGRIPNHKLVKGL,0.6666667,0.6956522,0.9583333,3951,ATVKVTLVKSLNGRIANHKAVGL,False,0.28611183,0.0,0.38055485
13,HLACANGHPEVVALLVDRGCQLDVFDNKNRTA,0.23529412,0.25,0.9411765,6726,AANNKATDLMALTVRGCCAHLPCALMYTACSWGR,False,0.22196889,0.2,0.013325229
14,CTPAGDACDATTKCCIPFCNLATKKCQVPTFP,0.9375,0.9375,1.0,3116,CTPAGDACDATTECCILFCNLATKKCQVPTFP,False,0.2547085,0.0,0.6827915
15,AIIKIKVKAVCKLCICGCNCK,0.33333334,0.4117647,0.8095238,2781,AVNIPFKVKFRCKAAFC,False,0.32809165,0.65,0.005241692
16,MCDILLNVLNIVFIGIAIILVIIC,0.2962963,0.33333334,0.8888889,3584,MKIILWAVLIIFLIGLLVVTGVFKMIF,False,0.2977958,0.3,-0.0014995039
17,FWGAAAKMLGKALPGLISMFQKN,0.5,0.5217391,0.9583333,5538,FWGALAKGALKLIPSLFSSFSKKD,False,0.3257227,0.0,0.1742773
18,ADVPGNYPLDKNGNRYY,0.3529412,0.4,0.88235295,3796,QLYPLVMAGNRTQNL,False,0.26168302,0.15,0.09125817
19,LTHGFTVDEKGEKMSKSKGNV,0.1904762,0.23529412,0.8095238,5687,GEEEYQKMLEKSKRSRS,False,0.24953723,0.85,-0.059061036
20,FLPAIAGVAAKFLPKIFCAISKKC,0.9583333,0.9583333,1.0,1202,FLPFIAGVAAKFLPKIFCAISKKC,False,0.31562105,0.0,0.64271224
21,VVGCWQPWC,0.6,0.6666667,0.9,4177,VVGCPWQPWC,False,0.45202026,0.0,0.14797977
22,RRRRRRRRHRRRRGRRGRRSRGRR,0.75,0.875,0.85714287,3555,RRRRRRRGHRGRRGRGGRRSRGRRRRAA,False,0.56976193,0.0,0.18023807
23,LFPGKFNQVSSQQMAIQAYEDMVTQVQRSQ,0.22857143,0.26666668,0.85714287,4240,ANNFDLMYEQVKFYGEVTQQMLKVSVLEMDGQFDR,False,0.1730063,0.1,0.055565134
24,RDPCCYHPTCNASNPQIC,0.9444444,0.9444444,1.0,3087,RDPCCYHPTCNMSNPQIC,False,0.36052638,0.0,0.58391804
25,DCCQRNFLCC,0.9,0.9,1.0,3102,DCCRRNFLCC,False,0.43999997,0.0,0.46
26,MLLNKTKWVSEKLISLEQGVVVLIKK,0.3846154,0.3846154,1.0,2367,GLLQTIKEKLESLESLAKGIVSGIQA,False,0.2986583,0.05,0.08595708
27,SVSNIPESIGF,0.30769232,0.36363637,0.84615386,3823,GDVVANPESVELK,False,0.34568772,0.85,-0.037995398
28,QDCAAGGQFCGFPKIGGPCCSGWCLGVCA,0.79310346,0.79310346,1.0,5123,EDCEAGGRFCGFPKIGEPCCSGWCFFVCA,False,0.30461514,0.0,0.48848832
29,GRCCHPACAKYFSC,0.93333334,1.0,0.93333334,4166,NGRCCHPACAKYFSC,False,0.39809525,0.0,0.5352381
30,TCEPSGKPCRPLMRIPCCGSCVRGKCA,0.44444445,0.46153846,0.962963,6730,CKGTGKPCSRIAYNCCTGSCRSGKCG,False,0.30158824,0.0,0.14285621
31,MMKLVIILVVLLLLSFPTY,0.7894737,0.7894737,1.0,1216,MMKLVIILIVLLLVSFAAY,False,0.34434208,0.0,0.44513163
32,YKSDSFYGLM,0.7,0.7,1.0,2338,HKLDSFIGLM,False,0.30219698,0.0,0.397803
33,GSGKTLLAETLARLLDV,0.3529412,0.3529412,1.0,4802,GGGGSGETSGMWFGPRL,False,0.3396577,0.6,0.013283491
34,QSDDYGHMRF,0.8181818,0.9,0.90909094,7796,EQFDDYGHMRF,False,0.19583333,0.0,0.6223485
35,MDPAGPDNDERFTYDYYRLRVVGLIVAAVL,0.36666667,0.44,0.8333333,7230,VNEPADARFTYDYGLVVGLIVAAVL,False,0.22997646,0.0,0.13669021
36,GFLDKLKKGASDFANALVNSIKGT,0.7916667,0.7916667,1.0,5304,GFLEKLKTGAKDFASAFVNSIKGT,False,0.29861373,0.0,0.49305296
37,FLPLLAGLAANFLPKIFCKITRK,0.9583333,1.0,0.9583333,2752,FLPLLAGLAANFLPKIFCKITRKC,False,0.33447063,0.0,0.6238627
38,MSMGIAARPPRAALLPPPSVPRSR,0.26666668,0.33333334,0.8,8162,MTDAQVFTILAIALVPAVMALLLGSALARS,False,0.28941238,0.85,-0.022745699
39,GNNRPVYIPQPRPPHPRI,0.9444444,0.9444444,1.0,3408,GNNRPVYIPQPRPPHPRL,False,0.35138893,0.0,0.5930555
40,MTDAQVFTILAIALVPAVMAALLGSALARS,0.96666664,0.96666664,1.0,8162,MTDAQVFTILAIALVPAVMALLLGSALARS,False,0.29341963,0.0,0.673247
41,ARFLFGSSFPVL,0.33333334,0.4,0.8333333,139,KEGYLFGSRG,False,0.41967946,1.0,-0.08634612
42,EDTGTFEEGHGGVR,0.42857143,0.5,0.85714287,188,QGVGEEGLFGGR,False,0.34533438,0.15,0.08323705
43,FFPLIPGVRCKILRTC,0.5,0.5714286,0.875,937,FVLPLVMCKILRKC,False,0.32013994,0.0,0.17986006
44,LRRDQVMEGVPELVEEVQIEAV,0.30769232,0.36363637,0.84615386,5704,KYLEQIEELYEDFNVVRMPLLVEEVR,False,0.27611938,0.2,0.031572938
45,IHAHNNDQYTDGLRSPVIIHPDDPADI,0.18518518,0.2173913,0.8518519,4664,NPVDDIIAKPRDIPMNPMIYRSP,False,0.21067998,0.85,-0.025494799
46,GLLDGLLGGLGL,0.9166667,0.9166667,1.0,8474,GLLDGLLGTLGL,False,0.60461545,0.0,0.31205124
47,GWWGNNNEKRFQMLEKFEPIKGALG,0.2,0.22727273,0.88,7863,TRAKFNELTHDLVQRTLEPIKK,False,0.23053846,1.0,-0.030538455
48,ASEALVEIKPGEIGMVSGIPDEHLRRFVVI,0.2,0.22222222,0.9,5933,AVETSEIKKSDVVLEVGPGFGFLTDEL,False,0.23039405,0.9,-0.030394047
49,HSDAVFTDNYTRLRKQMAVKKYLNSILN,0.85714287,0.85714287,1.0,8053,HSDAVFTDNYSRFRKQMAVKKYLNSVLT,False,0.20890291,0.0,0.64824
50,DEAVVHDSYAFDKNQLIPVGARAE,0.17857143,0.20833333,0.85714287,6335,TRRTAFLFDELSLWHSASQYALILPVGG,False,0.23582439,0.95,-0.05725296
51,IREHERSEV,0.0,0.0,0.0,-1,,False,0.3019697,1.0,-0.3019697
52,KRFKKFFKKLKNSVKKRAKKFFKKPRVIGVSIPF,0.9117647,0.9117647,1.0,4487,KRFKKFFRKLKKSVKKRAKEFFKKPRVIGVSIPF,False,0.32352936,0.0,0.5882353
53,SPASGFFGMR,0.9,0.9,1.0,4610,TPASGFFGMR,False,0.40727276,0.0,0.49272722
54,SDDIVIDGHLAAWI,0.21428572,0.25,0.85714287,7585,QLASDDYGHMRF,False,0.3095063,1.0,-0.09522058
55,IICAPEGGPCVAGIGCCAGLRCSGAKLGLAGSCQ,0.38235295,0.3939394,0.9705882,1472,DCKPEGYSCAGEEPCCEGLRCMTSGGGAICVTQ,False,0.2760084,0.0,0.10634455
56,QEKPYWPPPIYPM,0.84615386,0.84615386,1.0,3439,QDKPFWPPPIYPM,False,0.3876145,0.0,0.45853937
57,TAANVKIFNTEEVQNFINLL,0.25,0.3125,0.8,3605,YSNVSILLTEQINLYL,False,0.2618292,0.9,-0.011829197
58,SKVFYLKMKGDYHRYM,0.22222222,0.25,0.8888889,2933,SGYLPGKEYVYKYKGKVF,False,0.2819118,1.0,-0.059689566
59,EGLQEDKKIRNCIKNYIQKNRKKGSNR,0.25925925,0.26923078,0.962963,809,GVKDYFKKLLQKVINKIKSFRKKQEA,False,0.2511111,0.6,0.008148164
60,CIGLSNYCGPWNNPPCCSRWICESRYCDFPNVLS,0.5,0.5483871,0.9117647,6686,GVDCVGLSSYCGPWNNPPCCSWYTCDYYCKF,False,0.23495802,0.0,0.26504198
61,EDAKEELYSLVTVAEIPEGGLKGLGTQV,0.2857143,0.3478261,0.8214286,4298,GLVTSLIKGAGKLLGGLFGSVTG,False,0.2743643,0.5,0.011350006
62,ELICKPDGLAYPVQDGIPVLLEVE,0.25,0.3,0.8333333,8293,EGPVGLADPDGPASAPLGAP,False,0.26599142,0.8,-0.01599142
63,DCPPWCPTSHCNAGTC,0.9411765,1.0,0.9411765,5452,RDCPPWCPTSHCNAGTC,False,0.37471512,0.0,0.5664613
64,IIGPVLGLIGKALGGLL,0.7647059,0.7647059,1.0,3097,ILGPVLGLVSNALGGLL,False,0.43388495,0.0,0.33082095
65,HPKPNSFW,0.5,0.5714286,0.875,2783,EPNSMWS,False,0.36458334,0.0,0.13541666
66,FALGAVTKLLPSLLCMITRKC,0.85714287,0.85714287,1.0,1452,FALGAVTKRLPSLFCLITRKC,False,0.31964287,0.0,0.5375
67,DKSLKNIKLTR,0.3846154,0.45454547,0.84615386,283,GLKKVIKLLRPLL,False,0.3807401,0.5,0.0038752854
68,MEALVYTFLLVSTLGIIFFAIFFREPPKVPDRGSK,0.9714286,0.9714286,1.0,1209,MEALVYTFLLVSTLGIIFFAIFFREPPKVPDRGGK,False,0.23428568,0.0,0.7371429
69,GLFSVVTGVLKAVGKNVAGSLLEQLKCKISGGC,0.8484849,0.8484849,1.0,4789,GLFDVVKGVLKGAGKNVAGSLLEQLKCKLSGGC,False,0.27874464,0.0,0.56974024
70,QCCPTMPECCRI,0.8333333,0.8333333,1.0,1143,QCCITIPECCRI,False,0.44873625,0.0,0.38459706
71,DGCPPHPVPGMHPCMCTNTC,0.45,0.5,0.9,6223,CCGVPNAACHPCVCKNTC,False,0.30250004,0.0,0.14749995
72,FLPFIAGMAAKFLPKIFCAISKK,0.9583333,1.0,0.9583333,146,FLPFIAGMAAKFLPKIFCAISKKC,False,0.32102498,0.0,0.63730836
73,IIGGYECKPHSQPWQAFLVDNK,0.4090909,0.42857143,0.95454544,6675,IIGGDECNINEHPFLVALYDA,False,0.13428466,0.0,0.27480626
74,ADHAGAAKEVRSADHTPKRFLHDVRGP,0.25,0.25925925,0.96428573,4779,HAAATQPQVRALAMIAATPRFVRGSDWP,False,0.24777643,0.5,0.0022235662
75,GFRDVLKGAAKQFVKTVAGHIANI,0.9583333,0.9583333,1.0,4665,GFRDVLKGAAKAFVKTVAGHIANI,False,0.29850268,0.0,0.65983063
76,APKAVNIIVKSEKMGPEPMIKALWVVTVVASAI,0.25714287,0.27272728,0.94285715,4321,RWKIFKKIEKVGQNIRDGIVKAGPAVAVVGQAATI,False,0.2474561,0.4,0.009686768
77,GLLSGILGAGKQKVCGLSGLC,0.9047619,0.9047619,1.0,2831,GLLSGILGAGKHIVCGLSGLC,False,0.38984767,0.0,0.5149143
78,CCSKYCWECTPCCPYSS,0.64705884,0.64705884,1.0,746,CCSRRCWVCIPCCPNGS,False,0.39869276,0.0,0.24836609
79,GGPAAYSYNGADFGAVGELGSSKGL,0.30769232,0.32,0.96153843,186,AGSALGGGAGAGPALGGGAGAGPALG,False,0.30867526,0.65,-0.0009829402
80,GLVTGLLKTAGKLLGDLFGSLSG,0.73913044,0.73913044,1.0,4076,GVVTDLLNTAGGLLGNLVGSLSG,False,0.3565761,0.0,0.38255432
81,DLAVALNAGQIKT,0.30769232,0.33333334,0.9230769,6053,MRDLKTYLVAPV,False,0.40598902,1.0,-0.0982967
82,GALSHVLEDLSVLSAN,0.3529412,0.375,0.9411765,6807,FFPLLFGALSSHLPKLF,False,0.3333845,0.4,0.019556671
83,KAVCCEVLPGTDCCF,0.73333335,0.73333335,1.0,8259,KAICCDVFPGTDCCM,False,0.35528597,0.0,0.37804738
84,GLLGPLLKIAAKVGSNLL,0.7222222,0.7222222,1.0,4995,GFLGSLLKTGLKVGSNLL,False,0.3937385,0.0,0.3284837
85,CTCKDMTDKECLYFCHQDIIW,0.85714287,0.85714287,1.0,6182,CSCADMTDKECLYFCHQDVIW,False,0.20049796,0.0,0.65664494
86,NGAPQPFVRF,0.33333334,0.4,0.8333333,2008,SPPAPFVPVPIN,False,0.38992426,0.75,-0.056590915
87,GAPKGCWTKSYPPQPCFGKK,0.75,0.75,1.0,8098,AALKGCWTKSIPPKPCFGKR,False,0.28434783,0.0,0.46565217
88,MEPNQHVEAETELVTETLVEEVSIDGMCGVY,0.61290324,0.6333333,0.9677419,3739,MDRETEAETAELVTESLVEEVSIDGMCGVY,False,0.22856727,0.0,0.38433596
89,FHPSLWVLIPQYIQLIRKILKS,0.26923078,0.3181818,0.84615386,1024,GFGSFLGSLFKTGLKIIPKLLPSIQQ,False,0.25698343,0.4,0.012247354
90,MQNSSNIFTTDKAANEFSFPDLKNFRYNDRTFLR,0.1764706,0.21428572,0.8235294,3058,AVWKDFLKNIGKAAGKAVLNSVTDMVNE,False,0.18184873,0.65,-0.005378142
91,KYYGNGVTCGKHSSVDWSKATTNI,0.2413793,0.29166666,0.82758623,3839,GLWSKIKTAGKSVAKAAAKAAVKAVTNAV,False,0.221223,0.3,0.020156309
92,AALGQHQIKWVWVKGHAGHPENERCDEL,0.16666667,0.17857143,0.93333334,4824,GLFKTLIKGAGKMLGHVAKQFLGSQGQPES,False,0.21789423,1.0,-0.051227555
93,LHTKGSVPLDTITFYKVIPKHKFVLVKFDTQY,0.3030303,0.3125,0.969697,1899,PLHTLGSAPLVAHTIAAGASLEPARLVVITGHG,False,0.22978929,0.0,0.073241025
94,VVGADNCNFN,0.6363636,0.7,0.90909094,3229,VVGGDECNINE,False,0.33053032,0.0,0.3058333
95,QMMLDDPEMREMAQEELREAKEKSEQLE,0.2857143,0.32,0.89285713,107,GEEEYQKMLENLREAEVKKNRQEKE,False,0.2793719,0.6,0.006342411
96,DCCIIAGCPFGCTICC,0.9375,0.9375,1.0,6313,DCCPIAGCPFGCTICC,False,0.42711878,0.0,0.5103812
97,AGPSATTGVWFGPRL,0.6,0.64285713,0.93333334,3489,GDSEVPGMWFGPRL,False,0.3417811,0.0,0.2582189
98,WREDKLPYEDVAIPLSELPEPEQDNGGT,0.20689656,0.21428572,0.9655172,8234,FENKVPEKQKLFQEDNGIPVVLKGGVADA,False,0.22909431,0.8,-0.022197753
99,AEFGPSQPFKGAK,0.9230769,0.9230769,1.0,6096,TEFGPSQPFKGAK,False,0.35223216,0.0,0.57084477
100,INWKAILGKIGKAAAAVI,0.5555556,0.6666667,0.8333333,4427,VNWKKILGKIIKVAK,False,0.3570056,0.0,0.19854999
101,GLLSKVLGVGKKVLCGVSGLC,0.9047619,0.9047619,1.0,4502,GLLSGVLGVGKKVLCGLSGLC,False,0.38554606,0.0,0.5192158
102,SFCIPFKPCKSDENCCKKFKCKTTGIVKLCRW,0.31428573,0.34375,0.9142857,175,MPCPKILKQCKSDEDCCRGWKCFGFSIKDKMCISR,False,0.26444966,0.0,0.04983607
103,CCSQDCWECIPCCPN,0.93333334,0.93333334,1.0,7957,CCSQDCWVCIPCCPN,False,0.47306377,0.0,0.46026957
104,QARPRHPKIPP,0.6363636,0.6363636,1.0,309,QGRPPRPHIPP,False,0.44761077,0.0,0.18875286
105,LTVREECCSDPRCSVGHQDMCR,0.95454544,0.95454544,1.0,7927,MTVREECCSDPRCSVGHQDMCR,False,0.25959092,0.0,0.6949545
106,MGDCGCSGASSCNCGSGCSCSNCGSK,0.5769231,0.6,0.96153843,6208,GDCGCSGASSCTCASGQCTCSGCGK,False,0.35562676,0.0,0.22129631
107,MWRDSLCAAAGYALGAGTRLRSVLSSRKLQP,0.4,0.4516129,0.8857143,2723,MWRDSLCTAAGYALGRRDAAALSSLLSEAAAMMEV,False,0.2660148,0.0,0.13398519
108,SPAPPACDPRLLNKLLRDDHVLHGRL,0.26923078,0.26923078,1.0,1908,PPPQPPPSPPPAQHAEPDGDEVLLRI,False,0.24298736,0.25,0.026243418
109,APANSVWS,0.875,0.875,1.0,7253,SPANSVWS,False,0.37277782,0.0,0.5022222
110,RIRFPWPWRWPWWRRVRG,0.33333334,0.3529412,0.9444444,1003,NKLRQKRHRRVRGKLSG,False,0.39805552,1.0,-0.06472218
111,LSLTPTPGVLHK,0.41666666,0.5,0.8333333,8040,QLTFTPGWGY,False,0.39253664,0.4,0.024130017
112,AYAYSALSQIRVDAKEE,0.23529412,0.25,0.9411765,396,DQIRAQIFKALSDESR,False,0.286817,0.95,-0.051522896
113,LTIKGCCSDPSCNVNNPDYCG,0.95238096,0.95238096,1.0,3562,MTIKGCCSDPSCNVNNPDYCG,False,0.32105953,0.0,0.63132143
114,GYEEGREVAETVRELEEA,0.8,0.8888889,0.9,5373,GYEEDREIAETVRELEEAGK,False,0.37410817,0.0,0.42589185
115,QCGKHCPTCRHC,0.5,0.5,1.0,2568,QCPPTCPSCDDC,False,0.4319139,0.2,0.06808609
116,AVAFAKTIDFSIEASELYKGSNCYHMT,0.25925925,0.26923078,0.962963,5674,GEEEVAKFIELARENIAKGCKVNCYP,False,0.2105668,0.05,0.04869245
117,GWASKIGTQLGKMAKVGLKEFVQS,0.72,0.75,0.96,121,GWASKIGETLGKMAKVGLHELIQPK,False,0.31759477,0.0,0.40240526
118,FLPIVGKLLSGLSGLS,0.9375,0.9375,1.0,1286,FLPIVGKLLSGLSGLL,False,0.43346554,0.0,0.50403446
119,ANIQSFSFKNFNSPSFILQGDATVSSGKLQLP,0.22857143,0.25,0.9142857,69,SSDYLSFKFDKFAPNQLNMYFQGDASVSTKGVLQL,False,0.22998106,0.5,-0.001409635
120,MIAIVTDIEGTTSDTFVNVLFPY,0.2173913,0.25,0.8695652,4221,SVAVAGAVIEGATLTFNVLQ,False,0.24104686,0.9,-0.023655564
121,CCQAACSPWPCLPCC,0.93333334,0.93333334,1.0,3008,CCQAACSPWLCLPCC,False,0.45286766,0.0,0.48046568
122,GCCGKYPNAACHPCGCTVGRPPYCDRPSGG,0.93333334,0.93333334,1.0,2475,GCCGPYPNAACHPCGCKVGRPPYCDRPSGG,False,0.2867555,0.0,0.64657784
123,IIGPVLGMVGSALGGLLKKIG,0.95238096,0.95238096,1.0,5940,IIGPVLGLVGSALGGLLKKIG,False,0.4030303,0.0,0.5493506
124,KLSYDDKVFENVEFTPRL,0.2857143,0.33333334,0.85714287,8575,QPSYDYDEEEDDRAKLRLDAR,False,0.22249071,0.1,0.063223585
125,GIGGVLLSAGKAALKGLTKVLAEKYAN,0.8888889,0.8888889,1.0,950,GIGGVLLGAGKATLKGLAKVLAEKYAN,False,0.34890807,0.0,0.5399808
126,NLAPLDLQTPTAFDNNYYK,0.2631579,0.29411766,0.8947368,7355,PIDRVLACHTSSLQTPT,False,0.26908523,0.5,-0.0059273243
127,MTDVQLQNIVTTFGISMMLLIILYHYLSRPQA,0.3125,0.35714287,0.875,7468,MSEARNLFTTFGILAILLFFLYLIYAVL,False,0.24964222,0.1,0.06285778
128,VDPKVYELYKTYKVL,0.33333334,0.35714287,0.93333334,2260,TITVLVETYKTHKL,False,0.30478355,0.45,0.02854979
129,SCSCQKHFSCCD,0.5833333,0.6363636,0.9166667,722,SCSCKRNFLCC,False,0.41185895,0.0,0.17147437
130,RICPRILMECSSDSDCLAECICLEQDGFCG,0.8333333,0.86206895,0.96666664,3442,RICPRILMECSSDSDCLAECICLEQGFCG,False,0.2613588,0.0,0.5719745
131,TAEVMSVTAFGALE,0.4117647,0.5,0.8235294,2948,TAEVMSHVAHFGKALEE,False,0.31985292,0.0,0.09191179
132,AAALSQAADNLR,0.33333334,0.41666666,0.8,3918,DAALRVAGETLKEFA,False,0.40673074,1.0,-0.0733974
133,MQTIPSTTETAADFDAVIGAGFGLYALHR,0.28125,0.31034482,0.90625,5795,MASEIFGTAAIFWVLIPAGLLGGALLLKLQGE,False,0.2546184,0.15,0.026631594
134,ECCSHPACNVDHPEICR,0.8888889,0.9411765,0.9444444,6051,RPECCSHPACNVDHPEIC,False,0.36264187,0.0,0.526247
135,MEPDPTPLPRRRLKLFR,0.3529412,0.4,0.88235295,1096,EPTPRSFNGDKVFRV,False,0.31838232,0.4,0.034558862
136,CTVDSDFCDPGNHNCCSGKCIDEGGSGVCAIIP,0.45454547,0.5,0.90909094,3052,GCMEDGDVCELGNHNCCSGSCLGFEDEGIC,False,0.2702165,0.0,0.18432897
137,MLSKSNNTLFNHDCSLSFCKEKVYSKLLV,0.2413793,0.25925925,0.9310345,3030,SSCKKSCTKDGDCKYSCTKCTHLSKCM,False,0.23708344,0.6,0.0042958707
138,VRIEELRNIWQHVV,0.21428572,0.23076923,0.9285714,8642,GLEEELEEYVREI,False,0.28459558,0.95,-0.07030986
139,NCSDDWQYCESPSDCCSWDCDVVCS,0.96,0.96,1.0,3394,NCSDDWQYCESPTDCCSWDCDVVCS,False,0.30219948,0.0,0.6578005
140,QACCGFKMCVPC,0.75,0.75,1.0,2441,QTCCGYRMCVPC,False,0.44472528,0.0,0.30527472
141,GCCPIGPCMQSVCSPCCP,0.9444444,0.9444444,1.0,6888,GCCPIGPCLQSVCSPCCP,False,0.40321642,0.0,0.541228
142,GLFKGKKKNKKTK,0.42857143,0.46153846,0.9285714,6954,QKTDTKGKKERKPT,False,0.4127656,0.45,0.01580584
143,MKIKFSRGARFSATFSFDKYPFLLYEVVR,0.26666668,0.27586207,0.96666664,7509,MKNLRNRSFLTLLDFSRQEVEFLLTLSEDL,False,0.216761,0.0,0.049905688
144,CCGR,0.4,0.5,0.8,3156,GRRND,False,0.5025,0.9,-0.10249999
145,LLGMNNDFPPRAHCLV,0.2,0.25,0.8,2137,IVPFLLGMVPKLVCLITKKC,False,0.27226844,0.9,-0.07226844
146,ECCSNPACRVNNPHVC,0.9411765,1.0,0.9411765,7237,AECCSNPACRVNNPHVC,False,0.4064005,0.0,0.534776
147,GQLALKQQTVNRLLNKIYSPISDAYSELKQL,0.24242425,0.2580645,0.93939394,2849,MNIELITQLASLILIVASGPIVIGLLSLKQGNL,False,0.2277327,0.25,0.014691547
148,SAPQSIWYGPDRPKNRELEVIHSRFGEAVWFK,0.5625,0.64285713,0.875,6301,TTKPVPSGSPWYGPDRVKNRELEVIHSR,False,0.12599432,0.0,0.43650568
149,ECRQPGEFCFPVVAKCCGGTCLVICI,0.53846157,0.56,0.96153843,533,CVDPGEFCGPGFGDCCTGFCLLVCI,False,0.28188422,0.0,0.25657734
150,RGCCSHPVCNLNNPQMCR,0.9444444,0.9444444,1.0,5621,GGCCSHPVCNLNNPQMCR,False,0.35730997,0.0,0.5871345
151,ALCNCNRIIIPHMCWKKCGKK,0.22727273,0.23809524,0.95454544,8010,ACNPPCTGNAMCQGGKCGYIRF,False,0.26897395,0.9,-0.041701213
152,LTCLNCPEMFCGKFQICRNGEKICFKKLHQRRP,0.33333334,0.39285713,0.8484849,6238,KKCLTKYSAGLQTSQTCPAGQKICFKKW,False,0.21955696,0.0,0.113776386
153,NEGKAKCGNTAGSKLTFKSADECTKTGQK,0.58064514,0.62068963,0.9354839,5411,NNSKAKCGDLAGWSKLTFKSADECTKTGQKS,False,0.27725163,0.0,0.3033935
154,ASGGTVGYGAWMRSSLVSSTITTFS,0.28,0.28,1.0,5101,GFLVAGGLMLSSLAPNIYFLFFSYG,False,0.2813993,0.75,-0.0013993084
155,RVMLLAMSMVAMVV,0.35714287,0.35714287,1.0,6929,IDNRVLALAGVVQA,False,0.33684877,0.6,0.0202941
156,RDPTGCEVDQVIMVKRHGERYPSPSAGK,0.1875,0.21428572,0.875,8325,GCCVKQGCWNVEVCECCPTDPYIIKPYPTEST,False,0.19643238,0.7,-0.008932382
157,NLYQFGNMIQCTIPGSNPLL,0.65,0.65,1.0,8207,NLIQLSNMIKCAIPGSQPLF,False,0.24090478,0.0,0.4090952
158,MKCNKMNRVQLKEGSVSMTL,0.85,0.85,1.0,1040,MKCNECNRVQLKEGSVSLTL,False,0.24232535,0.0,0.60767466
159,CCNWPRCNVYLCGPCC,0.6875,0.6875,1.0,6690,CCAIRLCNVYLCGSCC,False,0.39562368,0.0,0.29187632
160,LPKMLTTDLSLRYDPAYEKIARR,0.25,0.26086956,0.9583333,2061,LSAMLEDTENWLYEELSLTQDPVV,False,0.23668551,0.35,0.013314486
161,MEVNILAFIATALFILVPTAFLLIIYVKTVSKND,0.9705882,0.9705882,1.0,5710,MEVNILAFIATALFILVPTAFLLIIYVKTVSQND,False,0.27499995,0.0,0.69558823
162,SGETSGEGNGMWFGPRL,0.88235295,0.88235295,1.0,2893,GGETSGEGKGMWFGPRL,False,0.34885615,0.0,0.5334968
163,AFLKMDHASQTNLEL,0.33333334,0.33333334,1.0,3338,VASWAKGVGLQTNLK,False,0.26582927,0.1,0.06750408
164,AANDKASDLMALRDGCCSDPACAVNHPDICGGGR,0.9705882,0.9705882,1.0,4809,AANDKASDLMALRDGCCSDPACSVNHPDICGGGR,False,0.2547479,0.0,0.71584034
165,ANLFTSDQDLYTDSR,0.73333335,0.73333335,1.0,988,GQNFTSDKDLYTDSR,False,0.29216504,0.0,0.4411683
166,GVCCGFKLCHC,0.90909094,0.90909094,1.0,2161,GVCCGLKLCHC,False,0.5026224,0.0,0.4064685
167,LRGCVPSGEICYFMDHIGCCSGKCTFVCM,0.7241379,0.7241379,1.0,7725,LRWCIPSGELCFRSDHIGCCSGKCAFVCL,False,0.2641657,0.0,0.4599722
168,SDPEAPGIWFGPRL,0.78571427,0.78571427,1.0,697,NDPEVPGMWFGPRL,False,0.3379202,0.0,0.44779408
169,VRDICKKEAERQDLSSCENYITQRRGY,0.25925925,0.25925925,1.0,5199,DAPLSKAEKERQKSEADETREAGERRK,False,0.20603235,0.05,0.053226903
170,NLNLTGQAPYKLKIGAPAAVQIQYQ,0.32,0.33333334,0.96,608,GVLSNVIGYLKKLGTGALNAVLKQ,False,0.26713735,0.0,0.052862644
171,QCEDVWMPCTSNWECCSLDCERYCTQI,0.962963,0.962963,1.0,8446,QCEDVWMPCTSNWECCSLDCEMYCTQI,False,0.2546457,0.0,0.7083173
172,SISCGESCAMISFCFTEVIGCSCKNKVCYLN,0.6451613,0.6451613,1.0,7013,SISCGESCVYIPCTVTALVGCTCKDKVCYLN,False,0.2640625,0.0,0.38109878
173,EGCNILCLLKRKVKAVKNVVKNVVKSVVG,0.4375,0.4827586,0.90625,5358,ASENGKCNLLCLVKKKLRAVGNVIKTVVGKIA,False,0.2776076,0.0,0.15989241
174,GCCCNPACGPNYGCGTSCS,0.8636364,1.0,0.8636364,5138,GCCCNPACGPNYGCGTSCSRTL,False,0.3868421,0.0,0.47679427
175,GFWGKLWEGVKSAI,0.9285714,0.9285714,1.0,2210,GFWGKLWEGVKNAI,False,0.32551295,0.0,0.60305846
176,HQIALNISSTIFILPLSIATAAS,0.25,0.26086956,0.9583333,3776,FLPGLIKAAVGIGSTIFCKISKKC,False,0.29469877,1.0,-0.044698775
177,GIGGALLSAGKSALKGLAKGLAEHF,0.96,0.96,1.0,5426,GIGGALLSFGKSALKGLAKGLAEHF,False,0.3639459,0.0,0.5960541
178,FSAQKFVQQISRARTFAFMKDI,0.18181819,0.1904762,0.95454544,7169,GLLDFVTGVGKDIFAQLIKQI,False,0.23151895,0.95,-0.049700767
179,IRLFRMVLLNMAFA,0.42857143,0.42857143,1.0,4968,ILFMAVLLTAAIFR,False,0.32761905,0.05,0.10095239
180,ITFSKIYRSCKSDSDCGNQKCARGRCV,0.8888889,0.8888889,1.0,879,ITFSKIYRSCKSNSVCGNQKCVRGRCV,False,0.29268223,0.0,0.59620667
181,FSSGLLEHPQYTRPADWKGRAIPDVLMS,0.21428572,0.23076923,0.9285714,1446,FLFSLIPSAISGLISAFKGRRKRDLN,False,0.19862178,0.35,0.015663937
182,IDSVKTFCCSTFNLGICCSKK,0.9047619,0.9047619,1.0,1582,SIIDSVKTFCCSTFNLGICCS,False,0.27108333,0.0,0.63367856
183,LFVKPEGSREAAVRWDAPPHPNGRLT,0.21428572,0.23076923,0.9285714,8028,TCESDASPHPQGVCGSPLAEAVEAACEL,False,0.23494883,0.7,-0.020663112
184,MIPAAFDYVAPSTVDEAVQAL,0.46153846,0.5714286,0.8076923,1643,MIPAQFTYRRVSSVDEALAAVAEHGD,False,0.28857166,0.0,0.17296681
185,MLTITSYFGFLLAALTITSALLIGLSKIRLI,0.9677419,0.9677419,1.0,1800,MPTITSYFGFLLAALTITSALLIGLSKIRLI,False,0.31747514,0.0,0.65026677
186,TWEECCKRPPCRVQHMGHC,0.5263158,0.5263158,1.0,2745,ECCDDPPCRQNNMEHCPAS,False,0.28950498,0.0,0.23681083
187,ASNLATGGAGPLIKGTGGRSS,0.33333334,0.35,0.95238096,5826,YGGSQGNLIFGKGTKLSVKP,False,0.33049923,0.6,0.0028341115
188,TCRSSGRYCRSPYDRRRRYCRRITDACV,0.9285714,0.9285714,1.0,464,TCRSSGRYCRSPYDCCRRYCRRITDACV,False,0.32998866,0.0,0.59858274
189,MESIAYVLIFACLIGLFFFAIFFREPPRITKK,0.84375,0.84375,1.0,7513,METITYVFIFACIIALFFFAIFFREPPRITKK,False,0.25189865,0.0,0.59185135
190,KRGFLDVIKHVGKAALSVVSHLINEGEH,0.75,0.75,1.0,3655,KRGFLDVVKHIGKAALGAVTHLINQGEQ,False,0.26724756,0.0,0.48275244
191,DVAGLVPAKDSPAFQKRAAAAVNTTAD,0.37037036,0.3846154,0.962963,5742,DIRPVRADVAGLIPCSQSDAFERRLK,False,0.28337234,0.0,0.086998016
192,IRDECCSNPACRVNNAHVC,0.8947368,0.8947368,1.0,1122,IRAECCSNPACRVNNPHVC,False,0.36438996,0.0,0.5303469
193,YQRSRYYYYGPPDDIDDRY,0.21052632,0.25,0.84210527,1026,GCCSRPPCIANNPDIC,False,0.248238,0.95,-0.03771168
194,SLIEFGKMITEETNRPVFPYEATIVVCDCGNGNGS,0.25714287,0.29032257,0.8857143,3126,DLFQFGKMIECANKGSRPSLDYMNYGCYCGK,False,0.18857147,0.0,0.0685714
195,GEAANVMGAPK,0.7692308,0.90909094,0.84615386,149,AYGEAANVFGAPK,False,0.35183573,0.0,0.41739506
196,GVWSTVLGGLKKFAKGGLEAIVNPK,0.64,0.64,1.0,8059,GFWTTAAEGLKKFAKAGLASILNPK,False,0.32713884,0.0,0.31286114
197,QCCDSNSCEYPKCLCCN,0.9411765,0.9411765,1.0,4901,QCCDRNSCEYPKCLCCN,False,0.38415027,0.0,0.5570262
198,AIMDTIKDTAKTVAVGLLNKLKCKITGC,0.96428573,0.96428573,1.0,5575,GIMDTIKDTAKTVAVGLLNKLKCKITGC,False,0.29003337,0.0,0.6742524
199,AADYKRSDWFAWVIHSCCSNPPCAHVNCRRRR,0.84375,0.84375,1.0,1629,AADYKRSDWIARVIDSCCSNPPCAHVHCHRRR,False,0.22012177,0.0,0.62362826
200,QADPNKFYGLM,0.90909094,0.90909094,1.0,3480,QADPNAFYGLM,False,0.29664922,0.0,0.6124417
201,ILGKIAEGIKSLF,0.9230769,0.9230769,1.0,5881,ILGKIWEGIKSLF,False,0.4468933,0.0,0.47618362
202,MGDAHVGLQARLMSQAL,0.29411766,0.33333334,0.88235295,7577,DLVALSGAHTIGQAR,False,0.29695377,0.7,-0.0028361082
203,GKCGDINAGCSSDCDCCGSSVTCDCAIRKKF,0.4516129,0.5,0.9032258,4582,GKCGDINAPCKAECDCCGYTTCDCYWGN,False,0.30457485,0.0,0.14703804
204,GTYLYPFSYYRLWRYFTRFLHKQPYYYVHI,0.53333336,0.53333336,1.0,655,ARFLHPFQYYTLYRYLTRFLHRYPIYYIRY,False,0.21333332,0.0,0.32000005
205,ELVTLSGAHTIGQAR,0.8666667,0.8666667,1.0,7577,DLVALSGAHTIGQAR,False,0.3285253,0.0,0.53814137
206,GMSMGIGIAIGITLIVGTLMTPIIN,0.2962963,0.32,0.9259259,486,AVGTGGIPGRGIPPLITANGIGLYTFT,False,0.30516958,0.6,-0.008873284
207,GGCCSHPACGVNHPELC,0.9411765,0.9411765,1.0,8371,GGCCSHPACAVNHPELC,False,0.39248362,0.0,0.5486928
208,GLFSVLGAVAKHVLPHVVPVIAEKL,0.92,0.92,1.0,3255,GLFSVLGSVAKHLLPHVVPVIAEKL,False,0.30548152,0.0,0.6145185
209,DDCAGWMESCSSKPCCAGRKCFSEWYCKLVVDQN,0.38235295,0.40625,0.9411765,8262,DCAGYMRECKEKLCCSGYVCSSRWKWCVLPAP,False,0.22697482,0.0,0.15537813
210,APLEDEDDLELLEKVKRDRKKRLERQGAIN,0.21212122,0.23333333,0.90909094,2932,REFYEKPTSERKRKAAAAVKRHAKKVQREQRRA,False,0.25929528,1.0,-0.047174066
211,RCCTFSECDGNCHCCQ,0.875,0.875,1.0,2417,RCCTWQECDGNCHCCQ,False,0.39601177,0.0,0.47898823
212,LPPWIG,0.5,0.5,1.0,516,KPPWRL,False,0.31547618,0.35,0.18452382
213,GCCSYPPCFATNPDCAG,0.9411765,1.0,0.9411765,4499,GCCSYPPCFATNPDCA,False,0.40503955,0.0,0.5361369
214,MKHKSGKRSWKTLYFEFAFLGLKVIVSVKR,0.6,0.6,1.0,1652,MATKHGKNSWKTLYLKISFLGCKVVVLLKR,False,0.25232625,0.0,0.34767377
215,EIVNIIDSISDVAKQICCEITVQCCVLDEE,0.23333333,0.25925925,0.9,3579,TLQIFSNILECCYSDEWCCEVDEELGL,False,0.22391029,0.45,0.009423047
216,KLLKLLLKLLLKLLK,0.53333336,0.53333336,1.0,3879,FKLVWKLLKKLALKL,False,0.5,0.45,0.03333336
217,EKMTRVRIIGDYLAKRFG,0.18181819,0.22222222,0.8181818,5897,FFGSIIGALAKGLPSLISLIKK,False,0.26699606,0.95,-0.08517787
218,SEDCTPWTATPITVLAGCRDYVGEQ,0.36,0.39130434,0.92,4199,NEDCTPWTSTLIPLPCRNYVQAC,False,0.21998477,0.0,0.14001524
219,PIMTDGEDADYTHFTNQ,0.23529412,0.23529412,1.0,4821,TDAVADGEHAISGVVDS,False,0.20060039,0.5,0.034693733
220,SAALDRLTKAGLPYISVLTDPTMGGVSA,0.25,0.29166666,0.85714287,2798,GLLTNVLGFLKKAGKGVLSGLLPL,False,0.2729791,0.85,-0.02297911
221,GIFDVLKNLAKGVITSLAS,0.4090909,0.47368422,0.8636364,1878,GVVDILKGAAKDIAGHLASKVM,False,0.3498842,0.05,0.059206694
222,ASFSVVGDIMGTSMQNLHQLLQMPFGCGEQNM,0.28125,0.28125,1.0,6966,SYVITTPKMWVMPYGCGEQNMVNFAPNIFIME,False,0.18572861,0.0,0.09552139
223,MPARALIDLQALRHNYQLAAEVIG,0.29166666,0.3043478,0.9583333,6081,RVEKNDLVITADIPLAAEVIEKG,False,0.2602841,0.15,0.03138256
224,MAADIISTIGDLVKLIINTVKKFQK,0.7692308,0.8,0.96153843,878,MAQDIISTIGDLVKWIIDTVNKFTKK,False,0.28528908,0.0,0.4839417
225,GNMKEVFTRFCNGLTQIETLFKSKNYEF,0.14285715,0.16,0.89285713,1151,SVINTQIKPFKTQAFKNGKFIEVTE,False,0.21366899,1.0,-0.07081184
226,CIDGGEICDYFFPNCCSGWCIILVCA,0.96153843,0.96153843,1.0,2913,CIDGGEICDIFFPNCCSGWCIILVCA,False,0.28769946,0.0,0.673839
227,MIINHNMSAINAQVQGVT,0.7222222,0.7222222,1.0,5251,MIINHNMSAINANRVLGT,False,0.24487679,0.0,0.4773454
228,DGCCSDPACAVNHPDICGG,0.94736844,0.94736844,1.0,7441,DGCCSDPACSVNHPDICGG,False,0.36415473,0.0,0.5832137
229,VIAGGAAIIG,0.4,0.4,1.0,2062,VIGGDECNIN,False,0.39628792,0.7,0.0037120879
230,KRRPPGFTPFR,0.8181818,0.8181818,1.0,3194,RPPGFTPFRIA,False,0.47794288,0.0,0.34023893
231,SVAGRAQGM,0.4,0.44444445,0.9,7946,DNGEAGRAAR,False,0.35232326,0.2,0.047676742
232,MVNWQVIGQLVSTGLIGLLGPAVIILLALKKGNL,0.9117647,0.9117647,1.0,5020,MVNWQVIGQLVSTGAIMLLGPAIIILLALKKGNL,False,0.28147057,0.0,0.6302941
233,CKGKGQSCSKLMYDCCTGSCSRRGKC,0.8076923,0.8076923,1.0,6856,CKLKGQSCSRLMYDCCSGSCGRSGKC,False,0.33909768,0.0,0.4685946
234,IWVGISYKIHSLYFQ,0.33333334,0.3846154,0.8666667,5881,ILGKIWEGIKSLF,False,0.25529414,0.15,0.0780392
235,MLTITSYFGFLLAVLTITSALFIGLNKIRLI,0.9677419,0.9677419,1.0,3800,MLTITSYFGFLLAALTITSALFIGLNKIRLI,False,0.30505115,0.0,0.66269076
236,QARPPHPPIPPAP,0.9230769,0.9230769,1.0,6381,QGRPPHPPIPPAP,False,0.49641028,0.0,0.42666665
237,IEPERQEEEEEETRQRVRRGQVRQQQQ,0.27586207,0.2962963,0.9310345,2077,SFEKLMKIKQRQQEEEKRRQQHRSRRSLR,False,0.27055517,0.4,0.0053068995
238,MRDKWRKKRVRRLKRKRRKVRARSK,0.96,0.96,1.0,610,MRDKWRKKRVRRLKRKRRKMRARSK,False,0.4203704,0.0,0.5396296
239,SVDFDSESPRKPEIQ,0.8666667,0.9285714,0.93333334,8215,VDFDSESPRRPEIQ,False,0.27687505,0.0,0.58979166
240,AMVSS,0.6,0.6,1.0,1269,AMVGT,False,0.33500004,0.0,0.265
241,GKYAGQGVKVDGEELLVI,0.2857143,0.33333334,0.85714287,7236,GLLGKILGAGKKVLCGVSGLC,False,0.32335216,0.8,-0.03763786
242,MITDSQVFIGLVIALVPAILAFKLGLSLYE,0.6,0.6,1.0,5295,MITDSQIFFALCIALTAAVLAIGLGRQLYV,False,0.30215764,0.0,0.29784238
243,MGRSAGHLALGMAEASGAHLCLIPEEFKQD,0.23333333,0.25,0.93333334,6781,HLGVVGLGGLGHVAVQEAIENLADEFLI,False,0.25146168,1.0,-0.01812835
244,GCCSHPACAGNNPHICS,0.9411765,1.0,0.9411765,6841,GCCSHPACAGNNPHIC,False,0.39783278,0.0,0.54334366
245,FLPIIASVAAKLIPSIVCRITKKC,0.75,0.75,1.0,1862,FLPIIASVAAKVFPKIFCAISKKC,False,0.30626792,0.0,0.44373208
246,MKTKFVFDLLAPDDILHPSNHVNLIIRLI,0.9310345,0.9310345,1.0,1620,MKTKFVFDLLTPDDILHPSNHVNLIIRPI,False,0.2271413,0.0,0.7038932
247,LRWCIPRGDLCFPSDRIQCCSGKCTFVCM,0.79310346,0.79310346,1.0,8255,LRWCIPSGDLCFRSDHIGCCSGKCAFVCL,False,0.27333745,0.0,0.519766
248,NLIQLSNMIKCAIPGSRPLFQYTDYGCY,0.53571427,0.5555556,0.96428573,908,NLAQFGFMIRCANGGSRSALDYADYGC,False,0.20272246,0.0,0.3329918
249,THFGYQTVPTDQKTDKV,0.4117647,0.4375,0.9411765,6093,NKTVQTHQEIDKVTDN,False,0.23634331,0.0,0.1754214
250,TAQAKESGKPAEIIEKMIVGRIRKF,0.56,0.56,1.0,469,DIAINSGKPKEIAEKMVEGRMKKFT,False,0.25821957,0.0,0.30178043
251,GLMDTVKNAAKNLAGQLLDTIKCKMTGC,0.89285713,0.89285713,1.0,2100,GLMDTVKNAAKNLAGQLLDRLKCKITGC,False,0.27981728,0.0,0.61303985
252,QQSGHFLHYKMTEGIE,0.1875,0.2,0.9375,6738,IYKMGHFRWGAPMDK,False,0.1826776,0.55,0.004822403
253,FEVFHDGHLNILKRALKLF,0.31578946,0.31578946,1.0,5490,RNDLFEALKLEGEEQYEGL,False,0.27877656,0.2,0.037012905
254,CCLWPECGGCVCCYL,0.93333334,0.93333334,1.0,2602,RCCLWPECGGCVCCY,False,0.4276716,0.0,0.5056617
255,YCVPKSGLCTIFQPGKCCSGWCLIYRCT,0.39285713,0.39285713,1.0,1641,DCIPGGENCDVFRPYRCCSGYCILLLCA,False,0.27517408,0.0,0.11768305
256,GVWTTILGGLKKFAKGGLEALTNPK,0.64,0.64,1.0,8059,GFWTTAAEGLKKFAKAGLASILNPK,False,0.3389935,0.0,0.3010065
257,GSGGLKRFRAFTSHRFHGKTKK,0.25,0.27272728,0.9166667,2811,SGGKKIKVDKPLGLGGGLTVDIDA,False,0.28079227,0.85,-0.030792266
258,IIGPVLGLVGKPLESLLE,0.9444444,1.0,0.9444444,4249,IGPVLGLVGKPLESLLE,False,0.38584167,0.0,0.55860275
259,NECPWQPWC,0.8,0.8888889,0.9,960,QNECPWKPWC,False,0.48909098,0.0,0.31090903
260,QADPKTFYGLM,0.8181818,0.8181818,1.0,3480,QADPNAFYGLM,False,0.29236597,0.0,0.52581584
261,YIFLPRISCALAWVVNPIFVYFIFTEK,0.37037036,0.41666666,0.8888889,2973,FLPIIAGAAAKVVQKIFCAISKKC,False,0.2272735,0.0,0.14309686
262,MKKLERMSEVSQMCSEAKKNRKRMSVVSSVA,0.27272728,0.29032257,0.93939394,1569,MGSVIKKRRKRMSKKKHRKLLRRTRVQRRKLGK,False,0.2316143,0.1,0.041112974
263,ECSSYDEYCFPGIRDCCSGFCFIICI,0.8125,1.0,0.8125,4227,ECSSYDEYCFPGIRDCCSGFCFIICIPELPDL,False,0.29462487,0.0,0.51787513
264,KAAPEVEQLALSVPDNGGVYLVPAFAGLGAPH,0.3030303,0.3125,0.969697,5894,SMQLVEKSSDSEAAAKASTSLNEVYVVPAFTGL,False,0.2696361,0.1,0.033394217
265,VDIHVWSGV,0.8888889,0.8888889,1.0,2517,VDIHVWDGV,False,0.37777787,0.0,0.511111
266,CCDRIACRFGCVPCCT,0.7058824,0.75,0.9411765,955,ECCGSFACRFGCVPCCV,False,0.40597907,0.0,0.2999033
267,LNRDDDSDLHSPRYSFSEDTKCDDGWFVGTSRRTK,0.22857143,0.27586207,0.82857144,6442,HSEGTFSSDYSKYLDSRRAKDFVQWLMST,False,0.1714286,0.0,0.057142824
268,MKLYSFFNRA,0.0,0.0,0.0,-1,,False,0.3020455,1.0,-0.3020455
269,MSIADLKSRLIKASTS,0.3125,0.33333334,0.9375,466,INWKKIKSLIKAAMS,False,0.34089264,0.95,-0.028392643
270,CRPRGMVCGFPKPGPYCCNGWCFFVCL,0.8518519,0.8518519,1.0,637,CRPGGMICGFPKPGPYCCSGWCFVVCL,False,0.29712903,0.0,0.55472285
271,RSGRGECRRQCLRRHEGQPWETQECMRRCRRRG,0.27272728,0.28125,0.969697,6735,SRYRRRRRRRSRYRSQRRRYRRHRRSGRRRRR,False,0.3151516,1.0,-0.04242432
272,TRSDLLLINKIDLADKVGADLNIMKSDTE,0.21875,0.2413793,0.90625,8356,KQKLSLIDKILLTLAISRITLIWEIYAWFKSL,False,0.26461077,0.95,-0.045860767
273,YIQGYSGDVR,0.3,0.3,1.0,5737,IGDIWSGIQG,False,0.28545457,0.6,0.014545441
274,RDCQWGCEGCRNRAGCCCGDQVCVDNNRCE,0.9354839,0.96666664,0.9677419,5571,RDCQWGCEGCHNRAGCCCGDQVCVDNNRCEP,False,0.29196364,0.0,0.64352024
275,GCCSRPPCIANDPDLC,0.9375,0.9375,1.0,4286,GCCSRPPCIANNPDLC,False,0.3936597,0.0,0.5438403
276,PLPTTRGNPTGPKESKKEVESKTETDPFAW,0.56666666,0.5862069,0.96666664,1175,PSSQPRGDPTGQEEPKKKVEKKTTTDPFD,False,0.22176468,0.0,0.34490198
277,QECCSYPACNLDHPELC,0.7647059,0.8125,0.9411765,5591,GCCSHPACHLDHPELC,False,0.35209146,0.0,0.41261443
278,YGRRCCNWGPGRRYCKRWC,0.84210527,0.84210527,1.0,5425,WGRRCCGWGPGRRYCRRWC,False,0.37104067,0.0,0.4710646
279,QRKESYIRKLEEQVKEYEVMSQE,0.25,0.26086956,0.9583333,3706,ADEEYLKFIEEQRKQGKLDPTKFP,False,0.29303545,1.0,-0.043035448
280,CCVVCNAGCSGNCCP,0.93333334,0.93333334,1.0,6151,CCVVCNAGCSGNCCS,False,0.4511642,0.0,0.48216915
281,AGCGGHCLDNSFCPPACSDCSEIYAC,0.5,0.53846157,0.9285714,1707,VGCGDHCLSNAHCPPVCRDCTYDSGCQM,False,0.3008653,0.0,0.19913471
282,LRECCGRVGPMCPKCMCPPRRC,0.46153846,0.54545456,0.84615386,3213,YWTECCGRIGPHCSRCICPEVACPKN,False,0.33243424,0.0,0.12910423
283,MKVYTDIFTRDEFLSDSYPM,0.15,0.1875,0.8,812,MSASDEASKVNLTDSP,False,0.19423397,0.9,-0.044233963
284,ANNPGARKAIRKIEARTEVN,0.22727273,0.25,0.90909094,1511,ELPGLPKGEKEQQEAIEHIDEV,False,0.27872953,1.0,-0.051456794
285,GLLNTFKDWAISIAKGAGKGVLTTLSCKLDKSC,0.72727275,0.72727275,1.0,4175,GVLDTFKDVAIGVAKGAGTGVLKALLCKLDKSC,False,0.28008658,0.0,0.44718617
286,FLPFVGNLLNGLL,0.9230769,0.9230769,1.0,5974,FLPFVGNLLKGLL,False,0.4732051,0.0,0.44987184
287,GVSKILHSAGKFGKAFLGEIMKS,0.82608694,0.82608694,1.0,3014,GIGKFLHSAGKFGKAFVGEIMKS,False,0.309433,0.0,0.5166539
288,WSARHLTPVALAVTAV,0.3125,0.3846154,0.8125,6562,MKEVVIASAVTAG,False,0.3486326,1.0,-0.036132604
289,KLNLSDEKCVITVQKYGNTSA,0.2857143,0.31578946,0.9047619,1840,AAKLSASDIDEVLLVGGST,False,0.24121091,0.3,0.04450339
290,GTGCSSGCHRVGQQCRCG,0.8333333,0.8333333,1.0,8432,GVGCSSGCHKVGGQCRCG,False,0.3502193,0.0,0.483114
291,NPKVPSNILNSLSNVL,0.375,0.4,0.9375,4112,FVDLKKIANILNSIF,False,0.34142154,0.35,0.033578455
292,GFLDTFKNLALNAAKSAGVSVLNSLSCKLFKTC,0.93939394,0.93939394,1.0,2972,GLLDTFKNLALNAAKSAGVSVLNSLSCKLSKTC,False,0.27232623,0.0,0.6670677
293,ISEKATVLAESKKQFV,0.33333334,0.375,0.8888889,3783,SVYFVFLAENIKQVFEVF,False,0.3240413,0.45,0.009292036
294,GTPCGESCVYIPCISGVIGCSCTDKVCYLN,0.8,0.8,1.0,5099,GIPCGESCVFIPCISTVIGCSCKNKVCYRN,False,0.29210356,0.0,0.5078964
295,CRRLCYKQRCVTYCRGR,0.88235295,0.88235295,1.0,6559,CRRLCYRNRCVTYCRGR,False,0.36858445,0.0,0.5137685
296,GGNTECFWKYCV,0.9166667,0.9166667,1.0,6312,GSNTECFWKYCV,False,0.33866304,0.0,0.57800364
297,KIPNILKGGLKSICKHRKYLDKACAAI,0.2962963,0.30769232,0.962963,8391,GIKDYLKKLLQKAINKIKSLRKKQDA,False,0.29307416,0.6,0.0032221377
298,PVCSTKYDSITIFITVAVVLTLITLWT,0.25925925,0.29166666,0.8888889,8625,FLSTLLNVASNVVPTLICKITKKC,False,0.25742924,0.6,0.0018300116
299,MVGEIVESAVLSSVLVLVGLAIGFLLLKVQGE,0.875,0.875,1.0,2919,MGKEIVESAILSSVLVLVGLAVGFLLLKVQGE,False,0.28983495,0.0,0.585165
300,MNIVDIAWAALMVVFTFSLSLVVWGRSGL,0.9310345,0.9310345,1.0,8378,MDIVSIAWAALMVVFTFSLSLVVWGRSGL,False,0.26991206,0.0,0.66112244
301,DDECEPPGDFCGFFKIGPPCCSGWCFLWCV,0.96666664,0.96666664,1.0,2323,DDECEPPGDFCGFFKIGPPCCSGWCFLWCA,False,0.28479904,0.0,0.6818676
302,MWTKPAYTDLRIGFEVTMYFANR,0.95652175,0.95652175,1.0,6952,MWTKPAYTDLRIGFEVTMYFASR,False,0.15244903,0.0,0.80407274
303,EFILPAVGRTCCDLTWCDGNCRCCTP,0.3846154,0.4,0.96153843,7414,EIILHALGTRCCSWDVCDHPSCTCC,False,0.27380607,0.0,0.110809326
304,FESEMR,0.0,0.0,0.0,-1,,False,0.08214286,1.0,-0.08214286
305,ATRATNGGYTTYTTNGT,0.29411766,0.29411766,1.0,7283,GTRCARCARTCRTACAT,False,0.33263966,0.85,-0.038522005
306,PAVLKAFHAAVDDLGTTD,0.33333334,0.4,0.8333333,1934,LTAVLKADAYGGIGL,False,0.29333544,0.3,0.039997905
307,GCCSYPPCFATNPDCAGGG,0.9,0.94736844,0.95,4959,GCCSYPPCFATNPDCAGAGA,False,0.36288574,0.0,0.53711426
308,YGSSAGAKCMNGKCKCYNN,0.4347826,0.5263158,0.82608694,503,GCRQCGGGCNKHGKCINGKCKCY,False,0.29233745,0.0,0.14244515
309,WGATRGCAATCPEAKPRETVECCATDKCNL,0.96666664,0.96666664,1.0,6153,WRATRGCAATCPEAKPRETVECCATDKCNL,False,0.2538542,0.0,0.7128124
310,DCTRMFGACRRDSDCCPHLGCKPTSKYCAWDGTI,0.7352941,0.75757575,0.9705882,3271,ECRKMFGGCSVDSDCCAHLGCKPTLKYCAWDGT,False,0.24239497,0.0,0.49289912
311,GVVDILKGAAKDIAGHLASKVMN,0.95652175,1.0,0.95652175,1878,GVVDILKGAAKDIAGHLASKVM,False,0.3370145,0.0,0.61950725
312,CLESGSLCFAGYGHSSCCSGACLDYGGLGVGACR,0.29411766,0.33333334,0.88235295,2883,KVCLESGAVCVIPIIASFACCSAFCYGVCL,False,0.27554622,0.3,0.018571436
313,CCGIPNAACHPCVCTGKC,0.9444444,0.9444444,1.0,2021,CCGVPNAACHPCVCTGKC,False,0.38201755,0.0,0.56242687
314,PGGGIVSLFMLSSGKK,0.31578946,0.375,0.84210527,48,TKSPDCGGILSPSGLSYFA,False,0.3758374,0.9,-0.060047925
315,LLGMIPVAISAISALSKL,0.9444444,0.9444444,1.0,1037,LLGMIPVAITAISALSKL,False,0.3644179,0.0,0.5800265
316,NRLSWCIPTGDLCFPSDHIQCCSGKCTFVCM,0.87096775,0.87096775,1.0,4860,NRLSWCIPSGDLCFPSDHIQCCSAKCAFVCL,False,0.24975832,0.0,0.62120944
317,EVHLTSDDAPRATDEQIKKAS,0.25,0.2857143,0.875,3406,MNNTEFYDRLGVSKDASQDEIKKA,False,0.24509159,0.35,0.0049084127
318,AKTGILDSDGPTVAGNSLSGT,0.2857143,0.2857143,1.0,2314,GLLSGILGAGKHIVCGLSGLR,False,0.30132467,0.8,-0.015610367
319,GLNRPSKRCLAGSARCEFHKPSTCCSGHCIFWWCA,0.9142857,0.9142857,1.0,3911,GLNRPSKRCLAGSAPCEFHKRSTCCSGHCIIWWCA,False,0.23714285,0.0,0.67714286
320,GYTNQNESIYTARERHVTA,0.2,0.21052632,0.95,8770,METTNESLGYTDQIIGPVLD,False,0.25114495,0.8,-0.051144943
321,AASDKASELMALAVRGCCSNLACAGNNLHICGRRR,0.9142857,0.9142857,1.0,381,AASDKASELMALAVRGCCSNPACAGSNAHICGRRR,False,0.25428572,0.0,0.65999997
322,DINGGGATLPQALYQTSGVL,0.9047619,0.95,0.95238096,8697,DINGGGATLPQKLYQTSGVLT,False,0.30209208,0.0,0.60266984
323,QDYWDRQGCALL,0.33333334,0.36363637,0.9166667,6425,DIGGSRQGCVA,False,0.30197805,0.4,0.03135529
324,CKGKGAKSRLMYDCTGSRSGKGS,0.8695652,0.8695652,1.0,8707,KGKGAKSRLMYDCTGSRSGKCGS,False,0.30939668,0.0,0.5601685
325,STIPSLGSEWDDGW,0.46666667,0.5,0.93333334,3477,CCPGWELCCEWDDGW,False,0.32863444,0.05,0.13803223
326,DAADVKPVARHNDGPGRDPAPCCQHPIETCC,0.9354839,0.9354839,1.0,3782,DAADVKPVARTNEGPGRDPAPCCQHPIETCC,False,0.22978897,0.0,0.7056949
327,LDPCCREPPCASTHTDICT,0.84210527,0.8888889,0.94736844,2282,LDPCCREPPCASTHIDRC,False,0.32652313,0.0,0.51558214
328,AFYAPFGVSAMTSSVNQNW,0.35,0.36842105,0.95,1832,AVNVNTNVSAMTAQRYLNQA,False,0.23128998,0.05,0.11871001
329,ALWKTLLKHVGKAAGKAALNAVTDMVNQ,0.96428573,0.96428573,1.0,6510,ALWKTLLKNVGKAAGKAALNAVTDMVNQ,False,0.30218518,0.0,0.66210055
330,RSNQDTCLNQRPIVCQGDPVIVGQVLADGSACEGG,0.22857143,0.23529412,0.9714286,1895,MINWQVIGQLTSLAMIVLVGPAVIVVLSLRKGDL,False,0.20714287,0.3,0.021428555
331,GIPCAESCVYIPCLTSAGCSCKSKVCYRN,0.9655172,0.9655172,1.0,5179,GIPCAESCVYIPCLTSIGCSCKSKVCYRN,False,0.28043127,0.0,0.68508595
332,CKPPGSKCTPTVYNCCTSCNPYSHKCRTPW,0.6333333,0.7307692,0.8666667,1923,CLSPGSSCSPTSYNCCRSCNPYSRKC,False,0.2863353,0.0,0.34699804
333,ECGTLFSGCSTHADCCEGFICKLWCRYERTW,0.61290324,0.6551724,0.9354839,7858,DDCGTLFSGCDTSKDCCEGYVCHLWCKYK,False,0.2628061,0.0,0.35009715
334,VAGKSFVPIALGRQSKQTPF,0.3,0.3,1.0,6235,GFLDIVKGVGLVALGAVSKS,False,0.2838292,0.5,0.0161708
335,DPDNFKLLGDCLTI,0.35714287,0.3846154,0.9285714,6150,DPDCSCSTGGSCT,False,0.34023982,0.45,0.016903043
336,GVQKSEVVITSA,0.46153846,0.5,0.9230769,6562,MKEVVIASAVTAG,False,0.34433156,0.0,0.1172069
337,RWAEIVCRSPSCNECCEWHTCFAPED,0.2580645,0.30769232,0.83870965,6724,WWDGECRSWSNKCEWPWHCCSNDCEDYCTLW,False,0.25510913,0.5,0.002955377
338,MELLIQLTSLLLIVIAGPLVIALLFLKQGNL,0.6969697,0.7419355,0.93939394,5565,MNIELIVQLTSLALITLAGPLIVALLFLKQGNL,False,0.31660634,0.0,0.38036335
339,MNDQMFVETLIITSSFFAIAVVLVLSVLLIERTG,0.9705882,0.9705882,1.0,4127,MNDQMFVETLIITSSFFAIAVVLVLSVLLIERIG,False,0.26684874,0.0,0.70373946
340,GAGALAKFLAKKVAKTVAKQAAKQGAKYVVNKQME,0.94285715,0.94285715,1.0,6722,GKGALKKFLAKKVAKTVAKQAAKQGAKYVVNKQME,False,0.30285713,0.0,0.64
341,SPHYNFGL,0.625,0.625,1.0,2954,SRPYSFGL,False,0.4180556,0.05,0.2069444
342,RIRKPIFIAFPRF,0.9230769,0.9230769,1.0,3513,RIKKPIFIAFPRF,False,0.41230768,0.0,0.51076925
343,RPPGFDPFR,0.8888889,0.8888889,1.0,2095,RPPGFSPFR,False,0.5038384,0.0,0.38505048
344,VSDVPNNDDRFTY,0.30769232,0.33333334,0.9230769,487,DVPKSDQFVGLM,False,0.2990591,0.65,0.008633226
345,RYPRDLLDKVCTYLNIEL,0.22222222,0.23529412,0.9444444,5697,DKFTYLNYVSDIRIPYP,False,0.22998123,0.7,-0.007759005
346,AANDKASVQIALTVQECCADAACSLTNPLIC,0.9677419,0.9677419,1.0,3702,AANDKASVQIALTVQECCADSACSLTNPLIC,False,0.24824834,0.0,0.71949357
347,ANFPTVSLNTVGITRQIPQDFMNAV,0.2,0.2,1.0,1624,GIFSSRKCKTVSKTFRGICTRNANC,False,0.19720139,0.75,0.002798617
348,MCCGEGAPCPSYFRNSQICHCC,0.8636364,0.8636364,1.0,3115,MCCGEGSSCPKYFRNSQICHCC,False,0.29191557,0.0,0.57172084
349,STAGDTHLGGEDF,0.3125,0.3846154,0.8125,3682,RFLALDTLGSTHAQSE,False,0.35423538,0.65,-0.04173538
350,RDACTKKAKDRQAKQRCAA,0.8947368,0.8947368,1.0,2634,RDAATKKAKDRQAKQRAAA,False,0.36842102,0.0,0.5263158
351,APSDTTIAETLTITEEFFPD,0.3,0.3529412,0.85,6392,VTDIAGTTRDTIEEYVN,False,0.26894036,0.25,0.031059653
352,ILGKLLSTAAGLLSNL,0.625,0.625,1.0,7550,IIEKLVNTALGLLSGL,False,0.4195711,0.0,0.2054289
353,IATQTAPK,0.375,0.375,1.0,616,TGPQTQAA,False,0.4088889,0.85,-0.033888906
354,ECCEWEWCDGACDCCN,0.875,0.875,1.0,6462,ECCELEWCDGACDCCD,False,0.44315767,0.0,0.43184233
355,NRLSRCIPSGDLCFPSDHIQCCNAKCAFVCL,0.9677419,0.9677419,1.0,2958,NRLSRCIPSGDLCFPSDHIQCCSAKCAFVCL,False,0.24642856,0.0,0.72131336
356,NLYQFKNMIQCTVPS,0.875,0.93333334,0.9375,6962,NLYQFKNMIQCTVPNR,False,0.17781456,0.0,0.69718546
357,LESLRSAMQEEGI,0.3125,0.3846154,0.8125,3690,EALESDLRGAQELLSD,False,0.34147212,0.6,-0.02897212
358,IIGDTINGAIANANNIVGKIGII,0.82608694,0.82608694,1.0,6179,IIGDTINGAITTADNIVGRIGII,False,0.33556524,0.0,0.4905217
359,GPPKVAPGKISASFGGEWL,0.2857143,0.31578946,0.9047619,7599,ARQVVAPGPVLDAIVAQFGAE,False,0.2891851,0.6,-0.0034708083
360,DFGHIQYVAAYR,0.25,0.3,0.8333333,1464,IIIQYEGHKH,False,0.32473448,0.95,-0.07473448
361,CCSYPPCNVSYPEICG,0.9411765,1.0,0.9411765,4287,GCCSYPPCNVSYPEICG,False,0.41525522,0.0,0.5259212
362,NLQILCCKHTPACCT,0.93333334,1.0,0.93333334,1294,NLQILCCKHTPACC,False,0.3716912,0.0,0.56164217
363,VGMVVGFVFSWQQTLLTLVTLPLVCLSVYLEG,0.28125,0.29032257,0.96875,5968,MFTAISYLGILVGALLFVTITFLTLRTIQLL,False,0.25915512,0.4,0.022094876
364,ILNRCCNDDN,0.0,0.0,0.0,-1,,False,0.4168939,1.0,-0.4168939
365,DDPTSTFTCPGGSNYK,0.9375,0.9375,1.0,1644,DDPTSTFTCPGGSDYK,False,0.32249206,0.0,0.61500794
366,DSSVLTSEYPR,0.45454547,0.5,0.90909094,6284,SVDFDSESPR,False,0.35847908,0.1,0.096066386
367,MGGEILNAAILSFGLIFVGWGLGALLLKIQGGEE,0.85294116,0.85294116,1.0,700,MSGELLNAALLSFGLIFVGWALGALLLKIQGAEE,False,0.28697473,0.0,0.5659664
368,MGIFSIFVISTVHYQPNKK,0.21052632,0.22222222,0.94736844,4899,ISIESKNNKKKRDISKNS,False,0.23517522,0.85,-0.024648905
369,MPTITSYFGFLLAALTITSALFIGLSKIRLI,0.9677419,0.9677419,1.0,1800,MPTITSYFGFLLAALTITSALLIGLSKIRLI,False,0.2991817,0.0,0.6685602
370,NVDFNSESTRRKNKQKEIVDLHNSLRRVD,0.8333333,0.86206895,0.96666664,3215,NVDFNSESTRRKKKQNEIVDLHNSLRRTVN,False,0.21098387,0.0,0.62234944
371,AAKVKYSLTPAECCPNPPCFAQHSNLCGARR,0.9677419,0.9677419,1.0,3998,AAKVKYSLTPAECCPNPPCFAQHSDLCGARR,False,0.23840094,0.0,0.729341
372,AANDKASDLMALRGGCCSRPPCILEHPEICGRRR,0.9705882,0.9705882,1.0,7286,AANDKASDLMALRGGCCSRPPCILKHPEICGRRR,False,0.23932776,0.0,0.7312604
373,AANDKAPVQIVLTVQECCADSACSLTNPLICGRR,0.9411765,0.9411765,1.0,833,AANDKASVQIALTVQECCADSACSLTNPLICGRR,False,0.22579834,0.0,0.71537817
374,QNWPSPK,0.5,0.5714286,0.875,7950,WPPPKVSP,False,0.38035712,0.0,0.11964288
375,ALPKKLKYLNLFNDGFNYMGVV,0.22727273,0.25,0.90909094,6671,FLPLLLAGLPKLLCLFFKKC,False,0.28984097,1.0,-0.06256823
376,QGRPLGPPIPP,0.90909094,0.90909094,1.0,4650,QGRPPGPPIPP,False,0.4984266,0.0,0.41066435
377,NLLQFENMIRNVAGRSGIWWYSD,0.73913044,0.73913044,1.0,7761,NLMQFELLIMKVAGRSGIVWYSD,False,0.20650575,0.0,0.5326247
378,GVSGHGQHGVHG,0.9230769,1.0,0.9230769,2071,HGVSGHGQHGVHG,False,0.38519233,0.0,0.5378846
379,TGVLIGVSLPPYCPWWLLISGSFIAIILAKQL,0.21875,0.22580644,0.96875,2004,MLTITSYFGFLLAVLIITSSLFIGLSKIQLI,False,0.26418784,1.0,-0.045437843
380,GTLPDVSSSKPARDTGAEQTSAPARAGF,0.26666668,0.2857143,0.93333334,8330,LAHADWSASPDVDTAAGATDAAGAAHTAPV,False,0.24992928,0.3,0.016737401
381,LTNKTARFLVNGTSIPEVDFDVGE,0.23333333,0.29166666,0.8,412,FVYGNGVTSILVQAQFLVNGQRRFFYTPDK,False,0.23514588,0.45,-0.0018125474
382,GFVALLKKLPLILKHLP,0.9411765,0.9411765,1.0,2152,GFVALLKKLPLILKHLH,False,0.42099237,0.0,0.5201841
383,REVMVVTFLAILELMKHQQIVIEQEQNFDE,0.2,0.22222222,0.9,439,YTSLIHSLIEESQNQQEKNEQELLELD,False,0.22657135,1.0,-0.026571348
384,ATAWDFGPHGLLPIRPIRIRPLCGKDKS,0.42857143,0.48,0.89285713,210,AMPWRPATGLLPIKPTHIKPLCGDD,False,0.22679551,0.0,0.20177592
385,GKAFDDGAFTGIREINLSINKETAIGD,0.26666668,0.2962963,0.9,8153,GFFTLIKAANKLINKTVNKEAGKGGLEIMA,False,0.2606714,0.35,0.0059952736
386,MNLEILAQLTALAFIVVSGPLVIALLAFRKGNL,0.90909094,0.90909094,1.0,4838,MNLEVVAQLTALAFIVLSGPLVIALLAFRKGNL,False,0.2927006,0.0,0.61639035
387,PGCCARLICCP,0.72727275,0.8,0.90909094,7241,GCCARLTCCV,False,0.4539918,0.0,0.27328095
388,AHSDAVTPLPARSKV,0.3125,0.33333334,0.9375,3071,AATAATPATAATPARA,False,0.31667897,0.6,-0.004178971
389,SSCGEPCIQDEHCSGTCNICTGNLSKCM,0.53571427,0.53571427,1.0,3475,SSCGDPCAQHASCTVTCTYCTGTLLQCI,False,0.2869756,0.0,0.24873868
390,ILRGILRNGVCC,0.41666666,0.41666666,1.0,3259,NGVCCGYKLCHC,False,0.38910252,0.5,0.027564138
391,AISSGACCAYPPCFEAYPERCL,0.59090906,0.68421054,0.8636364,3759,NAECCYYPPCYEAYPEICL,False,0.29985493,0.0,0.29105413
392,DVHSNTGIFGIHTS,0.2857143,0.33333334,0.85714287,1145,SCCGSSNTGSCC,False,0.30649334,1.0,-0.020779043
393,VSEACEESCEDEEKHCCHENNGVYTCLRYCW,0.9677419,0.9677419,1.0,2221,VSEACEESCEEEEKHCCHENNGVYTCLRYCW,False,0.25733295,0.0,0.7104089
394,RTETAMPRLGAFFLERSAGAETDNAVPQGSKL,0.21875,0.21875,1.0,2923,GTATCETQRLANFLAPSSNKLGAIFSPTKMGS,False,0.22961986,0.85,-0.010869861
395,MREKWKKKRSRRLRRKRRKMRARSK,0.84,0.84,1.0,610,MRDKWRKKRVRRLKRKRRKMRARSK,False,0.4303704,0.0,0.40962958
396,FLPLAVSLAANFLPKLFCKITKKC,0.7916667,0.7916667,1.0,2752,FLPLLAGLAANFLPKIFCKITRKC,False,0.329218,0.0,0.4624487
397,SEKILYEDAFLSKNIIELYADYKEKQG,0.22222222,0.22222222,1.0,5199,DAPLSKAEKERQKSEADETREAGERRK,False,0.2546677,0.95,-0.032445475
398,IVPCHRVVLKSGLGDYTPKREYKQF,0.24,0.26086956,0.92,4447,DISGLTPCKESKQFKREKQQKLE,False,0.23925924,0.7,0.0007407516
399,ECCNPACGNHTSC,0.9230769,0.9230769,1.0,4167,ECCNPACGQHTSC,False,0.4224885,0.0,0.5005884
400,LRKEQFSMRMQLAMGQFQ,0.22222222,0.22222222,1.0,7929,AMQHFSMREAFKADPTRF,False,0.22892646,0.65,-0.006704241
401,CCSRYCWKCIPCCPY,0.8,0.8,1.0,2234,CCSRYCYICIPCCPN,False,0.461973,0.0,0.338027
402,APAAGFFGMR,0.8,0.8,1.0,4610,TPASGFFGMR,False,0.42401513,0.0,0.37598488
403,AVNGGPATLPEYQI,0.3125,0.35714287,0.875,371,NATLGGHVAVDDYAII,False,0.3271954,0.6,-0.014695406
404,SFEDKVVRFKEKDTHQIFIEPET,0.28,0.3043478,0.92,7135,FSTKTRNWFSEHFKKVKEKLKDTFA,False,0.22863762,0.0,0.05136238
405,NRPYSFGL,0.875,0.875,1.0,2954,SRPYSFGL,False,0.4491667,0.0,0.4258333
406,FLQHIIGALTHIF,0.84615386,0.84615386,1.0,7564,FLQHIIGALGHLF,False,0.35182008,0.0,0.49433377
407,MERQVFIRLRHRLEADP,0.23529412,0.26666668,0.88235295,5653,SPALDDERNDNFIRL,False,0.27459827,0.95,-0.039304152
408,ECRYWLGGCSAGQTCCKHLVCSRRHGWCVWDGTFS,0.71428573,0.7352941,0.9714286,5545,ECRWFLGGCSGGQTCCEHLVCHRKHQWCVWDWSF,False,0.25142857,0.0,0.46285716
409,PESAKKKPTKGKVVAVGP,0.4,0.44444445,0.9,6249,MPDPAKTAPKKGSKKAVTKA,False,0.3279141,0.0,0.07208592
410,DCCRKPFRKHCWDCTAGTPYYGYSTRNIFGCTC,0.24242425,0.27586207,0.8787879,3971,GFPTCGETCTLGTCNTPGCTCSWPICTRN,False,0.23899284,0.65,0.0034314096
411,NRWYFPAFNVADSA,0.0,0.0,0.0,-1,,False,0.27792716,1.0,-0.27792716
412,SGTVGR,0.5,0.5,1.0,5436,VGRPRF,False,0.34166664,0.35,0.15833336
413,ECLEADYYCVLPFVSNGMCCSGICVFVCIAQKY,0.969697,0.969697,1.0,7868,ECLEADYYCVLPFVGNGMCCSGICVFVCIAQKY,False,0.2378788,0.0,0.7318182
414,VGERCCKNGKRGCGRWCRDHSRCC,0.61538464,0.6666667,0.9230769,5305,IVDRCCNKGNGKRGCSRWCRDHSRCC,False,0.3335257,0.0,0.28185895
415,APRTESLVTSGQISREYGLICHGRLVS,0.23333333,0.25925925,0.9,3739,MDRETEAETAELVTESLVEEVSIDGMCGVY,False,0.22501831,0.35,0.008315027
416,GEDDLQDNQDLIRDKSN,0.7058824,0.7058824,1.0,7572,GEEELQENQELIREKSN,False,0.29345238,0.0,0.41243
417,GCCPNHSSCC,0.6,0.6,1.0,1091,GCCPRSFLCC,False,0.44734845,0.0,0.15265158
418,TIEDTFGIQEVKLPAGHMVLYPSSSLHHVTPVTRG,0.2,0.25,0.8,8457,TPLGDTTFFSLNMTTRGEDFLYKSSGAI,False,0.17285718,0.3,0.027142823
419,RSCASNCVSCGSGCCCSPNSCVDSTCTHHSTPH,0.54545456,0.54545456,1.0,4571,RDCGEGCGTCGGGCCCIPDSCVDSQCQSHVGPN,False,0.29179022,0.0,0.25366434
420,MFTIITYFGLLLAALALAVVLFVGLSKIELI,0.67741936,0.67741936,1.0,4086,MLTITSYFGFLLAALTITSVLFIGLSKIRLI,False,0.30833626,0.0,0.3690831
421,WDYIGSPTNVIMVISTSLMLFAGRFGLAPSANR,0.21212122,0.22580644,0.93939394,732,MITISTMLQFGLFLIALIGLVIKLIELSNKK,False,0.23531318,1.0,-0.023191959
422,GLPVCGETCFTGSCYTPGCSCNWPVCNRN,0.86206895,0.86206895,1.0,2440,GLPVCGETCVTGSCYTPGCTCSWPVCTRN,False,0.30049214,0.0,0.56157684
423,TYGIYDAKPPFSCAGLRGGCVLPPNLRPKFKE,0.1875,0.1875,1.0,2537,VRDAYIAKPENCVYHCAGNEGCNNLCTCNGAT,False,0.22366786,1.0,-0.03616786
424,DWTYTTWLWWWWWWT,0.2,0.2,1.0,6523,NGRRYTTYGCSPPVT,False,0.18764298,0.7,0.012357026
425,CFIRNCPP,0.7777778,0.875,0.8888889,450,CFIRNCPKG,False,0.44958344,0.0,0.32819435
426,MLIQLKIKLLLLLLLYLLYIFYVFLWKQSEF,0.2857143,0.32258064,0.8857143,5352,METNYLGLLATILVILVPSIFLVILYVQTSSKSES,False,0.29212528,0.85,-0.006410986
427,VVYSTQNLDLWYGDTHALQNINLDILENNVTAI,0.21212122,0.21212122,1.0,5500,EVERPSRQVDIYSLIRLDGDTALNQSNPTFQLE,False,0.19866312,0.45,0.013458103
428,AANDKASDLMALTVRGCCVYPPCAVNHPDICRGGR,0.85714287,0.9375,0.9142857,5137,AANKKASDLMALTVRGCCVYPPCAVNHPDICG,False,0.2157143,0.0,0.6414286
429,VCCSFGSCDSLCQCCDC,0.9411765,1.0,0.9411765,8276,VCCSFGSCDSLCQCCD,False,0.41764703,0.0,0.5235294
430,MGDISPLTGTNGQIR,0.8666667,0.8666667,1.0,4574,MGNISPLTGTNGEIR,False,0.315625,0.0,0.55104166
431,INWKKIASIGKEVLKAL,0.8235294,0.8235294,1.0,5193,INWKKIAEIGKQVLSAL,False,0.38521758,0.0,0.43831185
432,GVLGAVKDLLIGAGKSAAQSVLKTLSCKLSNDC,0.93939394,0.93939394,1.0,954,GVLGTVKNLLIGAGKSAAQSVLKTLSCKLSNDC,False,0.28922847,0.0,0.65016544
433,LWTRDYAGVYEAIRGFDWSQDAK,0.25,0.26086956,0.9583333,2303,VVAAGANPVLITRDLVNVLEDAIR,False,0.20492256,0.1,0.045077443
434,MSDINATRLPIVGILGLPCIGDDVNSTLTHGEDLC,0.74285716,0.74285716,1.0,2953,MSDINATRLPIWGIGCNPCVGDDVTSVLTRGEALC,False,0.23000002,0.0,0.51285714
435,FNWACCLIPACRRNHKKFC,0.94736844,0.94736844,1.0,8042,FNWRCCLIPACRRNHKKFC,False,0.3088187,0.0,0.63854975
436,VQIFVRDNNVDQALKALK,0.2777778,0.3125,0.8888889,396,DQIRAQIFKALSDESR,False,0.27269426,0.6,0.005083531
437,ECREQSQGCTNTSPPCCSGLRCSGQSQGGVCISN,0.44117647,0.48387095,0.9117647,742,FSECSTRGCTFSSHCCEGLRCQGTPQGGVCV,False,0.25659662,0.0,0.18457985
438,CFPPGVYCTRHLPCCRGRCCSGWCRPRCFPRY,0.96875,0.96875,1.0,8452,CFPPGVYCTRHLPCCRGRCCSGWCRPRCFPRF,False,0.3052891,0.0,0.6634609
439,FIFPKKNIINSLFGR,0.46666667,0.5,0.93333334,7907,FIGPIISALASLFG,False,0.33013076,0.0,0.13653591
440,RYPAVGYT,0.375,0.42857143,0.875,712,DGYTPRL,False,0.39416668,0.75,-0.019166678
441,MEALVYTFLLVSTLGIIFFAIFFREPPKIQTKKIK,0.9714286,0.9714286,1.0,1345,MEALVYTFLLVSTLGIIFFAIFFREPPKIQTKKMK,False,0.2457143,0.0,0.72571427
442,FHTLQYKGLVNQIIDRKWVGLKINELLVVEYYS,0.18181819,0.1875,0.969697,4795,YYVWIGLRWVNIDCVEGNWSDYSSVSYENLVR,False,0.2122078,0.95,-0.030389607
443,MARRGFSCLLLSTTATDLPVKRRT,0.8333333,0.8333333,1.0,1445,MAPRGFSCLLLSTSEIDLPVKRRT,False,0.26733333,0.0,0.566
444,LGALGCVFPELLSGNGVKFGYA,0.24,0.27272728,0.88,3846,ALTLGYAGVYGSFLLFAKRASAKYG,False,0.31344363,1.0,-0.07344364
445,ACSRAGENCYKSGRCCDGLYCKAYVVTCYKP,0.58064514,0.58064514,1.0,628,LCSREGEFCYKLRKCCAGFYCKAFVLHCYRN,False,0.2695651,0.0,0.31108004
446,ELESDSGSDKASSPAGGL,0.31578946,0.33333334,0.94736844,928,ADGSDPASSEFLAEGGGVR,False,0.33937347,0.8,-0.023584008
447,ALGGVLKALAKGLPSVISWINQK,0.6086956,0.6086956,1.0,8815,AIGSILGALAKGLPTLISWIKNR,False,0.3384058,0.0,0.27028984
448,SSEAAPEEKVAILGA,0.3529412,0.4,0.88235295,7334,KIHETDTGSPEVQVAIL,False,0.3872468,0.8,-0.034305602
449,EQLIKKDVHKDFAGSE,0.5,0.61538464,0.8125,1034,EQLIRKDVHEFAS,False,0.31166044,0.0,0.18833956
450,EQFDEEFDIT,0.5,0.5555556,0.9,2182,DETTDEEFN,False,0.34916672,0.0,0.15083328
451,SQCCAVKKNCCHV,0.42857143,0.46153846,0.9285714,7292,CCSTNCAVCIPCCP,False,0.41439563,0.25,0.0141758025
452,FLSLIPHAISAISAIAHHL,0.94736844,0.94736844,1.0,3456,FLSLIPHAISAISAIANHL,False,0.34967703,0.0,0.5976914
453,SLWGKLKEMAAAAGKAALNAVNGLVNQ,0.7037037,0.7037037,1.0,2294,DLWNSIKDMAAAAGRAALNAVTGMVNQ,False,0.32177263,0.0,0.38193107
454,MDIVNIAWAALMVVSTSSLSPVAWGRSGL,0.82758623,0.82758623,1.0,8378,MDIVSIAWAALMVVFTFSLSLVVWGRSGL,False,0.27627808,0.0,0.55130816
455,QCSPNGGSCSRHFHCCSLYCNKINTGVCIAT,0.6060606,0.6451613,0.93939394,6388,QCSPNGGSCSRHYHCCSLWCNKDSGVCVATSYP,False,0.26926264,0.0,0.33679798
456,LDCCDIHACWSAHPELCG,0.5555556,0.5555556,1.0,3818,KECCTHPACHVSHPELCG,False,0.33611113,0.0,0.21944445
457,LRMKEQEVCKLQEQLETTIQKLE,0.24,0.26086956,0.92,107,GEEEYQKMLENLREAEVKKNRQEKE,False,0.292351,1.0,-0.052351013
458,AYGESANVFGAP,0.84615386,0.9166667,0.9230769,149,AYGEAANVFGAPK,False,0.35041213,0.0,0.49574172
459,NSDTPWNRCGSQITDSYRELCPH,0.6086956,0.6086956,1.0,1081,NSDTPKYRCGSDIPNSYMDLCFR,False,0.2047623,0.0,0.40393335
460,CKQSCSFGPFTFVCDGNTK,0.8947368,0.8947368,1.0,4956,CRQSCSFGPLTFVCDGNTK,False,0.28713235,0.0,0.6076045
461,CRDKGVTTETGQFGADMQVSLVNDGPVTFNLQV,0.18181819,0.1875,0.969697,2250,SLGGFLKGVGKVLAGVGKVVADQFGNLLEAGQ,False,0.19155082,0.75,-0.009732634
462,MFSKLAQSSIKAMF,0.33333334,0.35714287,0.93333334,1594,INWKKIKSIIKAAMN,False,0.354438,0.55,-0.021104664
463,GVCCGYKLCHYC,0.9166667,0.9166667,1.0,1502,GVCCGYKLCHPC,False,0.48200545,0.0,0.43466124
464,FIYHSYK,0.0,0.0,0.0,-1,,False,0.14553572,1.0,-0.14553572
465,MTDFPSIFVPLVGLVFPAIAMASLSLHVENNKIV,0.8235294,0.8235294,1.0,8664,MINFPSIFVPLVGLVFPAIAMASLFLHVQKNKIF,False,0.2467227,0.0,0.5768067
466,DGDMSGEGKGMWFGPRL,0.8235294,0.8235294,1.0,2893,GGETSGEGKGMWFGPRL,False,0.35469553,0.0,0.4688339
467,GCCKLFDVGFCCGK,0.4,0.42857143,0.93333334,7926,QGCVCNANAKFCCGE,False,0.39119923,0.5,0.008800775
468,SPVAASYRATAGLAGKALDF,0.35,0.36842105,0.95,4690,RRAAWAWRLAGLAVLLLLL,False,0.3340628,0.55,0.01593718
469,MMPTIFFAGILIVTTIVYLTIV,0.27272728,0.27272728,1.0,104,FFHHIFRGIVHVGKTIHKLVTG,False,0.26524717,0.5,0.0074801147
470,EAVRQPGKTGEELLKILESRLDNVI,0.25925925,0.28,0.9259259,2730,WEQKIEELLKKAEEQQKKNEEELKKLE,False,0.27225196,0.7,-0.01299271
471,QGRCCPYGPCRLSMCDPPCCA,0.6666667,0.7,0.95238096,155,PFCCPIGQCQLSMCDPPCCD,False,0.35645112,0.0,0.31021556
472,NRPTYVPPPPRPPHPRL,0.9411765,0.9411765,1.0,4702,NRPTYVPAPPRPPHPRL,False,0.40252122,0.0,0.5386553
473,MSDINAIRAPILMLAILPCVGDDIEVLR,0.7058824,0.85714287,0.8235294,7038,MSDINVIRAPLLILSILPCVGDDIEVLRRGEGLS,False,0.24252574,0.0,0.4633566
474,MPTLTSYFGFLLVALTITLVLFISLSKIRLI,0.87096775,0.87096775,1.0,6848,MPTLTSYFGFLLAALTITSALFIGLSKIRLI,False,0.31376776,0.0,0.55719995
475,VRRFPWWWPFLRR,0.30769232,0.30769232,1.0,1352,EVRPFPEVYERIA,False,0.3699634,1.0,-0.06227109
476,GKPCHKEGQLCDPFLQNCCLGWNCVFVCI,0.7241379,0.7241379,1.0,3356,VKPCRKEGQLCDPIFQNCCRGWNCVLFCV,False,0.2605022,0.0,0.4636357
477,CCTAPMCRGPCQCCE,0.53333336,0.53333336,1.0,538,CCFWPMCRGCDCCYL,False,0.45953432,0.15,0.073799044
478,FMGTALKIAANVLPAAFCKIFKKC,0.8333333,0.8333333,1.0,2199,FFGTALKIAANVLPTAICKILKKC,False,0.31422156,0.0,0.51911175
479,QCCRPANMSCCQ,0.5833333,0.5833333,1.0,1131,DCCPAKMFCCQW,False,0.40578753,0.0,0.17754579
480,RFYLKEVNISMYLVNGSVFSIANNNLSYWDAPLGS,0.22857143,0.23529412,0.9714286,2063,MEVNILALIAVALFISIPTAFLVIIYVKTISENN,False,0.21,0.4,0.018571436
481,LNKRCIEQFDPCDMIRHTCCVGVCFLMA,0.85714287,0.9230769,0.9285714,5505,CIEQFDPCDMIRHTCCVGVCFLMACI,False,0.22591214,0.0,0.6312307
482,YCEQVGAKTIIRGL,0.2857143,0.33333334,0.85714287,2672,EQVGSQAGGAYM,False,0.312423,0.75,-0.026708692
483,MSDINATRLPIWGIGCNPCVGDEVTALLTRGEA,0.969697,0.969697,1.0,4473,MSDINATRLPIWGIGCDPCVGDEVTALLTRGEA,False,0.21631017,0.0,0.75338686
484,GLEVGKRCLEYFSE,0.33333334,0.35714287,0.93333334,2324,NGRCCHPACGKYFSC,False,0.311257,0.3,0.022076339
485,IAMAISSGACCAYPPCFEAYPERCL,0.32,0.3809524,0.84,2744,GCCSYPPCFATNPDCGAGAAG,False,0.26996058,0.15,0.05003941
486,HNDGPGRDPAPCCQHPIETCC,0.9047619,0.9047619,1.0,2405,TNEGPGRDPAPCCQHPIETCC,False,0.28476965,0.0,0.61999226
487,IRDECCSNPACRWNNHVC,0.9444444,0.9444444,1.0,965,IRDECCSNPACRLNNHVC,False,0.3612666,0.0,0.5831778
488,MIYDSQVYTVLLIALLASVLAIRLGSTLYQ,0.76666665,0.76666665,1.0,5380,MITDFQVYIALMAALLASVLAIRLGATLYQ,False,0.28419846,0.0,0.4824682
489,GCSARNQRCPPNAAWVWCAVVSIHPDVFDI,0.4,0.42857143,0.93333334,4448,GCSARNQRCPPQCCMGLVCGREYPPRCV,False,0.21064372,0.0,0.18935628
490,WWDGDCRTWRAPCNPGVECCTDVCRHGRCVFW,0.78125,0.78125,1.0,5284,WWEGDCRTWDAPCNPAVECCFGVCRHRRCVLW,False,0.25051147,0.0,0.53073853
491,ECTHSGGACNSHNQCCNAFCDTATRTCV,0.96428573,0.96428573,1.0,515,ECTHSGGACNSHDQCCNAFCDTATRTCV,False,0.28928572,0.0,0.675
492,FLPGILKVAANVVPGVICAITKKC,0.7083333,0.7083333,1.0,5385,FLSTALKVAANVVPTLFCKITKKC,False,0.3007124,0.0,0.4076209
493,MASEIFGIAAVFWVLIPVGLAGGALLLKLQGD,0.96875,0.96875,1.0,5680,MASEIFGIAAVFWVLIPVGLAGGALLLKLQKD,False,0.28998998,0.0,0.67876005
494,GPGSAICNMACRLEHGHLYPFCHCR,0.92,0.92,1.0,6719,GPGSAICNMACRLEHGHLYPFCNCD,False,0.24697766,0.0,0.6730224
495,FLAKKVAKTVAKQAAKQGAKYVVNKQME,0.9285714,0.9285714,1.0,4069,FLAKKVAKTVAKQAAKQGAKYVANKHME,False,0.30935052,0.0,0.61922085
496,VEVQVRDKGKGIYGLSPLRQPAP,0.2173913,0.25,0.8695652,1688,AVPLIYNRPGIYVTKRPKGK,False,0.26184875,0.85,-0.04445745
497,SCLEYGHSCWGAH,0.2857143,0.30769232,0.9285714,6459,QCCTGSCLNCWPCC,False,0.34655684,0.95,-0.060842544
498,ACCEQSCTTCMPCC,0.9285714,0.9285714,1.0,1195,ACCEQSCTICMPCC,False,0.44357142,0.0,0.48499998
499,GYLSSVPKSPL,0.41666666,0.45454547,0.9166667,866,YSKSLPLSVLNP,False,0.4099359,0.55,0.006730765
500,DAAQVPDFATAVQNLHTLSEAA,0.27272728,0.3,0.90909094,1750,AAVPEAAAEATAEAAPVSEF,False,0.27826202,0.6,-0.0055347383
501,FLPIIAGIAAKFLPKIFCTISKKC,0.875,0.875,1.0,146,FLPFIAGMAAKFLPKIFCAISKKC,False,0.31286612,0.0,0.5621339
502,MTDGTEYMTRSTWGKEGDT,0.2631579,0.3125,0.84210527,1102,TDGKEGEFIAEGGGVR,False,0.23244509,0.4,0.030712813
503,QHGKISSEQHTMFDPIEGCCQQSCTTCFPC,0.7878788,0.8666667,0.90909094,2146,MQGKISSEQHPMFDPIEGCCTQSCTTCFPCCLI,False,0.23535475,0.0,0.5525241
504,NLQILCCKHTPKCCT,0.8666667,0.8666667,1.0,385,NIQIICCKHTPKCCT,False,0.35229173,0.0,0.514375
505,GMASKAGSVLGKITKIALGAL,0.85714287,0.85714287,1.0,2608,GMASKAGSVAGKIAKFALGAL,False,0.3600317,0.0,0.49711117
506,SKTVHRRIPGAGVGDMVVVVVREGKPELRK,0.21875,0.23333333,0.9375,244,WKPFKKIEKAVRRVRDGVAKAGPAVAVVGQAT,False,0.23484907,0.7,-0.016099066
507,TGCCWHPACGKNRC,0.85714287,0.85714287,1.0,2311,SGCCKHPACGKNRC,False,0.42127976,0.0,0.4358631
508,QGGAGWPPIPP,0.8181818,0.8181818,1.0,2814,QGGAPWNPIPP,False,0.4433566,0.0,0.3748252
509,DCHESGDFCGIPGVKNGLCCSQSCWVVCTPEW,0.6875,0.7096774,0.96875,4933,CYDVGDFCGIPFIKNGNCCSQFCVFVCTPEW,False,0.25863972,0.0,0.42886028
510,GIVCECCKNHCNIEELTEYCPPVTEGSG,0.85714287,0.85714287,1.0,5801,GIVCECCKNSCTYEEITEYCPPVTEGSG,False,0.27719676,0.0,0.5799461
511,MASEIFGIAAVFWVLIPVGLLGGVLLLKLQGD,0.90625,0.90625,1.0,5680,MASEIFGIAAVFWVLIPVGLAGGALLLKLQKD,False,0.29217395,0.0,0.614076
512,CGGTGDSCNEPAGELCCRRLKCVNSRCCPTTDGC,0.9705882,0.9705882,1.0,7737,CGGTGHSCNEPAGELCCRRLKCVNSRCCPTTDGC,False,0.277563,0.0,0.69302523
513,TATEECEESCEEEEKTCCGEDGEPVCARFCL,0.6451613,0.6451613,1.0,7295,TVTEECEESCEDEEKHCCNTNNGPSCARICF,False,0.29749852,0.0,0.34766275
514,SPATMGFAGVR,0.54545456,0.6666667,0.8181818,1656,TSMGFQGVR,False,0.4099942,0.15,0.13546035
515,SLGSPAVAEPAVIAE,0.33333334,0.35714287,0.93333334,5597,VSTLLPVVAAEEPA,False,0.36063728,1.0,-0.027303934
516,NCCRAQICC,0.8888889,0.8888889,1.0,3490,NCCRKQICC,False,0.5300505,0.0,0.35883838
517,DGCCSTPPCIANHPELC,0.88235295,0.88235295,1.0,930,GCCSVPPCIANHPELCV,False,0.38408148,0.0,0.49827147
518,IYSRLTVSPTGTLNR,0.3125,0.33333334,0.9375,2108,NTGELFFGEGSRLTVL,False,0.32849267,0.65,-0.015992671
519,AKNYPTVSAEYSAVEKA,0.29411766,0.3125,0.9411765,1390,VTAKAVAAAEAASSAR,False,0.30597004,0.9,-0.011852384
520,PGNAILQGIVVKGF,0.35714287,0.35714287,1.0,667,LRPAILVRVKGKGL,False,0.33909315,0.45,0.018049717
521,CNDPGGSCTRHYHCCQLYCNKQESVCLENEPAF,0.64705884,0.6666667,0.9705882,8273,ECSSPDESCTYHYNCCQLYCNKEENVCLENSPEV,False,0.2235498,0.0,0.42350906
522,GFGMLFKFLAKKVAKKLVSHVAQKQLE,0.8148148,0.8148148,1.0,6647,VYGMLFKFLAKKVAKKLISHVAKKQLQ,False,0.31234717,0.0,0.50246763
523,PAPESSFIRDP,0.90909094,0.90909094,1.0,127,PAPESGFIRDP,False,0.34918422,0.0,0.5599067
524,MADENTPVMPEEVPAVEGVGM,0.33333334,0.36842105,0.9047619,2708,ADDSDPVGGEFLAEGGGVR,False,0.27623397,0.15,0.057099372
525,ATKGSSDNRVLTGV,0.35714287,0.35714287,1.0,6929,IDNRVLALAGVVQA,False,0.30901787,0.25,0.048125
526,LDVKKIICVACKIKPNPACKKICPK,0.32,0.32,1.0,7014,SKQLTKKKREELYIKISEICDVKKI,False,0.30052507,0.35,0.019474924
527,NFLGTLINLAKKIM,0.85714287,0.85714287,1.0,4285,NFLGTLVNLAKKIL,False,0.40095234,0.0,0.45619053
528,ALFEESTVSAEPR,0.30769232,0.33333334,0.9230769,6590,VGEAFWSAEEQK,False,0.3505403,0.95,-0.04284799
529,MANIKSAIKRAKTSEK,0.3125,0.33333334,0.9375,3444,MCKYFIKIVSKSAKK,False,0.32941177,0.85,-0.016911775
530,QRWPSPK,0.5,0.5714286,0.875,7950,WPPPKVSP,False,0.40535712,0.1,0.09464288
531,MNPCSSNCSCGASCTCSGCSSHKK,0.32,0.33333334,0.96,6208,GDCGCSGASSCTCASGQCTCSGCGK,False,0.35601896,0.95,-0.036018968
532,DGCCIAKQCC,0.6,0.6,1.0,1873,NGCCIVRECC,False,0.4360606,0.0,0.16393942
533,WDVNDCIHFCLIGVVGRSYTECHTMCT,0.962963,0.962963,1.0,5766,WDVNDCIHFCLIGVVERSYTECHTMCT,False,0.21889916,0.0,0.74406385
534,FWGAVWKILSKVLPHIPGTVKWLQEKV,0.35714287,0.37037036,0.96428573,4041,FWGALFKTVAKVVAPFVPDIVKWVQEKV,False,0.2528935,0.0,0.10424936
535,DCGEQGQGCYTRPCCPGLECRGGGTGGGVCQQ,0.9375,0.9375,1.0,4615,DCGEQGQGCYTRPCCPGLECLGGGTGGGVCQP,False,0.322964,0.0,0.614536
536,SDAGTPGVSDPGAVLV,0.3529412,0.375,0.9411765,8718,SDAVANGVHAISGVVDS,False,0.36080474,0.65,-0.007863551
537,MSFTHFLALYSFLLERAWLHQQPAPMGHAREI,0.21875,0.21875,1.0,4270,IRQQAQLDQIQQQLRLLHRQLQDALAREAPAP,False,0.2022768,0.4,0.016473204
538,FLPFIAGMAANFLPKIFCAISKKC,0.9583333,0.9583333,1.0,146,FLPFIAGMAAKFLPKIFCAISKKC,False,0.3051442,0.0,0.6531891
539,NCGEQGEGCATRPCCSGLSCVGSRPGGLCQY,0.9375,0.9677419,0.96875,2005,NCGEQGEGCATRPCCAGLSCVGSRPGGLCQYD,False,0.30940768,0.0,0.6280923
540,DCCGVKLEMCHPCLCDNSCKKSGK,0.3,0.375,0.8,269,QKSLVPSVITTCCGYDPGTMCPPCRCTNSC,False,0.3039101,0.4,-0.0039100945
541,QTAGLTKKDATTATDA,0.3125,0.3125,1.0,3873,MLNAVDAKLTTDFGQR,False,0.36347717,1.0,-0.05097717
542,VLSLVLVCIFFLSFLSHPDPSARKLQWPGLFPS,0.21212122,0.22580644,0.93939394,4220,MPTITSYFGFLLAVLTITSGLFISLRKLRLI,False,0.23366947,0.9,-0.021548256
543,KPTRRRSRASRRTPTTLL,0.2777778,0.29411766,0.9444444,1264,VSRSGKTPTCLYMAMQY,False,0.32285297,1.0,-0.04507518
544,RHHRKRIGHTIKQLAKLVKHIHEY,0.9583333,0.9583333,1.0,8174,RHHRKRIGHTVKQLAKLVKHIHEY,False,0.2682838,0.0,0.6900495
545,VCCGYPLCHPC,0.90909094,0.90909094,1.0,4942,VCCGYKLCHPC,False,0.49542546,0.0,0.41366547
546,TPEHQRYVELFIVVD,0.8333333,1.0,0.8333333,8712,TPEHQRYVELFIVVDHGM,False,0.25441176,0.0,0.57892156
547,QWTEHIDALDQLRNSVGLRGYAQNNPIVEY,0.16666667,0.17857143,0.93333334,4087,LDVELTVEERNLLSVGYKDSTLIMQLLR,False,0.19511557,1.0,-0.028448895
548,KNCGYAFDACTSDRQCCSGYCVGNVYC,0.5925926,0.61538464,0.962963,1909,LCGQAGDPCGSDAQCCSGSCYGGSYC,False,0.27922195,0.0,0.31337065
549,GCCFHPVCYINLLEMCRQR,0.6315789,0.6666667,0.94736844,7830,GGCCSHPVCYFNNPQMCR,False,0.26907268,0.0,0.36250624
550,GSVPCGESCVWIPCITSIAGCSCSNKVCYMD,0.87096775,0.87096775,1.0,3632,GSTPCGESCVWIPCISGIVGCSCSNKVCYMD,False,0.26978248,0.0,0.60118526
551,MLRYLSLFAVGLATGYAWGWIDGLAASLTV,0.24242425,0.26666668,0.90909094,292,MLFTLAWASLAAVFSFSIAMVVWGRNGDGSLNF,False,0.27098697,0.85,-0.028562725
552,ALWKDILKNVGKAAGKAVLNTVTDMVNE,0.96428573,0.96428573,1.0,7059,ALWKDILKNVGKAAGKAVLNTVTDMVNQ,False,0.2835973,0.0,0.68068844
553,DAECEICKFVIQQVEAFIESNHSQAEIQKELNKL,0.22857143,0.23529412,0.9714286,3969,NYEGDDVELFIKFTLDRYKHQKEIRKKLNEGFVVI,False,0.1890756,0.1,0.039495826
554,MLVFQMRNVDKTSTVLKQTKNSDYADK,0.67741936,0.7777778,0.87096775,4110,MLVFQMRYQMRYVDKTSTVLKQTKKSDYADK,False,0.21758597,0.0,0.45983338
555,GMWDECCDDPPCRQNNMEHCPAS,0.82608694,1.0,0.82608694,2745,ECCDDPPCRQNNMEHCPAS,False,0.2678553,0.0,0.55823165
556,LCPDYTEPCSHAHECCSWNCYNGHCTG,0.9259259,0.96153843,0.962963,7767,LCPDYTEPCSHAHECCSWNCHNGHCT,False,0.27618772,0.0,0.6497382
557,SNKKDYQKEIVDKHNALRRSVK,0.95454544,0.95454544,1.0,4957,SNKKNYQKEIVDKHNALRRSVK,False,0.22782223,0.0,0.7267232
558,EPSSEDPPPSRSPGPERASLC,0.25,0.2857143,0.875,3799,GCCPPSLCDPGCDEGCCPVVTPAC,False,0.28817376,0.9,-0.038173765
559,KCTSPK,0.0,0.0,0.0,-1,,False,0.16785714,1.0,-0.16785714
560,NYYLYPARPNSWWT,0.85714287,0.9230769,0.9285714,8349,NYYLYPARPNSWT,False,0.3557983,0.0,0.50134456
561,MEVNILAFIATALFILVPTAFLLIIYVKTESQNKK,0.9142857,0.9411765,0.9714286,5710,MEVNILAFIATALFILVPTAFLLIIYVKTVSQND,False,0.26714292,0.0,0.64714277
562,HAARDGKEEKLIEKLEVV,0.33333334,0.4,0.8333333,2880,EEKVKEIRETVGDGK,False,0.32279056,0.5,0.01054278
563,ILPILGNLLNGLL,0.9230769,0.9230769,1.0,2117,FLPILGNLLNGLL,False,0.508718,0.0,0.4143589
564,LEGAFVLNQSQDAE,0.1875,0.21428572,0.875,1588,LTQDARARMESQLGAE,False,0.31296393,1.0,-0.12546393
565,SEESNLCDLLRDYDKPAQEVIAEMTDGGVDR,0.20588236,0.22580644,0.9117647,6772,AANDKASNLMALRDECCPNPPCKASNPDLCDWRS,False,0.20835641,0.45,-0.0024740547
566,GFFALIPKIISSPLFKTLLSAVGSALSSSGGQE,0.969697,0.969697,1.0,744,GFFALIPKIISSPLFKTLLSAVGSALSSSGDQE,False,0.26796538,0.0,0.7017316
567,GTTVVAHKQQSVNRLLYKVTSHIPDTFFSLK,0.61290324,0.6333333,0.9677419,4911,GADVAHKQQSVNHLLYLVTSHYPSLDYSLL,False,0.20651348,0.0,0.40638977
568,ASSACPEPCAKGSTCIGKTC,0.36363637,0.4,0.90909094,6678,ACYPPCFGSSVCYGGRCFFIGF,False,0.30660412,0.15,0.057032257
569,KILRGVSKKIMRTFLRRISKDILTGKK,0.6666667,0.7826087,0.8518519,4734,KILRGVSKKIMRTFLRRILTGKK,False,0.27821386,0.0,0.38845283
570,ALFCMDAERAHGA,0.46153846,0.54545456,0.84615386,5387,ALFATDGERVE,False,0.33551744,0.1,0.12602103
571,MNLEIIAQLTVLALIIASGPLVIALLAARKGNL,0.93939394,0.93939394,1.0,6996,MNLEVIAQLTVLALIVASGPLVIALLAARKGNL,False,0.29075637,0.0,0.64863753
572,MKFLCWQKSIHGS,0.7692308,0.8333333,0.9230769,6326,MKLCWQKSIHGS,False,0.27259618,0.0,0.4966346
573,ESCPWKPWC,0.8888889,0.8888889,1.0,8530,ESCPWHPWC,False,0.47984847,0.0,0.40904042
574,IMAGCCPRFYQCCYP,0.53333336,0.61538464,0.8666667,3533,IINWCCLVFYQCC,False,0.38682604,0.0,0.14650732
575,CTEFGKECNLPPECCGRMCCYNSLCMWSSKEC,0.28125,0.3,0.9375,2252,RCDEEGTGCSSDSECCSGRCTPEGLFEFCE,False,0.25050795,0.25,0.03074205
576,ALRAPALLPLLLLLLPLRAAGCPAACR,0.2857143,0.2962963,0.96428573,1435,SALESLPDPAVLPEEESRLLLAALVKDY,False,0.32240763,0.95,-0.036693335
577,QVSWWCGKPEATCGKLYLKCCSGRCNKANWKCLR,0.9411765,0.969697,0.9705882,7021,QVSWWCGKPEATCGKLYLKCCSGMCNKANWKCL,False,0.24567227,0.0,0.6955042
578,NRLSWCIPSGDLCFPSDHIQCCNAKCAFVCL,0.9677419,0.9677419,1.0,4860,NRLSWCIPSGDLCFPSDHIQCCSAKCAFVCL,False,0.24269524,0.0,0.72504663
579,GYEEDREVAETVRELEVA,0.8,0.8888889,0.9,5373,GYEEDREIAETVRELEEAGK,False,0.3524854,0.0,0.44751462
580,PAGPFRIPPRREFQ,0.6,0.64285713,0.93333334,3232,VAGPFRIPPLRREFQ,False,0.36146533,0.0,0.23853469
581,DCLPDYMLCAFNMGLCCSDKCMLVCLP,0.8064516,0.9259259,0.87096775,3445,LSKRDCLPDYTICAFNMGLCCSDKCMLVCLP,False,0.27086526,0.0,0.53558636
582,CKYKGAKCSRLMYDCCSGSCSGTVGRC,0.962963,0.962963,1.0,695,CKSKGAKCSRLMYDCCSGSCSGTVGRC,False,0.3314815,0.0,0.6314815
583,PCKTPGRKCFPHQKDCCGRACIITICP,0.9259259,0.9259259,1.0,8020,PCKKTGRKCFPHQKDCCGRACIITICP,False,0.2722891,0.0,0.6536368
584,SCCPREFLCCL,0.72727275,0.8,0.90909094,1091,GCCPRSFLCC,False,0.441521,0.0,0.28575176
585,GFSSLFKAGAKYLLKQVGKAGAQQLACKAANNC,0.9411765,0.969697,0.9705882,7748,GFSSLFKAGAKYLLKSVGKAGAQQLACKAANNCA,False,0.29535526,0.0,0.6458212
586,DRVYIHPFHLLWG,0.78571427,0.84615386,0.9285714,6207,DRVYIHPFHLLVYS,False,0.21521978,0.0,0.5704945
587,SQEDTPL,0.42857143,0.42857143,1.0,5229,STEQEDP,False,0.2375,0.25,0.19107144
588,FLGGLMKAFPALICAVTKKC,0.95,0.95,1.0,747,FLGGLMKAFPAIICAVTKKC,False,0.3489091,0.0,0.6010909
589,IRDECCANPACRVNNPHVC,0.8947368,0.8947368,1.0,1122,IRAECCSNPACRVNNPHVC,False,0.36064592,0.0,0.5340909
590,QQWPPGHHIPP,0.6363636,0.6363636,1.0,309,QGRPPRPHIPP,False,0.4448135,0.0,0.19155014
591,RICTPIPFPMCY,0.75,0.75,1.0,7478,RICTAIPLPMCL,False,0.38292128,0.0,0.36707872
592,ADKKIALVGAGNIGGTLAHLIGLKLL,0.3846154,0.4,0.96153843,3426,MKVAVLGAAGGIGQALALLLKTQLP,False,0.34026763,0.05,0.044347763
593,YCCRRQICC,0.8888889,0.8888889,1.0,8359,NCCRRQICC,False,0.5532828,0.0,0.3356061
594,RMAGRNRTEFYKLLSRHELDANDFKE,0.17857143,0.1923077,0.9285714,4369,APDFSTLELIPDKLKEFGNTLEEKARMA,False,0.21225056,1.0,-0.033679128
595,GIKDWIKGAAKKLIKTVASHIANQ,0.9166667,0.9166667,1.0,7429,GFKDWIKGAAKKLIKTVASAIANQ,False,0.30578175,0.0,0.6108849
596,FLPLLFGALSTLLPKIF,0.7647059,0.7647059,1.0,1191,FLPLLVGAISSILPKIF,False,0.4130672,0.0,0.3516387
597,GFASFLGKALKAALKIGANMLGGAPQQ,0.9259259,0.9259259,1.0,2642,GFGSFLGKALKAALKIGANALGGAPQQ,False,0.35273948,0.0,0.5731864
598,FVQWFSKFLGRIL,0.3846154,0.3846154,1.0,8298,FISAIASFLGKFL,False,0.35683382,0.6,0.027781576
599,GKIVNTQGLQGEMRVLSVTDFAEERFKKGAEL,0.21875,0.25,0.875,3058,AVWKDFLKNIGKAAGKAVLNSVTDMVNE,False,0.21998918,0.55,-0.0012391806
600,DNKTVCCKRGTLCCFV,0.8125,0.8125,1.0,5659,DNETVCCERGALCCFV,False,0.32710373,0.0,0.48539627
601,AANDKTSAWIAWAGSQSCCATPSCAKLY,0.96428573,0.96428573,1.0,4170,AANDKTSAWIAWAGSQSCCATPSCARLY,False,0.25439864,0.0,0.7098871
602,GLVSGLLNSVTGLLGNLAGGGL,0.5217391,0.54545456,0.95652175,4076,GVVTDLLNTAGGLLGNLVGSLSG,False,0.41432172,0.0,0.107417405
603,IRRIGAEIVEVAAMIDLPDLGGSRKLQE,0.22857143,0.2857143,0.8,304,MVEVLLTGIVLGSIFITLLGLLAAAKLQYNRKKTN,False,0.25161245,0.9,-0.023041025
604,VVSKNGGHLSSNLGAVELSIAMHLV,0.28,0.29166666,0.96,1029,GLVSSIGRALGGLLADVVKSKQPA,False,0.28537688,0.8,-0.0053768754
605,CCELPCHGCVPCCWP,0.8125,0.8666667,0.9375,2651,CCGLPCNGCVPCCWPS,False,0.45622548,0.0,0.35627452
606,FLPAIIGMAAKVLPAFLCKITKKC,0.7083333,0.7083333,1.0,1521,FLPIIAGVAAKVLPKLFCAITKKC,False,0.3274815,0.0,0.3808518
607,ECTRSGGACNSHTQCCDDFCDTATRTCV,0.9285714,0.9285714,1.0,1991,ECTRSGGACNSHTQCCNAFCDTATRTCV,False,0.29079372,0.0,0.6377777
608,GLPVCGETCAFGSCYTPGCSCSWPVCTRN,0.8965517,0.8965517,1.0,2440,GLPVCGETCVTGSCYTPGCTCSWPVCTRN,False,0.28780985,0.0,0.6087419
609,FFPIIAGMAAKVICAITKKC,0.95,0.95,1.0,1954,FLPIIAGMAAKVICAITKKC,False,0.3184317,0.0,0.6315683
610,VCCPHGGCHQICQCCGC,0.8235294,0.8235294,1.0,3654,ICCPQGGCHQLCQCCGC,False,0.43120915,0.0,0.39232028
611,MAEKAGSTFSHLLVPILLLIGWIVGCIIMIYVVFS,0.62857145,0.64705884,0.9714286,2550,MAEKESTSPHLIVPILLLVGWIVGCIIVIYIVFF,False,0.23857144,0.0,0.39000002
612,YRRRQCPPWCSGEPCRKGTC,0.8,1.0,0.8,527,QCPPWCSGEPCRKGTC,False,0.32493746,0.0,0.47506255
613,GCCSYPPCFATNPDCAGG,0.8888889,1.0,0.8888889,4499,GCCSYPPCFATNPDCA,False,0.38835725,0.0,0.5005317
614,QDNPAHPILVFSKSEEEEILIPFLHVFVGELNL,0.24242425,0.25,0.969697,816,MAQEIFSIAAVFWILIPIGLVGGALLLKFQGD,False,0.21102116,0.2,0.031403095
615,GLGNNAFVGVR,0.90909094,0.90909094,1.0,6354,GLGNNAFLGVR,False,0.39673665,0.0,0.51235425
616,CIGGGDPCEFHRGYTCCSEHCIIWVCA,0.8518519,0.8518519,1.0,2344,CIAGGQPCEFHRGYMCCSEHCIIFVCA,False,0.2725789,0.0,0.579273
617,KKIEEEAAAAGATAE,0.46666667,0.5,0.93333334,6599,AEAAAAPAPAAAPA,False,0.4405024,0.45,0.026164263
618,QTLIPMPRL,0.5555556,0.5555556,1.0,2940,PALIPFPRV,False,0.33702028,0.0,0.2185353
619,RLEKGRGPVATVLVQNGNLKQGDNILCG,0.25,0.28,0.89285713,5925,GLIVDAFVQPNLILQGDAKVEDNGL,False,0.25564033,0.65,-0.005640328
620,SPPSQDFMRF,0.8,0.8,1.0,2990,SAPGQDFMRF,False,0.3895455,0.0,0.4104545
621,EEIALQVLAQELPKLGEK,0.44444445,0.47058824,0.9444444,6373,GIALQRLAEEDPTFKVS,False,0.33114302,0.0,0.113301426
622,AACYSSDCRVKCVAMGFSSGKCINSKCKCYK,0.9354839,0.9354839,1.0,8125,AACYSSDCRVKCRAMGFSSGKCIDSKCKCYK,False,0.27305093,0.0,0.6624329
623,EGKAIGLAKPRMDST,0.33333334,0.35714287,0.93333334,4948,ADEKVVIGLAADSG,False,0.3255474,0.75,0.007785946
624,ALCGESCSLHSHCIGFCEYCSARTYTCI,0.32142857,0.32142857,1.0,3708,GVFCGEACAQASCSIAGCECIAGLCYKN,False,0.27424932,0.05,0.047179252
625,EDDLEDFNPTVS,0.8333333,0.8333333,1.0,6496,EDDLEDFNPTIA,False,0.3323169,0.0,0.5010164
626,CRPYGYRCDGVINQCCDPYHCTPPLIGICL,0.3,0.3,1.0,718,GDDVKSACCDTCLCTKSNPPICRCVDIRET,False,0.24837057,0.1,0.05162944
627,CTPPGGYCYHPDPCCSQVCNFPRKHCL,0.962963,0.962963,1.0,547,CTPPGGYCYHPDPCCSQYCNFPRKHCL,False,0.2837122,0.0,0.6792508
628,MGQEQDTPWIL,0.8181818,0.8181818,1.0,3081,MGQEQGIPWIL,False,0.2115676,0.0,0.60661423
629,GFLSTVKNLATNVAGTVLDTIRCKVTGGCRP,0.87096775,0.87096775,1.0,6676,GFLSTVKNLATNVAGTVIDTLKCKVTGGCRS,False,0.25359988,0.0,0.61736786
630,GFKNVQLSTARGF,0.9230769,0.9230769,1.0,6917,GFKNVALSTARGF,False,0.33450782,0.0,0.5885691
631,GAGTFHPATFLRALGPEPWNA,0.2857143,0.31578946,0.9047619,4706,FLGALIPAIAGAIGGLIRK,False,0.26912528,0.5,0.016589016
632,DDCLGMFSSCDPNNDKCCPNRVCRVRDQWCKYKLW,0.85714287,0.85714287,1.0,5022,DDCLGMFSSCDPNNDKCCPNRKCSRKDQWCKYQLW,False,0.23571427,0.0,0.6214286
633,MKTISRQAYADMFGPTTGDRLRLADTELFL,0.23333333,0.23333333,1.0,262,MISDIQIMVALFAALFTGILALRLGTELYK,False,0.21807687,0.25,0.0152564645
634,TQVTVEYVNEGGAMV,0.23529412,0.26666668,0.88235295,6392,VTDIAGTTRDTIEEYVN,False,0.31857848,1.0,-0.08328436
635,SFSVNPAVEILQHRYMEKVAQNNRNFLNRV,0.96666664,0.96666664,1.0,4675,SFSVNPAVDILQHRYMEKVAQNNRNFLNRV,False,0.21033356,0.0,0.7563331
636,DLGAALAHGAAD,0.33333334,0.41666666,0.8,3656,AHRFAAEDFGALDTA,False,0.4083608,1.0,-0.075027466
637,CYPEGDYCEYHDQCCKGSCCFAYCRDPC,0.87096775,0.96428573,0.9032258,2504,CYPEGDYCEYHYQCCKGSCCFAYCRDPCRRV,False,0.28884128,0.0,0.5821265
638,ANRPVYIPPPRPPHPRL,0.8333333,0.88235295,0.9444444,3408,GNNRPVYIPQPRPPHPRL,False,0.37641037,0.0,0.45692295
639,FLSIIAKVLGSLF,0.6923077,0.6923077,1.0,2002,FLPIIAKLLGGLL,False,0.46253434,0.0,0.22977337
640,GMASKAGSIVGKIAKIALGAL,0.85714287,0.85714287,1.0,2608,GMASKAGSVAGKIAKFALGAL,False,0.37523383,0.0,0.48190904
641,LDIILNGQGGMPGGIAK,0.29411766,0.3125,0.9411765,6764,AYSAIGLWCLNGIKGG,False,0.34308305,1.0,-0.048965394
642,GAMGHQKRDCFDRPRKSN,0.27272728,0.33333334,0.8181818,2480,RDCCTPPRKCKDRRCKPMKCCA,False,0.23055556,0.15,0.042171717
643,NYYKKLFGSGTTLVVT,0.5,0.5,1.0,5059,TNEKLFFGSGTQLSVL,False,0.35012257,0.0,0.14987743
644,MSSISDTQVYIALVVALIPGLLAWRLATELYK,0.625,0.6451613,0.96875,6029,MALSDTQILAALVVALLPAFLAFRLSTELYK,False,0.2635674,0.0,0.3614326
645,CTYWLGPCIVDSECCSNSCEERFCGLW,0.962963,0.962963,1.0,5386,CTYWLGPCIVDSECCFNSCEERFCGLW,False,0.2749141,0.0,0.6880489
646,VPAPHIMVPIYLCPILCKVGGVNTPFCNCT,0.3,0.31034482,0.96666664,4619,GLPICGETCVGGTCNTPGCFCTWPVCTRN,False,0.23415828,0.0,0.065841734
647,MADAEDIQPLVCD,0.23076923,0.27272728,0.84615386,3792,YRPLTPEDIVV,False,0.33406597,0.95,-0.10329674
648,AGNKRPIWIMGAMVNAIKDIDFVNLGANNIEK,0.5,0.55172414,0.90625,2585,ADNRRPIWNLGHMVNALKQIPTFLDGANA,False,0.2205452,0.0,0.2794548
649,CRTVGRPCHYSAQCCSDFCAHTISNYYYIKRCS,0.33333334,0.4074074,0.8181818,8627,CRTWNAPCSFTSQCCFGKCAHHRCIAW,False,0.21354088,0.0,0.11979246
650,HSDAVFTDNYSRFRKQMAAKKYLNS,0.85714287,0.96,0.89285713,8053,HSDAVFTDNYSRFRKQMAVKKYLNSVLT,False,0.20155294,0.0,0.65558994
651,IRRYCDPRVCDRECLEKGKYFGRCIRDICKCN,0.28125,0.29032257,0.96875,6180,IRCQGSNQCYGHCREKTGCMNGKCINRVCKC,False,0.25378725,0.2,0.02746275
652,AGESSNEAKGMWFGPRL,0.8235294,0.8235294,1.0,7320,EGANSNEAKGMWFGPRL,False,0.29975492,0.0,0.5237745
653,PRGSPRTEYEAARR,0.4375,0.5,0.875,6491,QMRGSVRTVEEAIASG,False,0.3468488,0.0,0.090651214
654,NCCRRQVCC,0.8888889,0.8888889,1.0,276,NCCRRQFCC,False,0.55328286,0.0,0.33560604
655,GKPCHEEGQLCDPFLQNCCLGWNCVFVCI,0.6896552,0.6896552,1.0,3356,VKPCRKEGQLCDPIFQNCCRGWNCVLFCV,False,0.26573008,0.0,0.4239251
656,GIPCFPSSLKRLLIIVVVIVLVVVVIVGALLMGL,0.7714286,0.7941176,0.9714286,3182,LRIPCCPVNLKRLLVVVVVVVLVVVVIVGALLMGL,False,0.29231092,0.0,0.47911766
657,VDEECNEYCDDRNKECCGRTNGHPRCANVCF,0.9677419,0.9677419,1.0,3438,GDEECNEYCDDRNKECCGRTNGHPRCANVCF,False,0.26932055,0.0,0.69842136
658,MLAIVAYIGFLALFTGIAAGLLFGLRSAKIL,0.48387095,0.48387095,1.0,2699,MSLIIGYIILLACAFGLAAGLYFGLSAIKLI,False,0.3193549,0.0,0.16451606
659,RLYLTSKNKRNTPDRL,0.25,0.25,1.0,1107,RRKGRLYVINKKNPRF,False,0.28827614,0.95,-0.038276136
660,ATWDYCCPPYICDTHFPSHC,0.35,0.4117647,0.85,5833,GCCPFPACTTHIICRCC,False,0.2961265,0.05,0.05387348
661,FFHHIFRGIVHVPKTIHRLVTG,0.95454544,0.95454544,1.0,249,FFHHIFRGIVHVAKTIHRLVTG,False,0.2891364,0.0,0.665409
662,CDGWSTYCEVDSECCSEQCVNSYCTLF,0.8148148,0.8148148,1.0,2228,CGGYSTYCEVDSECCSDNCVRSYCTLF,False,0.27683878,0.0,0.537976
663,AQSVYKGKNLTQVASHTINYGHIFEEK,0.24242425,0.2962963,0.8181818,5204,MIHIQHQVQLKPFNTLNLDVVASHYIKVQSVNE,False,0.19122086,0.0,0.051203385
664,MTITEKFYDKELKRIVEDVFRFEIEMHGYEF,0.21875,0.22580644,0.96875,4003,EKFPMTPRGFEKLKEELRWRQQSERPRIIEAI,False,0.20841746,0.45,0.01033254
665,RCCPMPGCFAGPFCPCCPP,0.94736844,0.94736844,1.0,6236,RCCPMPGCFAGPFCPCCPV,False,0.3780263,0.0,0.56934214
666,GDCLPHLKLCKENKDCCSKKCKRRGTNIEKRCR,0.8181818,0.8181818,1.0,8654,GDCLPHLKRCKADNDCCGKKCKRRGTNAEKRCR,False,0.26821232,0.0,0.5499695
667,GDIIEVRSRAKGQL,0.35714287,0.3846154,0.9285714,1965,VQALDAKPGDIIE,False,0.32161766,0.25,0.035525203
668,ALSVPVFAVAPLNKK,0.33333334,0.33333334,1.0,5355,STNIGSAVAALNGFR,False,0.357835,0.75,-0.024501652
669,LCCPPQCGPDCASPCC,0.64705884,0.6875,0.9411765,652,GCCPPQWCGPDCTSPCC,False,0.4617443,0.0,0.18531454
670,EADEDTALCLLESSNTYKIVTKPDFACLLRDYS,0.15151516,0.18518518,0.8181818,4666,LLVFAACEAALGLSLLVMVSNTYGTDY,False,0.2143723,1.0,-0.06285715
671,LRLKSIVSYAKKVL,0.85714287,0.85714287,1.0,2272,LKLKSIVSWAKKVL,False,0.3605077,0.0,0.49663517
672,CTPSGGACYYDYFCCSMTCNFNSKSCV,0.5925926,0.5925926,1.0,2491,CTPRHGVCFYSYFCCSKACNPSSKRCH,False,0.29788667,0.0,0.29470593
673,TAISPMATIHEDICQSAERKKTAMVILPF,0.23333333,0.2413793,0.96666664,5869,GIKHILFMAKTKLPRATCTAEIKENCDRKK,False,0.21169683,0.2,0.021636501
674,GCCAIHECRLQNAAYCGGIY,0.4,0.4,1.0,5967,GCCARAACAGIHQELCGGRR,False,0.32266667,0.0,0.07733333
675,WFGHEECTYWLGPCEVDDTCCSASCESKFCGLW,0.6060606,0.7407407,0.8181818,5386,CTYWLGPCIVDSECCFNSCEERFCGLW,False,0.2516017,0.0,0.35445893
676,KCCRPPCAMSCGMARCCY,0.6315789,0.6666667,0.94736844,1708,GCCRWPCPSKCGMARCCSS,False,0.38114038,0.0,0.25043854
677,YECCVWPHCDGGCSSCVRSCE,0.95238096,0.95238096,1.0,4531,YECCVWPYCDGGCSSCVRSCE,False,0.33610284,0.0,0.6162781
678,PKVSPRWPPIPP,0.5,0.54545456,0.9166667,3845,QNRHPPIPPAP,False,0.42847982,0.1,0.07152018
679,GCVANCQANQTGIDCIKYCGIGI,0.2173913,0.23809524,0.9130435,2644,WIDPSHYCCCGGGCTDDCVNC,False,0.27442083,1.0,-0.05702953
680,IRDECCSNPACRINNHVC,0.9444444,0.9444444,1.0,965,IRDECCSNPACRLNNHVC,False,0.3618514,0.0,0.582593
681,NVLSSVANGINRALSFFG,0.8888889,0.8888889,1.0,5779,NILSSIANGINRALSFFG,False,0.31630594,0.0,0.57258296
682,TTVYDAEGSKVDFDGSLRIIV,0.6666667,0.6666667,1.0,8507,VTVYDAEGTKVQVDGSLRLVE,False,0.24554133,0.0,0.42112535
683,ITPYMDRGDAQVAKLQDSFIAHVV,0.21428572,0.25,0.85714287,3668,VVQTLDRGIYGDQGSIGPIGLQGDRDAD,False,0.2337671,0.55,-0.01948139
684,TPIAVDVVRTPADLELSSRLLRISEAAESWIDLHR,0.22857143,0.22857143,1.0,7540,MISEYGVVVIADRDESSWDFVEKRIDFSEFPLIES,False,0.23142858,0.9,-0.0028571486
685,ASCRTPKDCADPCRKETGCPYGKCMNRKCKCNRC,0.7941176,0.7941176,1.0,5585,VSCTGSKDCYAPCRKQTGCPYGKCMNRKCKCNRC,False,0.26932773,0.0,0.5247899
686,NSEDGSPYPGPGQQPNCCKWPIVTCCNR,0.96428573,1.0,0.96428573,2702,NSEDGSPYPGPGQQPNCCKWPIVTCCN,False,0.25682658,0.0,0.70745915
687,QRLCCGFPKSCRSRQCKPHRCC,0.8148148,1.0,0.8148148,1005,EKRQRLCCGFPKSCRSRQCKPHRCCGR,False,0.32665914,0.0,0.48815566
688,IRDECCSNPACRVNNHNC,0.9444444,0.9444444,1.0,6653,IRDECCSNPACRVNNHQC,False,0.37008774,0.0,0.5743567
689,RCCHPACMNHFNC,0.85714287,0.9230769,0.9285714,3713,DMCCHPACMNHFNC,False,0.39421016,0.0,0.4629327
690,CCSRNCAVCIPCCPNWPA,0.7777778,0.7777778,1.0,6982,CCSRDCWVCIPCCPNGSA,False,0.3944444,0.0,0.38333338
691,GHACYRNCWREGNDEETCKKEC,0.90909094,0.90909094,1.0,4388,GHACYRNCWREGNDEETCKERC,False,0.25010055,0.0,0.6589904
692,VVNTPGHAVSYHVY,0.33333334,0.35714287,0.93333334,1364,LDLTPGSHVDSYVEA,False,0.2814198,0.35,0.05191353
693,MQTLPKERRY,0.36363637,0.4,0.90909094,3867,QTLLQELPIPP,False,0.21098486,0.1,0.15265152
694,FNWRCCLIPACARNHKKFC,0.94736844,0.94736844,1.0,8042,FNWRCCLIPACRRNHKKFC,False,0.31248003,0.0,0.6348884
695,VDEECNEICGEQGKNCCGRSNGTPRCAKVCF,0.67741936,0.67741936,1.0,3438,GDEECNEYCDDRNKECCGRTNGHPRCANVCF,False,0.27495027,0.0,0.4024691
696,GIPCAESCVWIPCTITALMGCSCKNNVCYNN,0.87096775,0.9,0.9677419,914,GIPCAESCVWIPCTVTALLGCSCSNNVCYN,False,0.25002035,0.0,0.62094736
697,SLLQFNKMIKFETRKNAIPFYAF,0.95652175,0.95652175,1.0,2616,HLLQFNKMIKFETRKNAIPFYAF,False,0.23782799,0.0,0.71869373
698,RFRFRVKCSKGTY,0.30769232,0.30769232,1.0,8559,CSKGGVGRGYGIG,False,0.3535623,1.0,-0.045869976
699,GLFDVIKKVASVIGLASQ,0.9444444,0.9444444,1.0,3149,GLFDVIKKVASVIGLASP,False,0.35669172,0.0,0.5877527
700,MKAILQVINLVLISVVVIIIPPCGAALGRRKA,0.8125,0.8125,1.0,3838,MTALLRVISLVVISVVVIIIPPCGAALGRGKA,False,0.27326265,0.0,0.5392374
701,GLLSSLGLNL,0.7,0.875,0.8,6286,GLLSGLGL,False,0.51128787,0.0,0.18871212
702,QGWAWPRPQIPP,0.6666667,0.8,0.8333333,213,QLWPRPQIPP,False,0.4634157,0.0,0.20325097
703,ISAVKEMTVRDALNSA,0.25,0.2857143,0.875,7756,ERCADAVKEYGIKN,False,0.29469493,0.9,-0.04469493
704,DDCLGMFSSCDPKNDKCCPNRVCRSRDQWCKYKLW,0.82857144,0.82857144,1.0,5022,DDCLGMFSSCDPNNDKCCPNRKCSRKDQWCKYQLW,False,0.24000001,0.0,0.5885714
705,EMILPALRQWQCCTMAWCDSGCLCCE,0.6923077,0.6923077,1.0,3735,KFILHALGQWQCCTMQWCDKACYCCE,False,0.25272125,0.0,0.43958646
706,SDRIAEAVANLDVDIVVNVQGDEPFTEAGPLEQ,0.21212122,0.21875,0.969697,1052,SGETEDVTIADIVVGLRIEEELGDAAVYAGAK,False,0.22354981,0.9,-0.011428595
707,ECLEADYYCVLPFVGNGMCCSGICVFVCIAQAY,0.969697,0.969697,1.0,7868,ECLEADYYCVLPFVGNGMCCSGICVFVCIAQKY,False,0.23935065,0.0,0.7303463
708,GCCPFPACTHTIICRCC,0.88235295,0.88235295,1.0,5833,GCCPFPACTTHIICRCC,False,0.38786542,0.0,0.49448752
709,GFIGWGNNIFGHYSGDF,0.29411766,0.3125,0.9411765,7938,SGNIGNFNLGSGNGNV,False,0.29520124,0.7,-0.0010835826
710,MKDVDQIFDALDCHILREYLILLFYD,0.26923078,0.26923078,1.0,6007,MTDCRYLIKRVIKIIIAVLQLILLFL,False,0.23170896,0.25,0.037521824
711,TVCNLRMCQLSCRSLGLLGKCIGVKCECVKH,0.9354839,0.9354839,1.0,1261,TVCNLRRCQLSCRSLGLLGKCIGDKCECVKH,False,0.26522112,0.0,0.67026275
712,RCCISPACHDECICCID,0.88235295,0.88235295,1.0,4,RCCISPACHDDCICCIT,False,0.39068624,0.0,0.4916667
713,GLADYWRTAFRANFANLGPGIRCKSARC,0.35714287,0.35714287,1.0,6073,GLMDVFKGAAKNLLASALDKIRCKVTKC,False,0.22590339,0.0,0.13123947
714,NVIELDWWEENCVPGHDKVTFVFTPSQHWCKRT,0.18181819,0.19354838,0.93939394,2034,EAVDFDSQCVPTADPGKCKFYFPMWNVNVFT,False,0.14288005,0.4,0.038938135
715,GCCSHPACSVNHPRLC,0.9375,0.9375,1.0,2720,GCCSHPACSVNHPELC,False,0.4044268,0.0,0.5330732
716,GLFRRLRDSIRRGQQKILEKARRIGERIKDIFR,0.2647059,0.27272728,0.9705882,8677,LIQRGRFGRFLGRIRRFRPRINFDIRARGSIRLG,False,0.2518271,0.4,0.012878805
717,IRDECCSNPACRSNNHVC,0.9444444,0.9444444,1.0,965,IRDECCSNPACRLNNHVC,False,0.3680848,0.0,0.5763596
718,GGLRSLGRKILRAWKKYGPIIVPIIRIG,0.60714287,0.60714287,1.0,6001,RGLRRLGRKIAHGVKKYGPTVLRIIRIA,False,0.27629822,0.0,0.33084464
719,LSFSGGMVGIWMIVVVHICRIRSFTRGMVI,0.2,0.25,0.8,1129,MTTRGFSCLLLLIREIDLSAKRRI,False,0.23423064,0.95,-0.034230635
720,FLPFLKSILGKIL,0.6923077,0.6923077,1.0,3553,FLPFLASLLSKVL,False,0.48846143,0.0,0.20384628
721,NNLDEIK,0.42857143,0.5,0.85714287,7812,DEDLDE,False,0.23571429,0.3,0.19285715
722,FFGRLKAVFRGARQGWKEHRY,0.45454547,0.47619048,0.95454544,3135,FFGRLKSVWSAVKHGWKAAKSR,False,0.23561592,0.0,0.21892954
723,HECCKKGFCDPGCDCCDQ,0.5555556,0.625,0.8888889,6462,ECCELEWCDGACDCCD,False,0.3888889,0.0,0.16666669
724,CRSKGAKCSKLMYDCCSGSCSGTVGRC,0.962963,0.962963,1.0,7293,CKSKGAKCSKLMYDCCSGSCSGTVGRC,False,0.33553517,0.0,0.6274278
725,MERQNVQQQRGKDQRPQRPGASNPRRPNQR,0.22580644,0.23333333,0.9677419,2350,MPRRRRASRRVRRRRRPRVSRRRRRGGRRRR,False,0.23991597,0.85,-0.014109522
726,FLPFLAGLFGKIF,0.84615386,0.84615386,1.0,7194,FLPLIAGLFGKIF,False,0.4603365,0.0,0.38581735
727,MMVHLTLKSHLIKEELLWHALSPSYSCRYHGR,0.22857143,0.25,0.9142857,185,GRMCVHHGNGFCTPNSPCCGELRCHAALVGYRCRY,False,0.21792805,0.2,0.010643378
728,ECCTHPACHVSHPELC,0.8888889,1.0,0.8888889,3710,RPECCTHPACHVSHPELC,False,0.3855392,0.0,0.50334966
729,GIGAILKVLSTGLPALISWIKRKRQE,0.9230769,0.9230769,1.0,2969,GIGAVLKVLSTGLPALISWIKRKRQQ,False,0.29204485,0.0,0.6310321
730,PGTILEANKQGIQVATGDGILNLLSLQPAGKKA,0.27272728,0.3,0.90909094,7282,MNKQRFLFAAKISGIHFLLSLTVAALLAGL,False,0.25764075,0.45,0.015086532
731,NGCCRAGDCCSRFEIKENDF,0.3,0.3529412,0.85,1587,GCCNAGFCRFGCTPCCW,False,0.3069656,0.85,-0.0069655776
732,MLDQNITQLAYLER,0.33333334,0.35714287,0.93333334,8352,WLEDQLINKKATLDE,False,0.2642262,0.15,0.069107145
733,CANSCSYGPLTWSCDGNTK,0.84210527,0.84210527,1.0,4850,CVQSCSFGPLTWSCDGNTK,False,0.29736838,0.0,0.54473686
734,GNNVDAARK,0.33333334,0.33333334,1.0,917,GDAAAQPEK,False,0.3447475,0.75,-0.01141417
735,SGCCVIDSNCC,0.5,0.54545456,0.9166667,4045,VNCCGIDESCCS,False,0.43613052,0.2,0.06386948
736,GLPCGESCVYIPCISTVLGCSCSNKVCYRN,0.8666667,0.8666667,1.0,5099,GIPCGESCVFIPCISTVIGCSCKNKVCYRN,False,0.2864819,0.0,0.5801848
737,RDCCKGNPGCCGWD,0.5714286,0.6666667,0.85714287,2606,SCCGKNPGCCPW,False,0.40321428,0.0,0.16821432
738,VHRSSKNIYVQVIDDVRGVTIAAAST,0.21428572,0.23076923,0.9285714,4071,GEVIAQASTLDSSLRSGATGNADAATSV,False,0.23686342,0.8,-0.022577703
739,AGVPFNTKTPYGPT,0.3125,0.35714287,0.875,4423,GRPNPVNTKPTPYPRL,False,0.28041315,0.2,0.03208685
740,PRRRTRRASRPVRRRRPRRVSRRRRARRRR,0.9032258,0.93333334,0.9677419,6695,ARRRRSRRASRPVRRRRPRRVSRRRRARRRR,False,0.5694319,0.0,0.33379388
741,MNLEIITQLVVLTLVAASGPLVIALLAIRKGNL,0.7878788,0.7878788,1.0,6996,MNLEVIAQLTVLALIVASGPLVIALLAARKGNL,False,0.28940034,0.0,0.49847847
742,GCREGGEFCGTLYEERCCSGWCFFVCV,0.6296296,0.6296296,1.0,2820,QCRVEGEICGMLFEAQCCDGWCFFVCM,False,0.30459115,0.0,0.32503846
743,GSPLTYPCHSAQCEQPCKDANMRFGCMN,0.3529412,0.42857143,0.8235294,4374,NVKCSGSPQCLKPCKDAGMRFGKCMNRKCHCTPK,False,0.22048123,0.0,0.13245995
744,GLDGLAIMSVILIS,0.2857143,0.30769232,0.9285714,4578,ELNPSLVISLSGL,False,0.3942122,1.0,-0.10849789
745,QFGRKISMLLGGVLFCAGALLNGFAT,0.27586207,0.30769232,0.8965517,731,GLWSKIKDAGKAVLKAAGKAALGAVTDAV,False,0.3213743,0.9,-0.04551223
746,CYDGGTGCDSGNQCCSGWCIFVCL,0.9583333,0.9583333,1.0,2064,CYDGGTGCDSGNQCCSGWCIFACL,False,0.31280738,0.0,0.64552593
747,INLKAIAALARNY,0.71428573,0.7692308,0.9285714,3386,INLKAIAALAKKLL,False,0.41325545,0.0,0.30103028
748,GEEEYQKMLENLREAEV,0.9411765,0.9411765,1.0,3835,GEEEYQKMLENLREAED,False,0.34444958,0.0,0.5967269
749,FLAGLIGGLAKML,0.7692308,0.7692308,1.0,7955,FLPGLIAGIAKML,False,0.45597067,0.0,0.3132601
750,EQSAGFREYIDFFDGYSLTY,0.18181819,0.2,0.90909094,7340,SAALAGTIIDGASLGFDILNKV,False,0.22045454,1.0,-0.038636357
751,FVVFDTFAAQALWVEVK,0.3529412,0.4,0.88235295,7023,AADIFAKFKTSMEVK,False,0.27250004,0.1,0.08044115
752,MSDINATRLPIILAPIIPCINDDVNSTLTSGER,0.75757575,0.75757575,1.0,1607,MSDINATRLPIIWAPVVPCISDDNDSTLTRGQR,False,0.23352814,0.0,0.5240476
753,FSKNIQTRLPNFTLYSEV,0.25,0.2777778,0.9,7925,TLQNASEQTLLPRLGIVLRV,False,0.21168509,0.3,0.03831491
754,TIVIIGGGPGGYEAA,0.33333334,0.33333334,1.0,108,VIGGLFDADDTAAAA,False,0.34437507,0.85,-0.011041731
755,FLPAIAGMAAKFLPKIFCAISKKC,0.9583333,0.9583333,1.0,146,FLPFIAGMAAKFLPKIFCAISKKC,False,0.3135377,0.0,0.64479566
756,IKMISDYKPDIDLA,0.26666668,0.2857143,0.93333334,1214,KMLGVVAKKPMSDYE,False,0.28153017,0.65,-0.014863491
757,CLSPGSSCSPTSYNCCRSCNPYSRKCR,0.962963,1.0,0.962963,1923,CLSPGSSCSPTSYNCCRSCNPYSRKC,False,0.333129,0.0,0.629834
758,TVQIVTPDGLVYDHHASY,0.25,0.2777778,0.9,5038,DEPPQTPWDRVKDLVTVYVE,False,0.22993298,0.35,0.020067021
759,EQSPHRPFCSKKCQMIDFGEWADEENA,0.14814815,0.16,0.9259259,6034,FPVDEEFQSPFGSRSRGYFLFRPRN,False,0.1589401,0.75,-0.010791957
760,GEPIDGKGDIKSSN,0.35714287,0.3846154,0.9285714,3285,ILGEIWKGIKDIL,False,0.34122023,0.5,0.015922636
761,DKAEGAKAETGDRVTVSFKGTIDGV,0.23333333,0.28,0.8333333,3739,MDRETEAETAELVTESLVEEVSIDGMCGVY,False,0.2735658,1.0,-0.040232465
762,MTLASSRDFAKKTPKRLAKLRDCCPRSILCCEFS,0.29411766,0.29411766,1.0,4700,FLTQQSPRDFAKSIMQLLHYNRIDCCNYGVSDCC,False,0.24588239,0.1,0.048235267
763,MAIIIGLEFAQLPMSFGAKYE,0.33333334,0.35,0.95238096,3784,IIGAIAAALPHVINAIKNTF,False,0.2864138,0.15,0.046919554
764,MLGFLVLP,0.875,0.875,1.0,7416,MLGFLPLP,False,0.4958334,0.0,0.3791666
765,LSAGPNGGSIAKLSVK,0.3125,0.3125,1.0,5059,TNEKLFFGSGTQLSVL,False,0.37747353,1.0,-0.06497353
766,HSGILLAWSGPRNRFVRI,0.8888889,0.8888889,1.0,4037,HSGFLLAWSGPRNRFVRF,False,0.315614,0.0,0.57327485
767,LEQILANHGIPLQMKTDK,0.2,0.22222222,0.9,7380,GILELAKTVCCSATGISICC,False,0.23970154,0.9,-0.039701536
768,CCDDSECSTSCWPCCY,0.9375,0.9375,1.0,2895,CCDDSECSYSCWPCCY,False,0.42510214,0.0,0.5123979
769,MHLSTLPNVPWPNRSFTTKRPPLPNMSFSW,0.2,0.25,0.8,8625,FLSTLLNVASNVVPTLICKITKKC,False,0.14712702,0.3,0.052872986
770,GVCCGYKLCHEC,0.9166667,0.9166667,1.0,1502,GVCCGYKLCHPC,False,0.47756404,0.0,0.43910265
771,PHAYPFLSPEQKKEL,0.29411766,0.33333334,0.88235295,2588,TLAVEQSPELEKMAQFF,False,0.28631538,0.5,0.007802278
772,FFPIVGKLLFGLSGLL,0.9375,0.9375,1.0,7702,FFPIVGKLLFGLFGLL,False,0.4304371,0.0,0.5070629
773,ECLGFGKGCNPSNDQCCKSANLVCSRKHRWCKYEI,0.7714286,0.7714286,1.0,4913,ACLGFGKSCNPSNDQCCKSSSLACSTKHKWCKYEL,False,0.23571429,0.0,0.53571427
774,LRPAILVRIK,0.5833333,0.7,0.8333333,1418,LRPAVIVRTKAL,False,0.3928031,0.0,0.19053021
775,YNFNVYTSCTARRK,0.3529412,0.42857143,0.8235294,2183,GNKKRLNVCTSCIKAGK,False,0.24147935,0.0,0.11146183
776,DSELYGNYKPSSSNNFINNHHNN,0.1923077,0.2173913,0.88461536,8637,SNKSNDFNFNNYNGLVNQSSNELSRW,False,0.22474393,0.8,-0.032436237
777,SVYYGSIEAGGTKFVLAIADEHFNI,0.4074074,0.44,0.9259259,6316,MIIGAVEAGGTKFVDGVGNEKGEIFER,False,0.2532833,0.0,0.15412411
778,IDTCRLPSDRGRCKASFERWYFNGRTCAKFIYG,0.2857143,0.3030303,0.94285715,8790,NSFCNLPAVVGRCKGYFPRYFYNTEAGKCQRFIYG,False,0.19854346,0.0,0.08717084
779,EPVKKKDLKKATVPL,0.33333334,0.3846154,0.8666667,4553,KLVKKLLKKYITF,False,0.35930556,0.9,-0.025972217
780,LMSQAMRKITGNIGKSGC,0.22222222,0.23529412,0.9444444,1676,REVQADIRRKIEIGCYQ,False,0.28196514,0.95,-0.059742913
781,GRSKAGQNIIIVGGGAVGVETALL,0.33333334,0.33333334,1.0,4654,SNGSNIDVAGAVNTLVETAGKLFQ,False,0.303941,0.3,0.029392332
782,MLLVSRNICRIKGNTIDWRNLKKDLSMTWIILK,0.21212122,0.21875,0.969697,8465,MKKRFDWCLILIDIIEKLLNEADLSILIIVIC,False,0.23003311,0.9,-0.017911896
783,GLFDIIKKVASVVGLASQ,0.9444444,0.9444444,1.0,7754,GLFDIIKKVASVVGLASP,False,0.35346493,0.0,0.59097946
784,RDCQEKWAYCIVPILGFVYCCPGLICGPFVCV,0.96875,0.96875,1.0,594,RDCQEKWEYCIVPILGFVYCCPGLICGPFVCV,False,0.26044452,0.0,0.7083055
785,GIPCGESCVWIPCITSAIGCSCKSKVCYRN,0.96666664,0.96666664,1.0,8648,GIPCGESCVWIPCISSAIGCSCKSKVCYRN,False,0.29398924,0.0,0.6726774
786,CCEADCPMCQDMLCC,0.33333334,0.35714287,0.93333334,829,CCSQDCSVCIPCCP,False,0.39853758,1.0,-0.06520423
787,CKSTGASCRRTSYDCCTGSCDRGRC,0.92,0.92,1.0,14,CKSTGASCRRTSYDCCTGSCRSGRC,False,0.33881158,0.0,0.58118844
788,TVKVTVTGAAGQIGYALLFR,0.7916667,0.95,0.8333333,135,AQTPVKVTVTGAAGQIGYALLFRI,False,0.29917863,0.0,0.49248806
789,VSQFMVELQGLKTGDGEYP,0.3,0.31578946,0.95,5717,SDNSVVLRYGDGEYSYPVVD,False,0.2305247,0.1,0.06947531
790,GLLDTPKNLALNAAKSAGVSVLNSLSCKLSKTC,0.969697,0.969697,1.0,2972,GLLDTFKNLALNAAKSAGVSVLNSLSCKLSKTC,False,0.28431755,0.0,0.68537945
791,GAWKNFWSSLRKGFYDGEAGRAIRR,0.25925925,0.28,0.9259259,3068,SKTKRRSLLKRLGDGIRGFWNGFRGRK,False,0.24279289,0.3,0.016466364
792,GVHGTIVGVDFDLCIAD,0.29411766,0.3125,0.9411765,704,GLFDIVKKVVGTIAGL,False,0.31315786,0.9,-0.019040197
793,CLAKGDFCNLITQDCCDGICFIFCP,0.6785714,0.76,0.89285713,5923,CLAKGDVCNLIDQDCCVGICFISAHKLP,False,0.29165208,0.0,0.38691932
794,VSCTGSKDCYAPCRKQTGCPNAKCINKSCKCYAC,0.9705882,0.9705882,1.0,2009,VSCTGSKDCYAPCRKQTGCPNAKCINKSCKCYGC,False,0.27861342,0.0,0.69197476
795,FISGLIGGLMKAL,0.9230769,0.9230769,1.0,2727,FITGLIGGLMKAL,False,0.45418262,0.0,0.4688943
796,DDAVADGEHAISGVVDS,0.9411765,0.9411765,1.0,2432,SDAVADGEHAISGVVDS,False,0.3657894,0.0,0.57538706
797,GLLAFPRV,0.6666667,0.75,0.8888889,653,QGLISFPRV,False,0.4984722,0.0,0.16819447
798,VEQFHFSEVTEGHQDKI,0.23809524,0.29411766,0.8095238,298,SEKITVFQKGNFQVTESSHFV,False,0.24939997,0.4,-0.011304736
799,TPDHREVPSFSSRWEPNFGLTFSK,0.11111111,0.125,0.8888889,8704,LAALVNHDSYNFSHRIDHLSFGELVPG,False,0.21832347,1.0,-0.10721236
800,IQQECTQPITLYSELNLFSKA,0.16,0.1904762,0.84,817,GWASKIAQTLGKMAKVGLQELIQPK,False,0.22667333,0.95,-0.06667334
801,CPRILMKCKLDTDCFPTCTCRPSGFCG,0.62068963,0.6666667,0.9310345,2413,RICPRILMECKADSDCLAQCICQESGFCG,False,0.27019942,0.0,0.3504902
802,LTVASLEYIWAFSNFF,0.25,0.30769232,0.8125,3691,VALTGLTVAEYFR,False,0.26533088,0.85,-0.015330881
803,NCCNGGCSSAWCRDHARCC,0.9,0.94736844,0.95,2899,QNCCNGGCSSKWCRDHARCC,False,0.38052636,0.0,0.5194736
804,ARYLDLFSTYISLYNTTMKITFLAATYA,0.25,0.25,1.0,2888,FYALDGETYASLAAATDAGAPVFAFGNF,False,0.2541557,0.65,-0.0041556954
805,GIRGNCCMFHTCPIDYSRFNCP,0.95454544,0.95454544,1.0,130,GIRGNCCMFHTCPIDYSRFYCP,False,0.24993181,0.0,0.7046136
806,GLLDSIKGMAISAGKGALQNLLKVASCKLDKTC,0.72727275,0.72727275,1.0,3380,GLLDSLKGFAATAGKGVLQSLLSTASCKLAKTC,False,0.28894836,0.0,0.4383244
807,FLSHIAGFLSNLF,0.6923077,0.6923077,1.0,3072,FLPVIAGVLSKLF,False,0.40348214,0.0,0.28882557
808,AEPNVTVTGAAGQIGYALLFRI,0.75,0.8181818,0.9166667,135,AQTPVKVTVTGAAGQIGYALLFRI,False,0.27864355,0.0,0.47135645
809,TCSNKGQLCGDDSDCCWHLCCVDNKCAHLILLCNL,0.94285715,0.94285715,1.0,560,TCSNKGQQCGDDSDCCWHLCCVNNKCAHLILLCNL,False,0.2571429,0.0,0.68571424
810,MEALVYTFLLVSTLGIIFFAIFFREPPRISTKKMK,0.94285715,0.94285715,1.0,1345,MEALVYTFLLVSTLGIIFFAIFFREPPKIQTKKMK,False,0.24714287,0.0,0.6957143
811,FNWRCCAIPACRRNHKKFC,0.94736844,0.94736844,1.0,8042,FNWRCCLIPACRRNHKKFC,False,0.31571662,0.0,0.6316518
812,MMKLLIIVVLLVISFPAY,0.57894737,0.6111111,0.94736844,6960,MMKHVIILVILLVISFQAY,False,0.3537427,0.0,0.22520468
813,RDCATGCEGCNNPAKCCCGTQVCVNGNTCQ,0.6666667,0.6666667,1.0,2514,RDCGKDCVGCDNPANCCCGGQTCVNGNKCE,False,0.31132984,0.0,0.35533684
814,NRLSRCIPSGDLCFPSDHIQCCNAECAFVCL,0.9354839,0.9354839,1.0,2958,NRLSRCIPSGDLCFPSDHIQCCSAKCAFVCL,False,0.24812679,0.0,0.68735707
815,ERAEDSGNESEGDHEELSALVDMGHDALWDVDDL,0.2647059,0.27272728,0.9705882,7633,MLLAAVGDDELTDSEDESDLFHEELEDFYDLDL,False,0.23281512,0.1,0.03189078
816,VNCCPIDESCCS,0.9166667,0.9166667,1.0,4045,VNCCGIDESCCS,False,0.44821423,0.0,0.46845245
817,AMASSLLSGWGGPTTLLVAPM,0.2857143,0.31578946,0.9047619,8692,GPVGLLSSPGSLPPVGGAP,False,0.32067102,1.0,-0.034956723
818,APRSMRRSSDCFGSRIDRIGAQSGMGCGRF,0.5,0.53333336,0.9375,706,SKRLSNGCFGLKLDRIGAMSGLGCWRLINESK,False,0.282951,0.0,0.217049
819,MLYPLSYMLLWTDSIVEQYKKFYLFRFDL,0.20689656,0.25,0.82758623,2789,MLVLYRKRFSGFRFYFLSIFKYII,False,0.2059876,0.65,0.00090895593
820,MDSAISSPEIFIALVVAAHAAILALRLSVSLYRA,0.7647059,0.7647059,1.0,2900,MATVLSQSEIYIALVVAAHAAILALRLSVSLYRS,False,0.2735294,0.0,0.4911765
821,RICCPWFALCCYY,0.53846157,0.5833333,0.9230769,4032,ICCPLMELCCEW,False,0.41694134,0.0,0.12152022
822,GCCSHPACSVNHAELC,0.9375,0.9375,1.0,2720,GCCSHPACSVNHPELC,False,0.39673203,0.0,0.54076797
823,FGTYGHPRPRFYYNP,0.23529412,0.26666668,0.88235295,4702,NRPTYVPAPPRPPHPRL,False,0.31104168,1.0,-0.075747564
824,GILGKLWEGFKSIV,0.85714287,0.85714287,1.0,3924,GILGKLWEGVKSIF,False,0.37639183,0.0,0.48075104
825,CCHPSCGRKYNC,0.9166667,0.9166667,1.0,6263,CCHPACGRKYNC,False,0.44931316,0.0,0.46735352
826,IRDECCSNPACRVNNPHVC,0.94736844,0.94736844,1.0,1122,IRAECCSNPACRVNNPHVC,False,0.36830142,0.0,0.579067
827,MCERFIYGWCGGNRNNFHSLQECLGQCLP,0.20689656,0.23076923,0.8965517,5070,DCLPIGSLCHSSEQCCSGWCSPKRVC,False,0.21569121,0.75,-0.00879465
828,AFCKYNGEQCTSDGQCCNGRCRTAFMGKICMG,0.78125,0.8064516,0.96875,5377,VFCRFNGQQCTSDGQCCYGKCRTAFMGKICM,False,0.25686276,0.0,0.52438724
829,NLLQFAFMIRQANKRRRPVIPYEEYGLYYM,0.73333335,0.8148148,0.9,8112,NLLQFGFMIRCANKRRRPVWPYEESGC,False,0.17974459,0.0,0.55358875
830,KPCCSIHDSSCCGI,0.9285714,0.9285714,1.0,2488,KPCCSIHDNSCCGI,False,0.4288988,0.0,0.4996726
831,QSISCAESCVWIPCATSLIGCSCVNSRCIYSK,0.59375,0.61290324,0.96875,3889,GSIPCAESCVYIPCITGIAGCSCKNKVCYYN,False,0.2659815,0.0,0.3277685
832,YYEEYVDGQGMVVR,0.2857143,0.30769232,0.9285714,8642,GLEEELEEYVREI,False,0.26463762,0.45,0.02107668
833,DGCSNAGGFCGIHPGLCCSEICLVWCT,0.8888889,0.8888889,1.0,6463,YGCSNAGAFCGIHPGLCCSELCLVWCT,False,0.29121375,0.0,0.59767514
834,GIGASILSAGKSALKGLAKGLAEHFAN,0.8888889,0.8888889,1.0,3067,GIGGALLSAGKSALKGLAKGLAEHFAN,False,0.33938947,0.0,0.5494994
835,SHPRKYGQGSRSCRSCANKHGIIRKYG,0.22222222,0.22222222,1.0,2164,CLSPGSSCSRLMYNCCRSCNPYSRKCR,False,0.26123017,1.0,-0.039007947
836,EACYAPGTFCGIKPGLCCSEFCLPGVCFG,0.86206895,0.86206895,1.0,3281,EACYPPGTFCGIKPGLCCSELCLPAVCVG,False,0.2914213,0.0,0.57064766
837,QCCANPPCKHVNC,0.7692308,0.7692308,1.0,3237,CCGNPPCAHVNCR,False,0.411788,0.0,0.3574428
838,LSGKPAKHLSVGEQAIAMT,0.31578946,0.31578946,1.0,3847,FLSLIPHAINAVGVHAKHF,False,0.28576154,0.25,0.030027926
839,MSILPLVHAMANVRGDIEYLTEA,0.32142857,0.39130434,0.8214286,4736,QLAMILPLDGRKKLVNADIEKVKKALTE,False,0.24027339,0.05,0.08115518
840,VGKGRHEISDVPKLLESKNRKNVPF,0.26923078,0.28,0.96153843,5222,GLFGKLIKKKGRKAISYAVKKARGKH,False,0.25331625,0.4,0.01591453
841,DQDEGVSTEPTQVGPAELHNDETCVGPLVYRN,0.21875,0.23333333,0.9375,4705,DAEVVSTESDVIVTCEPCMNPACGPNYGKC,False,0.19935383,0.35,0.019396171
842,MNYLVFFSLALLVMTGRTVTREKRKDMMDL,0.23333333,0.26923078,0.8666667,7309,MVYVMSMVSLLKRLLTVTRWKLQITG,False,0.23407876,0.7,-0.0007454306
843,MAFSELNIDILTRSKARGG,0.2857143,0.31578946,0.9047619,5240,MPNISEIIDSINRRSMAEIIT,False,0.2549129,0.05,0.030801386
844,FHGGSWYRFPWGY,0.23076923,0.25,0.9230769,3841,GGSSGLIAFPRL,False,0.3360165,1.0,-0.105247274
845,GCCHIIACRMGCSPCCW,0.88235295,0.88235295,1.0,1183,GCCHLLACRMGCSPCCW,False,0.41842103,0.0,0.46393192
846,DCCPVAGMPLWMQPLLWMTSFVIGTSSSNE,0.16666667,0.1724138,0.96666664,8288,CKSPGTPCSRGMRDCCTSCLLYSNKCRRY,False,0.20241177,0.9,-0.0357451
847,GPVVLERIAPAIAKGL,0.4375,0.46666667,0.9375,1745,GPVEIYYLQSADAKG,False,0.35924405,0.0,0.07825595
848,FFPLVLGALGSILPKVFGK,0.84210527,0.9411765,0.8947368,8282,FFPLVLGALGSILPKIF,False,0.3738289,0.0,0.46827638
849,NCCIYENWCCEWI,0.5714286,0.61538464,0.9285714,2873,RLCCITEEWCCQWW,False,0.36457652,0.0,0.20685208
850,MTPTLTPPPETVAPPAADERCDRCNAAGKLRI,0.21875,0.25,0.875,2263,AANAKLSERLDPCCREPPCASTHIDRCG,False,0.21998104,0.65,-0.0012310445
851,ITCCTRGTCAQHC,0.7692308,0.7692308,1.0,5981,FTCCRRGTCSQHC,False,0.39269233,0.0,0.37653846
852,ECTRSGGACNSHDQCCNAFCDTATRTCV,0.96428573,0.96428573,1.0,515,ECTHSGGACNSHDQCCNAFCDTATRTCV,False,0.2801114,0.0,0.6841743
853,LEANIEELLKKAEEQQKKNEEELKKLE,0.8888889,0.8888889,1.0,2730,WEQKIEELLKKAEEQQKKNEEELKKLE,False,0.3575146,0.0,0.53137434
854,AAKIKKGDNVVVLTG,0.33333334,0.33333334,1.0,921,EVGRGAKIGAGSVVL,False,0.36469364,0.95,-0.0313603
855,GVVEHCCHRPCSNAEFKKFCG,0.95238096,1.0,0.95238096,2821,GVVEHCCHRPCSNAEFKKFC,False,0.27619046,0.0,0.6761905
856,KDANGKQMTREDAFKKIHQQRDEFNKQNDSEA,0.1875,0.22222222,0.84375,6040,KKMKDTDSEEEIREAFRVFDKDGNGFI,False,0.18862619,0.6,-0.0011261851
857,PQRGEGGRAGNLLREEQEI,0.31578946,0.3529412,0.8947368,6892,VDFALEAQRHGNLTPQE,False,0.3123359,0.75,0.0034535527
858,KGKGFWSWASKATSWLTGPQQPGSPLLKKHR,0.2580645,0.2962963,0.87096775,1811,GFKDWMKKAGSWLKKKGPALIKAAMQE,False,0.24402086,0.4,0.014043644
859,VPSSFRTTITDAQLRG,0.25,0.25,1.0,675,KIMAKPSKFYEQLRGR,False,0.29007784,0.95,-0.040077835
860,RCVCRRGVC,0.44444445,0.44444445,1.0,276,NCCRRQFCC,False,0.45308083,0.9,-0.008636385
861,ECDNPACGQHTSK,0.84615386,0.84615386,1.0,3452,ECENPACGRHTSK,False,0.32718176,0.0,0.5189721
862,KRKCGLCKYRCCSGG,0.33333334,0.33333334,1.0,3503,QKCCSGGSCPLYFRD,False,0.41011032,1.0,-0.07677698
863,DTLYSVCKHRGFYRPSEGIVDQCCTNICSRNQLLT,0.2,0.21875,0.9142857,2738,ALTGRRPSVVYLHAAQCTGCSEALLRTTKPFR,False,0.18857147,0.5,0.011428535
864,DCRALGEYCGLPYVHNSRCCSQLCGFICVPESP,0.6363636,0.67741936,0.93939394,627,RDCRPVGQYCGIPYEHNWRCCSQLCAIICVS,False,0.24509677,0.0,0.39126685
865,ILGPVLGLVGNALGGLIKNE,0.9,0.9,1.0,4297,ILGPVLSLVGNALGGLLKNE,False,0.4034938,0.0,0.49650618
866,HGATVLTALGGILKKKGHHEAEIKPLAQSHAT,0.28125,0.3,0.9375,863,GWRDWLKKAGGWLKKKGPGILKAALGAATQ,False,0.2724892,0.5,0.00876081
867,KAKFKAD,0.85714287,0.85714287,1.0,441,KAKFKAT,False,0.55714285,0.05,0.3
868,FFKA,0.5,0.5,1.0,1465,MAKA,False,0.325,0.65,0.17500001
869,NTEEGCLPPLSLCTMADDECCHDCILFLCLVSP,0.72727275,0.82758623,0.8787879,337,QCLPPLSLCTMDDDECCDDCILFLCLVTS,False,0.24393937,0.0,0.48333338
870,NLYQFKNMIKCTNTRMWWSFTNAGCYDG,0.75,0.75,1.0,4542,NLQYLKNMIKCTNTRHWLSFTNYGCYCG,False,0.13955767,0.0,0.61044234
871,STDTQYFGPGTRLTVL,0.75,0.8,0.9375,2511,QETQYFGPGTRLLVL,False,0.3127322,0.0,0.4372678
872,MKKAERGASPKQIKPHRYYLLAVH,0.26923078,0.29166666,0.9230769,869,MASRGALRRCLSPGLPRLLHLSRGLA,False,0.24427345,0.15,0.024957329
873,METNDLGFVASLLFILVPAIFLIVLYIGTNRSES,0.9411765,0.9411765,1.0,4564,METNDLGFVASLMFILVPAIFLIVLYIGTNRSEA,False,0.27886555,0.0,0.66231096
874,MVTMVKKWLLLMTFMAGCRGMIY,0.15384616,0.17391305,0.88461536,5408,GIWGTALKWGVKLLPKLVGMAQTKKQ,False,0.21494234,0.95,-0.061096177
875,GLWDDLKAAAKKVVSSLASAAIEKL,0.48,0.48,1.0,4624,GVVDILKGAAKDIAGHLASKVMNKL,False,0.3207363,0.0,0.1592637
876,GVFKDALKQFGAALLDKAANALKPK,0.96,0.96,1.0,5048,GVFKDALKQFGAALLDQAANALKPK,False,0.312108,0.0,0.647892
877,VATSRPQDNKSFSSNNTTTNTSSNNVDILKRISNL,0.25714287,0.28125,0.9142857,6600,NTATCSMHRLADFLGRSSNNFGAILSPTNVGS,False,0.20714287,0.05,0.049999997
878,GCCSPWNCIQLRACPCCPN,0.84210527,0.9411765,0.8947368,6705,GCCSPWNCIQLRACGCC,False,0.3682685,0.0,0.47383678
879,SKCFSPGTFCGIKPGLCCSVRCFSLFCISFE,0.8125,0.83870965,0.96875,2869,DECFSPGTFCGFKPGLCCSARCFSLFCISLEF,False,0.28245968,0.0,0.5300403
880,VELQNRLSDESQ,0.3846154,0.41666666,0.9230769,392,DNQLTNRESEILQ,False,0.3339103,0.2,0.050705105
881,GSKKPVPIIYCNRRTGKCQRM,0.2857143,0.31578946,0.9047619,4699,KISKKIMRTFLRRILTGKK,False,0.24961746,0.2,0.03609684
882,TYREKYEPRMGDELREMY,0.25,0.2777778,0.9,541,NTVREIIGDELVQTYVYEGV,False,0.2597488,0.8,-0.009748787
883,NALSSPRNKCDRASSCFG,0.7777778,0.7777778,1.0,3479,NALSMPRNKCNRALMCFG,False,0.28873223,0.0,0.48904556
884,MSDINTARLPLSSPMLLPCVGDDILMV,0.58064514,0.6666667,0.87096775,8495,MSDINTARLPCIGFLGIPSVGDDIEMVLRHG,False,0.23498921,0.0,0.34565592
885,DPAFRLPTTTRPRHYQAAIPDFSAGA,0.23076923,0.25,0.9230769,7611,IPWKLPATFRPVERPFSKPFCRKD,False,0.22706577,0.5,0.00370346
886,LVTLVFV,0.42857143,0.42857143,1.0,239,AWLVTCP,False,0.35982138,0.6,0.06875005
887,DWEYHAHPKPNSFWTLV,0.88235295,1.0,0.88235295,2729,DWEYHAHPKPNSFWT,False,0.15617648,0.0,0.7261765
888,ALWKNMLSGIGKLAGQAALGAVKTLV,0.96153843,0.96153843,1.0,1700,GLWKNMLSGIGKLAGQAALGAVKTLV,False,0.34183767,0.0,0.6197008
889,GIMSIVKDVAKNAAKEAAKGALSTLSCKLAKTC,0.969697,0.969697,1.0,8672,GIMSIVKDVAKTAAKEAAKGALSTLSCKLAKTC,False,0.2802903,0.0,0.6894067
890,GVITDTLKGVAKTVAAELLRKAHCKLTNSC,0.93333334,0.93333334,1.0,496,GVIIDTLKGAAKTVAAELLRKAHCKLTNSC,False,0.27814674,0.0,0.6551866
891,LGTGLGVDQN,0.41666666,0.5,0.8333333,859,ILGTILGLLKGL,False,0.41689402,0.35,-0.00022736192
892,PVAPEYLFKKEEDKGANKEEEEVAPELGIRA,0.2580645,0.26666668,0.9677419,3623,GLFKTLIKGAGKMLGHVAKEFLGSQGEPES,False,0.25572777,0.55,0.0023367405
893,TPPEITQELCEYLLSYSWPGNIRELKT,0.24242425,0.2962963,0.8181818,2849,MNIELITQLASLILIVASGPIVIGLLSLKQGNL,False,0.21297793,0.2,0.029446319
894,LNLKGIFKKVASLLT,0.93333334,0.93333334,1.0,491,LNLKGLFKKVASLLT,False,0.41122547,0.0,0.52210784
895,DCVKAGTACGFPKPEPACCSSWCIFVCT,0.6785714,0.6785714,1.0,1376,DCQDSGVVCGFPKPEPHCCSGWCLFVCA,False,0.28535014,0.0,0.39322126
896,MESIRWLLTVAQFDFDMKLVQSAIVNYVANK,0.19354838,0.23076923,0.83870965,8622,EVQRDMKLLPYKIVSKNNKPYVVVKV,False,0.22876754,0.95,-0.035219163
897,SPCTCSTCNCAGACNSCSCTSCSH,0.4814815,0.5416667,0.8888889,3960,MAPCSCKSCGTSCAGSCTSCSCGSCSH,False,0.34707496,0.0,0.13440654
898,CRIPNQKCFQHLDDCCSRKCNRFNKCV,0.3125,0.37037036,0.84375,5082,ATSNRPCKPKGRKCFPHQKDCCNKTCTRSKCP,False,0.25036985,0.05,0.062130153
899,IEYPISDDEYLEHIKSEICVVKALGKKKLILA,0.25714287,0.28125,0.9142857,2740,PIRTKRRWKLIKKGGKIVKDLLTKNNIIILPGGNE,False,0.24426337,0.15,0.012879506
900,GLLSGILGAGKNIVCGLSGLC,0.95238096,0.95238096,1.0,2831,GLLSGILGAGKHIVCGLSGLC,False,0.38601547,0.0,0.5663655
901,MDIVGIAWAALMVVFTFSLSLVVWGRSGL,0.9655172,0.9655172,1.0,604,MDIVGITWAALMVVFTFSLSLVVWGRSGL,False,0.28394622,0.0,0.681571
902,ASRACNPPCTGLSMCQAGRCGYIRF,0.84,0.84,1.0,4336,ASRACNPPCTGNAMCQNGHCGYIRF,False,0.28830972,0.0,0.5516902
903,FLPMLAGLAASMVPKFVCLITKKC,0.9583333,0.9583333,1.0,4603,FLPMLAGLAASMVPKLVCLITKKC,False,0.2811177,0.0,0.6772156
904,SHYAEGPGKN,0.4,0.44444445,0.9,2230,SPVEGGPGL,False,0.2956818,0.3,0.1043182
905,MEVNILAFIATALFILIPTAFSLILYVQTASQNN,0.9411765,0.9411765,1.0,1663,MEVNILAFIATALFILIPTAFLLILYVQTASQNS,False,0.2697899,0.0,0.6713866
906,CIPKWNRCGPKMDGVPCCEPYTCTSDYYGNCS,0.28125,0.32142857,0.875,1343,NCIPKNHFCGLLHHSRNCCTPTCLIVCF,False,0.2582819,0.3,0.022968113
907,SRSCSGRDSRCPPVCCMGLMCSRGKCVSIYGEK,0.90909094,1.0,0.90909094,1846,SCSGRDSRCPPVCCMGLMCSRGKCVSIYGE,False,0.2727273,0.0,0.6363636
908,CQPNGYYCDFEFTPKCCLKCDYNRKYCQPY,0.26666668,0.27586207,0.96666664,612,YCQKFLWTCDTERKCCEDMVCELWCKYKE,False,0.22702762,0.2,0.039639056
909,IILELAAVDSASGKLLINGNFK,0.2962963,0.36363637,0.8148148,3584,MKIILWAVLIIFLIGLLVVTGVFKMIF,False,0.32240647,0.8,-0.026110172
910,ATGHYVRRADVD,0.33333334,0.36363637,0.9166667,670,QTPQWATGHFM,False,0.31123626,0.45,0.022097081
911,PCLQVGRTGMKSHLP,0.23529412,0.26666668,0.88235295,1512,DESESHFKTGDVLRVGR,False,0.2748448,0.85,-0.039550677
912,EAQRIAARIDTVLDIL,0.36842105,0.4375,0.84210527,7735,RGDKDIFTVHDILKARGEI,False,0.33260125,0.2,0.0358198
913,GCWDSWC,0.85714287,0.85714287,1.0,3059,GCWDPWC,False,0.4857143,0.0,0.37142858
914,ECPPRCPTSHCNAGTC,0.9375,0.9375,1.0,3293,ECPPWCPTSHCNAGTC,False,0.3855607,0.0,0.5519393
915,MMLFITVYDINRKQKKRYGLHG,0.8181818,0.8181818,1.0,8227,MMMFITGYDINQKQKKRYGLRG,False,0.21629615,0.0,0.6018857
916,GLKDWVKIAGGWLKKKGPGILKAAMAAATQ,0.8,0.82758623,0.96666664,2335,DFKDWMKTAGEWLKKKGPGILKAAMAAAT,False,0.30759472,0.0,0.4924053
917,GFDIPEPYVWDESFRVFYDLLDDEHKGLFQG,0.21875,0.22580644,0.96875,2406,SDQGDVAEPKMHKTAPPFDFEAIPEEYLDDES,False,0.19331321,0.25,0.025436789
918,QCGADGQFCFLPGLGLNCCSGLCLLVCLPS,0.9,0.9,1.0,916,QCGADGQFCFLPGLGLNCCSGLCLIVCVPT,False,0.29278564,0.0,0.60721433
919,GIGAVLKVLTTGLPALISWIKRKRQQ,0.96153843,0.96153843,1.0,2969,GIGAVLKVLSTGLPALISWIKRKRQQ,False,0.29240578,0.0,0.66913265
920,LNDLVPQYWTECCGRIGPHCSRCICPEVVCPKN,0.24242425,0.26666668,0.90909094,2952,LNKRCLDGGEICGILFPSCCSGWCIVLVCA,False,0.24545455,0.75,-0.0030303001
921,AAILQDEYLSGGVVPYVFG,0.3,0.31578946,0.95,1970,YVVPAAKLEAIYPKGLRVSI,False,0.29202685,0.5,0.007973164
922,HLKQKHVLCAYCYEKVCKETAEIRRQIGKQEGG,0.20588236,0.21212122,0.9705882,2066,CGPCFTTDHQMEQKCAECCGGIGKCYGPQCLCNR,False,0.205368,0.5,0.0005143583
923,RVCFAIPLPICH,0.8333333,0.8333333,1.0,492,RVCYAIPLPICY,False,0.37788466,0.0,0.45544866
924,CKAAGKPCSRIAYNCCTGSCRSGKC,0.96,0.96,1.0,6908,CKAAGKSCSRIAYNCCTGSCRSGKC,False,0.33825517,0.0,0.6217448
925,NGRCCHPACGKNYSC,0.93333334,0.93333334,1.0,2447,NGRCCHPACGKYYSC,False,0.4166667,0.0,0.51666665
926,AATAATAATAATAATAATAATAATAATAATA,0.0,0.0,0.0,-1,,False,0.4454546,1.0,-0.4454546
927,MYDPPFLEALMITASFFAIFIIIVVSVLLLEGD,0.9142857,0.969697,0.94285715,8072,MYDPPFLEALMITASFFAIFIIIVVSVLLLEGGGD,False,0.27057043,0.0,0.64371526
928,PKPKKKQRWTPLEISLEVLVLVLVI,0.24,0.25,0.96,327,RLPTPKEISNFLDEYVIGQQHAKK,False,0.26119965,0.95,-0.021199659
929,TFINVKCTSPKQCLPACKEKFGAAGKCMNGKCK,0.47058824,0.4848485,0.9705882,4374,NVKCSGSPQCLKPCKDAGMRFGKCMNRKCHCTPK,False,0.2412121,0.0,0.22937614
930,QGCCPPGVCQMAACNPPPCCP,0.47619048,0.5,0.95238096,155,PFCCPIGQCQLSMCDPPCCD,False,0.36021554,0.05,0.11597493
931,AGFVQQFNSSFFPFGT,0.375,0.46153846,0.8125,44,KHFGKDSNFPFGT,False,0.29164624,0.05,0.08335376
932,QLHPQDLPHLMTDLSKKKGPWQEEDAAYGWMDF,0.75757575,0.75757575,1.0,4775,QLGPQDLPYLTADLSKKQGPWLEEEEAYGWMDF,False,0.13505092,0.0,0.62252486
933,RSCCPQEFLCCLYLV,0.93333334,0.93333334,1.0,2251,SCCPQEFLCCLYLVK,False,0.39354172,0.0,0.5397916
934,MLFTLAWASLAAVFSFSIAMVVWGRNGDGTLNF,0.969697,0.969697,1.0,292,MLFTLAWASLAAVFSFSIAMVVWGRNGDGSLNF,False,0.25000003,0.0,0.719697
935,AIPCGESCVWIPCISTVIGCSCSNKVCYR,0.8965517,0.8965517,1.0,1585,AIPCGESCVWIPCISAAIGCSCKNKVCYR,False,0.28765753,0.0,0.6088942
936,GFLDIIKDTGKEFAVKILNNLKCKLAGGCPP,0.516129,0.5714286,0.9032258,5575,GIMDTIKDTAKTVAVGLLNKLKCKITGC,False,0.2648445,0.0,0.2512845
937,FLGGLIKIVPAMICAVTKKC,0.8,0.8,1.0,747,FLGGLMKAFPAIICAVTKKC,False,0.33634093,0.0,0.46365908
938,INLKAVAALAKKLL,0.9285714,0.9285714,1.0,3386,INLKAIAALAKKLL,False,0.47142857,0.0,0.45714283
939,FPIDDDDKIVGGYTNR,0.44444445,0.5,0.8888889,5868,MDFIIDIIKKIVGLFTGK,False,0.30975446,0.0,0.13468999
940,PGATLQALLVAVAPPPPLGVPKPPG,0.32,0.32,1.0,2682,RASIWALGPLVARFGQGQVSLPGGC,False,0.31908572,0.75,0.00091427565
941,AAKFKAPALMKRTVREACCSDPRCSGQHQEKCG,0.8787879,0.8787879,1.0,3604,AAKFKAPALMKRTVRDACCSDPRCSGKHQDLCG,False,0.22000508,0.0,0.6587828
942,DCGRCPLGQYCDAEAGMCKPTLIM,0.5,0.54545456,0.9166667,6900,DCGRCGLGQICDAGACRPSTMM,False,0.2743239,0.0,0.22567609
943,KCCMRPICMCPCCIGAG,0.88235295,0.9375,0.9411765,2053,KCCMRPICMCPCCIGP,False,0.41169587,0.0,0.47065708
944,GCCGSFACRFGCVPCCV,0.9411765,0.9411765,1.0,955,ECCGSFACRFGCVPCCV,False,0.41040587,0.0,0.5307706
945,SNAVAVLNEM,0.41666666,0.5,0.8333333,5516,IVLLSCAVAALA,False,0.3118182,0.05,0.104848444
946,FIGPVLKIAAGILPTAICKIFKKC,0.9166667,0.9166667,1.0,6455,FVGPVLKIAAGILPTAICKIYKKC,False,0.31903273,0.0,0.59763396
947,IFFNQGEACTAASRLIVHESVADEVLG,0.25925925,0.3181818,0.8148148,88,GMASKAGSVLGKVAKVALKAAL,False,0.24259329,0.35,0.016665965
948,GLLDTLKGAAKNVVGSLASKVMEKL,0.68,0.68,1.0,4624,GVVDILKGAAKDIAGHLASKVMNKL,False,0.33262092,0.0,0.3473791
949,FNKNIGITVEGTEVTVTRPNDSKEMKTI,0.18181819,0.21428572,0.8484849,3854,SEEEQITTVLDKTIKFNNKNKPETIKFSPDSKY,False,0.22548656,0.9,-0.043668374
950,EPIDLLGKVFVFSKESNVDDVKLLTPQTE,0.51724136,0.5555556,0.9310345,1236,IPQDLSGKMLTFPKEEDDDDVKLMTPK,False,0.2344377,0.0,0.28280365
951,FFSMIPKIAGGIASLVKNL,0.94736844,0.94736844,1.0,4107,FLSMIPKIAGGIASLVKNL,False,0.31901324,0.0,0.6283552
952,GLLSAVKGVLKGAGKNVAGSLMDKLKCKLFGGC,0.7878788,0.7878788,1.0,4789,GLFDVVKGVLKGAGKNVAGSLLEQLKCKLSGGC,False,0.30432904,0.0,0.48354977
953,CCIGPECPEECYCCV,0.8666667,0.8666667,1.0,5909,CCIGPKCMEECYCCV,False,0.43433824,0.0,0.43232843
954,HGVTGAIVAAVELVTLIHHHLQYIIN,0.26923078,0.28,0.96153843,5279,SKTPIRVAVTGAAGNIGYHLLFRIA,False,0.28360668,0.85,-0.014375895
955,AFCNLRLCQLSCRSLGLLGKCIGDKCECVKH,0.9677419,0.9677419,1.0,862,AFCNLRRCQLSCRSLGLLGKCIGDKCECVKH,False,0.2662589,0.0,0.701483
956,ECGQAWC,0.85714287,0.85714287,1.0,3016,QCGQAWC,False,0.39642853,0.0,0.46071434
957,NCCRRQI,0.75,0.85714287,0.875,8723,CCRRQICC,False,0.47857141,0.0,0.27142859
958,LCPPICNGCPGCY,0.53846157,0.5833333,0.9230769,5308,LCPPMCRSCSNC,False,0.4462408,0.1,0.09222075
959,YYEIPVIIVATKA,0.46153846,0.5,0.9230769,1418,LRPAVIVRTKAL,False,0.3028732,0.0,0.15866527
960,DYCCHRGPCMVWC,0.9230769,1.0,0.9230769,1033,YCCHRGPCMVWC,False,0.43445048,0.0,0.48862645
961,SPLEQFSILMLIPM,0.2857143,0.2857143,1.0,1520,SPTEQPYSSAAPLI,False,0.3441071,1.0,-0.058392793
962,LGSEVYITPNINSTRSGADQIS,0.25925925,0.3181818,0.8148148,931,RRCFITPNVRSERCPPGQEVCFTKTDG,False,0.23488691,0.25,0.02437234
963,GRDLSGLDAVVVGRSNI,0.29411766,0.33333334,0.88235295,299,DLSNLLSRVPNERSN,False,0.34255412,1.0,-0.048436463
964,TCLKNVFSVLLIF,0.3846154,0.3846154,1.0,4679,GLFDIIKNIFSGL,False,0.39962226,0.8,-0.01500687
965,LADDMPATMADQEVYRPEPEQIDSRNKYFSPRL,0.18181819,0.18181819,1.0,7020,ELRLPEIARPVPEVLPARLPLPALPRNKMAKNQ,False,0.1093863,0.25,0.072431885
966,SVAVAGAVIEGASLTFNVLQ,0.95,0.95,1.0,4221,SVAVAGAVIEGATLTFNVLQ,False,0.32948947,0.0,0.6205105
967,FLSLIPHAINAISAIANHF,0.94736844,0.94736844,1.0,807,FLSLIPHAINAISAIANHL,False,0.33819777,0.0,0.6091707
968,MTIKGCCSYPPCFATNPDCGRRR,0.95652175,0.95652175,1.0,3539,LTIKGCCSYPPCFATNPDCGRRR,False,0.3006389,0.0,0.65588284
969,AANDKASAWTTRTIKQSCCVTPSCTRLYKKVY,0.59375,0.6785714,0.875,4170,AANDKTSAWIAWAGSQSCCATPSCARLY,False,0.21652384,0.0,0.37722617
970,FVILDLKPKWMKCRRT,0.25,0.26666668,0.9375,7814,MRRAVILVLDRAGPV,False,0.28939736,0.9,-0.03939736
971,ETLIIKCRRALKQTGLKRLVIAGGVSANQALRSAL,0.25714287,0.2647059,0.9714286,1010,MINKTTIKTVLITLGVLAAVNKVSALRSVKRLIS,False,0.2514286,0.65,0.0057142675
972,DECYPPGTFCGIKPGLCCSERCFPFVCLSLEF,0.78125,0.78125,1.0,1341,DECFSPGTFCGIKPGLCCSARCLSFFCISLEF,False,0.2713299,0.0,0.5099201
973,QGGGPQWAVGHFM,0.6923077,0.75,0.9230769,194,NLGKQWAVGHFM,False,0.34196433,0.0,0.35034338
974,PGVLDIPVKSNSDDDSIFRY,0.3,0.33333334,0.9,6275,RTPKIPEKDVKSDDLILA,False,0.26958984,0.3,0.03041017
975,SDCACLHALGHVAR,0.35714287,0.3846154,0.9285714,5435,EDCCALHACWMYC,False,0.33882704,0.45,0.018315822
976,AAKIILNPKFRCKAAFC,0.64705884,0.64705884,1.0,2781,AVNIPFKVKFRCKAAFC,False,0.33608872,0.0,0.31097013
977,CCHPACGQNYSC,0.9166667,0.9166667,1.0,1483,CCHPACGQNTSC,False,0.44375452,0.0,0.47291216
978,SFDSSVLTK,0.44444445,0.44444445,1.0,7119,GVDSSFLRL,False,0.38065666,0.35,0.06378779
979,VVIGQACYRSPDCYSACKKLVGKATGKCTNGRCDC,0.94285715,0.94285715,1.0,522,VVIGQRCYRSPDCYSACAKLVGKATGKCTNGRCDC,False,0.24428573,0.0,0.69857144
980,CCSRDCRVCIPCCPN,0.93333334,0.93333334,1.0,7378,CCSQDCRVCIPCCPN,False,0.4717892,0.0,0.46154413
981,NGLCCSQYGFCGTTSAYCSRANGCQSNC,0.9285714,0.962963,0.96428573,3107,NGLCCSQYGFCGTTSQYCSRANGCQSN,False,0.29532105,0.0,0.63325036
982,AYTGQTGAPWGLA,0.53333336,0.61538464,0.8666667,8036,GTQTNAPWGLARLIS,False,0.3232258,0.0,0.21010756
983,MNSNLTALRTVQASRPFLSNKKRMALFVQEKLA,0.24242425,0.2580645,0.93939394,1944,MKYMGSFLRKAATTNLFNSIKKRKVQNRAMS,False,0.22769418,0.35,0.014730066
984,GTCSGRGQECKHDSDCCGHLCCAGITCQFTYIPCK,0.8857143,0.9117647,0.9714286,3095,GTCSGRGQECKHDSDCCGHLCCAGIKCHFTYFPC,False,0.25857145,0.0,0.62714285
985,FFPIIAGMAAKLIPSLFCKITKKC,0.75,0.75,1.0,1521,FLPIIAGVAAKVLPKLFCAITKKC,False,0.31194133,0.0,0.43805867
986,QVKPCRKEHQLCDLIFQNCCRGWYCVVLSCT,0.83870965,0.83870965,1.0,6572,QVKPCRKEHQLCDLIFQNCCRGWYCLLRPCI,False,0.2272201,0.0,0.61148953
987,SALAINQPNYSVLKELGLNED,0.6666667,0.7777778,0.85714287,4685,SGLLINQPKYSWLKELGL,False,0.29868832,0.0,0.36797836
988,GCFPSGSFCGLPKLAMQCCSGVCAFVCV,0.6785714,0.6785714,1.0,5767,NCFPNGKFCGLPKVGKPCCSGVCVFACV,False,0.3053562,0.0,0.3732152
989,MNIPPGD,0.375,0.42857143,0.875,8720,LLLDPGDK,False,0.3973214,0.85,-0.022321403
990,RLRSKGKK,0.44444445,0.5,0.8888889,4549,FLRQLNKKS,False,0.4270834,0.5,0.017361045
991,KTCENLADDY,0.7,0.7,1.0,1729,KQTENLADTY,False,0.20045455,0.0,0.49954545
992,GLPICGETCFTGKCYTPGCTCSYPICKKN,0.9310345,0.9310345,1.0,8711,GKPICGETCFKGKCYTPGCTCSYPICKKN,False,0.2983821,0.0,0.6326524
993,IGAGATSKLVY,0.46153846,0.54545456,0.84615386,6134,AGPVSKLVSGIGL,False,0.3649476,0.05,0.09659088
994,NCFPNGKFCGFPKVGKPCCSGVCLFACT,0.89285713,0.89285713,1.0,5767,NCFPNGKFCGLPKVGKPCCSGVCVFACV,False,0.3031775,0.0,0.5896796
995,MKAIMLVNFCDERGSGR,0.1764706,0.1764706,1.0,7981,IMYDCCSGSCSGYTGRC,False,0.25319058,1.0,-0.076719984
996,MIVKRDKSIVICGSYE,0.1875,0.1875,1.0,7986,DVKSIGSWDFTVWHRV,False,0.28166604,0.95,-0.09416604
997,IKIPPIVKDTLKKVAKGVLSTVADALSKS,0.79310346,0.88461536,0.8965517,7857,KIPPVVKDTLKKVAKGVLSAVAGALS,False,0.2879013,0.0,0.5052022
998,DECCAIPLCAKIFPGRCP,0.9444444,0.9444444,1.0,1333,DECCAIPFCAKIFPGRCP,False,0.34337717,0.0,0.60106725
999,CYIRDCPE,0.6666667,0.75,0.8888889,3997,CFIRNCPEG,False,0.4201389,0.0,0.24652779
1000,GNAPAADMVLKAPGDAKMTKTAVP,0.25,0.3,0.8333333,1960,FLGKKVLKAVGKQAAKKQME,False,0.2951116,0.95,-0.045111597
1001,ECLGFGKGCNPSNDQCCKSSNLVCSRKHRWCKYEI,0.8,0.8,1.0,4913,ACLGFGKSCNPSNDQCCKSSSLACSTKHKWCKYEL,False,0.24142857,0.0,0.55857146
1002,RGVMSRLQALYLQEQGFNNVK,0.2,0.23809524,0.84,1685,ARRGGVLNFGQFGLQALECGFVTNR,False,0.22545531,0.7,-0.025455311
1003,RIQYTPMLQPITIEGE,0.0,0.0,0.0,-1,,False,0.25144202,1.0,-0.25144202
1004,GFGMLFKFL,0.8888889,0.8888889,1.0,4569,GFGALFKFL,False,0.44651523,0.0,0.44237366
1005,IINWCCLIFYQCC,0.9285714,1.0,0.9285714,7489,IINWCCLIFYQCCL,False,0.3902748,0.0,0.5382966
1006,CKSKGAKCDRLMYDCCSGSCSGTVGRC,0.962963,0.962963,1.0,695,CKSKGAKCSRLMYDCCSGSCSGTVGRC,False,0.32436642,0.0,0.63859653
1007,MDYETDTDTELVTETLVEEVSIDGMCGVY,0.6333333,0.6551724,0.96666664,3739,MDRETEAETAELVTESLVEEVSIDGMCGVY,False,0.23948851,0.0,0.3938448
1008,MAAAALRQIWARKFLPVPWLLCGPRRYASSS,0.20588236,0.22580644,0.9117647,1366,MGFPISAAAIALRACSAAVPRGRAISQAMPWASQ,False,0.22441134,0.85,-0.018528983
1009,QCCRNPKCSQQGCP,0.5,0.5,1.0,6099,QCCSNPPCAHEHCR,False,0.40936628,0.05,0.09063372
1010,ARCEQCPSYCCQSDSPPECDGCE,0.26086956,0.31578946,0.82608694,607,DGCCSSPSCSVNNPDICGG,False,0.30712095,1.0,-0.046251386
1011,FEGRGGFGGRGGGDRGGRGGGFGGG,0.32142857,0.36,0.89285713,3555,RRRRRRRGHRGRRGRGGRRSRGRRRRAA,False,0.33086774,0.6,-0.00943917
1012,FLSLIPHIVSGVASLAKHF,0.94736844,0.94736844,1.0,2458,FLSLIPHIVSGVASIAKHF,False,0.33293456,0.0,0.6144339
1013,MGITSTQIYIALLTALIPAFFALKLGRELNK,0.87096775,0.87096775,1.0,5337,MTITSTQVYIALLTALIPAFFALKLGKELSK,False,0.27291268,0.0,0.59805506
1014,GKLIKKFGRKAISYAVKKARGKH,0.88461536,1.0,0.88461536,3089,GLFGKLIKKFGRKAISYAVKKARGKH,False,0.32568753,0.0,0.55892783
1015,KSAAEVQNTQQAIIPAQEKANLGNQNIMA,0.6363636,0.7241379,0.8787879,5860,KSSAEVQQTQQASIPASQKANLGNQNNIMVAYQ,False,0.24179451,0.0,0.3945691
1016,MSKNTKSKNNGIRKYNAKTEVKLVYFK,0.2413793,0.25925925,0.9310345,3839,GLWSKIKTAGKSVAKAAAKAAVKAVTNAV,False,0.26343864,0.7,-0.022059336
1017,GLPVCGETCVGGTCNTPGCTCSWPVCTRN,0.9655172,0.9655172,1.0,4712,GLPVCGETCVGGTCNTPGCACSWPVCTRN,False,0.31796092,0.0,0.6475563
1018,GFTPFRIY,0.8,1.0,0.8,4822,PPGFTPFRIY,False,0.48236114,0.0,0.31763887
1019,GSPIQCAETCFIGKCYTEELGCTCTAFLCMKN,0.96875,0.96875,1.0,7444,GSPRQCAETCFIGKCYTEELGCTCTAFLCMKN,False,0.25120598,0.0,0.717544
1020,EILNIIDSISDVAKQICCQITVDCCVLDEE,0.23529412,0.26666668,0.88235295,5534,TQDDSPVAQISSWIDDSQFCCCTQDCTSICDDCS,False,0.23058069,0.15,0.004713431
1021,SECRWFMGGCDSTLDCCKHLSCKMGLYYCAWDGTF,0.8,0.8,1.0,2975,GACRWFLGGCKSTSDCCEHLSCKMGLDYCAWDGTF,False,0.24999997,0.0,0.5500001
1022,MRAKWRKKRVRRLKRKRRKVRARSK,0.96,0.96,1.0,4139,MRAKWRKKRTRRLKRKRRKVRARSK,False,0.4303704,0.0,0.5296296
1023,RDIAEKALDIAGDICIYT,0.2777778,0.29411766,0.9444444,4017,FIAEAKAEIREAIGDAN,False,0.28187132,0.75,-0.004093528
1024,QNCCNVPGCWAKYKHLC,0.5882353,0.625,0.9411765,6087,QNCCSIPSCWEKYKCS,False,0.35029405,0.0,0.23794127
1025,MVTIFSYIALLLSALVITLTCYIGLLKIKLI,0.58064514,0.58064514,1.0,329,MLTITSYFGFLLAALTLTLALFIGLNKIRLI,False,0.30157226,0.0,0.27907288
1026,KDGYLVGNDGCKYSCNTYPK,0.8,0.8,1.0,6652,KDGYLVGSDGCKYSCLTRPG,False,0.26778066,0.0,0.53221935
1027,GIGTKFLGGVKTALKGALKELAFTYVN,0.962963,0.962963,1.0,4328,GIGTKFLGGVKTALKGALKELASTYVN,False,0.3044605,0.0,0.65850246
1028,ADGSDPAGGEFLAEGGGVR,0.8947368,0.8947368,1.0,928,ADGSDPASSEFLAEGGGVR,False,0.34310207,0.0,0.5516348
1029,GIFALAKSVCCTAAKLSFCC,0.7,0.7,1.0,6574,GIHELAKSVCCTATGISICC,False,0.32678264,0.0,0.37321734
1030,ECCTHPACHVSNPELC,0.8888889,1.0,0.8888889,4843,RPECCTHPACHVSNPELC,False,0.38911355,0.0,0.49977535
1031,KGIIVTFFCITGLLVTRWIS,0.26086956,0.3,0.8695652,1632,GLLQTITEKLKEFAGGLVTGVQS,False,0.28877944,0.8,-0.027909875
1032,NVVFLNPPQW,0.27272728,0.3,0.90909094,853,SNCLLNPNVGQ,False,0.3525758,1.0,-0.07984853
1033,APVPGLSPFRVV,0.8333333,1.0,0.8333333,251,APVPGLSPFR,False,0.41080585,0.0,0.42252746
1034,GCCSHPACYVNHPELC,0.9375,0.9375,1.0,1350,GCCSHPACAVNHPELC,False,0.40529004,0.0,0.53221
1035,LSQEELDGIVKRTRGGG,0.29411766,0.35714287,0.8235294,6077,VKMELDGGVASNSR,False,0.30846837,0.8,-0.014350712
1036,KKPVRVAVTGAAGQIG,0.6,0.75,0.8,4647,TRTPVNVTVTGAAGQIGYAL,False,0.3403638,0.0,0.25963622
1037,MDIITFGWVAVAAFFALSIAFVVWGRNGM,0.6551724,0.6551724,1.0,6408,MDILTLGWVSVLTLFTYSIAMVVWGRHGM,False,0.25411752,0.0,0.4010549
1038,MNKKSIRNVNLKGKRVFDRV,0.3,0.3529412,0.85,7368,SKKSKPGDGIRGKGVRG,False,0.28761905,0.35,0.012380958
1039,PVGTDQKPMIEQTREIVRSFNNAYNCD,0.25,0.25925925,0.96428573,7268,IDGNVITVKGPKGTLTREIHPEMIVKIE,False,0.17718866,0.0,0.072811335
1040,DLVFYCPKCTAERQTACPKL,0.25,0.3125,0.8,5740,GECCTDCAQTAAANYC,False,0.27052182,0.85,-0.02052182
1041,MEVNIFGLTATALFIIIPTSFLLILYVKTASNQSV,0.8857143,0.9117647,0.9714286,5733,MEVNILGLTATALFIIIPTSFLLILYVKTASNEA,False,0.26428574,0.0,0.62142855
1042,EGDVIATGINGFGRIG,0.5294118,0.5625,0.9411765,7631,VKVGINGFGRIGRVFRA,False,0.3472039,0.0,0.18220788
1043,KFSRLVGENGEVVLADINDSMLKMGREKLRDHGIV,0.22857143,0.25,0.9142857,7739,IIKVPLKKFKSMREVMRDHGIKAPVVDPATKY,False,0.19857146,0.2,0.029999971
1044,NSNRHKIRHTENKHFRCKE,0.2631579,0.29411766,0.8947368,387,RPRCWIKIKFRCKSLKF,False,0.23907903,0.35,0.024078876
1045,DDLFNINAGIVKLFGVTTLDVVR,0.26086956,0.3,0.8695652,2836,ARAVGIDLGTTNAVVAVLEG,False,0.27594763,0.8,-0.015078068
1046,IVGGTAVTPGEFPYQLSFQDSIEGVESHFCGG,0.28125,0.29032257,0.96875,8407,IVGGVEAVPGVWPYQAALFIIDMYFCGGSLI,False,0.2200304,0.1,0.061219603
1047,CKGYHAECERDSECCSGDCHCLNAADCAGFTHKC,0.3529412,0.42857143,0.8235294,2460,SCKERASSCETPSECCSGVCRTRIFYLC,False,0.24886556,0.0,0.104075626
1048,PAASESGFRRDP,0.6666667,0.72727275,0.9166667,127,PAPESGFIRDP,False,0.3718315,0.0,0.29483518
1049,GVVEHCCKRACSNAEFMQFC,0.95238096,1.0,0.95238096,72,GVVEHCCKRACSNAEFMQFCG,False,0.27678573,0.0,0.6755952
1050,APLSGFYGVR,0.7,0.7,1.0,354,APSLGFHGVR,False,0.41219702,0.0,0.28780296
1051,DDASDRAKKFYGLM,0.5,0.53846157,0.9285714,5643,QKKDKKDKFYGLM,False,0.29291493,0.0,0.20708507
1052,RTGEDFLEECMGGCAFDFCCK,0.95238096,0.95238096,1.0,3340,TGEDFLEECMGGCAFDFCCKR,False,0.27934515,0.0,0.6730358
1053,IVSYPDDAGEHAHKMG,0.25,0.26666668,0.9375,5703,ETFTVKMGGDAGTLQ,False,0.23417827,0.55,0.015821725
1054,VDKPDYRPRPWPRNMI,0.8125,0.8125,1.0,5197,VDKPDYRPRPWPRPNM,False,0.33017176,0.0,0.48232824
1055,NILSSIVNGINRALSFFG,0.9444444,0.9444444,1.0,5779,NILSSIANGINRALSFFG,False,0.32792395,0.0,0.61652046
1056,YIYTQ,0.0,0.0,0.0,-1,,False,0.17,1.0,-0.17
1057,CAYGTPCSDCTSAGKVCSVKSGGKGSCGTCVPGA,0.5882353,0.6060606,0.9705882,5745,CANSTPCTECTSEGKTCQVQPGGKGTCGECVSN,False,0.2867647,0.0,0.3014706
1058,HSPGGA,0.0,0.0,0.0,-1,,False,0.16904762,1.0,-0.16904762
1059,NCCNGGCSSKWCADHARCC,0.9,0.94736844,0.95,2899,QNCCNGGCSSKWCRDHARCC,False,0.3754426,0.0,0.52455735
1060,FLPILGKILGGLL,0.7692308,0.7692308,1.0,1817,FLPIVGKLLSGLL,False,0.5041026,0.0,0.2651282
1061,MCMPCFTTDPNMANKCRDCCGGGKKCFGPQCLCNR,0.9142857,0.9142857,1.0,1398,MCMPCFTTDPNMAKKCRDCCGGNGKCFGPQCLCNR,False,0.24857144,0.0,0.66571426
1062,CENTISGCSRADCLLTHRKQGCQKTCGLC,0.2413793,0.25925925,0.9310345,7065,CTPPSGYCYHPYYCCSRACNLTRKRCL,False,0.27428252,0.95,-0.03290321
1063,QMHNNGSNNPNNNKNGSTDSLIGQAILQQ,0.25,0.27586207,0.90625,1904,NGWNENKNFILLGAVTWAILVFIVGSLNSYVI,False,0.20791642,0.0,0.042083576
1064,LALERRSGWLRLFGLKPRRKH,0.42857143,0.47368422,0.9047619,3516,LALKSGGWLRLFGLKDKKH,False,0.339693,0.0,0.08887842
1065,GEEEVAKMAAELARENIAKGCKVNCYP,0.9259259,0.9259259,1.0,6610,GEEEYSKMAAELARENIAKGCKVNCYP,False,0.28299212,0.0,0.6429338
1066,FTLTNSDVLE,0.41666666,0.5,0.8333333,1672,MEFGNLTNLDVA,False,0.30318183,0.05,0.11348483
1067,ATCYCRTGRCATRESLSGVCEISGRLYRLCCR,0.65625,0.65625,1.0,288,RTCRCRLGRCSRRESYSGSCNINGRIYSLCCR,False,0.2711481,0.0,0.3851019
1068,GRPPGFSPFRID,0.8333333,0.90909094,0.9166667,3061,RPPGFSPFRIY,False,0.4458333,0.0,0.38750002
1069,DMDDFGLGDFDDGR,0.35714287,0.35714287,1.0,8065,GNGDEDKDDDEDGD,False,0.37071434,0.85,-0.013571471
1070,TIINVK,0.42857143,0.5,0.85714287,5503,GTITIIR,False,0.24880953,0.45,0.1797619
1071,DCQEKWDYCPVPFLGSRYCCDGFICPSFFCA,0.8125,0.83870965,0.96875,1741,NYCQEKWDYCPVPFLGSRYCCDGLFCTLFFCA,False,0.24814656,0.0,0.56435347
1072,FLPIITNLLGKLL,0.7692308,0.7692308,1.0,2002,FLPIIAKLLGGLL,False,0.47373623,0.0,0.29549456
1073,FARQWFVVGELLQHLPPED,0.21052632,0.23529412,0.8947368,825,LLFASVPSHQHHELLQQ,False,0.23259778,0.85,-0.022071466
1074,RICCYPNVWCCD,0.9166667,1.0,0.9166667,6371,ICCYPNVWCCD,False,0.41830587,0.0,0.4983608
1075,FEDAKKVRFFKSNSETIK,0.8888889,0.8888889,1.0,2542,FEDGKKVRFFKSNKETIK,False,0.2905159,0.0,0.598373
1076,DTHKSEIAHR,0.0,0.0,0.0,-1,,False,0.20477274,1.0,-0.20477274
1077,TNSACCLLNSMTVFIE,0.9375,0.9375,1.0,340,TNSACCCLNSMTVFIE,False,0.31024143,0.0,0.62725854
1078,GLFSVVKGVLKGVGKNVSGSLLDQLKCKISGGC,0.8484849,0.8484849,1.0,4789,GLFDVVKGVLKGAGKNVAGSLLEQLKCKLSGGC,False,0.28803927,0.0,0.5604456
1079,FCCFPEHWCCEW,0.5833333,0.7,0.8333333,5932,RCCPPEIWCC,False,0.42036623,0.0,0.16296709
1080,LRDYANRVINGGPVEAAGPPA,0.23809524,0.29411766,0.8095238,154,ESGGSGEANGMWFGPRL,False,0.26983836,0.95,-0.031743124
1081,KVHGSLARAGK,0.3846154,0.45454547,0.84615386,6895,PLGSGALAGTTFP,False,0.40367135,0.65,-0.019055963
1082,CTSPGGACYSASTCCSKACNLTTKRCVLS,0.7586207,0.7586207,1.0,5650,CTAPGGACYADNTCCSNACNLNTKKCVLS,False,0.29441747,0.0,0.4642032
1083,AYPGNGVHCGKYSCTVDKQTAIGNIGNNAA,0.2,0.23076923,0.8666667,2459,CKGPGASCIRIAYNCCKYSCRNGKCS,False,0.22002196,0.85,-0.02002196
1084,IDAFQDTLYTHTLRTYLGRPWK,0.18518518,0.22727273,0.8148148,7653,YDKVEFHITGTKDTYSAFIQSLRTHLS,False,0.18211159,0.3,0.003073588
1085,GWCGDPGATCGKLRLYCCSGFCDCYTKACKDKSSA,0.9714286,0.9714286,1.0,1379,GWCGDPGATCGKLRLYCCSGFCDCYTKTCKDKSSA,False,0.2814286,0.0,0.68999994
1086,GEVEQEEEDPYANMTEAEIRRARTDRMI,0.25,0.29166666,0.85714287,6281,LEVILEGEDVSGEIRTQEVANAAS,False,0.22902842,0.4,0.020971581
1087,GRGRCCHPACGPNYSC,0.875,1.0,0.875,4878,GRCCHPACGPNYSC,False,0.40681648,0.0,0.46818352
1088,SERREQDAIDLEVRVVCSSGTYIRSLA,0.23333333,0.25925925,0.9,2807,KCALERGEVCVVPILGTLACCRAFCSGVCL,False,0.23856267,0.35,-0.005229339
1089,KDALEHTGFAPK,0.5,0.5,1.0,5376,MADEALQHTFFA,False,0.34720698,0.0,0.15279302
1090,GPGYHSDSTRTYSIGEPDSDVAQSYSML,0.17857143,0.2,0.89285713,1848,VTEEGYSISDQSKVGEQIRSPDREM,False,0.2091922,0.75,-0.030620769
1091,ALWKDVLKKIGTVALHAGKAALGAVADTISE,0.9677419,0.9677419,1.0,7022,ALWKDVLKKIGTVALHAGKAALGAVADTISQ,False,0.3060549,0.0,0.661687
1092,AYSYVSEYKRLPVYNFGL,0.22222222,0.22222222,1.0,2933,SGYLPGKEYVYKYKGKVF,False,0.24035089,0.75,-0.018128663
1093,TEEGEFLHEGGGVR,0.75,0.85714287,0.875,4831,TKTEEGEFISEGGGVR,False,0.36353993,0.0,0.38646007
1094,HIISRYEEDYANGTYMNSLYDKPLPEN,0.22222222,0.23076923,0.962963,5467,EENLLKDKPLKSPVIHLLPEQKGIKD,False,0.1513056,0.05,0.07091662
1095,GLPCGESCVYIPCISTVLGCSCSNKVCYRD,0.8666667,0.8666667,1.0,7752,KIPCGESCVYIPCISSVLGCSCSNKVCYKD,False,0.2853226,0.0,0.58134407
1096,MKIFLYLLRKKIAEVWIFQNPANFLSL,0.22222222,0.22222222,1.0,6219,MLIYYLQSEKVLFFLYIFLLNFKLRIL,False,0.24511094,0.95,-0.02288872
1097,NNRSPQLRLRF,0.8181818,0.8181818,1.0,4697,SNRSPSLRLRF,False,0.36969703,0.0,0.44848478
1098,PGCCNNPACGKNRC,0.8666667,0.9285714,0.93333334,806,PGCCNNPACGANRCG,False,0.42770132,0.0,0.43896535
1099,RSDKPLRIGGIGTVPVGR,0.2631579,0.2777778,0.94736844,1580,GIGGKPVQTAFVDNDGIYD,False,0.30990028,1.0,-0.04674238
1100,VLPIIGNLLNSLL,0.84615386,0.84615386,1.0,1244,ILPILGNLLNSLL,False,0.45679483,0.0,0.38935903
1101,TVCNLRRCQLSCRSLGLLGKCIGVKCECVKH,0.9677419,0.9677419,1.0,1261,TVCNLRRCQLSCRSLGLLGKCIGDKCECVKH,False,0.27631506,0.0,0.6914269
1102,DCVAGGHFCGFPKIGGPCCSGWCFFVCA,0.86206895,0.89285713,0.9655172,5123,EDCEAGGRFCGFPKIGEPCCSGWCFFVCA,False,0.30578876,0.0,0.5562802
1103,NEEVKVQIIHQGVGQITE,0.33333334,0.4,0.8333333,2880,EEKVKEIRETVGDGK,False,0.26781386,0.1,0.06551948
1104,CCRWPCPDSCHGSCCY,0.88235295,0.9375,0.9411765,6106,RCCRYPCPDSCHGSCCY,False,0.43065768,0.0,0.45169526
1105,RDCQKKWKYCIVPILGFVYCCPGLICGPFVCV,0.9375,0.9375,1.0,594,RDCQEKWEYCIVPILGFVYCCPGLICGPFVCV,False,0.2631211,0.0,0.6743789
1106,ADVPGNYPLNSYGASYYCTI,0.3,0.3,1.0,4623,NAIPGNYYRWPYAKVPYVID,False,0.25859684,0.4,0.041403174
1107,CEACGERFSTLETIELKLPTVVKSDGGR,0.2857143,0.2857143,1.0,4369,APDFSTLELIPDKLKEFGNTLEEKARMA,False,0.23686886,0.1,0.04884544
1108,CCPVCISSCSGRCC,0.73333335,0.78571427,0.93333334,4645,CCDRPCISSCSGRCC,False,0.4583036,0.0,0.27502975
1109,LNLVDQLGEADEELAGTYAELGDWCAQRILQHVQR,0.2,0.21875,0.9142857,391,GLIKPGTLWCGMGNNAETYDQLGPFADVDSCK,False,0.22142856,0.9,-0.021428555
1110,SGCCSNPACDVNNPNIC,0.9411765,0.9411765,1.0,2489,SGCCSNPACMVNNPNIC,False,0.40829033,0.0,0.53288615
1111,PRRAPFDLFENRKKKNN,0.23529412,0.26666668,0.88235295,1079,PRLRRLTGLSPLRAP,False,0.29017973,0.9,-0.05488561
1112,GHAKKDKKIQKK,0.3846154,0.41666666,0.9230769,3443,QKKDKKDRFYGLM,False,0.37087914,0.5,0.013736248
1113,AEVQDKGEFLAEGGGVR,0.7222222,0.7647059,0.9444444,8616,TDPDADKGEFLAEGGGVR,False,0.33053222,0.0,0.39169
1114,NVDFNSESTRRKKKQKEIVDLHNSLRRRVSPTA,0.8181818,0.9,0.90909094,3215,NVDFNSESTRRKKKQNEIVDLHNSLRRTVN,False,0.20703721,0.0,0.6111446
1115,CKRKGSSCRRTSYDCCTGSCRNGKC,0.88,0.88,1.0,4013,CKGKGASCRRTSYDCCTGSCRSGKC,False,0.35117406,0.0,0.52882594
1116,IIGAPCRRCYHSDGKGGCVRDWSCGQQ,0.42857143,0.44444445,0.96428573,3462,NIIDVPCRPCYYRDSSGNCVYDQLGCGA,False,0.2735868,0.0,0.15498462
1117,VCCPFGECKSLCYCCGA,0.7058824,0.75,0.9411765,674,VCCPFGGCHELCYCCY,False,0.39668897,0.0,0.3091934
1118,FLSLIPAAISAVSALANHF,0.94736844,0.94736844,1.0,2596,FLSLIPAAISAVSALADHF,False,0.36666667,0.0,0.58070177
1119,QKECTGPQHCTNFCRKNKCTHGKCMNRKCKCFNCK,0.37142858,0.38235295,0.9714286,4374,NVKCSGSPQCLKPCKDAGMRFGKCMNRKCHCTPK,False,0.22428569,0.0,0.14714289
1120,MIERELGNWKDFIEVMLRK,0.2631579,0.3125,0.84210527,3512,GSNIEVMLGLPNSDVK,False,0.22993569,0.4,0.033222213
1121,LYRKRLKIVRGEGIYVWDSEGKRYLD,0.21875,0.26923078,0.8125,4464,GLLCYCRKGHCKRGERVRGTCGIRFLYCCPRR,False,0.2350827,0.85,-0.0163327
1122,ELVSNASDALDKLR,0.35714287,0.35714287,1.0,4480,LELPVSDWDDKWVD,False,0.33029586,0.4,0.026847005
1123,GLRDFNVAVRASNGKYWTRRPESGTLV,0.22222222,0.25,0.8888889,4654,SNGSNIDVAGAVNTLVETAGKLFQ,False,0.2371937,0.8,-0.01497148
1124,GCCSHPACSVDHPELC,0.9375,0.9375,1.0,529,GCCSHPACSVKHPELC,False,0.40463644,0.0,0.53286356
1125,NLLQFNKMIKIMTKKNAIPFYSS,0.9130435,0.9130435,1.0,5185,NLLQFNKMIKIMTKKNAFPFYTS,False,0.25693217,0.0,0.65611136
1126,TPFRYCNPRNCAKECQGRGKETTYCDEVCKCSGW,0.31428573,0.32352942,0.9714286,900,TAIGNCNPFTCDKECKTKGNKRGYCENYNCECSKW,False,0.24411765,0.0,0.07016808
1127,LKCYSSRTETMTCPEGKDKCEKYAV,0.29032257,0.36,0.8064516,7565,CARLNCVPKGTSGNTETCPCYASLHSCRKYG,False,0.23058859,0.0,0.059733987
1128,MPTKRFDKKHWKMVVVLLAICGAMLLLRWAAMIWG,0.2,0.21212122,0.94285715,3961,MLFTVAWASLAAMFSFSIAMVVWGRNGDGTLKF,False,0.20428574,0.75,-0.004285738
1129,SIFVLPDLPYAKDALPKISAKTFDFGK,0.2962963,0.3478261,0.8518519,2388,KHTLPDLPYDFGALQPHISAEIM,False,0.25355858,0.05,0.042737722
1130,ERVCCGYPMSCKSRACKPSYCC,0.54545456,0.54545456,1.0,2654,GCCTPPRKCKDRACKPARCCGP,False,0.30915684,0.0,0.23629773
1131,CLAGSAPCEFHKRSTCCSGHCIIWWCA,0.8888889,0.8888889,1.0,6346,CLAGSARCEFHKPSTCCSGHCIFWWCA,False,0.2853553,0.0,0.6035336
1132,MEVNILAFIATALFILVPTAFLLIIYVKTASQND,0.9705882,0.9705882,1.0,3335,MEVNILAFIATALFILIPTAFLLIIYVKTASQND,False,0.27966386,0.0,0.69092435
1133,PVVDTTGNNPLQQQEEYYV,0.2631579,0.29411766,0.8947368,4049,NGLIIVDLPLQEATEYR,False,0.21065912,0.35,0.052498788
1134,MQPGTGLSFDISQILKQGSDPKQKLPERQAIVL,0.21212122,0.21212122,1.0,5314,SILSTLKDVGISAIKSAGSGVLSTLLCKLNKNC,False,0.21778078,0.75,-0.0056595653
1135,AGGKSTCCPCAMCKYTAGCPWGQCAHHCGCSE,0.96875,1.0,0.96875,5243,AGGKSTCCPCAMCKYTAGCPWGQCAHHCGCS,False,0.28506565,0.0,0.68368435
1136,NYDKNFYEDTLP,0.23076923,0.25,0.9230769,3912,QKNDKKDRFYGLM,False,0.2987729,0.95,-0.06800367
1137,RDCCTNLLPCCY,0.5,0.5,1.0,1238,DCCPAKLLCCNP,False,0.41252747,0.0,0.08747253
1138,EDGQKIPKLEHRNSTQ,0.1875,0.23076923,0.8125,1932,FFGSVLKLIPKIL,False,0.25745505,1.0,-0.06995505
1139,KKDGYLVNKYTGCKVNCYKLGENKFCNRE,0.56666666,0.5862069,0.96666664,3545,KEGYIVNYHTGCKYTCAKLGDNDYCLRECK,False,0.2544996,0.0,0.31216705
1140,MDILSISWAFLMVVFTFSLSLVVWGRSGL,0.8965517,0.8965517,1.0,1249,MDIVSIGWAALMVVFTFSLSLVVWGRSGL,False,0.28456208,0.0,0.6119896
1141,TLTSFGEWR,0.33333334,0.375,0.8888889,1542,TSFTLYMR,False,0.3365657,0.8,-0.00323236
1142,MDIITLGWVGVLSVFTLSIAFVVWGRHGM,0.79310346,0.79310346,1.0,4324,MDILTLGWVGLLGLFTYSIAMVVWGRHGM,False,0.26600388,0.0,0.5270996
1143,KIIGIDLGTTNSVAVMESN,0.84210527,0.84210527,1.0,6209,AKVIGIDLGTTNSVAVMEG,False,0.287446,0.0,0.55465925
1144,SVIELGKMILQETGKNPVTHYGA,0.73913044,0.73913044,1.0,6679,SLVELGKMILQETGKNPVTYGAY,False,0.24575207,0.0,0.49337837
1145,AAKVKYSNTPEECCSNPPCFATHSEICGGRR,0.9354839,0.9354839,1.0,5261,AAKVKYSNTPEECCPNPPCFATHSEICGVRR,False,0.2532258,0.0,0.68225807
1146,QSAPGNEAIPP,0.45454547,0.45454547,1.0,4650,QGRPPGPPIPP,False,0.40043712,0.4,0.05410835
1147,LDPCCRDPPCASTHTDICT,0.84210527,0.8888889,0.94736844,7407,LDPCCRDPPCASTHIDRC,False,0.3289473,0.0,0.51315796
1148,FIHHIIGWISHGVRAIHRAIHG,0.5217391,0.54545456,0.95652175,4150,FIHHIIGGLFSVGKHIHSLIHGH,False,0.28309092,0.0,0.2386482
1149,GCCSPPCAANNPDYC,0.75,0.8,0.9375,483,GCCSLPPCAANNPDYC,False,0.42479172,0.0,0.32520828
1150,GLLSSLSSVAKHVLPHVVPVIAEHL,0.92,0.92,1.0,651,GLLSVLGSVAKHVLPHVVPVIAEHL,False,0.3107693,0.0,0.60923076
1151,TTGKPKGVQISHD,0.46153846,0.54545456,0.84615386,656,TLKPKGKQNVL,False,0.32597306,0.05,0.1355654
1152,GCCSDPRCNMNNPDYC,0.75,0.75,1.0,483,GCCSLPPCAANNPDYC,False,0.37481615,0.0,0.37518385
1153,DTVYGGMGVLGPTRMDYPGTIASVAAV,0.24242425,0.2962963,0.8181818,6996,MNLEVIAQLTVLALIVASGPLVIALLAARKGNL,False,0.24580002,0.55,-0.0033757687
1154,AAKLLLNPKFRCKAAFC,0.5882353,0.5882353,1.0,2781,AVNIPFKVKFRCKAAFC,False,0.34843653,0.0,0.23979878
1155,TSLFLCPATAVIIYRMRTHPVLNGA,0.24,0.25,0.96,7555,LPSCCSLNLRLCPVPACKRNPCCT,False,0.23858142,0.55,0.0014185756
1156,GWTLNSAGYLLGPHAVDNHRSLNDKHGLA,0.8965517,0.8965517,1.0,5273,GWTLNSAGYLLGPHAIDNHRSFHDKHGLA,False,0.256152,0.0,0.6403997
1157,QCTPVGGYCSRHYHCCSNHCIKSIGRCVAH,0.96666664,0.96666664,1.0,1252,QCTPVGGYCSRHHHCCSNHCIKSIGRCVAH,False,0.2762366,0.0,0.69043005
1158,MYIFITHFFTEYVILKYLLPI,0.23809524,0.29411766,0.8095238,214,GFLSALKKYLPIVLKHV,False,0.25415763,0.75,-0.016062394
1159,ALSVLLQSCTMCLFCCYL,0.33333334,0.4,0.8333333,998,CCTALCSRYHCLPCC,False,0.3176922,0.6,0.015641153
1160,IRNRLKKIGFPVKAKDLGLSDEEVI,0.28,0.29166666,0.96,2798,GLLTNVLGFLKKAGKGVLSGLLPL,False,0.29710057,0.9,-0.017100573
1161,ACLGQWDSCDPKASKCCPNYACEWKYPWCRYKLF,0.5714286,0.5882353,0.9714286,2725,AACLGMFESCDPNNDKCCPNRECNRKHKWCKYKLW,False,0.22550423,0.0,0.34592438
1162,GDFIGSSTNLIMVTSTTLMLFAGRFGLP,0.25,0.3043478,0.8214286,6569,NLMQFETLIMKVAGRSGVWYYGS,False,0.25847262,0.7,-0.008472621
1163,FENKVPEKQKLFQEDNGIPVHLKG,0.79310346,0.9583333,0.82758623,8234,FENKVPEKQKLFQEDNGIPVVLKGGVADA,False,0.25358334,0.0,0.53952014
1164,ADTGEGDFLAEGGGVR,0.9375,0.9375,1.0,6494,ADTGEGEFLAEGGGVR,False,0.37990195,0.0,0.55759805
1165,TDSEECCLDSRCAGQHQDLCS,0.61904764,0.65,0.95238096,5546,TVSQECCLDTRCAGKNLDEC,False,0.2828415,0.0,0.33620614
1166,GCCAIRECRLQNAAYCGGIY,0.4,0.4,1.0,5967,GCCARAACAGIHQELCGGRR,False,0.32666668,0.05,0.07333332
1167,EDGSDPASGDFLAEGGGVR,0.84210527,0.84210527,1.0,928,ADGSDPASSEFLAEGGGVR,False,0.33125597,0.0,0.5108493
1168,TEQNIVIGGISGCIGPLIGYAAMANALPMQAWVMF,0.2,0.23333333,0.85714287,3698,GWKDWAKKAGGWLKKKGPGMAKAALKAAMQ,False,0.21571429,0.95,-0.015714288
1169,DPSFNSWG,0.75,0.75,1.0,6731,SPAFNSWG,False,0.39597225,0.0,0.35402775
1170,ACSRGSRCPPQCCMGLRCGRGNPQKCIGAHEDV,0.88235295,0.90909094,0.9705882,7928,ACSGRGSRCPPQCCMGLRCGRGNPQKCIGAHEDV,False,0.26802778,0.0,0.61432517
1171,CLRDGQSCGYDSDCCRYSCCWGYCDLTCLIN,0.9677419,0.9677419,1.0,944,CLRDGQSCGYDSDCCRYSCCWGYCDLTCLII,False,0.2832135,0.0,0.6845284
1172,VEWSDSERKTLVSVWGKI,0.33333334,0.4,0.8333333,4310,RVFRDKLFKTLVSDH,False,0.24550962,0.0,0.08782372
1173,SWKSMAKKLKEYMEKLKQRA,0.95,0.95,1.0,6761,SWASMAKKLKEYMEKLKQRA,False,0.3143549,0.0,0.6356451
1174,MLYSVGKDSSVLLHLLLKAFAPSRPPIPLL,0.23333333,0.25925925,0.9,6811,GIGGALLSVGKLALKGLANVLADKFAN,False,0.24074796,0.75,-0.007414624
1175,CCQIVPQCCEWVSD,0.78571427,0.9166667,0.85714287,4630,CCQIVPQCCEWN,False,0.37578076,0.0,0.4099335
1176,SRCFPPGIYCTPYLPCCWGICCDTCRNVCHLRF,0.969697,0.969697,1.0,4280,SRCFPPGIYCTPYLPCCWGICCGTCRNVCHLRF,False,0.25713015,0.0,0.71256685
1177,APKAMRLLRRLLRRLLR,0.6,0.7058824,0.85,1065,RLLRRLLRRLLRRLLRRLLR,False,0.4438313,0.0,0.15616873
1178,DDEEYAEFIEQQREAGLV,0.9,1.0,0.9,3631,ARDDEEYAEFIEQQREAGLV,False,0.33404762,0.0,0.56595236
1179,GIFTFEDESTTTVAPAKLYK,0.9,0.9,1.0,2398,GVFTFEDESTSTVAPAKLYK,False,0.25409958,0.0,0.64590037
1180,PVGAGLDVEQRTVFAFVLCLLVVLVLL,0.32142857,0.33333334,0.96428573,8782,MGEVFAGGFALLVVLFILLIIIGASWLY,False,0.29599357,0.25,0.025435
1181,GVCCGYELCHC,0.90909094,0.90909094,1.0,6222,GVCCGYLLCHC,False,0.50224364,0.0,0.4068473
1182,IPCCSYPACAQSNIDLCG,0.68421054,0.7222222,0.94736844,5106,QGCCSYPACAVSNPDICGG,False,0.35555556,0.0,0.32865497
1183,RPCCPRDTWCC,0.6363636,0.6363636,1.0,7747,SLCCPEDAWCC,False,0.43697554,0.0,0.19938809
1184,GCCSLPPCAASNPDYC,0.9375,0.9375,1.0,483,GCCSLPPCAANNPDYC,False,0.41084558,0.0,0.5266544
1185,VIGGDECNINEHRFLAALYD,0.9047619,0.95,0.95238096,7222,VIGGDECNINEHRFLVALYDF,False,0.23547618,0.0,0.6692857
1186,MSVFLGYIIFLAAFFGLATGLFLGLKAIKLI,0.9032258,0.9032258,1.0,8787,MSLFIGYIIFLVAFFGLATGLFLGLKAIKLI,False,0.32119688,0.0,0.58202887
1187,LRDKIKRAKSDAVMGLKFDPA,0.25,0.2857143,0.875,6167,LLKELWTKIKGAGKAVLGKIKGLL,False,0.27720967,0.7,-0.02720967
1188,CVTVGLVPLLDVKTKPSEA,0.3,0.31578946,0.95,6235,GFLDIVKGVGLVALGAVSKS,False,0.3203383,0.8,-0.020338297
1189,GIGSAILSAGKSALKGLAKGLAEHFAN,0.9259259,0.9259259,1.0,3067,GIGGALLSAGKSALKGLAKGLAEHFAN,False,0.34247798,0.0,0.58344793
1190,GCCSNPVCFATHSNLC,0.8125,0.8125,1.0,5058,GCCSNPVCHLEHSNLC,False,0.37879902,0.0,0.43370098
1191,QSEEGGSNATKKPYIL,0.29411766,0.3125,0.9411765,4551,YGKNATCSKNIETGGSC,False,0.30176085,0.65,-0.007643193
1192,SCVPIGRPCASNEQCCTRWCTPRRIC,0.5185185,0.53846157,0.962963,3421,SCDQTGEPCVLNEQCCYGWCTNHGTCY,False,0.27103272,0.0,0.24748579
1193,ADVRNPLEEFRETDYEVL,0.68421054,0.7222222,0.94736844,6659,ADDRNPLEEFRENNYEEFL,False,0.28614244,0.0,0.3980681
1194,DCSGSGYGCKNTPCCDGLTCRGPHQGPICL,0.9,0.9,1.0,254,SCSGSGYGCKNTPCCAGLTCRGPRQGPICL,False,0.29203197,0.0,0.607968
1195,MEALVYTFLLVSTLGIIFFAIFFREPPKVPTKKN,0.9705882,1.0,0.9705882,690,MEALVYTFLLVSTLGIIFFAIFFREPPKVPTKK,False,0.25474793,0.0,0.7158403
1196,NEVGRTFYEQFKDKGITKILTIEASGIA,0.21428572,0.21428572,1.0,6002,MTKKITIIGAGNVGATAAAASKDLGDIV,False,0.23045912,0.85,-0.016173407
1197,DCCYGRVNGCNPKMADKNYE,0.35,0.35,1.0,4393,CCGKPNDCLPSFAFVNGSCN,False,0.2838691,0.1,0.06613091
1198,DVGKFK,0.42857143,0.5,0.85714287,441,KAKFKAT,False,0.30714282,0.65,0.12142861
1199,AGDTSSEAKGMWFGPRL,0.88235295,0.88235295,1.0,3635,SGDTSSQAKGMWFGPRL,False,0.29183167,0.0,0.5905213
1200,GAFGDLLKGVAKEAGMKLLNMAQCKLSGKC,0.93333334,0.93333334,1.0,3175,GAFGDLLKGVAKEAGLKLLNMAQCKLSGNC,False,0.29014117,0.0,0.6431922
1201,QKELVPSTITTCCGHEPGTMCPKCMCDNTCPP,0.96875,0.96875,1.0,367,QKELVPSTITTCCGNEPGTMCPKCMCDNTCPP,False,0.26519886,0.0,0.7035512
1202,QSCCSTPPCALLYMEMC,0.7647059,0.7647059,1.0,8164,QSCCSAPLCALLYRVMC,False,0.3570915,0.0,0.4076144
1203,WCKQSGEMCNLLDQNCCDGYCIVFVCT,0.962963,0.962963,1.0,2400,WCKQSGEMCNLLDQNCCDGYCIVLVCT,False,0.25785524,0.0,0.70510775
1204,LNTRDDDCEPPGNFCGMIKIGPPCCSGWCFFACA,0.88235295,1.0,0.88235295,3643,DDDCEPPGNFCGMIKIGPPCCSGWCFFACA,False,0.25256306,0.0,0.6297899
1205,DCKWWPYNCSGKEECCSGYCVGYCL,0.44,0.45833334,0.96,973,GCKATWMSCSSGWECCSMSCDMYC,False,0.29013067,0.0,0.14986932
1206,VEDYLEKSKANLELNDKKT,0.26086956,0.31578946,0.82608694,2638,KAEEEVEKNKEEAEEEAEKKIAE,False,0.30592918,0.95,-0.04505962
1207,AIKVFHIVAETGIHARPAT,0.2631579,0.29411766,0.8947368,3707,ALIKAYHAARHSGLPAI,False,0.28582877,0.85,-0.022670865
1208,TRDCKTKGYACFASTECCVQDCWLVCLY,0.8214286,0.8214286,1.0,694,TRDCKTKGSVCFASSECCIQDCWFVCLY,False,0.25117785,0.0,0.57025075
1209,AIPWSIWWHLLFKG,0.9285714,0.9285714,1.0,6522,AIPWSIWWRLLFKG,False,0.3286047,0.0,0.5999667
1210,SGLQFAVLDGQGFIPFPRV,0.94736844,0.94736844,1.0,403,SGLQFAVLDGQGFLPFPRV,False,0.29398492,0.0,0.6533835
1211,CFESWVACESPKRCCSHVCLFVCA,0.9583333,0.9583333,1.0,7231,CFESWVACESPKRCCSHVCLFVCT,False,0.26481944,0.0,0.6935139
1212,INLRAIAALAKKLL,0.9285714,0.9285714,1.0,5961,INLRAIAAFAKKLL,False,0.47142857,0.0,0.45714283
1213,EAAGLLPFPRL,0.8181818,0.8181818,1.0,1226,EAAGLLAFPRT,False,0.459965,0.0,0.35821682
1214,CAGIGSFCGLPGLVDCCSDRCFIVCLP,0.962963,0.962963,1.0,7034,CAGIGSFCGLPGLVDCCSGRCFIVCLP,False,0.29823992,0.0,0.66472304
1215,RRRRRRRWWWRRRRRRRR,0.6666667,0.6666667,1.0,3606,RRRRRRRRRRRRRRRWWW,False,0.75,1.0,-0.08333331
1216,FLQHIIGALSHIF,0.9230769,0.9230769,1.0,7667,FLQHIIGALSHFF,False,0.3983173,0.0,0.52475965
1217,GFGALFKFLAKKVAKTVAKQVAKKQME,0.8518519,0.8518519,1.0,3133,GFGSLFKFLGKKLAKTVAKQAAKKQME,False,0.3170946,0.0,0.53475726
1218,GMASLLAKVLPHVVKLIK,0.42857143,0.5,0.85714287,6398,GLFGVLAKVAAHVVPAIAEHF,False,0.35056752,0.0,0.07800391
1219,GVCCGYILCHC,0.90909094,0.90909094,1.0,6222,GVCCGYLLCHC,False,0.50224364,0.0,0.4068473
1220,QASTDYDDEDESTVPEAR,0.3809524,0.44444445,0.85714287,4262,QHSTDYDEEEEDRAKLHLDAR,False,0.29987448,0.1,0.0810779
1221,LKEQGYDVIGIFMKN,0.1875,0.2,0.9375,6926,FGPVIGLLSGILKSLL,False,0.3003432,1.0,-0.112843186
1222,ESKRELERREAEKHAQNQSADDKQADSADTTTNVS,0.2,0.22580644,0.8857143,344,HYYDDTDEEERIVSTVDARGHRPLDKKREEA,False,0.18857145,0.55,0.01142855
1223,ATVFATKGAHRIGRIYD,0.29411766,0.3125,0.9411765,6725,FLASPLRYGAGRIGDL,False,0.28657794,0.45,0.0075397193
1224,RDCQEKWEYCIVPILGAVYCCPGLICGPFVCV,0.96875,0.96875,1.0,594,RDCQEKWEYCIVPILGFVYCCPGLICGPFVCV,False,0.2584336,0.0,0.7103164
1225,ARRRRRSSRPQRRRRRRRHGRRRRGRR,0.61290324,0.7037037,0.87096775,6695,ARRRRSRRASRPVRRRRPRRVSRRRRARRRR,False,0.5620361,0.1,0.05086714
1226,GILLDKLKNFAKTAGKGVLQSLLNTASCKLSGQC,0.85294116,0.85294116,1.0,7089,GIFLNALKNFAKTAGKGVLQSVLNTASCKLSKQC,False,0.275,0.0,0.5779412
1227,KSPPQALNKPLPAPSAPSL,0.31578946,0.33333334,0.94736844,1002,KPAPEPAPEPAPEAAPEA,False,0.31743962,0.65,-0.0016501546
1228,RPPGFSPFRVD,0.8181818,1.0,0.8181818,2095,RPPGFSPFR,False,0.4594697,0.0,0.3587121
1229,RGSNLTHPLRNIGDLFYVGN,0.7,0.7368421,0.95,4444,RGSLTIHPLRNIRDFFYVG,False,0.26628572,0.0,0.43371427
1230,NCCNGGCSSKWCRADARCC,0.94736844,0.94736844,1.0,6614,NCCNGGCSSKWCRAYARCC,False,0.3771099,0.0,0.57025856
1231,TCTGNCRLCGAICCCEPKVCRNNQCIYDE,0.9655172,1.0,0.9655172,6332,TCTGNCRLCGAICCCEPKVCRNNQCIYD,False,0.29025856,0.0,0.67525864
1232,MPEPAKSAPKKGSTRTAAKGGKKRRKSRK,0.33333334,0.3448276,0.96666664,5836,MPKSPSKSSPRKGSPRKASPKRGGKGAKRA,False,0.2971511,0.15,0.036182255
1233,GFGCYRSCWKAGHDEETCKKECS,0.95652175,0.95652175,1.0,1548,GFGCYRSCWKAGHDEETCKRECS,False,0.2609555,0.0,0.69556624
1234,GEEEYAKMAAELARENIAKGCKVNCYP,0.962963,0.962963,1.0,6610,GEEEYSKMAAELARENIAKGCKVNCYP,False,0.25924927,0.0,0.7037137
1235,TGTTLKLHGLKPLD,0.2857143,0.2857143,1.0,7605,DLLGTLGNLPLPFI,False,0.38035715,1.0,-0.09464285
1236,ALWKSILKNVGKAAGKAVLNAVTDMVNQ,0.9285714,0.9285714,1.0,2862,ALWKTLLKNVGKAAGKAVLNAVTDMVNQ,False,0.2929291,0.0,0.6356423
1237,SKVIGIDLGTTNSVAVMEG,0.94736844,0.94736844,1.0,6209,AKVIGIDLGTTNSVAVMEG,False,0.29110044,0.0,0.656268
1238,MNLEIVAQLTVLALIVVSGPLVIALLAVRKGNL,0.90909094,0.90909094,1.0,8772,MNLEVVAQLTVLALIVVSGPLVIGLLALRKGNL,False,0.30310673,0.0,0.6059842
1239,NLFQFARMINGKLGAFSV,0.75,0.8333333,0.9,7454,NLFQFARMINKKLGAFFNYI,False,0.28793424,0.0,0.46206576
1240,HAGTYTSDVSSYLQDQAAKEFVSWLKTGRGRRD,0.8181818,0.9,0.90909094,303,HAEGTYTSDVSSYLQDQAAKEFVSWLKTGR,False,0.19593076,0.0,0.62225103
1241,GLLGMVGSLLGGLGL,0.8666667,0.8666667,1.0,8100,GLLGFVGSLLGGLGI,False,0.48745093,0.0,0.37921575
1242,MDVPKDTFVGLCHGHASELRLNHYPSI,0.22222222,0.26086956,0.8518519,1657,NSDTPKHRCGSELADQYVQLCHG,False,0.19485308,0.35,0.027369142
1243,VSAKPAKVTAGEQAIAMT,0.33333334,0.3888889,0.85714287,1622,AKPAKRVAVTGAAGQIAYSLL,False,0.31273204,0.4,0.020601302
1244,KPPPWVPV,0.875,0.875,1.0,2530,EPPPWVPV,False,0.5625,0.05,0.3125
1245,CCRRCYMGCIPCCF,0.9285714,0.9285714,1.0,5012,CCRRGYMGCIPCCF,False,0.45297617,0.0,0.47559524
1246,TATDIRVVFSRPHLFR,0.25,0.3125,0.8,4518,KRTKAPFSRVVKFSIDEIRN,False,0.28006968,0.95,-0.030069679
1247,CCNCSSKWCRDHSRCC,0.8888889,1.0,0.8888889,3893,CCNCSSKWCRDHSRCCGR,False,0.39486796,0.0,0.49402094
1248,NGVCCGYKLC,0.9,0.9,1.0,5280,QGVCCGYKLC,False,0.49030304,0.0,0.40969694
1249,CIPEGSSCSSSGSCCHKSCCRWTCNQPCLIP,0.7741935,0.7741935,1.0,1809,CLSEGSPCSMSGSCCHKSCCRSTCTFPCLIP,False,0.29987848,0.0,0.47431505
1250,TVRKVEKKGAGTSLGTSS,0.33333334,0.375,0.8888889,4184,MKKVHVLGAGTMGAGI,False,0.33849624,0.75,-0.0051628947
1251,CCSMYCWKCFPCCPN,0.93333334,0.93333334,1.0,3045,GCSMYCWKCFPCCPN,False,0.44845587,0.0,0.48487747
1252,PDMQSMKGIGYKEVLFYLNGDISLD,0.2,0.24,0.8333333,6575,MKLFYKAGACSLSPHIVLRELGLDFTAKVD,False,0.2278203,1.0,-0.027820304
1253,RWKVFKKIEKVGRNIRDGVIKAAPAIEVLGQAKAL,0.8,0.8,1.0,3216,RWKIFKKIEKMGRNIRDGIVKAGPAIEVLGSAKAI,False,0.25285715,0.0,0.54714286
1254,ANPTFGFTPLGLSSDAN,0.3529412,0.375,0.9411765,1644,DDPTSTFTCPGGSDYK,False,0.31693238,0.3,0.036008805
1255,LDVKKIICVACKIRPNPACKKICPK,0.2857143,0.32,0.89285713,2574,MIRQKIFVFIVKSRRNSICPAIRRKEDY,False,0.27438438,0.2,0.011329919
1256,GYLGGYAAPAIAAAPAIAALPAASSIAANGY,0.33333334,0.3548387,0.93939394,597,MDAPAIAAAKTAADALAAAKKTAADAAAAAAKP,False,0.3209678,0.45,0.01236555
1257,GYRKPPFNGSIF,0.8333333,0.8333333,1.0,3381,TYKKPPFNGSIF,False,0.3386447,0.0,0.4946886
1258,MDTIEPVSVAIS,0.41666666,0.45454547,0.9166667,6248,QTAPVPKAISK,False,0.36643773,0.35,0.050228924
1259,LAKTVPLNDGTNFPIFGG,0.3181818,0.3888889,0.8181818,1212,ATVYNNDGTQVDVGGRFDVALG,False,0.28638297,0.2,0.03179884
1260,GGAGHVPEYFVGIGTPISFYG,0.2857143,0.2857143,1.0,6700,KISTGFTPFAGNGFTITEYGP,False,0.2678767,0.6,0.017837584
1261,SITFVLGVLGNGLVIWVAGFRMAHTVTTICYL,0.21875,0.2413793,0.90625,1460,MSDELIHVVIALGLVISFGLGAITAGVLR,False,0.25327605,0.95,-0.03452605
1262,AAAPF,0.0,0.0,0.0,-1,,False,0.34166673,1.0,-0.34166673
1263,DYCCRRPTCIPIC,0.7692308,0.7692308,1.0,5577,DYCCRRPPCTLIC,False,0.4439629,0.0,0.32526788
1264,NCPAGCRSQGCCM,0.46153846,0.5,0.9230769,5308,LCPPMCRSCSNC,False,0.42920098,0.4,0.032337487
1265,PSSQPRGDPTGPKE,0.35714287,0.3846154,0.9285714,3350,EGGGNRGDPSGVC,False,0.33271182,0.45,0.02443105
1266,GRSLVFPEETANSFVELFPAKELSL,0.23076923,0.24,0.96153843,5087,TLLGQSMAVWSLALFVFCLLVLAAKL,False,0.22841613,0.7,0.002353102
1267,KESSFDIVSKVDLSEVANAIN,0.2857143,0.33333334,0.85714287,5779,NILSSIANGINRALSFFG,False,0.26884526,0.5,0.016869038
1268,SCSSGCSDCNSDSCQCTLNQFTNSDSCCC,0.29032257,0.31034482,0.9354839,2924,CTSEGYSCSSDSNCCKNVCCWNVCESHCGHH,False,0.3042659,0.65,-0.013943315
1269,GFMKYIGPLIPHAVKAISDLI,0.42857143,0.45,0.95238096,3934,FIQHLIPLIPHAIQGIKDIF,False,0.28179112,0.0,0.14678031
1270,LQLNKMKSRKSCGIAV,0.3125,0.3846154,0.8125,4916,QLYENKSRRPYIL,False,0.29955882,0.5,0.012941182
1271,DVGDDCCSDNVGTCC,0.75,0.8,0.9375,7700,RVGDDCCVGNVGTCCS,False,0.37464052,0.0,0.37535948
1272,GRCCHPACGQNTSC,0.9285714,0.9285714,1.0,109,GRCCHPACGQQTSC,False,0.4170238,0.0,0.51154757
1273,MDEAYKEFVMQLASWDTRREFWLQTDY,0.14814815,0.17391305,0.8518519,7773,MFKPGYSEAKKPKITDEFSYKQT,False,0.10890063,0.45,0.03924752
1274,CIPHFDPCDPIRHTCCFGLCLLIACI,0.7307692,0.7307692,1.0,5505,CIEQFDPCDMIRHTCCVGVCFLMACI,False,0.26932937,0.0,0.46143985
1275,SCGHSGAGCYTRPCCPGLHCSGGHAGGLCV,0.96666664,0.96666664,1.0,7726,SCGHSGAGCYTRPCCPGLHCSGGQAGGLCV,False,0.3067056,0.0,0.65996104
1276,LFSIIWKLNRKLIKA,0.46666667,0.46666667,1.0,466,INWKKIKSLIKAAMS,False,0.37431377,0.05,0.0923529
1277,SIVLRGKAPFR,0.46153846,0.54545456,0.84615386,3179,SYGDLRGGAPGRG,False,0.40713874,0.15,0.05439973
1278,IRDECCSNPACRANNPHVC,0.8947368,0.8947368,1.0,1122,IRAECCSNPACRVNNPHVC,False,0.36291865,0.0,0.53181815
1279,FLPIIGKLLSG,0.84615386,1.0,0.84615386,7557,FLPIIGKLLSGLL,False,0.47435898,0.0,0.37179488
1280,EVEMLGDELRTLNQNLGLMR,0.25,0.2631579,0.95,219,AFQKIKVANPVVELDGDEM,False,0.29231602,0.95,-0.04231602
1281,WPCKVAGSPCGLVSECCGTCNVLRNRCV,0.53571427,0.5555556,0.96428573,7923,QCTPHGGSCGLVSTCCGRCSVPRNKCE,False,0.28993583,0.0,0.24577844
1282,CCISPACHEECYCC,0.93333334,1.0,0.93333334,8719,CCISPACHEECYCCQ,False,0.4265774,0.0,0.50675595
1283,ILITLIILLLSIMVLFI,0.3529412,0.42857143,0.8235294,4085,TVSKVLLSICSLLC,False,0.36551425,1.0,-0.012573063
1284,AVCNLARCQLSCASLGLLGKCIGDKCECVKH,0.9677419,0.9677419,1.0,4346,AVCNLKRCQLSCASLGLLGKCIGDKCECVKH,False,0.2755483,0.0,0.6921936
1285,FLKGIIDTVSKLF,0.7692308,0.7692308,1.0,8603,FLKGIIDTVSNWL,False,0.41768092,0.0,0.35154986
1286,RPCCYIGWCSRRCNCGGYRP,0.95,0.95,1.0,8197,LPCCYIGWCSRRCNCGGYRP,False,0.36053032,0.0,0.5894697
1287,ATYTLPEPPYDYAAL,0.53333336,0.61538464,0.8666667,7621,AYELPELPYAYDA,False,0.35743874,0.0,0.17589462
1288,MKWAAPIVSEICVGMEVTSYESAEIDTFN,0.37931034,0.42307693,0.8965517,4416,MAWKAPKIVEVPCGMEINMYVSATRK,False,0.20949757,0.0,0.16981277
1289,CVHWQTNTARTSCIGP,0.375,0.375,1.0,7353,CQWQFISPSRAGCIGP,False,0.25413808,0.05,0.12086192
1290,MKAVAVLTGSEGVGTIFFTQ,0.5217391,0.6,0.8695652,4936,MKAIAVLKGSEVTGVVRFEQQED,False,0.29619002,0.0,0.2255491
1291,ECDNPACGNHTSK,0.9230769,0.9230769,1.0,5322,ECENPACGNHTSK,False,0.34031367,0.0,0.58276325
1292,GVLSAFKNALPGIMKIIV,0.7222222,0.7222222,1.0,2571,GVLSVIKNALPGIMRFIA,False,0.32870817,0.0,0.39351404
1293,GFDVVDNIK,0.7777778,0.7777778,1.0,6181,GFDVIDTIK,False,0.35318187,0.0,0.42459592
1294,SKSLFYQKQYDNINE,0.26666668,0.33333334,0.8,3814,YQKSSPGSNITT,False,0.27067816,0.75,-0.004011482
1295,MGIDFHLIANFGALALITLAGPAVIFILFYRRGAL,0.94285715,0.94285715,1.0,3075,MGIDLHLIANFAALALITLAGPAVIFILFYRRGAL,False,0.27428573,0.0,0.6685714
1296,MNKVTDLRSAIELLKTIPGQLIETNDV,0.24242425,0.2962963,0.8181818,7533,MNIELIVQLGSLTLITIAGPLIVALLFLRQGNL,False,0.25048572,0.65,-0.008061469
1297,CTENGDVCDPENHNCCSGSCLDDEDPPVCGF,0.61290324,0.6333333,0.9677419,3052,GCMEDGDVCELGNHNCCSGSCLGFEDEGIC,False,0.26504982,0.0,0.34785342
1298,HFLGTLVNLAKKIL,0.9285714,0.9285714,1.0,4285,NFLGTLVNLAKKIL,False,0.40315476,0.0,0.5254166
1299,RGYAAVKNRDTDKVIWVPSRKVKPDITQKDEVTKK,0.17142858,0.2,0.85714287,2060,KEVKRGCVATCPKPKKNEIIQCCAKDKCNK,False,0.19285718,0.9,-0.0214286
1300,LMRSVQISLRKRPVDPER,0.16666667,0.1875,0.8888889,7461,MKRQDLPRSRSLRSCE,False,0.255083,1.0,-0.08841632
1301,WTFGQGTKVEIK,0.33333334,0.41666666,0.8,8666,NTEAFFGQGTRLTVV,False,0.3206502,0.55,0.012683153
1302,MPVNGIFDVFDMLSIYIIYKLIVSNNTWLIMRK,0.18181819,0.20689656,0.8787879,7717,MNFGMLKLLTVLIICYSNNFMRTRGGNGK,False,0.2142297,1.0,-0.032411516
1303,CVPYEGPCNWLTQNCCDATCVVFWCL,0.88461536,0.88461536,1.0,6100,CVPYEGACNWLTQNCCDAVCVVFFCL,False,0.26453078,0.0,0.6200846
1304,FFGHLFKLATKIIPSLFQ,0.8181818,1.0,0.8181818,968,FFGHLFKLATKIIPSLFQRKKE,False,0.34190592,0.0,0.4762759
1305,SQCCYQICSPC,0.54545456,0.54545456,1.0,3919,ACCVYKICYPC,False,0.42721444,0.0,0.11824012
1306,MLKMSGWQRQSQNNSRNLRRECSRRKCIFIHHHT,0.9411765,0.9411765,1.0,7888,MLKMSGWQRQSQNQSWNLRRECSRRKCIFIHHHT,False,0.14659663,0.0,0.79457986
1307,GPNTGELCDGVEQNCRYPYCFIVVCL,0.84615386,0.84615386,1.0,510,CPNTGELCDVVEQNCCYTYCFIVVCL,False,0.25588858,0.0,0.5902653
1308,GLPVCGETCVGGTCNTPGCTCSWPVCTRD,0.9310345,0.9310345,1.0,4712,GLPVCGETCVGGTCNTPGCACSWPVCTRN,False,0.31639668,0.0,0.61463785
1309,GLKDWWNKHKDKIVEVVKDSGKAGLNAA,0.9285714,0.9285714,1.0,2429,GLKDWWNKHKDKIVEVVKEMGKAGLNAA,False,0.2807604,0.0,0.647811
1310,SNPNFILTLVNNVPYTIWPA,0.5,0.55,0.90909094,891,FYAGLILTLVNTFPYNISPASS,False,0.25646108,0.0,0.24353892
1311,GCVCTYANKPCCN,0.9230769,0.9230769,1.0,1972,GCVCTYANKPCCT,False,0.42809978,0.0,0.49497715
1312,MSWTKPAYTDLRIGFEVTMYFASR,0.9583333,0.9583333,1.0,8301,MAWTKPAYTDLRIGFEVTMYFASR,False,0.13289902,0.0,0.8254343
1313,VAIALKAAHYHTHKE,0.3529412,0.4,0.88235295,3747,FLPIALKALGSIFPKIL,False,0.35223043,0.35,0.0007107556
1314,MYDPPFLEALMITASFFAIFIIIVVSVLLLEGEGD,0.9714286,0.9714286,1.0,8072,MYDPPFLEALMITASFFAIFIIIVVSVLLLEGGGD,False,0.25857145,0.0,0.7128571
1315,GRCCHPACGGKYFKC,0.875,0.93333334,0.9375,3576,NGRCCHPACGGKYVKC,False,0.40855807,0.0,0.46644193
1316,MHVSTFQALMLMLAFGSFIIALLTYIKKK,0.76666665,0.79310346,0.96666664,654,MSTFQALMLMLAIGSFIIALLTYIEKIDLP,False,0.2790019,0.0,0.48766476
1317,MDGKVHRHWGFGGGPHRC,0.16666667,0.1875,0.8888889,1604,SSGGGDGSGMWFGPRL,False,0.28775254,1.0,-0.12108587
1318,NVVVLATGGTIAGAGTNAFASQGPLGMVVEGK,0.3125,0.32258064,0.96875,2287,IVAVLHSSEGVAGTITFIADSQIPLTGPNSI,False,0.26851603,0.05,0.043983966
1319,GRRNH,0.8,0.8,1.0,3156,GRRND,False,0.41500002,0.05,0.385
1320,NSELINSILGLPKVMNEA,0.9444444,0.9444444,1.0,4385,NSELINSILGLPKVMNDA,False,0.3276196,0.0,0.6168248
1321,RQRVEELSKFSKKGAAARRRK,0.25,0.2857143,0.875,1907,FLPAIVGAAGKFLPKIFCAISKKC,False,0.29607952,1.0,-0.046079516
1322,MKADIHPNYVEIDATSGN,0.2777778,0.3125,0.8888889,2082,AAAADTIVLPYNDIDA,False,0.24614036,0.35,0.03163743
1323,EMLYAMARAFLQLSVIGFV,0.21052632,0.23529412,0.8947368,5843,LQLSYAQKSSELVIGGD,False,0.2486525,1.0,-0.038126186
1324,VCGSNQPNHPNGKCGSKMADYLEEQCEEEEAA,0.5151515,0.53125,0.969697,5744,VCWLGDPNHPQGICGPQVADIVEIRCEEKEAEQ,False,0.2062757,0.0,0.3088758
1325,QIKAVVANFAESYEDP,0.375,0.375,1.0,1390,VTAKAVAAAEAASSAR,False,0.31393382,0.25,0.06106618
1326,EVHNFACLGKPDPGGCAHYIYRRYYYV,0.2,0.22222222,0.9,7634,GCCSDPRCRYRCGRRRRGGCCSDPRCRYRC,False,0.2129955,0.55,-0.012995496
1327,APVPFSCTRGCLTHLV,0.29411766,0.3125,0.9411765,7606,MGCCPFPCKTSCTTLCC,False,0.29073143,0.55,0.0033862293
1328,GSPKYCHLPADPGPC,0.5555556,0.6666667,0.8333333,3583,HDRPKFCYLPADPGECMA,False,0.357933,0.0,0.19762257
1329,APQNMNGL,0.375,0.42857143,0.875,2844,TRNGLPG,False,0.2872222,0.3,0.08777779
1330,GCCEPFWCDSGCTEGCC,0.8235294,0.8235294,1.0,7651,GCCEPDWCDSGCDDGCC,False,0.38492426,0.0,0.43860516
1331,QGLFTSDQDLYTDSR,0.73333335,0.73333335,1.0,988,GQNFTSDKDLYTDSR,False,0.29352534,0.0,0.439808
1332,DPCYEVCLQQHGNVKECEEACKHPVEY,0.962963,1.0,0.962963,1475,DPCYEVCLQQHGNVKECEEACKHPVE,False,0.23351574,0.0,0.72944725
1333,GCCIVPWCTGCYCCH,0.73333335,0.78571427,0.93333334,3005,FCCVFPWCTGCYCC,False,0.42642155,0.0,0.3069118
1334,MEITTNQVYIALLASLIPAFFAFKLGKSLNQ,0.7096774,0.7096774,1.0,5337,MTITSTQVYIALLTALIPAFFALKLGKELSK,False,0.2726683,0.0,0.4370091
1335,GIPCGESCVWIPCLTSAIGCSCKSKVCYRN,0.96666664,0.96666664,1.0,195,GIPCGESCVYIPCLTSAIGCSCKSKVCYRN,False,0.29823655,0.0,0.6684301
1336,CCKYGWTCWLGCSPCGC,0.9411765,0.9411765,1.0,6860,CCKYGWTCLLGCSPCGC,False,0.39507738,0.0,0.54609907
1337,ESEEGGSNATKKPYIL,0.29411766,0.3125,0.9411765,4551,YGKNATCSKNIETGGSC,False,0.31006187,0.7,-0.015944213
1338,TCSSPSNCPTGQECCPDKVDEPEGFCADECIIT,0.8484849,0.8484849,1.0,4613,TCSSSSDCPTGQECCPDKLDEPEGSCANECIIT,False,0.25151518,0.0,0.5969697
1339,GMWGECSDWLATCISPSQCCSESCDKRCLAW,0.67741936,0.67741936,1.0,682,GVWSECSDWLAGCSSPSECCSEKCDTFCRLW,False,0.26740986,0.0,0.4100095
1340,CKGKGAKASRLMYDAC,0.875,0.875,1.0,1105,CKGKGAKCSRLMYDCC,False,0.3313951,0.0,0.5436049
1341,DWCDPCPW,0.375,0.42857143,0.875,3598,SPCPFPC,False,0.54013884,1.0,-0.16513884
1342,GLWSKIKETGKEAAKAAGKAALNKIAEAV,0.9655172,0.9655172,1.0,6338,GLWSKIKETGKEAAKAAGKAALDKIAEAV,False,0.33120638,0.0,0.63431084
1343,EQAETFYAVHKERPFFGELVDFMISGPVVV,0.2,0.25,0.8,6632,ALTVSETTFGRDFNEALVHQVVVA,False,0.20648853,0.7,-0.006488532
1344,GFGSLFKFLGKKVLKTVAKQAAKKQME,0.962963,0.962963,1.0,1937,GFGSLFKFLGKKLLKTVAKQAAKKQME,False,0.32196364,0.0,0.6409993
1345,TTGSKSLDELLG,0.41666666,0.41666666,1.0,8474,GLLDGLLGTLGL,False,0.4177564,0.75,-0.0010897517
1346,EPVPTTIIDFGECCRDPSCWVKVKDFKCPGAVPPS,0.25714287,0.28125,0.9142857,367,QKELVPSTITTCCGNEPGTMCPKCMCDNTCPP,False,0.22285715,0.2,0.034285724
1347,GGCCSYPPCAVSNPQHC,0.7058824,0.7058824,1.0,1126,GGCCSYPPCIASNPKCG,False,0.40288097,0.0,0.3030014
1348,GLEEELETVELVEELQQA,0.5263158,0.5555556,0.94736844,739,GLEEDLEIAEMVNELEEIG,False,0.3380729,0.0,0.18824291
1349,KKQDLDDEEKTAKFIEEQ,0.35,0.3888889,0.9,3631,ARDDEEYAEFIEQQREAGLV,False,0.29330638,0.15,0.056693614
1350,DCCGVKLEMCHPCLCDNSCKNYGK,0.28,0.29166666,0.96,1101,GCCGSYPNAACHPCSCKDRPSYCGQ,False,0.28456154,0.6,-0.0045615435
1351,TAGFGVFTNIINGGLECGK,0.23809524,0.2631579,0.9047619,6675,IIGGDECNINEHPFLVALYDA,False,0.3122648,1.0,-0.07416956
1352,VAKCSTSECGHACQQAGCRNSGCRYGSCICVGC,0.3529412,0.36363637,0.9705882,4642,VSCTGSKDCYAPCRQQTGCPNAKCINKSCKCYGC,False,0.284231,0.0,0.06871018
1353,CVRVCPINLPVVDWVYNKET,0.1904762,0.2,0.95238096,5447,GFCWYVCVYRNGVRVCYRRCN,False,0.2724226,1.0,-0.08194642
1354,RPPGFSPFRIAPASSL,0.5294118,0.5625,0.9411765,1610,TATTRRRGRPPGFSPFR,False,0.34170857,0.0,0.18770322
1355,ITPEMSADNGAMDMGEGIKLSLNTNTLSTS,0.23333333,0.2413793,0.96666664,8075,GIKSALLGIAKNVGMSLLQKAQCKLSGSC,False,0.22434568,0.55,0.00898765
1356,CCTGSCRSGKC,0.46153846,0.54545456,0.84615386,419,CSRLMYDCCTGSC,False,0.4626457,0.45,-0.0011072457
1357,DDECEPPGDFCGLFKIGPPCCSGWCFLWCA,0.96666664,0.96666664,1.0,2323,DDECEPPGDFCGFFKIGPPCCSGWCFLWCA,False,0.28151613,0.0,0.6851505
1358,MEFVAKLFKFFKDLLGKFLGNY,0.95454544,0.95454544,1.0,2360,MEFVAKLFKFFKDLLGKFLGNN,False,0.3382247,0.0,0.6163207
1359,WCASGCRKKRHGGCSC,0.5555556,0.625,0.8888889,6564,RSLCSNGCRPKPFGGCSC,False,0.37320995,0.0,0.18234563
1360,NDQCLVIEIL,0.25,0.3,0.8333333,4928,QESGEVIIEIPR,False,0.29409093,0.85,-0.044090927
1361,LPLI,0.75,0.75,1.0,328,LPLV,False,0.65,0.55,0.100000024
1362,CTHPGGACGGHHHCCSQFCNTAANACN,0.962963,0.962963,1.0,6512,CTHPGGACGGHHHCCSLFCNTAANACN,False,0.31194583,0.0,0.6510172
1363,DVNGGGHTLPQPLYQTTVVL,0.71428573,0.75,0.95238096,8697,DINGGGATLPQKLYQTSGVLT,False,0.26304346,0.0,0.45124227
1364,FDESFGFQGPSTYEKTPLGEPA,0.28,0.3181818,0.88,4980,ADPTFGFTPLGLSEKANLQIMKAYD,False,0.24547398,0.2,0.03452602
1365,LGYLGTCPTNIGTGLR,0.47058824,0.5,0.9411765,2559,ALGTNPRKSTKIGTGER,False,0.34253675,0.0,0.12805149
1366,DDCLGIFKSCNPDNDKCCESYKCSRRDKWCKYVL,0.7941176,0.7941176,1.0,2760,DCLGWFKGCDPDNDKCCEGYKCNRRDKWCKYKLW,False,0.25613445,0.0,0.5379832
1367,WCRVARRILDPYRVARVI,0.4,0.44444445,0.9,7271,YRWWRWARRWYRWWRWARRW,False,0.2997974,0.0,0.10020262
1368,MVEPLLSGIVLGLVPVTLAGLFVTAYLQYRRGDV,0.5882353,0.6060606,0.9705882,3468,MIELLLFGIILGLISCVLAGLFVSAYYQYKRNR,False,0.26794118,0.0,0.32029414
1369,QLGPQVPAHLRTDLSKKQGPWAEEEAAYGWMDF,0.8484849,0.8484849,1.0,4777,ELEPQGPPHLGTDLSKKQGPWAEEEAAYGWMDF,False,0.16717725,0.0,0.6813076
1370,MNEIVALMIICPLMVMVGLGMGFALLWLQQQA,0.40625,0.40625,1.0,2116,MGNEFIASASISFIITLIGLTLGFALLKLQGE,False,0.2564732,0.0,0.14977679
1371,GCIPVGSMCTISNGCCTKNCGWNFHCNKPNQ,0.8064516,0.8064516,1.0,200,GCIKTGSFCTLSKGCCTKNCGWNFHCNPPNQ,False,0.26660344,0.0,0.5398482
1372,SNGRNAAADAKASQRIAPFLRDYCCRRPPCTLICG,0.94285715,0.94285715,1.0,7848,SNGRNAAADAKASQRIAPFLRDYCCRRHACTLICG,False,0.21857145,0.0,0.7242857
1373,RHGCCKGPKGCSSRECRPQHCC,0.90909094,0.95238096,0.95454544,7618,HGCCKGPEGCSSRECRPQHCC,False,0.32482088,0.0,0.58427006
1374,DAAVEPELYHWGKVWLPN,0.1904762,0.22222222,0.85714287,3877,AILELPQSPNVFHPEKPSAVG,False,0.26385698,0.9,-0.07338078
1375,MAILTLGWVSLLVVFTWSIAMVVWGRNGL,0.9655172,0.9655172,1.0,1019,MEILTLGWVSLLVVFTWSIAMVVWGRNGL,False,0.29135865,0.0,0.6741586
1376,GKLQAFLAKMKEIAAQTL,0.9444444,0.9444444,1.0,5454,GRLQAFLAKMKEIAAQTL,False,0.3277087,0.0,0.6167357
1377,GFVDFLKKVAGTIANVVT,0.5263158,0.5555556,0.94736844,7578,GFVDLAKKVVGGIRNALGI,False,0.32583752,0.0,0.20047829
1378,VIGVVPLFKGKSQLLDPTG,0.26086956,0.31578946,0.82608694,4298,GLVTSLIKGAGKLLGGLFGSVTG,False,0.33667523,1.0,-0.075805664
1379,CCDEEECSSACWPCCW,0.8,1.0,0.8,1939,VKRCCDEEECSSACWPCCWG,False,0.41143256,0.0,0.38856745
1380,NRNNRDWWHFADYGCYCGYGGSGTPVDELDRC,0.40625,0.43333334,0.9375,6536,NLYQFKNMIHCTVPSRPWWHFADYGCYCGR,False,0.21939234,0.0,0.18685766
1381,LKLSPKTKDTLKKVLKGAIKGAIAIASMA,0.79310346,0.79310346,1.0,2532,IKLSPETKDNLKKVLKGAIKGAIAVAKMV,False,0.3125194,0.0,0.48058406
1382,TCCVRPWCDGACDCCVDP,0.7777778,0.7777778,1.0,7305,DCCVMPWCDGACDCCVSS,False,0.3916667,0.0,0.38611108
1383,AGGVNQAGINFYNHLINELISNGIRPLVTLFH,0.21875,0.26923078,0.8125,8637,SNKSNDFNFNNYNGLVNQSSNELSRW,False,0.22417836,0.65,-0.005428359
1384,MAATFALHGWWRTS,0.85714287,0.85714287,1.0,5884,MKATFVLHGWWRTS,False,0.27215162,0.0,0.5849912
1385,GCCSYPPCFATNSGYC,0.9375,0.9375,1.0,4476,GCCSYPPCFATNSDYC,False,0.41183823,0.0,0.52566177
1386,MTYHKVSPDGRMSKEKENFFRYRNQLIVLNRYMH,0.1764706,0.2,0.88235295,7642,MELILNKEYRLVIIVLISVYYRYRFFLLLF,False,0.10882352,0.25,0.06764707
1387,GCCSHPACHHPEIC,0.9285714,0.9285714,1.0,4039,GCCSHPACHHPELC,False,0.41654062,0.0,0.5120308
1388,TVSSVCISILSMLSSSPEKQRPTDNDRY,0.25,0.25925925,0.96428573,4846,LFSVKSRQTDYFEKQRFGDSSSSPSPA,False,0.22944184,0.45,0.020558164
1389,MLITLGWASLAALFSFSIAMVVWGRNGDGSMNF,0.8787879,0.8787879,1.0,5200,MLFTLGWASLAAMFSFSIAMVVWGRNGDGTLNF,False,0.25909087,0.0,0.619697
1390,LLKELWKKIKGAGKAVLGKIKGLL,0.9583333,0.9583333,1.0,6167,LLKELWTKIKGAGKAVLGKIKGLL,False,0.35756087,0.0,0.60077244
1391,GAFGNFLKGVAKKAGLKILSIAQCKLSGTC,0.96666664,0.96666664,1.0,7463,GAFGNFLKGVAKKAGLKILSIAQCKLFGTC,False,0.3081274,0.0,0.65853924
1392,MNLEVLAQLTVLTLIVISGPLVIALLAVRKGNL,0.8787879,0.8787879,1.0,5838,MNLEVIAQLTVLALIVISGPLVIALSAARKGNL,False,0.30893812,0.0,0.5698497
1393,EAPVGFTPPELDPSTPSPIFGGSTGGLLR,0.2413793,0.25925925,0.9310345,6944,DLAQRHTGFTLAPSAQSPRLLALTFTA,False,0.25344083,0.8,-0.012061521
1394,SADLVKKIWDNPAL,0.85714287,0.85714287,1.0,460,SADIVKKLWDNPAL,False,0.35530463,0.0,0.5018382
1395,METNDLGFVASLLFVLVPTVFLIILFIQTNSKEG,0.85294116,0.85294116,1.0,8624,METNDLGFVATLLFVLVPAIFLIILYIQTNSREG,False,0.26029414,0.0,0.592647
1396,NILNTIINLAKKIL,0.71428573,0.71428573,1.0,4285,NFLGTLVNLAKKIL,False,0.4235714,0.0,0.29071432
1397,NTNVFETNIINLSV,0.33333334,0.35714287,0.93333334,3334,TETQSFNFNVFEPEN,False,0.3210504,0.5,0.012282938
1398,TFRCKILDRHLAILAKKHLET,0.33333334,0.35,0.95238096,1864,FLAKKVGKQLASHLAKKQLE,False,0.2786888,0.1,0.054644555
1399,NGRCCHPACGRHFNC,0.93333334,0.93333334,1.0,618,NGRCCHPACGKHFNC,False,0.4239583,0.0,0.50937504
1400,AIIGNPEHPEVIGINGWCNNEAY,0.26086956,0.3,0.8695652,3784,IIGAIAAALPHVINAIKNTF,False,0.23822382,0.35,0.022645742
1401,GLPTCGETCTLGKCNTPKCTCNWPICYKN,0.9655172,0.9655172,1.0,6299,GLPTCGETCTLGKCNTPKCTCNWPICYKD,False,0.28465518,0.0,0.68086207
1402,NGTVKLMQWAAARGEKFDHCVLGEPSNV,0.25,0.26923078,0.9285714,8610,SGTTPDRDHSCGGELVDRLVKLCPSN,False,0.2154442,0.15,0.034555793
1403,YKLCHPC,0.875,1.0,0.875,6805,GYKLCHPC,False,0.32410714,0.0,0.55089283
1404,RSCSFPSNTWC,0.41666666,0.45454547,0.9166667,1145,SCCGSSNTGSCC,False,0.3741842,0.35,0.042482466
1405,AISGLTPCKESKQFAKREKQ,0.65,0.68421054,0.95,5601,AIAGLTPPKESKAFAKEKN,False,0.27842933,0.0,0.37157065
1406,QYVKDPDKQVVARIFLDLQLVQR,0.20833333,0.2173913,0.9583333,6128,SELLILDHIYRQVVHGKEGSIFLV,False,0.26681948,0.95,-0.05848615
1407,FEVYWNVPTLQCRAVYKMIFKLNRTYGIQNA,0.15151516,0.16129032,0.93939394,4459,ACGILHDNCVYVPAQNPCCRGLQCRYGKCLVQV,False,0.14842841,0.6,0.0030867457
1408,RNMSLISRFIS,0.30769232,0.36363637,0.84615386,8555,TTAIEPFISLGDK,False,0.37569934,1.0,-0.06800702
1409,MADVIAKIVEIVKGLIDQFTQK,0.45454547,0.47619048,0.95454544,3955,MGIIAGIIKFIKGLIEKFTGK,False,0.28107113,0.0,0.17347434
1410,KPLWRL,0.8333333,0.8333333,1.0,516,KPPWRL,False,0.30238095,0.0,0.53095233
1411,DAQEKRVLGQLHGGPFSASAKYFGQAHGGEK,0.19354838,0.20689656,0.9354839,2686,MKRSYKTLPTYFFSFFGPFKERAVFLLVL,False,0.22442845,1.0,-0.030880064
1412,LLGKDHTQVVSLKDKLEFAPKAVLN,0.2857143,0.32,0.89285713,3058,AVWKDFLKNIGKAAGKAVLNSVTDMVNE,False,0.28861254,0.4,-0.002898246
1413,IWLTKALKFLGKNLGK,0.6875,0.73333335,0.9375,894,IWLTALKFLGKNLGK,False,0.38249698,0.0,0.30500302
1414,QCSPNGGYCTLHIHCCSNHCIKPIGRCVA,0.76666665,0.79310346,0.96666664,1252,QCTPVGGYCSRHHHCCSNHCIKSIGRCVAH,False,0.27379495,0.0,0.4928717
1415,DSDSAQNLIG,0.4,0.5,0.8,3888,VYRQWLIG,False,0.30424246,0.2,0.095757544
1416,GVFDIIKGAGKQLIAHAMEKIAEKVGLNKDGN,0.96875,0.96875,1.0,6747,GVFDIIKGAGKQLIAHAMGKIAEKVGLNKDGN,False,0.26925328,0.0,0.69949675
1417,RADEGIAPSLIGAEGL,0.3529412,0.375,0.9411765,4910,LFGLIPSLIGGLVSAFK,False,0.35287797,0.55,6.3210726e-05
1418,APGCCNNPACVKHRC,0.93333334,0.93333334,1.0,2014,PGCCNNPACVKHRCG,False,0.41972226,0.0,0.5136111
1419,AKTENKTVTVRQTASPIK,0.6666667,0.75,0.8888889,948,AEKKTVTVKQTGSPIK,False,0.2703801,0.0,0.39628658
1420,AGNDKATDLMALTVRGCCSHPACAGNNPHICS,0.78125,0.78125,1.0,6122,AASDKASELMALAVRGCCSHPACAGNNPDICG,False,0.23741074,0.0,0.5438393
1421,ISSPVSLTIHPLRNIMDMLYVGITI,0.64,0.64,1.0,6461,RGSLTTLPLRNIMDMLHMGITIGTP,False,0.23142114,0.0,0.40857884
1422,FLSLIPGAISAIASLFK,0.6315789,0.7058824,0.8947368,2864,FLSLIPHIASGIASLVKNF,False,0.3801849,0.0,0.25139403
1423,GAKERNNAEAVRERLEEI,0.7368421,0.7777778,0.94736844,8502,GAKEDRNNAEAVRERLEEI,False,0.3352778,0.0,0.4015643
1424,GPEEDSETTVEELHEI,0.4375,0.5,0.875,4990,SLEDIEHEVEELLR,False,0.34581095,0.05,0.09168905
1425,SPIIIDYLCVTET,0.26666668,0.30769232,0.8666667,3732,NPNPVPIPLVDIDYL,False,0.27652934,0.6,-0.009862661
1426,QNWPRPQIPP,0.9,0.9,1.0,1583,QNWPHPQIPP,False,0.515303,0.0,0.38469696
1427,AITAGALQPGRLSVHREPWGFSREQAV,0.22222222,0.23076923,0.962963,869,MASRGALRRCLSPGLPRLLHLSRGLA,False,0.23403192,0.8,-0.011809692
1428,GEVFAFPR,0.375,0.375,1.0,8185,EAFPGQST,False,0.44541663,1.0,-0.07041663
1429,APNQPSDNMIRF,0.8333333,0.8333333,1.0,7284,APPQPSDNFIRF,False,0.3352564,0.0,0.49807692
1430,EYPEAPISLGT,0.3846154,0.45454547,0.84615386,8555,TTAIEPFISLGDK,False,0.37261078,0.5,0.012004614
1431,TDAVANGVHAISGVVDS,0.9411765,0.9411765,1.0,680,DDAVANGVHAISGVVDS,False,0.35588235,0.0,0.5852941
1432,GVLDAFKKIATVVKNLV,0.88235295,0.88235295,1.0,5242,GVLDAFRKIATVVKNVV,False,0.35643443,0.0,0.5259185
1433,GCKKRKARKRPKCKKARKRPKCKRRKVAKKKC,0.27272728,0.28125,0.969697,8654,GDCLPHLKRCKADNDCCGKKCKRRGTNAEKRCR,False,0.30011457,0.8,-0.027387291
1434,MEISTTQISIILLIALIPAFFSLKLGKELYK,0.7419355,0.7419355,1.0,8033,MAIDNTQIFIALLTALIPAFFALKLGKELSK,False,0.29771203,0.0,0.44422346
1435,NGCCRNPACESHRC,0.93333334,1.0,0.93333334,325,NGCCRNPACESHRCG,False,0.41056377,0.0,0.5227696
1436,EDGYLLNRDTGCKVSCGTCRYCND,0.29166666,0.35,0.8333333,6652,KDGYLVGSDGCKYSCLTRPG,False,0.2883223,0.55,0.003344357
1437,GWKDWLNKAKDFIKEKGPEILRAAANAAIN,0.7419355,0.76666665,0.9677419,1974,AGTKEWLNKAKDFIKEKGLGMLSAAANAALN,False,0.25750738,0.0,0.4844281
1438,GQICIWKVCPPTMDTSIS,0.23809524,0.2777778,0.85714287,2848,CCSICDTTCVYPTCCDDLISD,False,0.25441918,0.55,-0.016323939
1439,GVLDTLKNVAIGVAKGAGTGVLKALLCQLDKSC,0.90909094,0.90909094,1.0,4175,GVLDTFKDVAIGVAKGAGTGVLKALLCKLDKSC,False,0.2889929,0.0,0.620098
1440,VVGGDCIPQVPFLAFLYSEYFC,0.27272728,0.3,0.90909094,5397,VVGGDECNINEHRFLVALYY,False,0.21860786,0.15,0.054119423
1441,AVITGACERDVQCGGGTCCAVSLI,0.25925925,0.29166666,0.8888889,8002,CTPPDGACGFHYHCCSKFCITVSSTCN,False,0.2799162,0.75,-0.020656943
1442,AAKFKAPALMKRTDSEECCLDSRCAGQHQDLCS,0.75757575,0.75757575,1.0,7184,AAKFKAPALMKRTVSQECCLDTRCAGKNLDECG,False,0.23190475,0.0,0.525671
1443,MSDINTARLPFFQPPEFRPPCVGDDIEMVLTRGE,0.85294116,0.85294116,1.0,5418,MSDINTARLPLFLPPVRMPPCVGDDIEMVLTRGE,False,0.16105042,0.0,0.6918907
1444,MNDQMFVETLIITSSFFAIAAVLVLSVLLIERTG,0.9411765,0.9411765,1.0,4127,MNDQMFVETLIITSSFFAIAVVLVLSVLLIERIG,False,0.2643277,0.0,0.67684877
1445,APKDDTWYTGAKLGWSQYHDT,0.1904762,0.1904762,1.0,1061,QFPTDYDEGQDDRPKLGLGAR,False,0.21167536,0.75,-0.021199167
1446,FLPILAGLAANILPKVFCSITKKC,0.875,0.875,1.0,7784,FLPILAGLAAKLVPKVFCSITKKC,False,0.31478938,0.0,0.5602106
1447,RESDAGLKSLAEGVEMTERAMMA,0.26086956,0.31578946,0.82608694,125,QVRASLAATYGITEREAKY,False,0.27526587,0.9,-0.01439631
1448,MINWQVLGQLIATGTIMLAGPAVIVLLALKKGNL,0.9411765,0.9411765,1.0,4792,MINWQVIGQLIATGAIMLAGPAVIVLLALKKGNL,False,0.27966386,0.0,0.6615126
1449,DSGSSRDPGASSGGC,0.4,0.4,1.0,8193,SGLDSLSGATFGGNR,False,0.39604172,0.6,0.003958285
1450,AAAISCVGSKECLPKCKAQGCKSGKCMNKKCKCYC,0.45714286,0.47058824,0.9714286,4374,NVKCSGSPQCLKPCKDAGMRFGKCMNRKCHCTPK,False,0.26428574,0.0,0.19285712
1451,LRPAILVRTK,0.6666667,0.8,0.8333333,1418,LRPAVIVRTKAL,False,0.37992433,0.0,0.28674236
1452,ACCPYEPSCCI,0.54545456,0.54545456,1.0,4344,SCCPEEPCCFW,False,0.44994164,0.05,0.09551293
1453,GFGSLFKFLGKKVLK,0.8666667,0.8666667,1.0,5527,GFGSLFKFLAKKVAK,False,0.42600495,0.0,0.44066173
1454,MSDINATRLPIWGIGCNPCVGDEVTALITRGEA,0.93939394,0.93939394,1.0,4473,MSDINATRLPIWGIGCDPCVGDEVTALLTRGEA,False,0.20804179,0.0,0.73135215
1455,NAAAKAFDLKGCCSHPACSGNYQEYCRESY,0.4,0.42857143,0.93333334,5260,NAAANDKASGVNGCCSNPACHVDHAELC,False,0.24393387,0.0,0.15606613
1456,KDGYLMEPNGCKLGCLTRPAKYCWEE,0.61538464,0.61538464,1.0,8357,KDGYLMGADGCKLCVLTAPYDYCACE,False,0.22405258,0.0,0.39133206
1457,MQILIEPKNALVKQYQ,0.29411766,0.3125,0.9411765,2834,ILGPILGLVSNALGGLL,False,0.31050265,0.75,-0.016384989
1458,ATGSGGMNLVFVGAEMAP,0.2777778,0.2777778,1.0,1182,GGGGGSGETSGMWFGPRL,False,0.29293725,0.9,-0.015159458
1459,VSCTGSKDCYAPCRKQTGCPNAKCINKSC,0.85294116,1.0,0.85294116,2009,VSCTGSKDCYAPCRKQTGCPNAKCINKSCKCYGC,False,0.2947858,0.0,0.55815536
1460,RHADPGSVHVLLSHLHADHCLDMPGLF,0.23333333,0.25925925,0.9,5877,MGHLVLVRHYVLVLLLIELMQLLLGSLGLS,False,0.25743932,0.65,-0.024105981
1461,MTNLPSIFVPLVGLVFPAMAMASLFLYLQKNKIF,0.85294116,0.85294116,1.0,8664,MINFPSIFVPLVGLVFPAIAMASLFLHVQKNKIF,False,0.23903361,0.0,0.6139076
1462,SGLQFAVLDGQGFIPFSRV,0.94736844,0.94736844,1.0,1784,SGLQFAVLDGQGFLPFSRV,False,0.29387218,0.0,0.65349627
1463,ADIENGEDIFTANAS,0.23529412,0.26666668,0.88235295,8553,NMKGIEVNNADVAASFQ,False,0.29463235,1.0,-0.059338227
1464,NGVQPKY,0.5,0.5714286,0.875,8557,NGVCCGYK,False,0.2875,0.0,0.2125
1465,FIHHIIGGLFHVGKSIHDLIR,0.73913044,0.8095238,0.9130435,4150,FIHHIIGGLFSVGKHIHSLIHGH,False,0.32498828,0.0,0.41414216
1466,GLPVCGETCVGGTCNTPGCSCSWPVCTRN,0.9655172,0.9655172,1.0,671,GLPVCGETCVGGTCNTPGCSCSWPVCFRN,False,0.31943005,0.0,0.64608717
1467,VKSTGRADDDLAVKTKYLPP,0.25,0.3,0.8333333,1029,GLVSSIGRALGGLLADVVKSKQPA,False,0.2643703,0.85,-0.014370292
1468,VMGKNGKWLEVLGCGMVHPNVLRAVNIDPE,0.56666666,0.56666666,1.0,2113,GKGCRVCKQTGWLEVLGCGMVHPNVLRMSG,False,0.21809545,0.0,0.3485712
1469,GMASKAGAIAGKIAKVALKAL,0.85714287,0.85714287,1.0,3300,GMASKAGTIVGKIAKVALNAL,False,0.3807138,0.0,0.47642908
1470,GLIRPSKRCIGGGDPCEFHRPYTCCSGYCIVFVCA,0.82857144,0.82857144,1.0,2837,GLSRPSKRCIGGGDPCEFHRGYTCCSEHCIIWVCA,False,0.24857144,0.0,0.58
1471,VPEECEESCEEEEKTCCGLENGQPFCSRICW,0.71875,0.7419355,0.96875,6708,VVTEACEESCEDEEKTCCGLENGEPVCARFCL,False,0.27510244,0.0,0.44364756
1472,ICCYPNEWCCD,0.90909094,0.90909094,1.0,6371,ICCYPNVWCCD,False,0.41322845,0.0,0.49586248
1473,KEFIEVFNEEAKKLKDVD,0.2857143,0.33333334,0.85714287,6490,FFPFVINELAKLPSLISLLKK,False,0.31302327,0.65,-0.02730897
1474,ILGKIWKGIKSLF,0.9230769,0.9230769,1.0,5881,ILGKIWEGIKSLF,False,0.45681316,0.0,0.46626377
1475,GCCSDPRCKHEC,0.9166667,0.9166667,1.0,2955,GCCSDPRCKHQC,False,0.43215194,0.0,0.48451474
1476,GLAGAISSALDKLKQSQLIKNYAKKLGYPR,0.96666664,0.96666664,1.0,7239,GLAGAISSVLDKLKQSQLIKNYAKKLGYPR,False,0.2830264,0.0,0.68364024
1477,HEPCGESCVFIPCITTVVGCSCKNKVCYD,0.9655172,0.9655172,1.0,5406,HEPCGESCVFIPCITTVVGCSCKNKVCYN,False,0.28641027,0.0,0.67910695
1478,DAFRWIMQDDRFDGIPLILETINPDIWAEEIAWLK,0.74285716,0.74285716,1.0,5752,IMRDPRFDNIPLILETVNPDIWAEEIAWLKSQAEI,False,0.19714287,0.0,0.54571426
1479,MLTITSYFGFLLAALTITPALFIGLNKIRLI,0.9677419,0.9677419,1.0,3800,MLTITSYFGFLLAALTITSALFIGLNKIRLI,False,0.30386797,0.0,0.6638739
1480,APLMGFQGVR,0.8,0.8,1.0,5171,APSMGFQGMR,False,0.37666672,0.0,0.4233333
1481,GIPCGESCVYIPCLTSAVGCSCKSKVCYRN,0.96666664,0.96666664,1.0,195,GIPCGESCVYIPCLTSAIGCSCKSKVCYRN,False,0.28750342,0.0,0.6791632
1482,VHGKPATIDHFALIVSYF,0.23809524,0.2777778,0.85714287,5400,GMATKAGTIVGKIAKVALNAL,False,0.25907877,0.55,-0.020983532
1483,IEHNAEEIRKTAIRTAVQNTAQQTK,0.2962963,0.32,0.9259259,5327,IENEEIVDMHNALRRAVRPTASNMLQM,False,0.2355382,0.15,0.0607581
1484,AVQYIFNHEIKLKEKKYTKEELEKYLEAE,0.31034482,0.33333334,0.9310345,2730,WEQKIEELLKKAEEQQKKNEEELKKLE,False,0.28267503,0.25,0.027669787
1485,FIQYLAPLIPHAVKAISDLI,0.6,0.6,1.0,3934,FIQHLIPLIPHAIQGIKDIF,False,0.3141072,0.0,0.2858928
1486,MSKVIETKQQVVTEIADKLRA,0.23809524,0.2631579,0.9047619,3644,ETKKPDEVPADVKLLSEIR,False,0.25430998,0.8,-0.016214743
1487,LWTQSHGRSFLAWADVAAASTPLGYTFGRIGN,0.20588236,0.21875,0.9411765,1813,MDIRLLIVLLPVLAAASWALYNIGRVALQQFRSM,False,0.21748106,0.65,-0.011598706
1488,GVGDIFRKIVSTIKNVV,0.7058824,0.7058824,1.0,6037,GVGDLIRKAVSVIKNIV,False,0.315909,0.0,0.38997337
1489,SCASRCKGHCRARRCGYYVSVLYRGRCYCKCLRC,0.61764705,0.61764705,1.0,106,GCASRCKAKCAGRRCKGWASASFRGRCYCKCFRC,False,0.27647054,0.0,0.3411765
1490,MEALVYTFLLSTLGIIFFAIFFREPPKVPDRGGK,0.71428573,0.7352941,0.9714286,1209,MEALVYTFLLVSTLGIIFFAIFFREPPKVPDRGGK,False,0.24962184,0.0,0.4646639
1491,TKATEGEFLAEGGGVR,0.75,0.8,0.9375,414,TKTEGSFLAEGGGVR,False,0.3769414,0.0,0.3730586
1492,KRMGIFHLFWAGLRKLGNLIKNKIQQGIENFLG,0.24242425,0.26666668,0.90909094,7463,GAFGNFLKGVAKKAGLKILSIAQCKLFGTC,False,0.23531446,0.4,0.007109791
1493,LRNGVCCGYKLCHPC,0.88235295,1.0,0.88235295,6976,GILRNGVCCGYKLCHPC,False,0.40410542,0.0,0.47824752
1494,AKNSAEANENSDANE,0.375,0.4,0.9375,1390,VTAKAVAAAEAASSAR,False,0.33532274,0.2,0.039677262
1495,CRLEGSSCRRSYQCCHKSCCIRECKFPCRWV,0.9677419,0.9677419,1.0,4943,CRLEGSSCRRSYQCCHKSCCIRECKFPCRWD,False,0.28244776,0.0,0.68529415
1496,FLPIPRPILLGLL,0.7692308,0.7692308,1.0,3476,FLIIRRPIVLGLL,False,0.475,0.0,0.2942308
1497,GASCGETCFTGICFTAGCSCNPWPTCTRN,0.9310345,0.9310345,1.0,5823,GDACGETCFTGICFTAGCSCNPWPTCTRN,False,0.3054606,0.0,0.6255739
1498,ASAAGAVRAGDDETLLKPVLNSLDNLVSGL,0.96666664,0.96666664,1.0,8351,DSAAGAVRAGDDETLLKPVLNSLDNLVSGL,False,0.28159097,0.0,0.68507564
1499,VDKPDYRPRPRPPNM,0.73333335,0.73333335,1.0,5427,VDKPDYRPRPWPRPN,False,0.3730352,0.0,0.36029816
1500,NCCRRQCC,0.7777778,0.875,0.8888889,276,NCCRRQFCC,False,0.5958333,0.1,0.18194449
1501,ANDPDFPYTVQANRP,0.2,0.2,1.0,1271,MNRVQFNHHHHHHPD,False,0.27748367,0.95,-0.07748367
1502,QWAQWPRPQIPP,0.6666667,0.8,0.8333333,213,QLWPRPQIPP,False,0.46593404,0.0,0.20073265
1503,MNIELIVQLTSLILISIAGPIIIALLFVKQGNL,0.8181818,0.8181818,1.0,5565,MNIELIVQLTSLALITLAGPLIVALLFLKQGNL,False,0.29209584,0.0,0.526086
1504,GLGGAKKNFIIAANKTAPQSVKKTFSCKLYNG,0.54545456,0.5625,0.969697,954,GVLGTVKNLLIGAGKSAAQSVLKTLSCKLSNDC,False,0.25254267,0.0,0.2929119
1505,GDDCSIYTREFFECMADDFN,0.3,0.3,1.0,6059,ADDINPKEECFFEDDYYEFE,False,0.22191668,0.05,0.07808334
1506,NWRKILGKIAKVAAGLLGSMLAGYQV,0.7692308,0.8,0.96153843,6525,NWRKILGQIASVGAGLLGSLLAGYE,False,0.3241003,0.0,0.4451305
1507,TDVKESEFIAEGAVGR,0.875,0.875,1.0,5898,TNVKESEFIAEGAAGR,False,0.33096403,0.0,0.544036
1508,DCLPPLTWCSMTDDECCNDCVLFLC,0.6785714,0.76,0.89285713,1346,QCLPPLSLCNMADDDCCNDCVLFLCSYY,False,0.28006938,0.0,0.39850202
1509,SSADSLPHGAGMP,0.30769232,0.30769232,1.0,3046,KHSLPDLPYDYGA,False,0.3538462,0.95,-0.046153873
1510,LFDPPDSPY,0.33333334,0.375,0.8888889,3434,RPPGFSPF,False,0.41343442,1.0,-0.08010107
1511,GCPADCPNTCDSSNKCSPGFP,0.9047619,0.9047619,1.0,5281,GCPADCPNTCDSSNECSPNFP,False,0.3407738,0.0,0.5639881
1512,VGVCCGYKLCHPC,0.9230769,1.0,0.9230769,1502,GVCCGYKLCHPC,False,0.46875,0.0,0.45432693
1513,MRLSANRQGNTCAGRSVNA,0.21052632,0.21052632,1.0,6340,GLMRSVARDYGPQGVRANA,False,0.25644735,1.0,-0.045921028
1514,QCTPVGGSCSRHYHCCSLYCNKNIGQCLATSYP,0.90909094,0.90909094,1.0,5445,QCSPVGGSCSHHYNCCSLYCNKNIGQCLATSYP,False,0.24532473,0.0,0.6637662
1515,DECYPPGTFCGIKPGLCCSAICLSFVCISFDF,0.875,0.875,1.0,4746,EACYNAGTFCGIKPGLCCSAICLSFVCISFDF,False,0.27760416,0.0,0.59739584
1516,QSAREQG,0.0,0.0,0.0,-1,,False,0.33392859,1.0,-0.33392859
1517,LRNVEQQCRADALVERAQELIHGQQ,0.2,0.2173913,0.92,5883,AQQELKQRQRAEIYALNRVMTEL,False,0.24899063,1.0,-0.048990622
1518,MTHIVRFIGLLLLNASSLRGRRVSGIQH,0.75,0.75,1.0,1331,MSHIVRFTGLLLLNAFIVRGRPVGGIQH,False,0.2599474,0.0,0.4900526
1519,MSLRMHYTIQRPTNMSSSRGYRDHRMHLSLTSKMQ,0.17142858,0.17142858,1.0,312,GLSRPSKGCIGGGDPCEFHRGYTCCSEHCIIWVCA,False,0.17000002,0.7,0.0014285594
1520,LNEIDVDNNRATLKKAGYLSRDARVIE,0.22222222,0.25,0.8888889,608,GVLSNVIGYLKKLGTGALNAVLKQ,False,0.24346535,0.7,-0.021243125
1521,AANAKLFAVMQSCCSTPPRALRHMDMCG,0.96428573,0.96428573,1.0,2007,AANAKLFAVMQSCCSTPPCALRHMDMCG,False,0.22724208,0.0,0.7370436
1522,FLIGMTHGLICLISRKC,0.88235295,0.88235295,1.0,4526,FLIGMTQGLICLITRKC,False,0.32457283,0.0,0.55778015
1523,AVGDDTPQLY,0.3,0.375,0.8,8368,DGDDGDGD,False,0.3577273,1.0,-0.057727277
1524,VGLGGAEIYTALASR,0.33333334,0.33333334,1.0,2835,VGAVGILALVSFTCV,False,0.36939955,0.95,-0.036066204
1525,ATSGPMGWLPVFYRF,0.3125,0.33333334,0.9375,3378,GNATSERLPTDPVYPV,False,0.26964873,0.25,0.04285127
1526,KFFRKLKKSVKKRAKEFFKKPRVIGVSIPF,0.9,0.9,1.0,4536,KFFKKLKNSVKKRAKKFFKKPRVIGVSIPF,False,0.31437063,0.0,0.58562934
1527,CCSHPACAANNQDYC,0.88235295,1.0,0.88235295,7327,GGCCSHPACAANNQDYC,False,0.3888971,0.0,0.49345586
1528,SCGYPCSHCGIPGCYPG,0.5294118,0.6,0.88235295,4402,CCEWPCSHGCIPCCY,False,0.38712588,0.0,0.14228591
1529,ENPNRLQHYYQYQVVL,0.0,0.0,0.0,-1,,False,0.22631128,1.0,-0.22631128
1530,RRQICC,0.71428573,0.8333333,0.85714287,8329,PRRQACC,False,0.32976192,0.0,0.3845238
1531,MSGRGKGGKGLGKGGAKRHRKVLRD,0.33333334,0.36,0.9259259,950,GIGGVLLGAGKATLKGLAKVLAEKYAN,False,0.32338956,0.25,0.009943783
1532,MNAELIVQLGSLALITVAGPAIIVLLFLKQGNL,0.8181818,0.8181818,1.0,5565,MNIELIVQLTSLALITLAGPLIVALLFLKQGNL,False,0.30622235,0.0,0.51195943
1533,IGKNEHHKAEALF,0.3846154,0.41666666,0.9230769,8470,KPENENEEALHE,False,0.32123628,0.25,0.06337911
1534,LARFVLRILKYGFK,0.35714287,0.41666666,0.85714287,6606,GIHDILKYGKPS,False,0.35249302,0.65,0.0046498477
1535,LVPAMGGL,0.375,0.42857143,0.875,2312,TRGGLPV,False,0.4275,1.0,-0.05250001
1536,MPDPAKTAPKKKSKKAVT,0.85,0.9444444,0.9,6249,MPDPAKTAPKKGSKKAVTKA,False,0.32131788,0.0,0.5286821
1537,TIAWTPEFSPRPCKHGDRCNALHDL,0.2,0.2173913,0.92,3875,VIPRDSDSGDALCDLYVEPEASP,False,0.19301426,0.45,0.006985739
1538,TDPDADEGEFLAEGGGVR,0.9444444,0.9444444,1.0,8616,TDPDADKGEFLAEGGGVR,False,0.34097952,0.0,0.6034649
1539,CKGKGAKCSALMYDCCTGSCRSGKC,0.96,0.96,1.0,4405,CKGKGAKCSLLMYDCCTGSCRSGKC,False,0.34176332,0.0,0.61823666
1540,CQGRGASCRKTSYDCCTGSCRSGRC,0.96,0.96,1.0,3511,CQGRGASCRRTSYDCCTGSCRSGRC,False,0.35310262,0.0,0.60689735
1541,GLFKVLGSVAKHLLPHVVPVIAEKL,0.96,0.96,1.0,3255,GLFSVLGSVAKHLLPHVVPVIAEKL,False,0.32029635,0.0,0.63970363
1542,FEQIPNLVIYSSSQQILTDKELPIIPISIEGI,0.25,0.2857143,0.875,3674,ELISNSSDALDKTNNSLTIIDSGIGMTK,False,0.23132631,0.35,0.018673688
1543,TQRLANFLIHSSNNFGAIFSPPN,0.26923078,0.3043478,0.88461536,6637,GTNFLIINIIGAGIFVSPKGVLQYSS,False,0.25521094,0.35,0.014019847
1544,CCGKPTSACHPCVCNGSCSG,0.85,0.8947368,0.95,5162,CCGKPNAACHPCVCNGSCS,False,0.38380954,0.0,0.4661905
1545,SIEIEIDGVTVTTEESRTLVDVAAEAGVYIPTL,0.2647059,0.27272728,0.9705882,6257,MVSSITQAEIFIALVVAAHAGVLAVRLCVSLYRA,False,0.23176599,0.15,0.03293991
1546,PQISRQEYGGLFGPT,0.29411766,0.33333334,0.88235295,5023,QQGEGGPYGGLSPLRFS,False,0.32601306,0.7,-0.0318954
1547,TIINVKCTSPKQCS,0.2857143,0.2857143,1.0,3622,VVKCSYRQGSPDSR,False,0.31019083,0.85,-0.024476528
1548,FLPAIVGAAGQFLPKIFCAISKKC,0.9583333,0.9583333,1.0,1907,FLPAIVGAAGKFLPKIFCAISKKC,False,0.29712644,0.0,0.66120684
1549,TDKLIFGKGTRVTVEP,0.47058824,0.5,0.9411765,5331,SYNSPLHFGNGTRLTVT,False,0.32752195,0.0,0.14306629
1550,VEQDPYEIVIKQLERAAQYMEISE,0.28,0.29166666,0.96,8445,MESIEQRVKKIVAEQLGVAEAEIKA,False,0.2264597,0.1,0.053540304
1551,DCVEVDYFCGIPFVFNGLCCSGNCVFVCTPQ,0.9032258,0.9032258,1.0,3492,GCLEVDYFCGIPFVNNGLCCSGNCVFVCTPQ,False,0.2740599,0.0,0.6291659
1552,IKNTAASNKAPSLVAIAVRGCCYNPSCWPKTYCS,0.6571429,0.6764706,0.9714286,1739,IKNTAASNKASSLVALVVRGCCYNPVCKKYYCWKG,False,0.22798319,0.0,0.4291597
1553,MSSLWWCFVWLISIPVICLTFTFVMRLL,0.29032257,0.32142857,0.9032258,7173,MHLDLISITWGCLMATFTASLALVIWARNGL,False,0.23421347,0.0,0.0561091
1554,CCQLFVWCC,0.7,0.7777778,0.9,4866,CCQAFYWCCY,False,0.4212122,0.0,0.2787878
1555,LAYGTATVPKVDKITGPGNIYVATAKK,0.25925925,0.26923078,0.962963,1893,MAWTAPKITEVPLGAEINSYVCGQKK,False,0.2633092,0.75,-0.004049957
1556,LHRAYLSQQQTPPFAM,0.25,0.2857143,0.875,6639,IAIFNAYTPLPFAD,False,0.2213519,0.45,0.028648093
1557,EFLLVIMGGVFVVETLSVILQVGS,0.25,0.25,1.0,2567,MTKKAVVVLWGISQVEGVVNLLQE,False,0.29076207,1.0,-0.040762067
1558,DPQVPYFIFGDSLYDNG,0.4117647,0.46666667,0.88235295,2469,FVSLFIFGFLSNDPG,False,0.2639227,0.0,0.14784202
1559,EDDHDHHHHHHHHHHHHGVGGGGGGGGGGA,0.7,0.875,0.8,5382,EDDHHHHHHHHHGVGGGGGGGGGG,False,0.3916667,0.0,0.30833328
1560,GCKGFGDSCTPGKNECCPNYACSSKHKWCKVYL,0.72727275,0.72727275,1.0,3361,ECKGFGKSCVPGKNECCSGYACNSRDKWCKVLL,False,0.25898013,0.0,0.46829262
1561,GVFDIIKGAGKQLIAHAMGKIAEKV,0.92,0.92,1.0,8681,GVFDIIKDAGKQLVAHAMGKIAEKV,False,0.2976933,0.0,0.6223067
1562,SLWEFAQMILEETKRLPFPYYGAYGCYCGWGGQGQ,0.6571429,0.71875,0.9142857,6175,DLWELAKMILKETGKNPLPSYGAYGCYCGWGG,False,0.20000002,0.0,0.45714286
1563,INWKKIFEKVKNLV,0.9285714,0.9285714,1.0,2114,INWKKIFEKVSNLV,False,0.3811012,0.0,0.5474702
1564,VVSCADILAVAAR,0.84615386,0.84615386,1.0,5215,VVSCADILTLAAR,False,0.36829445,0.0,0.4778594
1565,CLPAGTSCLFSRIRCCGTCSSMSKSCV,0.75,0.8888889,0.84375,7260,RSTRCLPDGTSCLFSRIRCCGTCSSILKSCVS,False,0.30891532,0.0,0.44108468
1566,CCPRRLACCII,0.5833333,0.6363636,0.9166667,7375,CCPRKIWCCMIP,False,0.449359,0.0,0.13397431
1567,YCQEFLWTCDEERKCCGDMVCRLWCKKRL,0.86206895,0.86206895,1.0,788,YCQKWLWTCDSERKCCEDMVCRLWCKKRL,False,0.25312415,0.0,0.6089448
1568,SAVGRHGRRFGLRKHRKH,0.33333334,0.33333334,1.0,3904,TAFGLRKCCKKHHGCHPC,False,0.3162892,0.5,0.017044157
1569,CVSPGGVCQHKDECCSDRCEQSAIVSICKQ,0.3,0.33333334,0.9,2228,CGGYSTYCEVDSECCSDNCVRSYCTLF,False,0.26778513,0.15,0.03221488
1570,AVPDKIDRRESGYV,0.25,0.2857143,0.875,8756,AVDKREKIDDEEYRSL,False,0.3027311,0.8,-0.052731097
1571,MRIGIIFPVVIFITAVVFLAWFFIGGYAAPGA,0.25,0.26666668,0.9375,2815,EVIAQLTMIAMIGIAGPMIIFLLAVRRGNL,False,0.26643813,0.8,-0.016438127
1572,AYGGDGGAYYEWSPA,0.26666668,0.33333334,0.8,2672,EQVGSQAGGAYM,False,0.3324469,1.0,-0.06578022
1573,SGKTQTAFELHRRLNPSYVYDPEKMGFA,0.17857143,0.2,0.89285713,1853,MGGVGKTKRMRRLKRKRRKMRQRSK,False,0.16710666,0.6,0.011464775
1574,DSPGGASDAQKQ,0.9166667,0.9166667,1.0,5299,DAPGGASDAQKQ,False,0.3722985,0.0,0.54436815
1575,GGSVPCIETCVWTGCFLVPGCSCKSDKKCYLN,0.96875,0.96875,1.0,6111,GGSIPCIETCVWTGCFLVPGCSCKSDKKCYLN,False,0.27211922,0.0,0.6966308
1576,YSRGRIMARASECVNECVESGHNTFHCERHCSNT,0.20588236,0.22580644,0.9117647,2924,CTSEGYSCSSDSNCCKNVCCWNVCESHCGHH,False,0.2045798,0.65,0.0013025552
1577,WSCTKGCPDAKQCEAT,0.2631579,0.3125,0.84210527,5862,RDACTKKCKDRQAKQRCCA,False,0.33072,1.0,-0.0675621
1578,LCCVTEDWCCEWW,0.71428573,0.7692308,0.9285714,2873,RLCCITEEWCCQWW,False,0.40805864,0.0,0.3062271
1579,FFPIVGKLLSGLSGLL,0.9375,0.9375,1.0,1286,FLPIVGKLLSGLSGLL,False,0.43301064,0.0,0.50448936
1580,LLSTYLATRSQLCGLILMMDSRRPLTELDR,0.23333333,0.25,0.93333334,7960,MVEYLVILSGMFGLALACFFGLRSIKLI,False,0.2666847,0.95,-0.033351377
1581,PCKKSGRKCFPHQKDCCGRACIITICP,0.962963,0.962963,1.0,8020,PCKKTGRKCFPHQKDCCGRACIITICP,False,0.2874772,0.0,0.6754858
1582,CKAYHGGHLTIRLAL,0.29411766,0.33333334,0.88235295,3707,ALIKAYHAARHSGLPAI,False,0.32111114,0.65,-0.026993483
1583,MKKAWWKEGVVYQIY,0.33333334,0.3846154,0.8666667,5394,EGKTRSWKKAVVT,False,0.2969976,0.35,0.036335737
1584,SIPASQKANLGNQMIMAVACYQN,0.2173913,0.22727273,0.95652175,357,GMASTAGSVLGKLAKAVAIGAL,False,0.23258376,0.8,-0.015192464
1585,LKCEWDGLVGTRGEIAKETIER,0.22727273,0.2777778,0.8181818,3500,GLVGEIISRGDFAIDIGR,False,0.25203592,0.9,-0.024763182
1586,GVCCGYQLCHC,0.90909094,0.90909094,1.0,6222,GVCCGYLLCHC,False,0.5067891,0.0,0.40230185
1587,SDCTLRNHDCTDDRHSCCRSKMFKDVCTCFYPSQ,0.25714287,0.2647059,0.9714286,5865,LSSDNLTMQPPTDDRLPLSPLCPTCRICSSKLPSV,False,0.21802521,0.1,0.039117664
1588,FLGALWNVAKSVF,0.6923077,0.6923077,1.0,1491,FLSTLWNAAKSIF,False,0.36197576,0.0,0.33033195
1589,ILYAEPFTKVFTQLTIIASGNTVLI,0.22580644,0.28,0.8064516,8419,MISILTYFGILFGILTITVIIFVALNKIQLI,False,0.26324266,0.9,-0.037436217
1590,ALWKDMLSGIGKLAGQAALGAVKTLV,0.9230769,0.9230769,1.0,1700,GLWKNMLSGIGKLAGQAALGAVKTLV,False,0.33857116,0.0,0.5845058
1591,GVAFDDGSYTGIREINFEYNRETAIGGQV,0.20689656,0.23076923,0.8965517,2020,DGVCSNRRQCNKEVCGSSYDVAIVGA,False,0.207679,0.65,-0.0007824451
1592,GFMDTAKNVAKNVAKNVAVTLLDKLRCKVTGGC,0.6969697,0.79310346,0.8787879,2196,GFMDTAKNVAKNVAVTLIDKLRCKVTGGC,False,0.25155845,0.0,0.44541124
1593,MSLEVILQLGSILLVVAAGPLVIVLLSVNEGNL,0.6060606,0.6060606,1.0,5666,MNLEIVFQLTSLVLILAAGPLVVVLLSARGGNL,False,0.30260253,0.0,0.3034581
1594,SNATDETLKDVSA,0.23076923,0.23076923,1.0,3090,ATTDSPATLTGVI,False,0.31348217,1.0,-0.08271293
1595,GIFLDKLKNFAKGVAQSLLNKASCKLSGQC,0.93333334,0.93333334,1.0,6602,GILLDKLKNFAKGVAQSLLNKASCALSGQC,False,0.29030308,0.0,0.6430303
1596,AANNKATDLMALTVRGCCADPSCSILMPYFCI,0.875,0.875,1.0,7915,AANNKATDLMALTVRGCCDDPSCSIHMPFFCF,False,0.23772928,0.0,0.6372707
1597,EGLLQLPSDK,0.5,0.625,0.8,8720,LLLDPGDK,False,0.41030306,0.15,0.089696944
1598,VEIQGTAEGEPFSEDQFAE,0.2857143,0.31578946,0.9047619,21,KGWEQGMPMQFYFFVSPFAET,False,0.27564228,0.4,0.010072023
1599,WWEGECYDWLRQCSSPAQCCSGNCGAHSKA,0.9354839,0.96666664,0.9677419,237,WWEGECYDWLRQCSSPAQCCSGNCGAHCKAW,False,0.25742704,0.0,0.67805684
1600,GILMDTFKGAAKNVAGFLLDKLKCKISGGC,0.73333335,0.73333335,1.0,6233,GLLLDTVKGAAKNVAGILLNKLKCKMTGDC,False,0.28791398,0.0,0.44541937
1601,FLPLIASLAANFVPKIFCKITKKC,0.9166667,0.9166667,1.0,5296,FLPLIASVAANLVPKIFCKITKKC,False,0.30221793,0.0,0.6144488
1602,QECCEPMWCDNACEVCCD,0.7222222,0.7222222,1.0,1440,QQECCEPQWCDGACDACC,False,0.36666667,0.0,0.35555553
1603,YCSYTMEA,0.22222222,0.25,0.8888889,2180,GGCSSYPPC,False,0.21124999,0.7,0.010972232
1604,MDLEVIAQLTVLTLMVVSGPLVIVLSAIRKGNL,0.8181818,0.8181818,1.0,5838,MNLEVIAQLTVLALIVISGPLVIALSAARKGNL,False,0.27912912,0.0,0.5390527
1605,KGKGAKCSRLMYDTGSCRSGKGS,0.56,0.6086956,0.92,3243,CKGKGAKCSRLMYDCCTGSCASGKC,False,0.3204226,0.0,0.23957741
1606,AVAGEKLWLLPHLLKMLLTPTP,0.36363637,0.36363637,1.0,5619,KLLKLLLKLLKLLLKLLLKLLK,False,0.35909098,0.75,0.0045453906
1607,FLPLFLPKIICEITKKC,0.9411765,0.9411765,1.0,8145,FLPLFLPKIICVITKKC,False,0.3467208,0.0,0.59445566
1608,FLPIVTNLLSGLL,0.84615386,0.84615386,1.0,1441,FLPLVTGLLSGLL,False,0.44192305,0.0,0.4042308
1609,MQVNELGFLASLLFVLVPSVFLIVLYIQTASREAK,0.6857143,0.7058824,0.9714286,8624,METNDLGFVATLLFVLVPAIFLIILYIQTNSREG,False,0.2642857,0.0,0.4214286
1610,LKNLCQKLRNKVSNTKVDTHKTNGYPH,0.25925925,0.3181818,0.8148148,4391,DVNDLKNLCAKTHNLLPMCAMF,False,0.22712366,0.2,0.03213559
1611,MRSFDQGSTRAPARERCRRQRPEGRSAQR,0.3125,0.3448276,0.90625,6244,PRRRRSSSRPVRRRRARRVSRRRRRRGGRRRR,False,0.3350984,0.9,-0.022598386
1612,ILLKGVLFARSSRLIPDKANLGFRFP,0.2962963,0.30769232,0.962963,423,LKVDDKVPLFAVVSRLTSQKGLDLVLE,False,0.28167158,0.4,0.014624715
1613,KIKWFKTMKSIAKFIAKEQMKKHLKGE,0.962963,0.962963,1.0,6159,KIKWFKTMKSIAKFIAKEQMKKHLGGE,False,0.3009259,0.0,0.6620371
1614,ALCCYGYRFCCPNFR,0.8666667,0.9285714,0.93333334,6868,ALCCYGYRFCCPIF,False,0.39421982,0.0,0.47244686
1615,ANHRANDVIAAEDGPQV,0.23529412,0.23529412,1.0,3298,AHRIDVAALAEPASVIL,False,0.30102938,1.0,-0.065735266
1616,GLFDVVKGVLKGVGKNVAGSLLEQLKCKLSGGC,0.969697,0.969697,1.0,4789,GLFDVVKGVLKGAGKNVAGSLLEQLKCKLSGGC,False,0.2988503,0.0,0.6708467
1617,GIPICGETCTIGTCNTPGCTCSWPVCTRD,0.86206895,0.86206895,1.0,6460,GLPICGETCVGGTCNTPGCTCSWPVCTRN,False,0.30706173,0.0,0.5550072
1618,SGCCSNPACRVQNPNIC,0.9411765,0.9411765,1.0,4144,SGCCSNPACRVNNPNIC,False,0.3911764,0.0,0.5500001
1619,GCCHPSTCHVRKGCSRCCS,0.94736844,0.94736844,1.0,3925,GCCHPSTCHMRKGCSRCCS,False,0.36064592,0.0,0.5867225
1620,AFANTGVEIVSIDTYLFSLYDEDK,0.20833333,0.22727273,0.9166667,1581,FAFKIYDIDKDGFISNGELFIV,False,0.2162277,0.7,-0.007894367
1621,GFFDLAKKVVGGIRNALGI,0.94736844,0.94736844,1.0,7578,GFVDLAKKVVGGIRNALGI,False,0.33586067,0.0,0.6115078
1622,CSTCLDKP,0.25,0.25,1.0,8720,LLLDPGDK,False,0.33736116,0.9,-0.08736116
1623,ELIGAANRDTKSFSINRKDAKERVAKAAR,0.27586207,0.27586207,1.0,8450,SIGSAFKKALPVAKKIGKAALPIAKAALP,False,0.2649511,0.35,0.010910958
1624,VSCEDCPEHCSTQKAQAKCDNDKCVCEPI,0.9310345,0.9310345,1.0,4296,VSCEDCPDHCSTQKARAKCDNDKCVCEPI,False,0.25585663,0.0,0.6751779
1625,MEALVYTFLLVSTLGILFFAIFFREPPRVTPKGGK,0.8857143,0.8857143,1.0,3454,MEALVYTFLLVSTLGIIFFAIFFREPPKVPTKGGK,False,0.24428573,0.0,0.6414286
1626,HSDAIFTDNYSRFRKQMAVKKYLNSVLT,0.96428573,0.96428573,1.0,8053,HSDAVFTDNYSRFRKQMAVKKYLNSVLT,False,0.18825403,0.0,0.77603173
1627,STSCMEAGSYCGSTTRICCGYCAYFGKKCIDYPSN,0.85714287,0.85714287,1.0,4735,STSCMKAGSYCRSTTRTCCGYCAYFGKFCIDFPSN,False,0.24285714,0.0,0.6142857
1628,MKKARRSPSRRKGARLWYVGGSQF,0.6,0.625,0.96,6420,MKKSIRRSGGKSKGARLWYVGGTQY,False,0.29190183,0.0,0.3080982
1629,MPTITSYFGFLLVALTITSALFIGLSKIRLI,0.9677419,0.9677419,1.0,4723,MLTITSYFGFLLVALTITSALFIGLSKIRLI,False,0.30285317,0.0,0.66488874
1630,SKLMYD,0.8333333,0.8333333,1.0,1655,SKLAYD,False,0.2857143,0.0,0.547619
1631,FLVALYTFR,0.45454547,0.5555556,0.8181818,2285,LVALDTEFANR,False,0.35969704,0.1,0.094848424
1632,DDCLGFFKSCNPDNDKCCENYKCNRRDKWCKYVL,0.8235294,0.8235294,1.0,2760,DCLGWFKGCDPDNDKCCEGYKCNRRDKWCKYKLW,False,0.26155466,0.0,0.56197476
1633,FIGPVLKMATSILPTAICKGFKKC,0.7916667,0.7916667,1.0,3844,FLGPIIKMATGILPTAICKGLKKC,False,0.29260254,0.0,0.49906415
1634,IPGYTHLQI,0.0,0.0,0.0,-1,,False,0.3055556,1.0,-0.3055556
1635,PVCTRNGLPVCGETCVGGTCNTPGCTCSW,0.8965517,0.8965517,1.0,7520,PICTRNGLPVCGETCFGGTCNTPGCTCTW,False,0.3217361,0.0,0.57481563
1636,CCPNLFYCCPD,0.6363636,0.6363636,1.0,5157,CCPKKPYCCPG,False,0.42884612,0.0,0.2075175
1637,MLAEGEPAIVQIGWAATCVMFSFSLSLVVWGRSGL,0.62857145,0.7586207,0.82857144,1249,MDIVSIGWAALMVVFTFSLSLVVWGRSGL,False,0.23571429,0.0,0.39285716
1638,ESGVIAGYPLIDVKVTMVDGSYHDVDSSEMAF,0.21875,0.21875,1.0,2773,QGFVKEGVGAGGCAIAGHLLAGWRNSEMVDIV,False,0.21393232,0.5,0.0048176795
1639,KAFITLALGQEGCCPSGPCHFAACNPPCCT,0.33333334,0.3846154,0.8666667,3735,KFILHALGQWQCCTMQWCDKACYCCE,False,0.27884227,0.05,0.054491073
1640,LGHYLGMDTHDTGGNPNYADKDPKFKYLRLRGP,0.18181819,0.22222222,0.8181818,3262,IESVFRLGEGLGPSNINTGMKDTMVES,False,0.17978863,0.6,0.002029553
1641,DPNATIIMLGTGTGIAPFR,0.2631579,0.3125,0.84210527,7192,TIIHPLLASSSAPNYR,False,0.29939848,1.0,-0.036240578
1642,TLQRLSKYPWCCTAIVSCCFIP,0.6818182,0.6818182,1.0,3099,TLQRLSIEYSCCPGIVSCCVIP,False,0.24123165,0.0,0.44058654
1643,INWLKLGKKMMSAL,0.78571427,0.78571427,1.0,2565,INWLKLGKKILGAL,False,0.37333333,0.0,0.41238093
1644,IIGDTINGAITTADNIAGKIGII,0.95652175,0.95652175,1.0,2262,IIGDEINGAITTADNIAGKIGII,False,0.35,0.0,0.6065217
1645,QGERQMAADNKSLGRFILDGIEP,0.26086956,0.27272728,0.95652175,7340,SAALAGTIIDGASLGFDILNKV,False,0.24517879,0.3,0.015690774
1646,GILSTFKGLAKGVAKDLAGNLLDKFKCKITGC,0.84375,0.84375,1.0,3433,GILDSFKGVAKGVAKDLAGKLLDKLKCKITGC,False,0.28963068,0.0,0.55411935
1647,TPNSYILQQFENPANPKLIVAIFPSFGER,0.20689656,0.21428572,0.9655172,8487,PALIPSFGEHPPLVDITYESFIKILTRK,False,0.20687771,0.65,1.8849969e-05
1648,GLGSLLGKAFKFGLKTVGKMMGGAPREE,0.96428573,0.96428573,1.0,3373,GLGSLLGKAFKFGLKTVGKMMGGAPREQ,False,0.31903082,0.0,0.6452549
1649,GCCSHPPCAMNNPDYC,0.875,0.875,1.0,483,GCCSLPPCAANNPDYC,False,0.41488972,0.0,0.46011028
1650,ACGSCRKKCKGSGKCINGRCKCY,0.95652175,0.95652175,1.0,5407,ACGSCRKKCKGPGKCINGRCKCY,False,0.37193647,0.0,0.5845853
1651,YLINLCGMDFPIK,0.26666668,0.30769232,0.8666667,8799,INLKGLIKKVASLLT,False,0.3158082,0.9,-0.049141526
1652,MIINHNMSAINANRVLGTNADITKDL,0.5769231,0.5769231,1.0,2707,MIINHNMSAINAQRVQGVTGVTKNMV,False,0.23742306,0.0,0.3395
1653,VSIGIKCDPSIDLCEGQCRIRYFTGYCSGDTCHCS,0.2857143,0.2857143,1.0,5460,CADGGDLCDPSSDNCCSECIDEGGSGVCAIVADVV,False,0.24714287,0.15,0.038571432
1654,ACKPKNNLCAITEMAECCSGFCLIYRCS,0.39285713,0.39285713,1.0,3868,DCKPKNNLCLWSSECCSGICFPFAQRCT,False,0.26960105,0.0,0.12325609
1655,STYGKASRGGGNH,0.30769232,0.30769232,1.0,8172,DGIVGKASSYAAL,False,0.3712821,1.0,-0.06358978
1656,FTSVKMPRDEHWPYN,0.11111111,0.13333334,0.8333333,7367,DEGPYKMEHFRWGSPRKD,False,0.14383578,0.6,-0.03272467
1657,QVTEACEEACEAVKMHCCDVSDGTTKCVTRCL,0.53125,0.5483871,0.96875,4508,QVTEACEEVCEKSDKHCCDVIGGTACATRCL,False,0.24551344,0.0,0.28573656
1658,GIPCGESCVFIPCITGIAGCSCKSKVCYRN,0.93333334,0.93333334,1.0,173,GIPCGESCVFIPCITGAIGCSCKSKVCYRN,False,0.28399342,0.0,0.6493399
1659,HEKLTSFPRHNGA,0.3846154,0.45454547,0.84615386,3305,EAAGLISFPRV,False,0.3118613,0.25,0.072754085
1660,DGKCAGQDKPCKNSCDCCGARGECVYTGYP,0.51428574,0.6,0.85714287,4946,TATCAGQDKPCQKHCDCCGPKGECVCEGPCICRQG,False,0.28755057,0.0,0.22673517
1661,CKSTGASCRRTPYDCCTGSCRSGRC,0.96,0.96,1.0,14,CKSTGASCRRTSYDCCTGSCRSGRC,False,0.3479488,0.0,0.6120512
1662,TWRKYDTDHSGFIETEE,0.21052632,0.23529412,0.8947368,6985,DDKKKDTKKYPESTDTESG,False,0.23786183,0.7,-0.02733551
1663,GPDSSFLRL,0.8888889,0.8888889,1.0,5315,GPDSAFLRL,False,0.41575766,0.0,0.47313124
1664,MYFHSFLDTFSKYLGSTSCPLLRLSR,0.30769232,0.33333334,0.9230769,6465,MATRRFSCLLLSTSEIDLSVKRRI,False,0.257591,0.1,0.05010131
1665,GCEWDSWC,0.875,0.875,1.0,1947,GCPWDSWC,False,0.4401389,0.0,0.4348611
1666,FFHHIFRGIVHVGKTIHRLVTG,0.95454544,0.95454544,1.0,104,FFHHIFRGIVHVGKTIHKLVTG,False,0.30689728,0.0,0.64764816
1667,KAYSMPRCKGGFRAVMCWL,0.84210527,0.84210527,1.0,776,KAYSTPRCKGLFRALMCWL,False,0.22072127,0.0,0.621384
1668,IVPFLGPLLGLLT,0.5714286,0.61538464,0.9285714,5265,FIGALLGPLLNLLK,False,0.49141032,0.0,0.08001828
1669,QGWCCKENIACCV,0.9230769,0.9230769,1.0,8196,QGWCCKENIACCI,False,0.3837798,0.0,0.5392971
1670,KNTYAALSVMHSEKLH,0.25,0.25,1.0,3163,FLSEKLAELGIDVYFH,False,0.27663508,0.8,-0.02663508
1671,GIFTFEDESTSTVAPAKLYK,0.95,0.95,1.0,2398,GVFTFEDESTSTVAPAKLYK,False,0.26588526,0.0,0.6841147
1672,MIINNNISALNANRQLNLTGNSMTK,0.52,0.52,1.0,8211,MVINNNISAINAQRTLKFRQVDLKK,False,0.25279772,0.0,0.26720226
1673,HEEAELD,0.42857143,0.5,0.85714287,2207,DAELVS,False,0.34017855,0.55,0.08839288
1674,MEFTVASGKGYVAAERNRPEDAPIGLIPVDSLYSP,0.17142858,0.1875,0.9142857,3627,SLGGVISGAKKVAKVAIPIGKAVLPVVAKLVG,False,0.20285717,0.95,-0.03142859
1675,APSQSTVTALLTSCVSYIDDQ,0.25,0.2857143,0.875,8501,MAPRGFSCLLLLTSEIDLPVKRRA,False,0.25103056,0.35,-0.0010305643
1676,CDPPGAGCSLWESDCCSHFCILRQSGPTC,0.7241379,0.7241379,1.0,6882,CDPPGDSCSRVYNDCCSNYCILRQSGPTC,False,0.2718113,0.0,0.4523266
1677,NILDGYVREGAWLLSRIYLDEVEGRDVVYYRT,0.21875,0.25925925,0.84375,6673,KRIYIPLPTAKGRAELLKINLREVELD,False,0.22117539,0.65,-0.0024253875
1678,AQITLTNKASYTVTPPAQANAADA,0.20833333,0.22727273,0.9166667,6377,KYKADYTNTFRSLTLDTLENTP,False,0.27274644,1.0,-0.064413115
1679,IPVYNAIAWQCRR,0.30769232,0.30769232,1.0,2295,AAAPDIPIANVNA,False,0.30794877,0.65,-0.00025644898
1680,KDAADLSALNDNNNCCNHPACAGKNSDLC,0.40625,0.44827586,0.90625,6122,AASDKASELMALAVRGCCSHPACAGNNPDICG,False,0.26102167,0.0,0.14522833
1681,AGNDKATDLMALTVRGCCSHPACAGNNPHICG,0.8125,0.8125,1.0,6122,AASDKASELMALAVRGCCSHPACAGNNPDICG,False,0.23799106,0.0,0.5745089
1682,VDNMVPEKQKLFQANGIPVHLF,0.5,0.5,1.0,5274,FENKVAEKQKLFQADNGLPVLK,False,0.23016202,0.0,0.26983798
1683,GCCSHPACDVNHPELC,0.9375,0.9375,1.0,1350,GCCSHPACAVNHPELC,False,0.40238753,0.0,0.5351125
1684,VVTEACEEYCEDRDKKTCCGLENGEPFCATLCF,0.6363636,0.6363636,1.0,2830,AVDEECNEYCEERKDKNCCGRTNGEPRCATMCF,False,0.27121216,0.0,0.36515146
1685,MPTITSYFGFLLAALTVTSALFIGLSKIRLI,0.9354839,0.9354839,1.0,1800,MPTITSYFGFLLAALTITSALLIGLSKIRLI,False,0.29580507,0.0,0.63967884
1686,TGCCEYPYCAENNPELCG,0.8888889,0.8888889,1.0,5544,TGCCEFPYCAENIPELCG,False,0.33912283,0.0,0.54976606
1687,GDCPWKPSC,0.8888889,0.8888889,1.0,1004,GDCPWKPWC,False,0.45818186,0.0,0.43070704
1688,FLGALVNALTRVL,0.7692308,0.7692308,1.0,5311,FLGALVNALRGLL,False,0.39917582,0.0,0.37005496
1689,FLPIVGKLLSGLF,0.9230769,0.9230769,1.0,4096,FFPIVGKLLSGLF,False,0.45769224,0.0,0.4653847
1690,SPGSTICKMACRTGNGHKYPFCNCR,0.72,0.72,1.0,2389,GPGSAICNMACRLGQGHMYPFCNCN,False,0.26025504,0.0,0.459745
1691,AGGSSVGTGGGGTGGVGG,0.33333334,0.375,0.8888889,494,SDPAGGEFLAEGGGVR,False,0.41388893,1.0,-0.08055559
1692,ACCSDRRCRWRC,0.7692308,0.8333333,0.9230769,1499,GCCSDPRCRWRCR,False,0.43674907,0.0,0.3324817
1693,GTFPCGESCVFIPCLTSAIGCSCKSKVCYKN,0.9354839,0.9354839,1.0,4362,GTIPCGESCVFIPCLTSALGCSCKSKVCYKN,False,0.28941536,0.0,0.6460685
1694,MEALVYTFLLVSTLGIIFFAIFFREPPKVPTKKIK,0.9714286,0.9714286,1.0,1378,MEALVYTFLLVSTLGIIFFAIFFREPPKVPTKKLK,False,0.25285715,0.0,0.7185714
1695,GCCSNPVCHLEHSNLCGAGGAAG,0.73913044,0.8947368,0.82608694,1251,CCSNPVCHLEHSNLCTNGG,False,0.29876524,0.0,0.4403652
1696,SKYESEGVARSEELQEVHQAFADAGRKPI,0.1724138,0.18518518,0.9310345,1550,TSKYALVIFAAKRARQINSFYHQADEG,False,0.23419008,1.0,-0.06177628
1697,SETDSRKEGRMGQKNAVIRQWCENDCNYAPK,0.17142858,0.19354838,0.8857143,985,NTGMVATDLRKHEGMGAVARRCISQIRETGSELVV,False,0.16163817,0.55,0.009790406
1698,LYELSTYSFRHEQKGE,0.25,0.26666668,0.9375,3388,VKIGTYELLKGDFSV,False,0.25798613,0.7,-0.007986128
1699,MLSLIFYLRFPSYIRG,0.3529412,0.375,0.9411765,7041,FLSLIPSLVGGSISAFK,False,0.32583526,0.3,0.027105927
1700,KKENVHMLNGNAINLTNECTEYENKIKS,0.25,0.26923078,0.9285714,8391,GIKDYLKKLLQKAINKIKSLRKKQDA,False,0.21985126,0.25,0.030148745
1701,GDESVSERIKIAQT,0.23529412,0.2857143,0.8235294,1512,DESESHFKTGDVLRVGR,False,0.3235749,0.95,-0.08828078
1702,MAQDIISTISDLVKWIIDTVNKFTKK,0.96153843,0.96153843,1.0,878,MAQDIISTIGDLVKWIIDTVNKFTKK,False,0.2325739,0.0,0.72896457
1703,YSCCPGIVSCCVIP,0.5714286,0.6666667,0.85714287,8620,SCCPTILSCCFV,False,0.4308858,0.0,0.1405428
1704,CWFPWC,0.71428573,0.8333333,0.85714287,3059,GCWDPWC,False,0.5154762,0.1,0.1988095
1705,HDVYGGDYRITGDDGHS,0.23529412,0.26666668,0.88235295,3917,LRKDVTAKCYGGDVS,False,0.285049,1.0,-0.049754873
1706,SANLLAGMKVEIVNINNG,0.33333334,0.3529412,0.9444444,2381,LLGMIPVAISAINLMKL,False,0.29360276,0.25,0.03973058
1707,GFDVHAFGGTGPIILGGVRIPYEQGL,0.23076923,0.23076923,1.0,5600,FGGFGTSQSTGFGGGAFGSTFGKPAN,False,0.26448312,1.0,-0.033713892
1708,MGKQIFNTAVICFTLTLIGLSLGFVLLKIQGDE,0.54545456,0.5625,0.969697,2116,MGNEFIASASISFIITLIGLTLGFALLKLQGE,False,0.2749784,0.0,0.27047616
1709,DMEECCSHPACQGINPDYCD,0.6,0.7058824,0.85,2283,GGCCSHPACFASNPDYC,False,0.3006667,0.0,0.29933333
1710,FIHHIIGGLFSVGKHIHGLIHGH,0.95652175,0.95652175,1.0,4150,FIHHIIGGLFSVGKHIHSLIHGH,False,0.3498007,0.0,0.60672104
1711,IISPPVCGNELLEEGEECDCGTPEN,0.48,0.6,0.8,5302,EAGEECDCGTPENPCCDAAT,False,0.27240205,0.0,0.20759794
1712,SGCCSNPACRVLNPNIC,0.9411765,0.9411765,1.0,514,SGCCSNPACFVLNPNIC,False,0.39999995,0.0,0.54117656
1713,DDCIKPYGFCSLPILKNGLCCSGACVGVCADLP,0.969697,1.0,0.969697,8289,DDCIKPYGFCSLPILKNGLCCSGACVGVCADL,False,0.27119055,0.0,0.6985065
1714,YDRWYESAKIIGIDIR,0.375,0.42857143,0.875,4627,KIIGIDLGTTNSVA,False,0.3038889,0.1,0.07111111
1715,GLDLGLSRGFSGSQAAKHLMGLAAANYAGGP,0.29032257,0.34615386,0.83870965,186,AGSALGGGAGAGPALGGGAGAGPALG,False,0.28024653,0.4,0.010076046
1716,EPNSIWS,0.85714287,0.85714287,1.0,2783,EPNSMWS,False,0.26607144,0.0,0.5910714
1717,ADSRKPDDRYDMSGNDALGDVKLATYEDNPWETFK,0.2,0.21875,0.9142857,391,GLIKPGTLWCGMGNNAETYDQLGPFADVDSCK,False,0.18428576,0.5,0.015714243
1718,CCYHPTCNMSNPQIC,0.9375,1.0,0.9375,6961,PCCYHPTCNMSNPQIC,False,0.3754412,0.0,0.5620588
1719,GEEEYQKDVGKI,0.9166667,0.9166667,1.0,578,GEEEYQKDVRKI,False,0.3270147,0.0,0.58965194
1720,DCQPCGHDVCCPP,0.7692308,0.90909094,0.84615386,4117,DCQPCGHNVCC,False,0.45197803,0.0,0.31725276
1721,RPPGFSPFRVAPAS,0.64285713,0.75,0.85714287,6475,QKRPPGFSPFRK,False,0.3691036,0.0,0.27375352
1722,MNKLPAHLSRQNCKIASTNLSEIIPRRAAVLK,0.21875,0.2413793,0.90625,2532,IKLSPETKDNLKKVLKGAIKGAIAVAKMV,False,0.22157905,0.65,-0.002829045
1723,ESKHFLNGETSVILGESV,0.3888889,0.4117647,0.9444444,5722,PPESQQGLWGGEGLILG,False,0.28128922,0.0,0.107599676
1724,LRWCIPSGDLCFRSDHIQCCSGKCAFVCL,0.9655172,0.9655172,1.0,8255,LRWCIPSGDLCFRSDHIGCCSGKCAFVCL,False,0.26618627,0.0,0.6993309
1725,LKSFEKRSRKLKEG,0.35714287,0.3846154,0.9285714,4581,VEKEHEKRYNALL,False,0.36222863,0.75,-0.0050857663
1726,ILPIRSLIKKLL,0.75,0.75,1.0,924,ILPILSLIGGLL,False,0.4473443,0.0,0.3026557
1727,GADDSDWRKKGAVNVIKDQGQ,0.6363636,0.6666667,0.95454544,5951,ADSLDWREKGVVNSIKDQAQGS,False,0.26283878,0.0,0.37352484
1728,LFNPNVVKVVCDAHDHALYFSRAPIPW,0.25925925,0.26923078,0.962963,1679,EEKTNPNVVKIVGSPLAGNRRLRALY,False,0.16264479,0.0,0.096614465
1729,GCCSDPPCRNAHPDLC,0.9375,0.9375,1.0,90,GCCSDPPCRNKHPDLC,False,0.4098448,0.0,0.52765524
1730,GDTRRQIL,0.625,0.71428573,0.875,2145,DDKRRQI,False,0.39500004,0.0,0.22999996
1731,MEALVYTFLLVSTLGIIFFAIFFREPPKVPTKKG,0.9705882,1.0,0.9705882,690,MEALVYTFLLVSTLGIIFFAIFFREPPKVPTKK,False,0.25579837,0.0,0.71478987
1732,QLAKTLGFDFVEMS,0.3125,0.35714287,0.875,2583,TATHNHYLAVLGEDFV,False,0.32831937,0.7,-0.01581937
1733,DDECEPPGDFCGFFKIGPPCCSGWCFLLGCA,0.9677419,0.9677419,1.0,6576,DDECEPPGDFCGFFKIGPPCCSGWCFLWGCA,False,0.28536102,0.0,0.6823809
1734,AANAKLFDVGQSCCSAPLCALLYMVIC,0.96428573,1.0,0.96428573,6119,AANAKLFDVGQSCCSAPLCALLYMVICG,False,0.2630688,0.0,0.70121694
1735,ATVVAPKYTAIKPLGDRVLVK,0.33333334,0.36842105,0.9047619,1691,MKITPLGDNVVIKKLLATA,False,0.3160821,0.45,0.017251253
1736,DDCGKLFSGCDTNADCCEGYVCRLWCKLDW,0.8333333,0.8333333,1.0,7794,DDCGGLFSGCDSNADCCEGYVCRLWCKYKL,False,0.26751643,0.0,0.5658169
1737,LVPFLGKTLGGLLARF,0.9375,0.9375,1.0,1063,LVPFLGRTLGGLLARF,False,0.42683825,0.0,0.5106617
1738,EVTEHSDSEDLTEKQKV,0.29411766,0.3125,0.9411765,4303,RTSDYGLQLREKQKLK,False,0.2844986,0.5,0.009619057
1739,FRPALIVRTKGK,0.8333333,0.8333333,1.0,5471,LRPAVIVRTKGK,False,0.3787546,0.0,0.45457873
1740,ARLRGFQSTQPPYMALT,0.29411766,0.35714287,0.8235294,1166,ARLQGFPDSFQIPV,False,0.27662462,0.65,0.01749304
1741,GIGGALLSAGKSALKGLAKGLAEHL,0.92,0.92,1.0,5426,GIGGALLSFGKSALKGLAKGLAEHF,False,0.3679459,0.0,0.5520541
1742,TVSENVVKKVEDVMPIATGHERELAQ,0.23076923,0.2857143,0.8076923,4585,AGEDVSHELEEKEKALANHSE,False,0.24331193,0.65,-0.012542695
1743,LDGYPLSKIN,0.9,0.9,1.0,1047,LDGYPLSKNN,False,0.3259091,0.0,0.57409084
1744,TKDEGTFIAEGGGVR,0.8,0.8,1.0,414,TKTEGSFLAEGGGVR,False,0.36547795,0.0,0.43452206
1745,GLVPNLLNNLGL,0.6666667,0.6666667,1.0,6554,GAVSGLLTNLGL,False,0.5074359,0.0,0.15923077
1746,KMNLSAIQDREICC,0.2857143,0.30769232,0.9285714,6477,LSATPGNKLEAIQ,False,0.2660469,0.6,0.019667387
1747,AFCNLMRCQLSCRSLGLLGKCIGDKCECVKH,0.9677419,0.9677419,1.0,862,AFCNLRRCQLSCRSLGLLGKCIGDKCECVKH,False,0.25585288,0.0,0.711889
1748,MAVRGGCCSHPVCNLNNPQMCRGRR,0.96,0.96,1.0,2743,LAVRGGCCSHPVCNLNNPQMCRGRR,False,0.27425286,0.0,0.68574715
1749,ECTRSGGACNSHDQCCANFCRKATSTCM,0.89285713,0.96153843,0.9285714,6750,TRSGGACNSHDQCCINFCRKATSTCM,False,0.2895572,0.0,0.6033
1750,GIPICGETCFFGKCNTPKCTCNKPLCYKN,0.79310346,0.79310346,1.0,7741,GKPICGETCAKGKCYTPKCTCNWPICYKN,False,0.28643158,0.0,0.5066719
1751,IRVIDWILRRCSGDATIAEETPIGFIP,0.2,0.22222222,0.9,1992,DWCGDAGDACGTLKLRCCSGLCNQYSGTCT,False,0.22418156,0.9,-0.02418156
1752,GCCSDKRCAWRC,0.9166667,0.9166667,1.0,6108,GCCSDPRCAWRC,False,0.4279121,0.0,0.4887546
1753,KKNLKIGIVMDSITLINIKKDSSFAILLEA,0.23333333,0.2413793,0.96666664,2746,IKIPSFFRNILKKVGKEAVSLIAGALKQS,False,0.275088,1.0,-0.041754678
1754,TEIQSFNFNGFVPEN,0.8,0.8,1.0,3334,TETQSFNFNVFEPEN,False,0.27276555,0.0,0.52723444
1755,SWGPACQTRMCGGICCGSDSCGCKGNECDCP,0.29411766,0.32258064,0.9117647,5417,PECYNCFPNDDGHCVGTCCGEDSCKGGIRGCGCV,False,0.2951613,0.3,-0.0010436475
1756,CCNAGFCRFGCTPCCY,0.9411765,1.0,0.9411765,3810,SCCNAGFCRFGCTPCCY,False,0.4161152,0.0,0.52506125
1757,MGWSLCFWHVSVRMTHDVVCYY,0.115384616,0.13636364,0.84615386,510,CPNTGELCDVVEQNCCYTYCFIVVCL,False,0.10564621,0.6,0.009738408
1758,TNSACCLFEFYDCLYRAEINWKRGTVPVQE,0.8666667,0.8666667,1.0,7331,TNSACCLFEFYDCLYRAEIKLEEGTVPVQE,False,0.17069647,0.0,0.6959702
1759,MATKGNLKRQTKYFSTIAYTETRGEATLRANYQ,0.24242425,0.2857143,0.8484849,8747,WYQLIRTFGNLIHQKYRKLLEAYRKLRD,False,0.1871187,0.0,0.055305555
1760,ECENPACGQHTSK,0.9230769,0.9230769,1.0,3452,ECENPACGRHTSK,False,0.33352792,0.0,0.589549
1761,MLAEVGLVGKAPGRYNLHLGGNRIGT,0.26923078,0.33333334,0.8076923,677,LIGPVLGLVGSALGGLLKKIG,False,0.29381874,1.0,-0.024587959
1762,AAAEECEEYCEEEEKTCCGEEDGEPVCAEFCL,0.875,0.875,1.0,2136,TATEECEEYCEDEEKTCCGEEDGEPVCARFCL,False,0.30084822,0.0,0.57415175
1763,GFFFP,0.4,0.5,0.8,7802,GFGD,False,0.39000005,0.9,0.009999961
1764,NLLQIGIMKRCANKRRRPVFHYRDYGCYC,0.6551724,0.7037037,0.9310345,8112,NLLQFGFMIRCANKRRRPVWPYEESGC,False,0.20420106,0.0,0.45097136
1765,SHQDCYEALHKCMASHSKPFSCSMKFHMCLQQQ,0.24242425,0.24242425,1.0,6464,KCCSIPKCYKNNKKCVADDAGAHSCHQNNQDMC,False,0.18361858,0.05,0.058805674
1766,MIRMDIVGITWAALMVVFTFSLSLVVWGRSGL,0.90625,1.0,0.90625,604,MDIVGITWAALMVVFTFSLSLVVWGRSGL,False,0.2617508,0.0,0.6444992
1767,GVKKLDPSIFTKS,0.3846154,0.3846154,1.0,4553,KLVKKLLKKYITF,False,0.36587685,0.55,0.018738538
1768,TRGCKSKGSFCWNGIECCGGNCFFACVY,0.96428573,0.96428573,1.0,5929,TRGCKSKGSFCWNGIECCGGNCFFACIY,False,0.29520634,0.0,0.6690794
1769,MGIIAGIIKVIKSLIEQFTGK,0.85714287,0.85714287,1.0,3955,MGIIAGIIKFIKGLIEKFTGK,False,0.32466456,0.0,0.53247833
1770,FLGFLKNLF,0.5555556,0.5555556,1.0,1785,FLGLLGGLL,False,0.46717182,0.25,0.088383764
1771,DLMQFETLIMKIAGRSGVWIYGSYGCYCG,0.55172414,0.6666667,0.82758623,6076,NLMQFELLIMKVAGRSGIVWYSDY,False,0.23500001,0.0,0.31672412
1772,RDCQTGCVGCHNPAGCCCGGQVCVDNKRCEGGFY,0.7352941,0.8064516,0.9117647,5571,RDCQWGCEGCHNRAGCCCGDQVCVDNNRCEP,False,0.27647057,0.0,0.45882353
1773,MSDINATRVPAWLAECPCVGDDISHLLTRGEK,0.84375,0.84375,1.0,5651,MSDINATRLPAWLVDCPCVGDDINRLLTRGEK,False,0.1940948,0.0,0.6496552
1774,AYTTEQCRALNGTCRFYACFPKNVVIGKCDWLG,0.15151516,0.15625,0.969697,705,GMWGDCDDWLAACTTPSQCCTEVCDGFCRLWE,False,0.1925796,1.0,-0.04106444
1775,LTCYKGYHDTVVCKP,0.46666667,0.46666667,1.0,3464,TSRCYIGYRRKVVCS,False,0.29012257,0.0,0.1765441
1776,LKVIATDPSTRRDIPKFCN,0.2631579,0.29411766,0.8947368,6392,VTDIAGTTRDTIEEYVN,False,0.24602711,0.5,0.017130792
1777,MEPTQTINLIALSLIVVVHAGVLALRLGISLGRN,0.7941176,0.7941176,1.0,5348,MEPSQSINLIILGLIVVMHAGVLALRLGISLARI,False,0.27756304,0.0,0.5165546
1778,ATPFGGSSYEGH,0.6666667,0.6666667,1.0,1072,DLPSGWSSYEGH,False,0.37884617,0.0,0.28782052
1779,GILDKLKEFGISAARGVAQSLLNTASCKLAKTC,0.8181818,0.8181818,1.0,7684,GILDTLKEFGKTAAKGIAQSLLSTASCKLAKTC,False,0.26428574,0.0,0.55389607
1780,GLWDTIKQAGKKFFLNVLDKIRCKVAGGCRT,0.7741935,0.7741935,1.0,5450,SLWETIKNAGKGFILNILDKIRCKVAGGCKT,False,0.2525552,0.0,0.52163833
1781,CEVFKYNRKPAETNLR,0.25,0.30769232,0.8125,1482,AVPAVRKTNETLD,False,0.26270854,0.8,-0.012708545
1782,QEGEMGFEPCYAEV,0.3125,0.35714287,0.875,7521,GDVQEGEFIAEGGGVR,False,0.28235292,0.1,0.030147076
1783,LKLMGIVKKVLGAL,0.85714287,0.85714287,1.0,5366,LKLLGIVKKVLGAI,False,0.4433561,0.0,0.41378677
1784,MFDDQDLGFFANFLGIFIFILVIAYHFVMADPKFE,0.9142857,0.9142857,1.0,6344,MFDDQDLGFFANFLGIFIFIMVIAYHFVVAEPKFE,False,0.23714288,0.0,0.67714286
1785,STCCGYRMCVPC,0.9166667,0.9166667,1.0,2441,QTCCGYRMCVPC,False,0.45105308,0.0,0.4656136
1786,AGIVGLWLLKKFVLHGKLRGFAFYCIIVSLIVL,0.25714287,0.27272728,0.94285715,555,VRAWLKLLWQRIDEDNMTTLAGNLAYVSLLSLVPL,False,0.27259737,0.6,-0.015454501
1787,MEVNILAFIATALFILIPTAFLLIIYVKTVSQND,0.9705882,0.9705882,1.0,1637,MEVNILAFIATALFILIPTAFLLIIYVKTVSQSD,False,0.27352944,0.0,0.6970588
1788,GCCARAACAGIHQELCGG,0.9444444,1.0,0.9444444,8476,GCCARAACAGIHQELCG,False,0.35997286,0.0,0.5844716
1789,VVIKTLVFQSESNNSFVELIPMKPLNLRAFL,0.27272728,0.29032257,0.93939394,5046,MDLTLVGQLISLFAVVAAGPLVIVFLSARRGAL,False,0.23499975,0.1,0.037727535
1790,ALWMTLLKKVLKAAAKAALNAVLVGANA,0.6785714,0.6785714,1.0,6510,ALWKTLLKNVGKAAGKAALNAVTDMVNQ,False,0.34367755,0.0,0.33489385
1791,VTDRCCKGKRECGRWCRDHSRCC,0.53846157,0.6086956,0.88461536,5305,IVDRCCNKGNGKRGCSRWCRDHSRCC,False,0.32101107,0.0,0.2174505
1792,TSDCCFYHNCCC,0.41666666,0.5,0.8333333,4727,DCCEERWCCF,False,0.4281593,0.7,-0.01149264
1793,FFHLHFH,0.42857143,0.42857143,1.0,2404,YMFHLMD,False,0.16785716,0.15,0.2607143
1794,WRVDSECISFWGSCTVDADCCFNSCDETYGYC,0.62857145,0.6875,0.9142857,4687,WGSSECTYFFGPCTVDAECCSNSCDETYGYCEKWS,False,0.2517418,0.0,0.37682965
1795,CTAPGGACYAAYTCCSNACNLNTKKCVLS,0.9310345,0.9310345,1.0,5650,CTAPGGACYADNTCCSNACNLNTKKCVLS,False,0.28119203,0.0,0.6498425
1796,RISHQSQDRKIHVYGYSMGYGRAQHSV,0.14814815,0.15384616,0.962963,8133,LAQLDRALANFMLDIHTKEFGYSEIS,False,0.17562327,0.8,-0.027475119
1797,IRDECCSNPACRVNNPHAC,0.8947368,0.8947368,1.0,1122,IRAECCSNPACRVNNPHVC,False,0.36775118,0.0,0.52698565
1798,LATGEYNETVEEYSRYLGI,0.31578946,0.31578946,1.0,1393,GEQEREYNEDRKYYSKGVK,False,0.26204517,0.2,0.053744286
1799,MEALVYTFLLVGTLGIIFFAIFFREPPKVPVKGKK,0.9714286,0.9714286,1.0,7699,MEALVYTFLLVGTLGIIFFAIFFREPPKVPSKGKK,False,0.24571426,0.0,0.7257143
1800,NCCNGGCSSKWCRDAARCC,0.9,0.94736844,0.95,2899,QNCCNGGCSSKWCRDHARCC,False,0.38162684,0.0,0.51837313
1801,GCCSHPACSRNHPELC,0.9375,0.9375,1.0,2720,GCCSHPACSVNHPELC,False,0.4033905,0.0,0.5341095
1802,ASILTNAS,0.375,0.42857143,0.875,7680,LVASIPR,False,0.3370834,0.4,0.0379166
1803,GTSKKNEEEKRRGLDK,0.3125,0.3846154,0.8125,3793,QKKDKKDKFYGLF,False,0.3365411,0.8,-0.024041086
1804,CCPGKPCCRI,0.8,0.8,1.0,7782,CCPNKPCCFI,False,0.48795453,0.0,0.31204548
1805,MATQGFSCLLLSVSEIDLSMKRQYKQIR,0.6785714,0.7916667,0.85714287,8056,MATPGFSCLLLSTSEIDLPMKRRV,False,0.20022294,0.0,0.47834846
1806,MKNKSLFEVIKIGKVEVKIMAVMGAFG,0.25925925,0.28,0.9259259,3985,GMKDYFKKLLQKVIKKIKSFRKKQD,False,0.27413195,0.8,-0.0148727
1807,SPPFTSDQDLYTDSR,0.73333335,0.73333335,1.0,988,GQNFTSDKDLYTDSR,False,0.2906904,0.0,0.44264296
1808,KVFERELARTLKRLGLDGFRGVSLPNVLAR,0.27272728,0.3,0.90909094,8175,MNIELALTLVSLVLVVSAGPLVVVLLSARGGNL,False,0.26225108,0.2,0.010476202
1809,ECTPPGGACNIHPHCCEEFCDMANNRCLEM,0.6333333,0.6785714,0.93333334,4364,ECTPPEGACNHPSHCCEDFCDRGRNRCM,False,0.25088504,0.0,0.3824483
1810,DECFSPGTFCGIKPGLCCSAWCYSFFCLTLTF,0.84375,0.84375,1.0,1341,DECFSPGTFCGIKPGLCCSARCLSFFCISLEF,False,0.2709559,0.0,0.5727941
1811,SNSGDLVDAVVPYMGESIS,0.26086956,0.31578946,0.82608694,6683,IVATKVALYEKSGDLEKAVNSLD,False,0.29033834,0.85,-0.029468775
1812,ADEGFSATVRNGAV,0.3125,0.35714287,0.875,5750,VDPGESTFIDEGATGR,False,0.33776087,0.85,-0.025260866
1813,MERASKMPSSYLYDQ,0.33333334,0.3846154,0.8666667,1872,RERSKGSKYLYVG,False,0.24297793,0.1,0.09035541
1814,LNVRGCCSHPVCRFNYPKYCGGRR,0.9583333,0.9583333,1.0,1382,MNVRGCCSHPVCRFNYPKYCGGRR,False,0.28194815,0.0,0.67638516
1815,NPASCCSCADVDPGRASRKTPKGEDQVFIKEKDRC,0.17142858,0.19354838,0.8857143,5320,VSIWFCASRTCSAPADCNPCTCESGVCVDWL,False,0.20857146,1.0,-0.037142888
1816,LVLL,0.75,0.75,1.0,5089,LPLL,False,0.625,0.5,0.125
1817,FFHHIFRPIVHVPKTIHRLVTG,0.95454544,0.95454544,1.0,1670,FFHHIFRPIVHVAKTIHRLVTG,False,0.28320283,0.0,0.6713426
1818,CKGKGAKCSRLMYACCTGSCRSGKC,0.96,0.96,1.0,7703,CKGKGAKCSRLMYNCCTGSCRSGKC,False,0.34908348,0.0,0.6109165
1819,GTPQIDGLSVSFQFRTWNKDGLLLSTELSEGS,0.1875,0.19354838,0.96875,6029,MALSDTQILAALVVALLPAFLAFRLSTELYK,False,0.21254173,0.75,-0.02504173
1820,DFKCPSEWYAYDQHCYRIIN,0.55,0.6875,0.8,6056,AFCCPSGWSAYDQNCY,False,0.17050003,0.0,0.37949997
1821,EDSREAAVEKLQEI,0.5,0.5714286,0.875,1962,GQEERAEASYEKLLEI,False,0.32801998,0.0,0.17198002
1822,TCVMFGSMCDKEEHSICCYECDYKKGICV,0.6333333,0.6551724,0.96666664,245,KCVLFGSICDEESSSICCYRCDYSQSICVS,False,0.25061804,0.0,0.38271528
1823,LVSVSPAFNGNYFVE,0.26666668,0.2857143,0.93333334,884,WDGYFVEVIVRFNP,False,0.307116,0.8,-0.04044932
1824,ECLEADYYCVLPFVGNWMCCSGICVFVCIAQKY,0.969697,0.969697,1.0,7868,ECLEADYYCVLPFVGNGMCCSGICVFVCIAQKY,False,0.22575757,0.0,0.7439394
1825,MIEPLLCGIVLGLIPVTLTGLFVAAWNQYRRGSAL,0.5714286,0.6060606,0.94285715,3468,MIELLLFGIILGLISCVLAGLFVSAYYQYKRNR,False,0.24714287,0.0,0.32428575
1826,VTCYCRRTRCGFRERLSGACGYRGRIYRLCCR,0.59375,0.59375,1.0,288,RTCRCRLGRCSRRESYSGSCNINGRIYSLCCR,False,0.31066176,0.0,0.28308824
1827,ASALIAQAILRDCCSNPPCAHNNPDC,0.96153843,0.96153843,1.0,4397,ASALISQAILRDCCSNPPCAHNNPDC,False,0.26761216,0.0,0.6939263
1828,TFDTPKHRCGSEITNSYMDLCY,0.95652175,1.0,0.95652175,377,TFDTPKHRCGSEITNSYMDLCYR,False,0.1985942,0.0,0.75792754
1829,QMDMRCSASVECKQKCLKAIGSIFGKCMNKKCKC,0.44117647,0.44117647,1.0,5585,VSCTGSKDCYAPCRKQTGCPYGKCMNRKCKCNRC,False,0.2416387,0.0,0.19953777
1830,CIEYLEPCDFLRHTCCVGVCLLMACI,0.7692308,0.7692308,1.0,5505,CIEQFDPCDMIRHTCCVGVCFLMACI,False,0.2558138,0.0,0.513417
1831,AFCNLRRCELSCRSLGLLGKCIGEECKCVPH,0.9677419,0.9677419,1.0,907,AFCNLRRCELSCRSLGLLGKCIGEECKCVPY,False,0.27149612,0.0,0.6962458
1832,FLVALRPGIIS,0.45454547,0.5,0.90909094,614,GFFALIPGIE,False,0.41824013,0.45,0.03630534
1833,YDDGSYKPHIYGF,0.23076923,0.25,0.9230769,3381,TYKKPPFNGSIF,False,0.27286404,0.9,-0.04209481
1834,KAKFKAR,0.85714287,0.85714287,1.0,441,KAKFKAT,False,0.55714285,0.05,0.3
1835,EIIDYVDIVNGEAIMG,0.3125,0.3125,1.0,4093,APPFRVAEVDIMYGEG,False,0.29707235,0.5,0.015427649
1836,RPQCCSHPACNVDHPEIC,0.9444444,1.0,0.9444444,1648,PQCCSHPACNVDHPEIC,False,0.34619886,0.0,0.59824556
1837,MIYDSQIYTVLCIALLAGILAIRLGSTLYE,0.6333333,0.6333333,1.0,5295,MITDSQIFFALCIALTAAVLAIGLGRQLYV,False,0.27911448,0.0,0.35421884
1838,GKPSRPRPAPIQPRPPHPRL,0.95,0.95,1.0,8064,GKPNRPRPAPIQPRPPHPRL,False,0.39715368,0.0,0.5528463
1839,VSTAPYGAWQSPID,0.21428572,0.25,0.85714287,2008,SPPAPFVPVPIN,False,0.29226542,1.0,-0.0779797
1840,VSIWFCASRTCSTPADCNPCTCESGVCVDWL,0.9677419,0.9677419,1.0,5320,VSIWFCASRTCSAPADCNPCTCESGVCVDWL,False,0.26232892,0.0,0.705413
1841,SPAFQAQKQAKVNDVLDKLY,0.3809524,0.4,0.95238096,3327,DGPAQKQNTVNQLLVLIYLYK,False,0.28897423,0.0,0.09197816
1842,VKLIQIRIWIQYVTVLQMFSMKTKQ,0.24,0.26086956,0.92,66,LIGLVSKGTCVLVKTVCKKVLKQ,False,0.20795982,0.25,0.03204018
1843,VPPGFTPFR,0.9,1.0,0.9,8394,VPPGFTPFRQ,False,0.52525246,0.0,0.3747475
1844,KMPYLKEEPYFGMGKMAVSWHHDENLV,0.11111111,0.12,0.9259259,6237,GKMKEYFKKFGASFKRRFANLKKRL,False,0.18174309,1.0,-0.07063197
1845,TISCTNEKQCYPHCKKETGYPNAKCMNRKCKCFGR,0.62857145,0.62857145,1.0,4394,IKCTLSKDCYSPCKKETGCPRAKCINRNCKCYGCS,False,0.23285715,0.0,0.39571428
1846,HVVAAITALKERGGSSHQALKKYKAAN,0.5185185,0.56,0.9259259,2284,MVSEAIAALKEREGSSEFAIGKKKE,False,0.2897046,0.0,0.22881392
1847,GVCCGYKLCHC,0.9166667,1.0,0.9166667,2110,TGVCCGYKLCHC,False,0.5230187,0.0,0.39364797
1848,GFGKAFSVSNFAKKHKTA,0.6315789,0.6666667,0.94736844,1050,GFGPAFHSVSNFAKKHKTA,False,0.29729328,0.0,0.33428565
1849,CTPPGGSCGGHAHCCSKSCNIMASTCND,0.89285713,0.89285713,1.0,4191,DCTPPGGACGGHAHCCSKSCNIMASTCQ,False,0.31277505,0.0,0.58008206
1850,MHVAPTTELKALLRLAGPLIASQLAHMLMV,0.28125,0.3,0.9375,4725,MNIVIVQLGSLALITLAGPIIIVLLFLKQGNL,False,0.27814275,0.45,0.0031072497
1851,MGYILPALSQQTCCVRPWCDGACDCCVDP,0.9655172,0.9655172,1.0,5174,MGYILPALSQQTCCVRPWCDGACDCCVDS,False,0.23055169,0.0,0.73496556
1852,GVIPCGESCVFIPCISAVIGCSCKSKVCYRN,0.9354839,0.9354839,1.0,7003,GVIPCGESCVFIPCISAAIGCSCKNKVCYRN,False,0.2935975,0.0,0.64188635
1853,CTPSGGACYVASTCCSNACNLNSNKCV,0.6896552,0.7407407,0.9310345,5650,CTAPGGACYADNTCCSNACNLNTKKCVLS,False,0.30582565,0.0,0.38382953
1854,DGCSNAGAFCGIHPGLCCSEICIVWCT,0.8888889,0.8888889,1.0,6463,YGCSNAGAFCGIHPGLCCSELCLVWCT,False,0.2869491,0.0,0.6019398
1855,SLANFLSMTLTAAKRKPKEYDGYGNYCG,0.25,0.29166666,0.85714287,3473,MTLIKYKRKNIQFYKKIIANGYAK,False,0.21869186,0.2,0.031308144
1856,IAAILTLIAWVYVTGGLHMDGWMDLADGLG,0.23333333,0.2413793,0.96666664,43,MSTDLKFSLVTTIIVLGLIVAVGLTAALH,False,0.26189363,1.0,-0.028560296
1857,LTQFECCSEVFSCC,0.375,0.42857143,0.875,1969,PGTQPIARSEVFRYSL,False,0.37535715,0.4,-0.00035715103
1858,GCCSVPPCTANHPELC,0.9375,0.9375,1.0,8541,GCCSVPPCIANHPELC,False,0.38962418,0.0,0.5478758
1859,LNMLEPVGETLASEYPYK,0.3,0.33333334,0.9,1864,FLAKKVGKQLASHLAKKQLE,False,0.24461952,0.2,0.055380493
1860,GFPGKSLIF,0.45454547,0.5555556,0.8181818,190,IGFPGFSTPPR,False,0.4162627,0.2,0.03828278
1861,SDPEVPGMWFGPRL,0.9285714,0.9285714,1.0,697,NDPEVPGMWFGPRL,False,0.31496847,0.0,0.61360294
1862,GKLTKDKLKRGAKKALNVASKVAPIVAAGASIAR,0.32352942,0.37931034,0.85294116,2532,IKLSPETKDNLKKVLKGAIKGAIAVAKMV,False,0.30058822,0.3,0.022941202
1863,TCSNKGEQCEDDSDCCWHLCCVDNKCAKLILLCNL,0.8857143,0.8857143,1.0,560,TCSNKGQQCGDDSDCCWHLCCVNNKCAHLILLCNL,False,0.24857144,0.0,0.63714284
1864,DPCCSYPACGANHPEICG,0.7222222,0.7222222,1.0,8076,PRCCSNPACGAGHPEICA,False,0.37441522,0.0,0.347807
1865,GCCDPQWCDAGCYDGCC,0.88235295,0.88235295,1.0,1103,ACCDPDWCDAGCYDGCC,False,0.42532682,0.0,0.45702612
1866,IIAGTARSMGITVEG,0.46666667,0.46666667,1.0,5792,TFARSLGFTEEGIVF,False,0.31930152,0.0,0.14736515
1867,ARPPGFSPFRIV,0.8333333,0.90909094,0.9166667,3061,RPPGFSPFRIY,False,0.44166666,0.0,0.39166665
1868,VSCEDCPEHCSTQKARAKCDNDKCVCESV,0.8965517,0.8965517,1.0,4296,VSCEDCPDHCSTQKARAKCDNDKCVCEPI,False,0.2574617,0.0,0.63909006
1869,DEAIDENGEMNRRYMGDLVFNHPEKRLELNAII,0.24242425,0.26666668,0.90909094,4315,TNVENPELNARVMAFRLAIALEKGYHFRRA,False,0.20930739,0.1,0.033116862
1870,VGCEECPMHCKGKNAKPTCDNGVCNCNV,0.9285714,0.9285714,1.0,3973,VGCEECPMHCKGKNAVPTCDNGVCNCNA,False,0.27594858,0.0,0.6526228
1871,IIGPVLGLVGKALGGLL,0.8235294,0.8235294,1.0,3097,ILGPVLGLVSNALGGLL,False,0.43516785,0.0,0.38836157
1872,IRDECCSNPACAVNNPHVC,0.8947368,0.8947368,1.0,1122,IRAECCSNPACRVNNPHVC,False,0.37368417,0.0,0.52105266
1873,CLGFGEACLMLYSDCCSYCVALVCL,0.92,0.92,1.0,2678,CLGFGEACLMLYSDCCSYCVGAVCL,False,0.28987262,0.0,0.63012743
1874,MAFNIHNRNLLSLEHHTNRELRYLLDLTRDLKAK,0.47058824,0.53333336,0.88235295,8439,AFNLRNRNFLKLLDFTPREIQYMIDLAIDL,False,0.22516803,0.0,0.2454202
1875,MEVNILAFSATALLILFPTALLLILYVKTVSQNN,0.85294116,0.85294116,1.0,8148,MEVNILAFIATALFILVPTAFLLIIYVKTVSQNN,False,0.27327734,0.0,0.5796638
1876,MIDYVGSFLGAYFLGFALFYGIGFFKSISNRII,0.7878788,0.7878788,1.0,3260,MIDYVGLFIGAYIMGFALFYGIGFFKSIAERIV,False,0.2522511,0.0,0.5356277
1877,TVICTDKTGTLTLNQMKVTDFWFGLESGKASSVSQ,0.22857143,0.2857143,0.8,3475,SSCGDPCAQHASCTVTCTYCTGTLLQCI,False,0.2114286,0.4,0.017142832
1878,LTHDSPSVRKTHNNGRKHKENVRFYYQKWMEE,0.125,0.14814815,0.84375,5224,LLVWKHFGRVAPHGKEWKWMMENVLGV,False,0.07044341,0.4,0.054556593
1879,CKGKGAKCSRLMYDCTGSCRSGKGS,0.88,0.88,1.0,7099,KGKGAKCSRLMYDCTGSCRSGKCGS,False,0.3362599,0.0,0.5437401
1880,GDALGFGHAARESSSLGAR,0.36842105,0.3888889,0.94736844,5196,LLEAAASGHASQSSSSQK,False,0.32401013,0.25,0.044410914
1881,QSCCATPSCAKLY,0.6923077,0.6923077,1.0,248,QSCCAAPSCFMLC,False,0.39307693,0.0,0.29923078
1882,GLLKRIKTLL,0.36363637,0.4,0.90909094,7134,GLGDILGLLGL,False,0.40446967,0.85,-0.040833294
1883,GCCSHPACSVNHPDLC,0.9375,0.9375,1.0,2720,GCCSHPACSVNHPELC,False,0.4039216,0.0,0.5335784
1884,PGQMDVDVTRKMIGEL,0.4375,0.4375,1.0,664,GQSGVDLTDVMIASQK,False,0.27027798,0.0,0.16722202
1885,ADTGDGDFITEGGGVR,0.75,0.75,1.0,6494,ADTGEGEFLAEGGGVR,False,0.3591557,0.0,0.3908443
1886,HDNWIDCCHDGDCC,0.35714287,0.41666666,0.85714287,3931,LCCQCGDCASCC,False,0.3930042,0.95,-0.035861343
1887,VIPFVASVAAEMMQHVYCAASRRC,0.9166667,0.9166667,1.0,6767,VIPFVASVAAEMMQHVYCAASKKC,False,0.20594469,0.0,0.71072197
1888,KCCPESPPCCHYF,0.9230769,1.0,0.9230769,6643,CCPESPPCCHYF,False,0.43436584,0.0,0.4887111
1889,INLKAIAALVKKVL,0.9285714,0.9285714,1.0,783,INLKAIAALVKKLL,False,0.4523511,0.0,0.4762203
1890,GGVGRCIYNCMNSGGGLNFIQCKTMCY,0.9259259,0.9259259,1.0,2112,GGLGRCIYNCMNSGGGLSFIQCKTMCY,False,0.23676248,0.0,0.68916345
1891,IIIDNDMSNEVGTIMVITLCLVTI,0.25,0.26086956,0.9583333,7884,IIDDTINGAITTADNIVGRIGII,False,0.23573415,0.4,0.01426585
1892,TIIGAPCRKCEHLDRSGNCVRDWSCGQEV,0.44827586,0.4642857,0.9655172,3462,NIIDVPCRPCYYRDSSGNCVYDQLGCGA,False,0.23353323,0.0,0.21474263
1893,NKGCATCSIGIACLVDGPIPDFECAGATGLGLWG,0.5882353,0.6666667,0.88235295,6484,LGPQLNKGCATCSIGAACLVDGPIPDEIAG,False,0.24705882,0.0,0.3411765
1894,MESVAYILVLTMTLAVLFFAIAFREPPRIQK,0.9354839,0.9354839,1.0,609,MESVAYIVVLTMALAVLFFAIAFREPPRIQK,False,0.25879717,0.0,0.6766867
1895,KGVCCGYKLCHC,0.9166667,0.9166667,1.0,2110,TGVCCGYKLCHC,False,0.50673074,0.0,0.40993595
1896,GLLSGLKKVGKHVAKNVAVSLMDSLKCKISGDC,0.8787879,0.8787879,1.0,4153,GLMSVLKKAGKHVAKNVAVSLMDSLKCKISGGC,False,0.27792212,0.0,0.6008657
1897,GLIQTIKEKLKELAGGLVTGIQS,0.82608694,0.82608694,1.0,1632,GLLQTITEKLKEFAGGLVTGVQS,False,0.32204798,0.0,0.50403893
1898,GPMGWVPVFYRF,0.25,0.3,0.8333333,2439,ARVPFYRYYK,False,0.346163,1.0,-0.096163005
1899,MVQLVDLARCVSF,0.33333334,0.3846154,0.8666667,2835,VGAVGILALVSFTCV,False,0.33801514,0.5,-0.004681796
1900,GEEEYSEAI,0.8888889,0.8888889,1.0,7507,GEEEYSEFI,False,0.45101017,0.0,0.43787873
1901,DYDVERAQKGIIYIDEIDKIARKSDS,0.23076923,0.23076923,1.0,2333,QYVEDRIIALRKNQEIINDKKKKESG,False,0.24873409,0.9,-0.017964855
1902,AAKVKYSKTPEECCPNPPCFATHSEICGGRR,0.9677419,0.9677419,1.0,2090,AAKVKYSKTPEECCPNPPCFATHSNICGGRR,False,0.24437924,0.0,0.7233627
1903,MEALVYTFLLVATLGIIFFAIFFRDPPKVPNK,0.88235295,0.9375,0.9411765,1458,MEALVYTFLLVATLGIIFFAIFFREPPKVPNRGK,False,0.26158017,0.0,0.6207728
1904,AECMVDETVCYIHNHNNC,0.2777778,0.29411766,0.9444444,708,LTNCYIMVQGNTVSAIG,False,0.21295094,0.35,0.064826846
1905,GRCCHPACGKYYSC,0.93333334,1.0,0.93333334,56,DGRCCHPACGKYYSC,False,0.40824404,0.0,0.52508926
1906,NSTMDSLLQLGR,0.9166667,0.9166667,1.0,484,NSTMNSLLQLGR,False,0.36945972,0.0,0.547207
1907,GLPICGETCFFGKCNTPKCTCINPICYKN,0.79310346,0.79310346,1.0,6299,GLPTCGETCTLGKCNTPKCTCNWPICYKD,False,0.28764364,0.0,0.5054598
1908,HCTYHRHCCDLYCNKTTNVCLET,0.4642857,0.5652174,0.8214286,7516,TCNTPTQYCTLHRHCCSLYCHKTIHACA,False,0.24538365,0.0,0.21890205
1909,SYAMEHFRWGKPV,0.9230769,0.9230769,1.0,7792,SYSMEHFRWGKPV,False,0.14917584,0.0,0.7739011
1910,AQAATPAADGKKKISIDTR,0.36363637,0.42105263,0.8636364,1971,ATEAQAAINEPDRVKKDYFYGR,False,0.30876794,0.05,0.05486843
1911,PGMGIYLPM,0.3,0.33333334,0.9,716,FLPGLLAGLL,False,0.33095962,0.7,-0.030959606
1912,GRDAYIADSENCTYT,0.53333336,0.61538464,0.8666667,1144,GRDGYIAQPENVY,False,0.25558823,0.0,0.27774513
1913,GYGRDAQIEGVMREGERVLLVEDLTTD,0.22222222,0.24,0.9259259,5755,DALTRIEMQQLIEGLWREHGFTVLL,False,0.24107933,0.85,-0.018857107
1914,SIRMCRREAQLCDPIFQNCCHGLFCVLVCV,0.6666667,0.6896552,0.96666664,3356,VKPCRKEGQLCDPIFQNCCRGWNCVLFCV,False,0.24043652,0.0,0.42623016
1915,FLPLILRKIVTAL,0.64285713,0.6923077,0.9285714,6934,FLPLILGKLVKGLL,False,0.40824175,0.0,0.23461539
1916,RGSNLTHPLRNIRDLFYVG,0.7894737,0.7894737,1.0,4444,RGSLTIHPLRNIRDFFYVG,False,0.250311,0.0,0.53916276
1917,SCTGSCSSSSFCPPGCDCFHAECT,0.375,0.375,1.0,4816,IRCTGSKECYSPCYKATGCPNAKC,False,0.32275003,0.1,0.052249968
1918,MEAFAYVLILTLAVVTLFFAVAFRDPPKFDRK,0.84375,0.87096775,0.96875,2127,MEAFSYVLILTLALVTLFFAVAFRDPPKYDK,False,0.26788205,0.0,0.57586795
1919,RWKVFKKIEKMGRNIRDGVIKAAPAIEVLGQAK,0.8,0.8484849,0.94285715,3216,RWKIFKKIEKMGRNIRDGIVKAGPAIEVLGSAKAI,False,0.24632034,0.0,0.5536797
1920,ATVEVRNNPGYVVA,0.53333336,0.5714286,0.93333334,7721,TIEEVLNLPPYVVAA,False,0.33086312,0.0,0.20247024
1921,DCKALGEFCGIPYVHNSQCCSQLCGFICV,0.6451613,0.6896552,0.9354839,7129,DCKADGAFCGIPFVKNWMCCSNLCIFACVPE,False,0.257315,0.0,0.38784626
1922,IRPIPFIPRGGKT,0.3846154,0.41666666,0.9230769,2879,VARGGKTKGRRG,False,0.4046154,0.95,-0.02000001
1923,CCTPFYFCCNN,0.72727275,0.72727275,1.0,2813,CCPTFYFCCNL,False,0.42223197,0.0,0.30504078
1924,MIIIFIELCRIADSLLWIPKSWRRTSSISTYLIL,0.9705882,0.9705882,1.0,1567,MIIIFIELCRIADSLLWIPKSSRRTSSISTYLIL,False,0.25000006,0.0,0.72058815
1925,ASREYSDLLPIMSLIE,0.29411766,0.3125,0.9411765,5091,LKGASKLIPHLLPSRQQ,False,0.33466202,1.0,-0.04054436
1926,DPPFAPRM,0.375,0.375,1.0,4482,APPGFTPF,False,0.4448611,1.0,-0.069861114
1927,VKVYNQFGTKVELGVSMRIF,0.42857143,0.45,0.95238096,7876,VTVYDAEGTKVQIDGSLRVEL,False,0.2665916,0.0,0.16197982
1928,LLKVIDNPMQDVPMLSLLISPIIGLSAEELTD,0.25,0.2580645,0.96875,2004,MLTITSYFGFLLAVLIITSSLFIGLSKIQLI,False,0.2521849,0.7,-0.0021848977
1929,MQRPRPPRPLSYSRSSEEAFLEA,0.22222222,0.26086956,0.8518519,1956,ADDKNPLEEAFREADYEVFLEIAKNGL,False,0.2630067,0.85,-0.040784463
1930,CVTDLGKSSIIKVSDMKVVLGKFYRDDDREEKS,0.18181819,0.21428572,0.8484849,8007,ALWKDLLKNVGKAAGKAVLNKVTDMVNQ,False,0.22176471,1.0,-0.039946526
1931,SASGGAGESSGMWFGPRL,0.7222222,0.7647059,0.9444444,154,ESGGSGEANGMWFGPRL,False,0.35444444,0.0,0.36777776
1932,AEKLEPVLPLIV,0.3846154,0.41666666,0.9230769,1553,VLPLISMALGKLL,False,0.4190293,0.95,-0.034413904
1933,AFCNLLMCQLSCRSLGLLGKCIGDKCECVKH,0.9677419,0.9677419,1.0,1976,AFCNLRMCQLSCRSLGLLGKCIGDKCECVKH,False,0.25848213,0.0,0.70925975
1934,VNLQHLIVNNNQLGGIADEAFEDFL,0.23333333,0.28,0.8333333,204,MSISFPKMQHLIVMTTIGDKKVNNNIILFL,False,0.24679212,0.75,-0.013458788
1935,GCCSHPACWVNNPHIC,0.9375,0.9375,1.0,169,GCCSHPACNVNNPHIC,False,0.3963235,0.0,0.5411765
1936,RKANPQDKVHPIKSEFIRAKYQMLAFV,0.22222222,0.26086956,0.8518519,5751,ANTVKVTLIKSTNGRLANHKAVK,False,0.2112095,0.4,0.011012718
1937,GCIAKNKECAWFSGEWCCGALSCKYSIKRNLKICV,0.34285715,0.34285715,1.0,8535,KGCLPRNRFCNALSGPRCCSGLRCKELSIWASKCL,False,0.2442857,0.0,0.09857145
1938,YAYGNQPPIALWNLTRLAECLVRLLADD,0.22580644,0.25,0.9032258,3145,MPIADSQVFIALFLALATGIFAVRLGVALYK,False,0.25465447,0.85,-0.028848022
1939,EYPVVFVKGLFPGKG,0.33333334,0.33333334,1.0,691,VEDVPLPVFKVILFP,False,0.33667487,0.65,-0.0033415258
1940,YKLPDAVPIRV,0.90909094,0.90909094,1.0,422,YKLPDKVPIRV,False,0.37045458,0.0,0.5386363
1941,HGYYILAQCPPGDTVTVGFHDGPNRHTC,0.2,0.21428572,0.93333334,7979,MVKAVTVLNSSEGPHGIVYFAQEGDGPTTV,False,0.19986857,0.6,0.00013142824
1942,RHMKRAGRVWIRVFPDVPVTAKPTEVRMGKGKG,0.21212122,0.23333333,0.90909094,8389,KKDLTEVTHKVYFDVEIDGKPAGRIVMGLF,False,0.2189343,0.75,-0.006813079
1943,GLMSTLKDFGKTAAKEIAQSLLSTASCKLAKTC,0.8484849,0.8484849,1.0,7684,GILDTLKEFGKTAAKGIAQSLLSTASCKLAKTC,False,0.27640697,0.0,0.5720779
1944,MTSISDGQIVVALISAFIIVILASRLGKELYQ,0.75,0.75,1.0,5613,MTSISDSQIIVILLSVFITSILALRLGKELYQ,False,0.25696367,0.0,0.49303633
1945,LDKKECTTNGEFCGISVFASFLCCSGLCVFVCI,0.8787879,0.8787879,1.0,1044,LDKKECTANGEFCGISVFGSYLCCSGRCVFVCI,False,0.2677808,0.0,0.6110071
1946,GIIPCGESCVFIPCITSIVGCSCKSKVCYKN,0.9677419,0.9677419,1.0,4863,GIIPCGESCVFIPCITSVVGCSCKSKVCYKN,False,0.2955386,0.0,0.6722033
1947,RPPGFTPFR,0.8888889,1.0,0.8888889,1213,RPPGFTPF,False,0.5477272,0.0,0.34116167
1948,GCCGAFACRFGCTPCC,0.7647059,0.8125,0.9411765,955,ECCGSFACRFGCVPCCV,False,0.42965144,0.0,0.33505446
1949,GHNKKDKKMQKK,0.3846154,0.41666666,0.9230769,3443,QKKDKKDRFYGLM,False,0.37014657,0.6,0.014468819
1950,CKGKGAKCRKTSYDCCTGSCRSGKC,0.92,0.92,1.0,4013,CKGKGASCRRTSYDCCTGSCRSGKC,False,0.36069804,0.0,0.559302
1951,KDDHCKDLGSIDDDE,0.26666668,0.30769232,0.8666667,5103,IDHKFDLMYAKRA,False,0.31743062,1.0,-0.050763935
1952,STATSDETVEWEDGNT,0.3125,0.35714287,0.875,7931,GESWETPETGDEVE,False,0.3160008,0.7,-0.0035007894
1953,YYKDSEISKGLIEFDMKTPRDYSFDIYDLKGEN,0.0,0.0,0.0,-1,,False,0.18791702,1.0,-0.18791702
1954,MPIITSYFGFLLTALTIASALFIGLSKIRLI,0.9032258,0.9032258,1.0,5658,MLTITSYFGFLLTALTITSALFIGLSKIRLI,False,0.30931276,0.0,0.593913
1955,VGTDFSGNDDISDVQK,0.33333334,0.375,0.8888889,8182,RAGNVFMVGNDPMVVQKT,False,0.30997163,0.2,0.023361713
1956,ANNAGARKAIRKIEARTEVN,0.3,0.3,1.0,4118,NAAVAGAVIEGATLTFEVLQ,False,0.30027342,0.7,-0.0002734065
1957,RDVDVGSFLPKSPSDPSMVL,0.2857143,0.3,0.95238096,5640,LPDPKFGSELLAKFVNVVMVD,False,0.26596016,0.4,0.019754142
1958,YTHFTCATDTMQIRFVMAAVNDIIIQ,0.115384616,0.115384616,1.0,2812,GLNDEMAHSSIRFSIGRFTTDEEIEH,False,0.16434275,0.8,-0.04895813
1959,GIVCECCKNHCTDEEFTEYCPHVTESG,0.75,0.7777778,0.96428573,5801,GIVCECCKNSCTYEEITEYCPPVTEGSG,False,0.2674379,0.0,0.4825621
1960,ECTHSGGACNSHDQCCNAFCDTATRACV,0.96428573,0.96428573,1.0,515,ECTHSGGACNSHDQCCNAFCDTATRTCV,False,0.2785638,0.0,0.68572193
1961,VTQWRYQGKAVVALLDGVETREQAQMLTNCEI,0.22857143,0.25,0.9142857,2525,MKHLLSIADLTRESAVELLDEAERFEQALLGREVR,False,0.21750197,0.25,0.011069462
1962,VMANLATKQSIEGKKLTIHTPLIHLNK,0.25925925,0.28,0.9259259,5911,IWLTALKFLGKNLGKHLAKQQLAKL,False,0.2615226,0.6,-0.0022633374
1963,MKRGYEVVRDPHLNK,0.33333334,0.35714287,0.93333334,6734,MKRNDKILHYRGLN,False,0.2839951,0.35,0.04933825
1964,ITKWLLNAIKKGFKL,0.4375,0.46666667,0.9375,6764,AYSAIGLWCLNGIKGG,False,0.4086275,0.3,0.02887249
1965,CLIQDCPEG,0.6666667,0.6666667,1.0,3997,CFIRNCPEG,False,0.3217172,0.0,0.34494948
1966,KTRNWFSEHFKKVKEKLKDTFA,0.88,1.0,0.88,7135,FSTKTRNWFSEHFKKVKEKLKDTFA,False,0.28055358,0.0,0.5994464
1967,SLGSGGSL,0.5555556,0.625,0.8888889,5588,FLGLLGSLL,False,0.51944447,0.3,0.036111116
1968,ACSAG,0.5,0.6,0.8333333,5878,YGSSAG,False,0.1,0.2,0.4
1969,MYNNTIEDQGVKG,0.2857143,0.30769232,0.9285714,4431,RQGIAGVKGNQLQL,False,0.268109,0.45,0.017605305
1970,LDALLERLEAGETLSAEDQAWVDAKLD,0.33333334,0.33333334,1.0,5050,GAGEALNAKRQQDVNHLLDLIYDHLHY,False,0.28254074,0.15,0.050792605
1971,AKDNFLRF,0.6666667,0.75,0.8888889,2800,SADPNFLRF,False,0.42777783,0.0,0.23888886
1972,GTVSKVTNVWVHPEYQD,0.29411766,0.35714287,0.8235294,4085,TVSKVLLSICSLLC,False,0.18717049,0.1,0.10694717
1973,TCCKFQFLNFCCNE,0.78571427,0.78571427,1.0,1349,ACCKVKFLNFCCNE,False,0.35979515,0.0,0.42591912
1974,QDGPIPP,0.25,0.2857143,0.875,1859,GPPYDFGM,False,0.42767853,1.0,-0.17767853
1975,AGPRAKRALTVNGLRQLIAFISRMTASDRAELEGI,0.25714287,0.3,0.85714287,6272,MVELKFLIAFFLAFTAGILAIKLGQALYDC,False,0.22857144,0.1,0.028571427
1976,FLPIVGRLISGIL,0.9230769,0.9230769,1.0,212,FLPIVGRLISGLL,False,0.42912087,0.0,0.49395606
1977,FLPLLAGVVANFLPQIICKIARKC,0.875,0.875,1.0,7723,FLPLLAGLAANFLPTIICKIARKC,False,0.28888628,0.0,0.5861137
1978,SFQCELVFAK,0.25,0.3,0.8333333,6603,FAKRYVELVIVA,False,0.20446973,0.55,0.045530275
1979,EECCPNPPCFATNSDICG,0.8888889,0.8888889,1.0,6746,EECCPNPPCFATHSEICG,False,0.3813889,0.0,0.5075
1980,AAKIALIGAGMIGGTLAA,0.3888889,0.4117647,0.9444444,2912,SIGSALKKALPVAKKIG,False,0.39245746,0.75,-0.00356856
1981,SRCFPPGIYCTPYLPCCWGICCDTCRNVCHLRI,0.969697,0.969697,1.0,1863,SRCFPPGIYCTPYLPCCWGICCGTCRNVCHLRI,False,0.25409985,0.0,0.71559715
1982,MESVAYILILTLAIGVLFFAIAFREPPRIEKKEEK,0.8,0.9032258,0.8857143,6668,MESVAYILILTMALAVLFFAIAFREPPRIEK,False,0.24571428,0.0,0.55428576
1983,SLFSLIKAGAKFLGKNLLKQGACYAACKASKQC,0.90909094,0.90909094,1.0,8748,SLFSLIKAGAKFLGKNLLKQGAQYAACKVSKEC,False,0.28202194,0.0,0.627069
1984,ILIHDRGEIAPDIIEKIREEILEVI,0.33333334,0.36,0.9259259,439,YTSLIHSLIEESQNQQEKNEQELLELD,False,0.283644,0.1,0.049689353
1985,GLEVLGKILSGIL,0.61538464,0.61538464,1.0,282,FFPILGKLLSGIL,False,0.46304718,0.0,0.15233746
1986,ALWKDLLKNVGIAAGKAALNKVTDMVNQ,0.96428573,0.96428573,1.0,8484,ALWKDLLKNVGIAAGKAVLNKVTDMVNQ,False,0.30773824,0.0,0.6565475
1987,GVVEHCCYRPCSNAEFKKFC,0.95,0.95,1.0,2821,GVVEHCCHRPCSNAEFKKFC,False,0.29250002,0.0,0.65749997
1988,MNNLEVVFQLMALFFVLAAGPAVVVLVASQKGNL,0.5882353,0.6060606,0.9705882,3002,MNLEVVVQLGSLSLIVLAGPIIVLLLASQKGNL,False,0.27571425,0.0,0.31252107
1989,GLPICGETCFTGTCNTPGCSCTYPICTRD,0.8965517,0.8965517,1.0,2033,GLPVCGETCFGGTCNTPGCSCTWPICTRD,False,0.30348843,0.0,0.5930633
1990,KIKTREVCWTEEECENWE,0.9444444,0.9444444,1.0,1608,KIKTRELCWTEEECENWE,False,0.3182749,0.0,0.62616956
1991,MVQRGSKVKILRPESYVYNEVGTVAS,0.26923078,0.26923078,1.0,4855,AGSKVVGYFTEWGTYDRKYYVKNIES,False,0.22573984,0.2,0.043490946
1992,ILPDARYRVQLDAGHEIV,0.22222222,0.25,0.8888889,4819,PDADEIERLILLALER,False,0.27945906,0.95,-0.057236835
1993,NPVDDHHDDHHDAPIVEHHD,0.29166666,0.35,0.8333333,5382,EDDHHHHHHHHHGVGGGGGGGGGG,False,0.28428575,0.45,0.007380903
1994,RACCSNPPCAHNNPDC,0.9375,0.9375,1.0,1736,RDCCSNPPCAHNNPDC,False,0.43341914,0.0,0.5040809
1995,MNTELIVQLGSLTLITLAGPLVVVLLFLKQGNL,0.8484849,0.8484849,1.0,5565,MNIELIVQLTSLALITLAGPLIVALLFLKQGNL,False,0.29929596,0.0,0.5491889
1996,LPPCCTPPKKHCPAPACKYKPCCKS,0.92,0.92,1.0,6329,LPPCCTPPKRLCPAPACKYKPCCKS,False,0.34000006,0.0,0.5799999
1997,RYTPATIRERLTMRDFMDTLRASGIQTGGPDSL,0.15151516,0.1724138,0.8787879,860,NDTPALDFVVDYHPSYGKTLFVATGGCDH,False,0.2065279,1.0,-0.055012748
1998,HSQGTFTSDYSKYLDSRRAQDFVQWLMNT,0.9655172,0.9655172,1.0,330,HSQGTFTSDYSKYLDSRRAQDFVQWLMST,False,0.16159146,0.0,0.80392575
1999,SCIEKGDFCGWVILSESCCTGFCFYVCI,0.4642857,0.4642857,1.0,1343,NCIPKNHFCGLLHHSRNCCTPTCLIVCF,False,0.282889,0.0,0.1813967
2000,IDPLTILKILKGGLKSICKHRKYLDKACASIGQ,0.24242425,0.24242425,1.0,4268,GILDTLKNLAISAAKGAAQGLVNKASCKLSGQC,False,0.26094088,0.95,-0.01851663
2001,KYSETIARLGLRR,0.30769232,0.36363637,0.84615386,2109,AARAGSERKRR,False,0.3508471,0.9,-0.043154776
2002,NLYQFKNMIQCTTKRSVLEFMEYGCYC,0.5714286,0.5925926,0.96428573,4542,NLQYLKNMIKCTNTRHWLSFTNYGCYCG,False,0.17456442,0.0,0.39686418
2003,MEALVYTFLLIGTLGIIFFAIFFREPPRLPVKGKK,0.9142857,0.9142857,1.0,7587,MEALVYTFLLVGTLGIIFFAIFFREPPRVPVKDKK,False,0.26571432,0.0,0.6485714
2004,DKNAYGIDLIL,0.36363637,0.36363637,1.0,6580,AVPDVAFNAYG,False,0.35442895,0.6,0.0092074275
2005,SLLWRWNSMKPVGASCRDHLECGTKYCRRSICTF,0.23529412,0.24242425,0.9705882,2749,GCTKFMGSCKTDADCCEHLECYKYKWCGWDGTF,False,0.19941175,0.1,0.03588237
2006,FIHHIIGGLFSAGKAIHRLIRRRRR,0.68,0.73913044,0.92,4150,FIHHIIGGLFSVGKHIHSLIHGH,False,0.29210445,0.0,0.38789555
2007,SFLNFFKGAAKNLLAAGLDKLKCKISGTQC,0.6,0.64285713,0.93333334,5057,GLLDVVKGAAKNLLASALDKLKCKVTGC,False,0.2899414,0.0,0.31005862
2008,HRVLGSWTGDSVNYAASRFLGANQVGCT,0.25,0.29166666,0.85714287,6531,GLGSVLGKILKMGANLLGGAPKGA,False,0.22541347,0.25,0.024586529
2009,MEALVYTFLLVSTLGIIFFAIFFREPPKILTKKMK,0.9714286,0.9714286,1.0,1345,MEALVYTFLLVSTLGIIFFAIFFREPPKIQTKKMK,False,0.25428575,0.0,0.7171428
2010,EDKYTDKYDNINLDE,0.26666668,0.2857143,0.93333334,8065,GNGDEDKDDDEDGD,False,0.3197631,0.9,-0.053096414
2011,VCCPFGGCHELCTADD,0.8125,0.8125,1.0,1017,VCCPFGGCHELCYCCD,False,0.38376227,0.0,0.42873773
2012,KESLLNKIVEM,0.41666666,0.45454547,0.9166667,2724,MEQSLLEQRLEM,False,0.36771566,0.3,0.048951
2013,PASDSGFLRDP,0.8181818,0.8181818,1.0,757,PAPDSSFLRDP,False,0.3881994,0.0,0.42998242
2014,SFYLSRQTVVAARRPAMAR,0.25,0.2631579,0.95,5636,MLDGVVARPQEAARYYAAGY,False,0.283122,0.8,-0.033122003
2015,QGWPGPKVPP,0.8,0.8,1.0,53,QRWPSPKVPP,False,0.46136364,0.0,0.33863637
2016,MKLLCWQKSIHGS,0.7692308,0.8333333,0.9230769,6326,MKLCWQKSIHGS,False,0.32293957,0.0,0.4462912
2017,ANKRPVWIMGHMVNAVYQIDEFVNLGANSIDTDVS,0.9142857,0.9142857,1.0,7212,ANKRPIWIMGHMVNAIYQIDEFVNLGANSIETDVS,False,0.14428572,0.0,0.77
2018,GLYLAVRRILRCH,0.30769232,0.33333334,0.9230769,339,AAVTRRILCWFA,False,0.34866074,0.9,-0.040968418
2019,TCLARDELCGASFLSNFLCCDGLCLLICV,0.43333334,0.44827586,0.96666664,5998,GCLPDEYFCGFSMIGALLCCSGWCLGICMT,False,0.27999592,0.0,0.15333742
2020,GWTLNSAGYLLGPHAIDNHRSFNDKHGLA,0.9655172,0.9655172,1.0,5273,GWTLNSAGYLLGPHAIDNHRSFHDKHGLA,False,0.2387571,0.0,0.72676015
2021,FLSLIPHAISAISAIADHL,0.94736844,0.94736844,1.0,3456,FLSLIPHAISAISAIANHL,False,0.33903107,0.0,0.6083374
2022,FLGALFKVASKLVPAAICSISKKC,0.8333333,0.8333333,1.0,2976,FLGAVLKVAGKLVPAAICKISKKC,False,0.32369944,0.0,0.5096339
2023,LDAELVDSDWRPIELRTG,0.25,0.2777778,0.9,3767,AKELLDSDGIILRNGANYYI,False,0.2905411,0.9,-0.040541112
2024,GCCSNPPCYANNQAYCN,0.7058824,0.75,0.9411765,483,GCCSLPPCAANNPDYC,False,0.39633518,0.0,0.3095472
2025,SPVPEDDRGDNFVRL,0.6666667,0.6666667,1.0,582,SPSLDDERNDNFVRL,False,0.3008334,0.0,0.36583328
2026,PISRGIMI,0.25,0.2857143,0.875,6765,ADSRKPI,False,0.39444444,0.95,-0.14444444
2027,ASDVTLNSFAEDVTVGECCDCVDLTTVY,0.23333333,0.25,0.93333334,7979,MVKAVTVLNSSEGPHGIVYFAQEGDGPTTV,False,0.24518387,0.6,-0.011850536
2028,IVRCCSATCKSCVCCF,0.4375,0.46666667,0.9375,2226,RCCIWPECGSCVCCL,False,0.395241,0.15,0.042259008
2029,LKCNKLIPLAYKTCPAGKDLCYKMYMVSDK,0.8666667,0.8666667,1.0,4441,LKCNKLIPLAYKTCPAGKNLCYKMYMVATP,False,0.24645147,0.0,0.6202152
2030,MKWETPTATDLRFGFEITMYVSAR,0.7083333,0.7083333,1.0,4412,MQWTTPSYTDLRFGFEITMYIANR,False,0.192953,0.0,0.5153803
2031,MLDPTGTYRRPRDTQDSRQKRRQDCLDPTGQY,0.21875,0.2413793,0.90625,5324,RGCPRILMRCKRDSDCLAGCVCQKNGYCG,False,0.18817402,0.4,0.030575976
2032,GGCTPCGPNLCCSEEFRCGTSTHHQTYGEPACLSY,0.6571429,0.71875,0.9142857,1320,DCTPCGPNLCCEPGKTCGTSTHHDHYGEPACV,False,0.26000002,0.0,0.39714286
2033,ECCEDGWCCTAAPLTAP,0.88235295,1.0,0.88235295,1498,ECCEDGWCCTAAPLT,False,0.3461816,0.0,0.5361713
2034,NNEAYIEEVRQAGLELFSEENLQILS,0.26923078,0.28,0.96153843,6203,ADDDLEGFSEEDLKAIKEHRAGLAA,False,0.26976126,0.5,-0.00053048134
2035,GFFLNALKNFAKTAGKRLKSLLNHASCKLSGQC,0.4848485,0.4848485,1.0,5383,GIMDTLKNLAKTAGKGALQSLLNHASCKLSGQC,False,0.27395982,0.0,0.21088868
2036,MVTLISYISLLAGFVIIASVFYLALVKIKLI,0.5483871,0.5483871,1.0,7266,MLTVIAYLGLLASVLIGTIVIYLGLVKVKLI,False,0.29619977,0.0,0.25218734
2037,AYDPDPYKRYSAEHTFFLL,0.39130434,0.47368422,0.82608694,1986,EHPALYRRYSKEHTFCKTKNQCN,False,0.19597921,0.0,0.19532514
2038,KGCCSNPACAGNNPHVCRQ,0.7368421,0.7777778,0.94736844,3402,GCCSHPACSGNNPEYCRQ,False,0.36842108,0.0,0.36842102
2039,GSCLELGEYCNGSKDDCQCCRDNAYCGCDIF,0.9354839,0.9354839,1.0,2157,GNCLELGEYCDGSKDDCQCCRDNAYCGCDIF,False,0.281711,0.0,0.65377283
2040,IDPKLLESLA,0.8,0.8,1.0,2960,IDPKVLESLV,False,0.3799243,0.0,0.4200757
2041,GCCVYPPCAVNHPDIC,0.8888889,1.0,0.8888889,3897,GCCVYPPCAVNHPDICRG,False,0.39569035,0.0,0.49319854
2042,GFLSGSTGIEIPGPQL,0.33333334,0.375,0.8888889,8506,FLGGLIGPLMSLIPGLLK,False,0.33931884,0.5,-0.0059854984
2043,GEEEYQKMLENLRESRS,0.9411765,0.9411765,1.0,3083,GEEEYQKMLENLREARS,False,0.30882347,0.0,0.632353
2044,VLGLIPITLAGLFVTAYLQYR,0.2857143,0.31578946,0.9047619,5078,FLFSLIPSVIAGLVSAIRN,False,0.32375887,1.0,-0.038044572
2045,CSEVGAACDTESNICCSGECFAVQGSTFGICE,0.40625,0.43333334,0.9375,5686,CSYFGADCLPDSHDCCSGECFGFPDMGLCT,False,0.25648674,0.0,0.14976326
2046,PECCSDPRCNSTHPELCG,0.9444444,0.9444444,1.0,7179,PECCSDPRCNSSHPELCG,False,0.37002927,0.0,0.57441515
2047,VNPIILGVLPKFVCLITKKC,0.75,0.75,1.0,2657,FFPIILGLVPKLVCLITKKC,False,0.3241667,0.0,0.4258333
2048,ICPRILMPCSSDSDCLAECICLENGFCG,0.9310345,0.96428573,0.9655172,1626,RICPRILMECSSDSDCLAECICLENGFCG,False,0.27424964,0.0,0.6567849
2049,MPFKLFDVSKPIPERKEHTYVKHCGDP,0.2,0.22222222,0.9,2419,KFFKKLKKSVKKHVKKFFKKPKVIGVSIPF,False,0.20589557,0.5,-0.00589557
2050,TMSAVRLTHIPTGIVVTCQDEKSQIKN,0.19354838,0.22222222,0.87096775,24,MSDVIIPFLTSAVTAFIVAYLLDRWYIKRRR,False,0.2227206,0.8,-0.029172212
2051,FLPLLFGAISHLL,0.61538464,0.61538464,1.0,1441,FLPLVTGLLSGLL,False,0.45989004,0.0,0.1554946
2052,MATIYKVTLINETEG,0.25,0.26666668,0.9375,2605,LLVTLISYSSSEGIDD,False,0.3347141,0.95,-0.084714115
2053,GFGSFLGKALKAGLKLGANLLGGAPQQ,0.962963,0.962963,1.0,1666,GFGSLLGKALKAGLKLGANLLGGAPQQ,False,0.36666667,0.0,0.5962963
2054,SVGDTNFVYNQKVDKHAFYEQNKRVIEQ,0.2,0.25,0.8,7492,GEWYNQTKDLQQKFYEIIMDIEQNNVQGKKGIQQL,False,0.18642856,0.5,0.013571441
2055,TANNKATDLMALTVRGCCGNPSCSIHIPYVCN,0.96875,0.96875,1.0,4430,AANNKATDLMALTVRGCCGNPSCSIHIPYVCN,False,0.2349153,0.0,0.7338347
2056,QHWSHGWYPG,0.8,0.8,1.0,7632,QHWSYGWLPG,False,0.3125758,0.0,0.48742422
2057,FCLDQGEFCGWVIFSEDCCSGFCLFACI,0.5714286,0.5925926,0.96428573,3318,CLDQGSFCGTLVFGVACCSGFCIIVCL,False,0.28726146,0.0,0.28416714
2058,INLKAIAAFAKKLL,0.9285714,0.9285714,1.0,635,INLKAIAAMAKKLL,False,0.47857141,0.0,0.45
2059,VSCEDCPEHCATKDQRAKCDNDKCVCEPK,0.82758623,0.82758623,1.0,7676,VSCEDCPDHCSTQKARAKCDNDKCVCEPK,False,0.25756162,0.0,0.5700246
2060,MSPQTETKAKVGFQAGVKDYKLTYYT,0.23076923,0.2857143,0.8076923,5400,GMATKAGTIVGKIAKVALNAL,False,0.23035808,0.6,0.00041115284
2061,RAIPGLENAEFARLGGL,0.4117647,0.46666667,0.88235295,4211,GLFDAIGNLLGGLGL,False,0.35756963,0.25,0.054195076
2062,GSENTFQQIVSEMALAGFTGSEVGSKYPRDPAVLK,0.17142858,0.19354838,0.8857143,530,MVSEAITALKERTGSMLTQIKKLVAAGKLTK,False,0.20428574,1.0,-0.032857165
2063,MDKLAAGGLYLLFLLLAGIIVTH,0.3043478,0.33333334,0.9130435,7397,GLLDLLKGAGKGLLTHLASQI,False,0.34511992,0.95,-0.04077211
2064,MLTLFSYFGFLFAALTLALVLFIGLNKIQLI,0.87096775,0.87096775,1.0,404,MLTLLSYFGFLFAILTLTSVLFIGLNKIQLI,False,0.3153413,0.0,0.55562645
2065,YAEVPSPAAQAPTAD,0.4375,0.46666667,0.9375,7537,DEAAPPPAATAPAATE,False,0.39472228,0.3,0.042777717
2066,NEEEKVKWEPDVP,0.9230769,0.9230769,1.0,5825,NEEEKVKWQPDVP,False,0.35784346,0.0,0.56523347
2067,GLIGSIGKALGGLLVDVLKPKLQAAS,0.7307692,0.76,0.96153843,5815,GLMSSIGKALGGLIVDVLKPKTPAS,False,0.3574074,0.0,0.37336183
2068,CTPSGTICSPEAPEQCCSNSCVPHQWLRIFVCA,0.45714286,0.4848485,0.94285715,2703,KCSPSGAICSGFGPPEQCCSGACVPHPILRIFVCQ,False,0.24358292,0.0,0.21355994
2069,DCLPGWSVYEGRCYKVFNQKTWKAAEKFC,0.56666666,0.5862069,0.96666664,3428,DCLPGWSSHEGHCYKVFNQEMYWADAEKFC,False,0.18113407,0.0,0.3855326
2070,TCLGKNALCGAPGVGVLVCCSFKCVVVCV,0.41935483,0.44827586,0.9354839,3186,ECLEADYYCVLPFVGNGMCCSGICVFVCNTT,False,0.29596362,0.0,0.12339121
2071,VTAVALTDSVHNVWHQE,0.23529412,0.25,0.9411765,1390,VTAKAVAAAEAASSAR,False,0.269346,0.85,-0.03405188
2072,QNCCNGGCSSKWCKGHARCC,0.95,1.0,0.95,2647,NCCNGGCSSKWCKGHARCC,False,0.35372943,0.0,0.59627056
2073,SCNNCPEEPCCAGDQCMPDPGYEPFCGN,0.75,0.75,1.0,1881,QCVDCPEEPCCYGDKCMADPGSEPFCGN,False,0.28087676,0.0,0.46912324
2074,EDSLSDWERVYLPIDPGVVL,0.25,0.29411766,0.85,214,GFLSALKKYLPIVLKHV,False,0.2669071,0.8,-0.016907096
2075,FFGSMIGALAKGLPSLISLIKK,0.95454544,0.95454544,1.0,5897,FFGSIIGALAKGLPSLISLIKK,False,0.34806558,0.0,0.6064799
2076,SIPCAESCVWIPCTVTALLGCSCSDKVCYN,0.93333334,0.93333334,1.0,2492,GIPCAESCVWIPCTVTALLGCSCSNKVCYN,False,0.26449817,0.0,0.66883516
2077,APEESPKRAPSGFLGVR,0.47368422,0.5294118,0.8947368,540,NGERAPGSKKAPSGFLGTR,False,0.31783798,0.0,0.15584624
2078,MDILSLGWSALMVVFTFSLALVVWGRNGF,0.86206895,0.86206895,1.0,287,MDIISLGWSSLLVVFTFSLSLVVWGRNGF,False,0.28448686,0.0,0.5775821
2079,MSDINGTRLPIPGLIPLGIPCVSDDVNPTLTRGER,0.5714286,0.5714286,1.0,4591,MSDINATRLPIIIVLGLIIPLCVSDIEMILTRGER,False,0.21857145,0.0,0.35285714
2080,NSELINAILGSPTLFGEV,0.9444444,0.9444444,1.0,4157,NSELINAILGSPTLMGEV,False,0.3311258,0.0,0.6133186
2081,AHAVEEAVERQLHTLARTE,0.22727273,0.2631579,0.8636364,567,SETRDTLAAQSDAERKAVELSL,False,0.29452434,1.0,-0.06725161
2082,RGSNLTTHPLRNIKDLVVYM,0.7,0.7,1.0,103,RGSNLTIHPLRNIIDLFYVG,False,0.22250752,0.0,0.47749245
2083,SELTVEDVEPLNNADKNKVVII,0.24,0.27272728,0.88,6956,TEVVADSVQFLEPKNNNKQNNQQHN,False,0.25665313,0.65,-0.016653135
2084,MVNWQVIGQLLSATLIVLAGPAVIFVLAFKKGNL,0.7058824,0.7058824,1.0,4792,MINWQVIGQLIATGAIMLAGPAVIVLLALKKGNL,False,0.27941173,0.0,0.42647064
2085,EQCGRQAGGATCPNNLCCSQYGY,0.30769232,0.3478261,0.88461536,4165,NRLCCSQYGFCGTTSEYCSRVSGCQS,False,0.28305575,0.15,0.024636567
2086,DPASVSDAKQ,0.5,0.6,0.8333333,7147,DSPAGVSDAQKQ,False,0.37833333,0.1,0.12166667
2087,DVLLFIDNIYRYTLAGTE,0.2,0.22222222,0.9,3771,GVLFASGQNLARTLIEFLLR,False,0.27194217,1.0,-0.071942165
2088,QDKPFWSPPIYPH,0.9230769,0.9230769,1.0,7845,QDKPFWSPPIYPV,False,0.34910718,0.0,0.5739697
2089,KAIKNDVPRLIWS,0.3846154,0.41666666,0.9230769,6527,AVILKAIKNPKK,False,0.3346154,0.35,0.049999982
2090,ATETPDIELLTPIDGVNNDDNLIVKA,0.23076923,0.24,0.96153843,3154,AAILKPIKNLTKVNVVIQKAVAATE,False,0.23748216,0.6,-0.0067129284
2091,IPPFIKKVLTTVF,0.46153846,0.46153846,1.0,2313,FLPFLAKILTGVL,False,0.3751832,0.15,0.08635527
2092,CLGCGEDPRCC,0.54545456,0.54545456,1.0,3217,GCCEDKTCCFI,False,0.46124706,0.1,0.084207505
2093,YDASLKPNLQIPQKNIPNNDAVNIK,0.28,0.28,1.0,3154,AAILKPIKNLTKVNVVIQKAVAATE,False,0.21577136,0.05,0.06422864
2094,GIPCGESCVFIPCITSVAGCSCKSKVCYRN,0.93333334,0.93333334,1.0,1995,GIPCGESCVFIPCISSVVGCSCKSKVCYRN,False,0.29498467,0.0,0.6383487
2095,APAPSGGGSAPLAKIYPRGSHWAVGHLM,0.4642857,0.52,0.89285713,5499,APVENQGSFPKMFPRGSHWAVGHLM,False,0.25366172,0.0,0.21062398
2096,QVRYRQCYFNPISCF,0.93333334,0.93333334,1.0,4652,QVRFRQCYFNPISCF,False,0.25982434,0.0,0.673509
2097,FLPAIAGILSQLF,0.7692308,0.7692308,1.0,3072,FLPVIAGVLSKLF,False,0.44093403,0.0,0.32829675
2098,GLYCCQPKPNGQMMCNRWCEINSRCC,0.8965517,1.0,0.8965517,2629,GLYCCQPKPNGQMMCNRWCEINSRCCGRR,False,0.2479593,0.0,0.6485924
2099,VPHIVVFLNKADMVDDAELLELVEMEV,0.22222222,0.26086956,0.8518519,2264,AVLLQSEVLELEAFAEGLAEGVV,False,0.25136518,0.95,-0.02914296
2100,LYYSQNGVAVMAVCCGPTRVFVDRELKA,0.19354838,0.21428572,0.9032258,5030,IGALQGAVDRVLTQPTQSIVRNVAVVNSLYK,False,0.21771061,0.85,-0.024162233
2101,RQPQVVVPEALLCSLGVKRVLLSVSHSREYAT,0.21875,0.21875,1.0,2603,NLLSKRVSIWFCASRTCSTPADCNPCTCESGV,False,0.25256693,1.0,-0.033816934
2102,CCAPSACRLGCRPCCR,0.6875,0.73333335,0.9375,6903,CCGPTACMAGCRPCC,False,0.43474263,0.0,0.25275737
2103,IGVCCGYKLCHC,0.9166667,0.9166667,1.0,2110,TGVCCGYKLCHC,False,0.49423075,0.0,0.42243594
2104,SLWSSIKDMAAAAGRAALNAVNGIVNP,0.962963,0.962963,1.0,2896,SLRSSIKDMAAAAGRAALNAVNGIVNP,False,0.2764919,0.0,0.6864711
2105,GTTCKCGSTLGIYWFAVTSCPPGRGYTTHCGYF,0.4117647,0.42424244,0.9705882,5616,GASCDCHPFKGTYWFGTSNCPSGHGYRKKCDSFF,False,0.24861474,0.0,0.16314997
2106,GAYGQGQNIGQLFVNILIFLFY,0.22727273,0.2777778,0.8181818,2982,QLFTLICLFYIGSIIAEP,False,0.26181284,1.0,-0.034540102
2107,MLTIISYFLFLIGALTLALVLFIGLNKIQLI,0.9032258,0.9032258,1.0,4523,MLTIISYFGFLFGALTLALILFIGLNKIQLI,False,0.3089737,0.0,0.5942521
2108,ILPWKWPWWPWRR,0.35714287,0.3846154,0.9285714,4383,RWWRWWRRWWRWWR,False,0.38150185,0.9,-0.024358988
2109,GCCPYPKCIHVTFCKCC,0.64705884,0.6875,0.9411765,3295,CCPYPSCIDIPFCDCC,False,0.37555552,0.0,0.27150333
2110,ESECPWHPWC,0.90909094,1.0,0.90909094,7898,NESECPWHPWC,False,0.43454552,0.0,0.47454542
2111,GFCAQKGIKCHDIHCCTNLKCVREGSNRVCRKA,0.6666667,0.7586207,0.8787879,7452,GFCAEAGIKCNDIHCCGNLKCKAVGSNRV,False,0.23466516,0.0,0.43200153
2112,FFHHIFRAIVHVGKTIHRLVTG,0.95454544,0.95454544,1.0,963,FFHHIFRAIVHVAKTIHRLVTG,False,0.29406327,0.0,0.66048217
2113,GLEETYCSMKIK,0.73333335,0.9166667,0.8,1683,GLEETYCSMRIKENI,False,0.3118315,0.0,0.42150185
2114,AFCCPSGWSAYDQ,0.8125,1.0,0.8125,6056,AFCCPSGWSAYDQNCY,False,0.3528045,0.0,0.4596955
2115,PDEEYNPYEPLTEWFTTEKEIM,0.22727273,0.25,0.90909094,2365,AHDRNPLEEYFRETDYEEFL,False,0.23372026,0.75,-0.006447524
2116,MPKSLLLVLALALLAQTALANGPQGSSDRNWIRLG,0.22857143,0.24242425,0.94285715,8175,MNIELALTLVSLVLVVSAGPLVVVLLSARGGNL,False,0.24142858,1.0,-0.012857154
2117,FADLNNSPGREGHAVMAGTFLGEF,0.28,0.29166666,0.96,1177,MALVFFLIAVLAGILGFAGIAGTLA,False,0.22969994,0.1,0.05030006
2118,MLTIISYFGLLLATLTFTIVLFVGLSKIQLI,0.7741935,0.7741935,1.0,4086,MLTITSYFGFLLAALTITSVLFIGLSKIRLI,False,0.30277222,0.0,0.4714213
2119,AVCNLRRCQLSCRSLGLLGKCIGVKCECVKH,0.9354839,0.9354839,1.0,862,AFCNLRRCQLSCRSLGLLGKCIGDKCECVKH,False,0.27308926,0.0,0.66239464
2120,DEGGTQYTPRL,0.36363637,0.4,0.90909094,3523,QSVPTFTPRL,False,0.28385782,0.35,0.07977855
2121,CLAPQRWCSMHDDNCCKTCIILRCS,0.96,0.96,1.0,7443,CLAPQRWCSMHDDNCCKTCIILWCS,False,0.24378273,0.0,0.7162173
2122,WWEGDCTGWLDGCTSPAECCTAVCDATCKLW,0.61290324,0.61290324,1.0,4192,WWEGDCTDWLGSCSSPSECCYDNCETYCTLW,False,0.25997362,0.0,0.35292962
2123,MPTITSYFGFLLAASTITPALLMGLSKIRLI,0.9677419,0.9677419,1.0,2980,MPTITSYFGFLLAASTITPALLIGLSKIRLI,False,0.28917894,0.0,0.678563
2124,GEEEYQKMLENLREDRS,0.9411765,0.9411765,1.0,3083,GEEEYQKMLENLREARS,False,0.3121111,0.0,0.6290654
2125,MLTKFETKSARVKGLSFHPKRPWILTSLHNGVIQL,0.2,0.22580644,0.8857143,404,MLTLLSYFGFLFAILTLTSVLFIGLNKIQLI,False,0.19857147,0.75,0.0014285296
2126,AGRKTLRLCVCEDSRLRRRRRGPPLGELR,0.27272728,0.31034482,0.8787879,1424,MPRRRRSSRPPVRRRRRPRVSRRRRRRGGRRRR,False,0.30538043,1.0,-0.032653153
2127,GITCECCYNHCSFRELVQYCN,0.71428573,0.71428573,1.0,8038,GITCECCFNQCTYYELLQYCN,False,0.29167032,0.0,0.4226154
2128,FHPSLWVLIPQYIQLIRKILKSG,0.26923078,0.3043478,0.88461536,1024,GFGSFLGSLFKTGLKIIPKLLPSIQQ,False,0.25470257,0.25,0.014528215
2129,VLESKFLELKQKFAQGDVPLPSFWGGY,0.22222222,0.27272728,0.8148148,2632,GVFLDALKKFAKGGMNAVLNPK,False,0.2526852,0.95,-0.030462965
2130,GRCCDVPNACSGRWCRDHAQCC,0.8181818,0.8181818,1.0,6616,QGCCNVPNGCSGRWCRDHAQCC,False,0.3147605,0.0,0.5034213
2131,VVLDCGCGAGSTITPYLLQELGC,0.26086956,0.2857143,0.9130435,557,GLLSGILGAGKHIICGLSGLC,False,0.27568343,0.95,-0.01481387
2132,PSYKLHYFDLRAAGE,0.33333334,0.33333334,1.0,3918,DAALRVAGETLKEFA,False,0.2861765,0.4,0.04715684
2133,EALHQELEARIAALSDSVANAS,0.36363637,0.3809524,0.95454544,1255,FIKELLPHLSGIIDSVANAIK,False,0.30010006,0.05,0.063536316
2134,GRCVCRKQLLCSYRERRIGDCKIRGVRFPFCCPR,0.4117647,0.42424244,0.9705882,1416,VVCACRRALCLPLERRAGFCRIRGRIHPLCCRR,False,0.2657563,0.0,0.1460084
2135,PCRLSWALQCLEDRQ,0.4,0.42857143,0.93333334,1792,CCRLSCGLGCHPCC,False,0.29494283,0.0,0.10505718
2136,MKYLAFLIKGKTTHFDVGK,0.25,0.2631579,0.95,8673,KIKIPWGKVKDFLVGGMKAV,False,0.29253227,0.9,-0.042532265
2137,CCWNRACTRLVPCSK,0.46666667,0.46666667,1.0,2591,GCCSNPPCARLNPAC,False,0.36071083,0.0,0.10595584
2138,MLVVIMFFIAFAFCSWLSYSYLRPYISTKELNKSR,0.22857143,0.2580645,0.8857143,4656,MFTVISYLSLLFISFLFALTLFIVLNKIELI,False,0.21428573,0.5,0.0142856985
2139,GFADLFGKAVDFIKS,0.73333335,0.73333335,1.0,2334,GFADLFGKVANLIKS,False,0.342786,0.0,0.39054734
2140,EWKLPDLIINHITLTRRNCFKYRCG,0.2,0.2173913,0.92,1081,NSDTPKYRCGSDIPNSYMDLCFR,False,0.19459577,0.6,0.005404234
2141,GGAAGGCCSDPPCRNKHPDLC,0.95238096,1.0,0.95238096,8381,GAAGGCCSDPPCRNKHPDLC,False,0.3314186,0.0,0.6209624
2142,GCVGHRKSCEHDKKNGCCYFMTCNCWHPMGQ,0.22580644,0.23333333,0.9677419,2060,KEVKRGCVATCPKPKKNEIIQCCAKDKCNK,False,0.2402606,0.85,-0.014454156
2143,DCGAQGEGCYTRPCCAGLSCVGGHSGGLCQY,0.78125,0.8064516,0.96875,2005,NCGEQGEGCATRPCCAGLSCVGSRPGGLCQYD,False,0.30934674,0.0,0.47190326
2144,KGICCGVSFCYPC,0.9230769,1.0,0.9230769,1436,GICCGVSFCYPC,False,0.436337,0.0,0.48673993
2145,SLLGTVKDLLIGAGKSAAQSVLKGLSCKLSKDC,0.8484849,0.8484849,1.0,954,GVLGTVKNLLIGAGKSAAQSVLKTLSCKLSNDC,False,0.29125544,0.0,0.5572294
2146,CCPGWELCCEWDDGCKGNDL,0.8,0.9411765,0.85,5430,RCCPGWELCCEWDDGCK,False,0.32757574,0.0,0.47242427
2147,GCCPKQMRCCTL,0.5,0.6,0.8333333,1091,GCCPRSFLCC,False,0.43170333,0.15,0.06829667
2148,AGLFAQPRL,0.6,0.6666667,0.9,6539,AAGLFQFPRV,False,0.3940405,0.0,0.20595953
2149,FLPVLAGLTPSIVPKLVCLLTKKC,0.9583333,0.9583333,1.0,2068,FLPVLTGLTPSIVPKLVCLLTKKC,False,0.3143288,0.0,0.6440045
2150,QARPPHPPIPP,0.8181818,0.8181818,1.0,4650,QGRPPGPPIPP,False,0.50906175,0.0,0.30912006
2151,WCPPMIPLCSRF,0.5,0.5,1.0,5308,LCPPMCRSCSNC,False,0.40673074,0.1,0.09326926
2152,GIMDTLKNLAKTAGKGALQSLLKMASCKLSGQC,0.969697,0.969697,1.0,205,GIMDTLKNLAKTAGKGALQSLVKMASCKLSGQC,False,0.29069266,0.0,0.6790043
2153,GEEEYQKNVGKSKRSRS,0.9411765,0.9411765,1.0,6032,GEEEYQKDVGKSKRSRS,False,0.30572754,0.0,0.63544893
2154,GCCSHPACNVRNPHIC,0.9375,0.9375,1.0,169,GCCSHPACNVNNPHIC,False,0.42003673,0.0,0.51746327
2155,EQATLIDFGKLNADIVPDKNGGMTQ,0.21428572,0.24,0.89285713,4369,APDFSTLELIPDKLKEFGNTLEEKARMA,False,0.25540742,0.85,-0.041121706
2156,APWMVVTATTNCCGYTGPACHPCLCTQSC,0.79310346,0.79310346,1.0,8181,APWTVVTATTNCCGITGPGCLPCRCTQTC,False,0.28618374,0.0,0.50691974
2157,TIICYGAAGTCARVVCDCDRTA,0.22727273,0.2631579,0.8636364,2079,VLKAAKGYYGARSRVFRVA,False,0.27407157,1.0,-0.04679884
2158,FHGHTKDSKKNIKK,0.46666667,0.5,0.93333334,769,FFQELKEGWKNIKKA,False,0.3089321,0.0,0.15773457
2159,DGVCCGYKLCHC,0.9166667,0.9166667,1.0,2110,TGVCCGYKLCHC,False,0.49423075,0.0,0.42243594
2160,MDSKAVLKGMLEKAYRIEAGFEKRG,0.28,0.3043478,0.92,8333,ALWKNMLKGIGKLAGKAALGAVK,False,0.27479914,0.6,0.005200863
2161,FNDGASCGQCYKIACDRKRAPQWCRPGVTVTIT,0.21212122,0.2413793,0.8787879,2286,TVKCGGCNRKCCPGGCRSGKCINGKCQCY,False,0.22105174,0.65,-0.008930519
2162,GCCSHPACHIHPEC,0.9285714,0.9285714,1.0,4283,GCCSHPACRIHPEC,False,0.42059526,0.0,0.5079762
2163,YECYSTGTFCGINGGLCCSNLCLFFVCLTFS,0.87096775,0.9,0.9677419,1674,YECYSTGTFCGVNGGLCCSNLCLFFVCLFS,False,0.29268122,0.0,0.5782865
2164,ITACLDPDGWKEPGPLPGISTK,0.22727273,0.2777778,0.8181818,232,AEYTLPDLGWDYAASGPG,False,0.24400255,0.8,-0.016729817
2165,FLSLIPHAINAISAIADHF,0.8947368,0.8947368,1.0,54,FLSLIPHAINAVSAIAKHF,False,0.32894737,0.0,0.56578946
2166,HPFCNNLRSGDWM,0.3846154,0.3846154,1.0,8376,LFFLDLQTLRSGD,False,0.31634614,0.25,0.06826925
2167,NTGTPAHMAWSILALGFFS,0.2631579,0.29411766,0.8947368,1275,FLPAALAGIGGILGKLF,False,0.27475792,0.8,-0.011600018
2168,PRRRRRSSRPVRRRRRYRRSTVARRRRRVVRRRR,0.9117647,0.9117647,1.0,5743,PRRRRQASRPVRRRRRYRRSTAARRRRRVVRRRR,False,0.5556303,0.0,0.35613436
2169,RIRFPWPWRWPWWPRFRG,0.33333334,0.375,0.8888889,2611,RRWYRWWRRRWYRWWR,False,0.36444446,1.0,-0.031111121
2170,FQLWRASGITSELQLYCTAIGALIFAALMLFAGWF,0.2857143,0.3125,0.9142857,5456,FSGLEAAIVLIAFVVVAAVFSYVMLGAGFFAT,False,0.24999997,0.25,0.03571433
2171,VGCEECPAHCKGKNAKPTCDDGVCNCNV,0.96428573,0.96428573,1.0,6526,VGCEECPAHCKGKNAIPTCDDGVCNCNV,False,0.27586505,0.0,0.68842065
2172,EGSGSGETSGMWFGPRL,0.9411765,0.9411765,1.0,8111,GGSGSGETSGMWFGPRL,False,0.35657892,0.0,0.5845976
2173,IRLIRELLQTLYTSLCTLVQRVGKSVLVGNINMWV,0.22857143,0.26666668,0.85714287,8444,MWYLLWFVGILLMCSLSTLVLVWLDPRLKS,False,0.23428571,0.75,-0.0057142824
2174,TCEPGASPHPQGKCRPELAEFHETMCEV,0.60714287,0.60714287,1.0,8028,TCESDASPHPQGVCGSPLAEAVEAACEL,False,0.22080776,0.0,0.3863351
2175,YSSQLAQVQGLIGNVESQLAEIR,0.24,0.26086956,0.92,4377,NLSISSSLIPDKQRGSVESQVFFLT,False,0.258548,0.7,-0.018547997
2176,MDIPGADEKLAQFKKDL,0.29411766,0.3125,0.9411765,1621,LEIADLAQYVVDLTAR,False,0.3063889,0.8,-0.012271255
2177,MPTITSYFGFLLAALTITSALFIGLSKIGLI,0.9354839,0.9354839,1.0,1800,MPTITSYFGFLLAALTITSALLIGLSKIRLI,False,0.3086694,0.0,0.6268145
2178,ALWMTLLKKVLKAAAKALNAVLVGANA,0.4642857,0.4814815,0.96428573,2862,ALWKTLLKNVGKAAGKAVLNAVTDMVNQ,False,0.34855932,0.0,0.11572638
2179,CCSVSICQSPPVCECCA,0.9411765,0.9411765,1.0,6819,CCSVSICQPPPVCECCA,False,0.4058823,0.0,0.5352942
2180,MDIVSFAWAALMVVFTFSLSLVVWGRSGL,0.9655172,0.9655172,1.0,7755,MDIVSLAWAALMVVFTFSLSLVVWGRSGL,False,0.28264576,0.0,0.68287146
2181,MTLAQFAMTFWHDLAAPILAGIITAAIVGWWRNRK,0.94285715,0.94285715,1.0,7068,MTLAQFAMIFWHDLAAPILAGIITAAIVSWWRNRK,False,0.22714284,0.0,0.71571434
2182,PRRRRRSSRPVRRRRRYRRSTAARRRRRVVRRRR,0.9411765,0.9411765,1.0,5743,PRRRRQASRPVRRRRRYRRSTAARRRRRVVRRRR,False,0.5535294,0.0,0.3876471
2183,GCCSTPPCAVLYC,0.6923077,0.6923077,1.0,4644,GCCSDPPCAHKHC,False,0.43907967,0.0,0.25322804
2184,DCPSDWSNHEGHCYRVFNEWMNWAD,0.6666667,0.8,0.8333333,1206,DCPSDWSPYEGHCYRVFTEPQNWADAEKFC,False,0.1595141,0.0,0.50715256
2185,LDKRCIPHFDPCDPIRHTCCFGLCLLIACI,0.6666667,0.6896552,0.96666664,1702,CIPQFDPCDMVRHTCCKGLCVLIACSKTA,False,0.25907204,0.0,0.40759465
2186,VECPIYYCPDSVCC,0.35714287,0.35714287,1.0,7496,CCMRPICMCPCCVN,False,0.4053151,1.0,-0.048172235
2187,FLPIIAGAAAKVVEKIFCAISKKC,0.9583333,0.9583333,1.0,2973,FLPIIAGAAAKVVQKIFCAISKKC,False,0.32674998,0.0,0.63158333
2188,VSGSGIMAKRVVVDA,0.33333334,0.3846154,0.8666667,4293,NQQSGSETKVVVG,False,0.32420343,0.65,0.009129912
2189,EDCLGWFSRCSPKNDKCCPNYKCSSKDLWCKYKIW,0.71428573,0.71428573,1.0,5022,DDCLGMFSSCDPNNDKCCPNRKCSRKDQWCKYQLW,False,0.24000001,0.0,0.47428572
2190,QLARVVEVFRYLAALF,0.375,0.375,1.0,1969,PGTQPIARSEVFRYSL,False,0.3306579,0.25,0.0443421
2191,AVSLVLPQLK,0.4,0.5,0.8,7057,LFSLVLAG,False,0.4178031,0.75,-0.017803103
2192,GSVLNCGETCLLGTCYTTGCTCNKYRVCTKD,0.87096775,0.87096775,1.0,3908,GSVFNCGETCVLGTCYTPGCTCNTYRVCTKD,False,0.27815253,0.0,0.5928152
2193,ARYAILFAGSNVVYNAQADIYTIYTFL,0.21428572,0.22222222,0.96428573,7468,MSEARNLFTTFGILAILLFFLYLIYAVL,False,0.22998461,0.85,-0.015698895
2194,CCEYPACYVGCMCCNP,0.6875,0.6875,1.0,2905,CCEEPFCNAGCACCNP,False,0.40195543,0.0,0.28554457
2195,RAGLAASSVSPHV,0.3846154,0.3846154,1.0,3881,FLPLLAGLAAKWF,False,0.37578985,0.6,0.008825541
2196,MKARREKLAALREQGIPFPNDF,0.24,0.27272728,0.88,6232,AAEDHALEHLRGQGLRLLARNWRCK,False,0.2914004,0.9,-0.05140041
2197,GLFTLIKCAYQLIAPTVACN,0.33333334,0.4,0.8333333,4600,GFKDWIKGAAKKLIKTVAANIANQ,False,0.26708335,0.05,0.06625
2198,AKNIQYFGAGTRLSVL,0.625,0.6666667,0.9375,2511,QETQYFGPGTRLLVL,False,0.30542484,0.0,0.31957516
2199,LVSLPQIAHADCCSDPACKQTPGC,0.45833334,0.47826087,0.9583333,8152,GLFSTLFHADCCENPACRHTQGC,False,0.2597547,0.0,0.19857866
2200,MPKRGLFVGRFQP,0.3846154,0.41666666,0.9230769,188,QGVGEEGLFGGR,False,0.36203533,0.55,0.022580057
2201,LTYAAPVWKVLNEKRKAGHRILFEGA,0.26923078,0.3181818,0.84615386,801,TRRKFWKKVLNGALKIAPFLLG,False,0.25060123,0.35,0.018629551
2202,FLGALLGPLMNLLQ,0.78571427,0.78571427,1.0,5265,FIGALLGPLLNLLK,False,0.46071425,0.0,0.32500002
2203,VAGKSFVPIAAGRQ,0.5714286,0.5714286,1.0,8548,VAGRSVVKIAEGYL,False,0.34346113,0.0,0.22796747
2204,GKPRPQQVPPRPPHPRL,0.8888889,0.9411765,0.9444444,420,SNKPRPQQVPPRPPHPRL,False,0.3902124,0.0,0.4986765
2205,LSLGTIKKLLQILAQGLKAICNHRDLIAKGCQA,0.7878788,0.7878788,1.0,2080,ISLAQIKKLLQIIKQGLKAICDNRDLIAKGCQA,False,0.28400183,0.0,0.503877
