train_index,sequence,length,y,cluster_id,fold
0,VSKYAPDSIVIVVTNPVDVLTY,22,0,0,6
1,REIILPALRLQTSSDCLGFPDVWC,24,1,1,2
2,SLKDKVKSMGEKLKQYIQTWKAKF,24,1,2,0
3,YIKTWGCQMNEYDSSKMADLLESTHGY,27,0,3,4
4,RCCISPACHDDCICCIT,17,1,4,3
5,SHYSEGPGQNLPFSVQNKRLLGMM,24,0,5,1
6,GRNEFVIRLQSEA,13,0,6,7
7,CCHPACGKHFNC,12,1,7,7
8,GIVDFAKGVLGKIKNVLGI,19,0,8,5
9,TSAEVPATAQGVTHALEGTQ,20,0,9,7
10,VLYQAVNVFSMDVIDVNSAAPKTCD,25,1,10,6
11,KTATLFPGHGIGPEIQAVPIL,21,0,11,1
12,LDPGLAFGSGTHQTTALCLRWLDSLAGSGE,30,0,12,4
13,DCGGQGEGCYTQPCCPGLRCRGGGTGGGVCQL,32,1,13,0
14,CKSTGASCRRTSYDCCTGSCRSGRC,25,1,14,4
15,NAYDMVLNGNEIGGGSIRIHDKNTQALMFK,30,0,15,1
16,CCRAACSPWLCLPCC,15,1,16,2
17,MKLIAKTRILNTLVFSAAGK,20,0,17,2
18,AIDYDEDEDGRPKVHVDAR,19,0,18,5
19,HKEELDNLISTHLKKGWSLERLTLTDKT,28,0,19,4
20,KNEFIRF,7,0,20,0
21,KGWEQGMPMQFYFFVSPFAET,21,0,21,8
22,CLGSREQCVRDTSCCSMSCTNNICF,25,1,22,8
23,QPKRFGRKRRYSKKSSEDGSPTP,23,0,23,7
24,MSDVIIPFLTSAVTAFIVAYLLDRWYIKRRR,31,0,24,7
25,LGDKEKVIIVRPEHLVSF,18,0,25,9
26,CCPGNFACC,9,1,26,6
27,FQTFLFPLKRDFEKTVVFALIQ,22,0,27,8
28,FIFHIIKGLFHAGKMIHGLVTRRRH,25,1,28,1
29,ISGPVLGLVGNALGGLIKKI,20,1,29,5
30,RCCGYKMCHPC,11,1,30,0
31,LVSCWNRGQAGFTLDPMERIAQLVI,25,0,31,5
32,CCPARMCMAACSCCD,15,1,32,6
33,CFPPGTFCSRYLPCCSGRCCSGWCTRRCSPRY,32,1,33,2
34,GYKVTYFAIRGLAEPILLL,19,0,34,0
35,DECCSNPACRVNNPHVCRRR,20,1,35,4
36,SLSINTNTSEMIALQTLDA,19,0,36,8
37,SPPEAAYGPGNTNSDSGDK,19,0,37,1
38,CCHPACGRKYNCGR,14,1,7,3
39,IVGGTEVTPGEIPYQLSFQD,20,0,38,6
40,IVRRACCSDRRCRWRCG,17,1,39,3
41,CCTVCTTGCVVCC,13,1,40,2
42,LNKRCLEFGEVCNFFFPTCCGYCVLLVCL,29,1,41,3
43,MSTDLKFSLVTTIIVLGLIVAVGLTAALH,29,0,42,3
44,KHFGKDSNFPFGT,13,0,43,8
45,SCAQLGEPCSNNPCCPGVKCFTLPTPICIWN,31,1,44,9
46,MRHSNKIRDEEMVNNTRLNA,20,0,45,7
47,ALTEQASKVALTADL,15,0,46,1
48,TKSPDCGGILSPSGLSYFA,19,0,47,8
49,ECCEDGWCCTAA,12,1,48,9
50,VACVYRTCDKDCTSRKYRSGKCINNACKCYPY,32,1,49,3
51,GWCGDPGATCGKLRLYCCSGFCDCYTFTCKDKSSA,35,1,50,0
52,GSVIGCGETCLRGRCYTPGCTCDHGICKKN,30,0,51,5
53,QRWPSPKVPP,10,1,52,4
54,FLSLIPHAINAVSAIAKHF,19,1,53,9
55,DTHKSEIAHRQPDLG,15,0,54,8
56,DGRCCHPACGKYYSC,15,1,7,2
57,MLYYIAMIVNRHSEFRTAINQDGELGI,27,0,55,0
58,MRFYFYSQAVDESGVTR,17,0,56,7
59,CKPPGSKCSPSMRDCCTTCISYTKRCRKYY,30,1,57,9
60,YVPPVQKPHPNGPKFPTFP,19,1,58,6
61,AGIIDGRNVWASDIEAKKVLIDKLLAHTNELVIQP,35,0,59,9
62,VEAPIAGSMVLAAVLLKLGGYGM,23,0,60,1
63,MLTLKIFVYTVVTFFVSLFIFGFLSNDPGRNPGER,35,0,61,0
64,MIFTLGWASLAAIFTFSIAMVVWGRNGDGSIDL,33,0,62,2
65,FFSTSCRSGC,10,1,63,9
66,LIGLVSKGTCVLVKTVCKKVLKQ,23,1,64,7
67,MEHSHWFRKMSSLHQEFVCFLFWPLT,26,0,65,2
68,ACAETQRHVDPKRPHRQDLC,20,0,66,6
69,SSDYLSFKFDKFAPNQLNMYFQGDASVSTKGVLQL,35,0,67,7
70,LNDPIDQRERFEAQMKEREQGNDEAHG,27,0,68,8
71,KPKCGLCRYRCCSGGCSSGKCVNGACDCS,29,1,69,0
72,GVVEHCCKRACSNAEFMQFCG,21,1,70,8
73,MPRRRRRASRPVRRRRRARRSTAVRRRRRVVRRRR,35,0,71,0
74,FPRPRICNLACRAGIGHKYPFCHCR,25,1,72,3
75,QKCCSGGSCPLYFRDRLICPCC,22,1,73,5
76,GEEEVQENQELIREASN,17,1,74,4
77,FDLLGLVKKVASAL,14,1,75,5
78,SLGSFLKGVGTTLASVGKVVSDQFGKLLQAGQ,32,1,76,9
79,MTRRYWNIDLE,11,0,77,7
80,VPVGPALAYACSVMCAKGYDTVVCTCTRRR,30,1,78,0
81,EDHPVHNRGEYSVCDSVNVWV,21,1,79,4
82,MKIKFVFDLLTPDDILHPSNHVNLIIRPI,29,0,80,2
83,GFGCPNDYPCHRHCKSIPGRYGGYCGGHRLRCTC,34,1,81,1
84,FSYSSSSRFSSSRLLGSASPSSSVR,25,0,82,6
85,GGCCSHPACQNNPDYC,16,1,83,7
86,AGGKATCCPCFMCSYTAGCPWGQCAHHCGCD,31,1,84,3
87,GVREDTYPDVVTA,13,0,85,6
88,GMASKAGSVLGKVAKVALKAAL,22,1,86,4
89,TQAGSQNPNDLSPGP,15,0,87,9
90,GCCSDPPCRNKHPDLC,16,1,35,2
91,CRPSGSPCGVTSICCGRCSRGKCT,24,1,88,4
92,IALIATRECCADPQCWAKNC,20,1,89,4
93,YSPSLTDLQSYNAMNGPALKAGDILAVPLPA,31,0,90,9
94,PAIGDRSRVHHDDDDVIH,18,0,91,4
95,RPFRKHGAVPLSTYMRIYKKGDIVDIKGMGTIQ,33,0,92,4
96,GVVDILKGAAKDLAGHLASKVMNKI,25,0,93,3
97,RGSLTILPLRNKIDLFYVG,19,0,94,6
98,VCCRPVQDCCS,11,1,95,7
99,SSKDAFTIMQPIIGELPHEEFWVLFLNN,28,0,96,0
100,QLWATGHFM,9,0,97,3
101,VDTGKGIFQFNAAESFRIQDGEIAEPV,27,0,98,9
102,FMRF,4,0,99,1
103,RGSNLTIHPLRNIIDLFYVG,20,0,94,4
104,FFHHIFRGIVHVGKTIHKLVTG,22,1,100,1
105,FLVMFLSG,8,0,101,2
106,GCASRCKAKCAGRRCKGWASASFRGRCYCKCFRC,34,1,102,8
107,GEEEYQKMLENLREAEVKKNRQEKE,25,1,103,3
108,VIGGLFDADDTAAAA,15,0,104,7
109,GRCCHPACGQQTSC,14,1,7,1
110,ECKKLFGGCTTSSECCAHLGCKQKWPFYCAWDWSF,35,1,105,7
111,AFQLDTNLVESLQK,14,0,106,7
112,QASEHGHNLTRELRWLVSHGLLHLLGWDHPDE,32,0,107,7
113,ACGGGGGDVGSLISASLFDQMLKYRNDPRCCGF,33,0,108,5
114,MTDTQVFVALLLALVPAVLAYRLGTELYR,29,0,109,8
115,YCSDDSQPCSHFYDCCKWSCNNGYCP,26,1,110,9
116,LRPAVIRPKGK,11,0,111,2
117,AHQLPMGTLCNFYEWYRRDD,20,0,112,8
118,APPGFTPFRSKAV,13,1,113,4
119,LALRDECCASPPCRLNNPYVCH,22,1,114,7
120,MDTKLGLVEEEAAN,14,0,115,5
121,GWASKIGETLGKMAKVGLHELIQPK,25,0,116,4
122,RDKAIKLLNTKVF,13,0,117,3
123,VAVKATTTEEETEIPAK,17,0,118,6
124,TATEECEEYCEDEEKTCCGLEDGEPVCATTCL,32,1,119,6
125,QVRASLAATYGITEREAKY,19,0,120,8
126,ATSYEKITINKNSRSTLSSVRHIIRKNNYRKDL,33,0,121,4
127,PAPESGFIRDP,11,0,122,9
128,RCCHPACGQQTSC,13,1,7,8
129,YEKSEQLPRWQTEG,14,0,123,5
130,GIRGNCCMFHTCPIDYSRFYCP,22,1,124,8
131,GLGSLLGKAFKIGLKTVGKMMGGAPREQ,28,1,125,1
132,GIGAAILSAGKSALKGLAKGLAEHF,25,1,126,6
133,QSHLSLCRWCCNCCHNKGCGFCCKF,25,1,127,9
134,CLGSRELCVRDTSCCSMSCTNNICF,25,1,22,1
135,AQTPVKVTVTGAAGQIGYALLFRI,24,0,128,8
136,PSVVTVSGFVFCY,13,0,129,9
137,ACHTCDDGTECCDSRCSCPWNTCTCIPW,28,1,130,4
138,GSGLGKTAGRGHKGQKS,17,0,131,6
139,KEGYLFGSRG,10,1,132,4
140,QDINNRIIRTVGIAEE,16,0,133,2
141,TPGSSQNPWQRLVKRM,16,0,134,9
142,FCCRTQEVCCEAIKN,15,1,135,9
143,DCQGEWEFCIVPVLGFVYCCPWLICGPFVCVDI,33,1,136,1
144,GTHPCQETCVTSTRCSTQGCHCNWPICFKN,30,1,137,8
145,RDPCCYHPTCNMSNPQAC,18,1,35,7
146,FLPFIAGMAAKFLPKIFCAISKKC,24,0,138,0
147,NCCNGGCSSKWCRKHARCC,19,1,139,7
148,SLAVIRSDEGDARR,14,0,140,1
149,AYGEAANVFGAPK,13,0,141,4
150,CCDDSECDYSCWPCCMF,17,1,142,4
151,RRHPPCCLYGKCRRYPGCSSASCCQRG,27,1,143,1
152,KKFKETADKLIESAKQQLESLAKEMK,26,1,144,4
153,NCCNGGCSSRACRAHARCC,19,1,139,4
154,ESGGSGEANGMWFGPRL,17,0,145,8
155,PFCCPIGQCQLSMCDPPCCD,20,1,146,5
156,RDCCLIDEWCCEVDEEFGY,19,1,147,8
157,IVGGDECNINEHRFLVALYDPDGFFC,26,1,148,5
158,GRKKGVQFDEGAPDDFDPNNPYKKDVAFL,29,0,149,1
159,SCSDDWQYCESPTDCCSWDCDVVCS,25,1,150,5
160,ACCSNPACRVNNPHVC,16,1,35,5
161,DECCPNPSCRQNHPELCS,18,1,35,8
162,TLQMLGTNAAAQAGNCAASGMMGGKGK,27,1,151,6
163,LLDKVQESISSYWDTAKAAAQGLYQKTYLTSVD,33,0,152,7
164,MEVNILAFIATTLFVLVPTAFLLIIYVKTVSQSD,34,0,153,1
165,CKGAGAKCSRLMYDCCTGSCRSGKC,25,1,14,2
166,EHLRDAQRFKQLW,13,0,154,8
167,LVPLLGNLLSGLL,13,0,155,2
168,CFPGNCPDS,9,1,156,3
169,GCCSHPACNVNNPHIC,16,1,35,0
170,KCCSNPACNRYNKLC,15,1,35,9
171,CAVVDVPFGGAKAGVK,16,0,157,9
172,FQFVNPSDIVFGS,13,0,158,1
173,GIPCGESCVFIPCITGAIGCSCKSKVCYRN,30,1,159,8
174,PGQDFMRF,8,0,160,5
175,MPCPKILKQCKSDEDCCRGWKCFGFSIKDKMCISR,35,1,161,5
176,NGIGNSILIKVNQIGTLT,18,0,162,2
177,DDTDAAAGEILEFLCPFFCIGGIGDEYCDCQE,32,1,163,6
178,MEALVYTFLLIGTLMVIFFAVFFRDTPRILKK,32,0,164,9
179,CKPPGSKCSPSMRDCCTTCISYTKRCRKYYN,31,1,57,9
180,MESVAYILVLTMALSVIFFAIAFREPPRIQK,31,1,165,6
181,MEVNILAFIATVLFILVPTAFLLIIYVKTVSQND,34,0,153,1
182,IINEIEGSLREFDITNRVVDYLEIEWFESTKR,32,0,166,5
183,NLDESYTKLHVQMLNKSYTEVKAE,24,0,167,1
184,SAKDVKFGDSARSMMIAGVNVIAD,24,0,168,6
185,GRMCVHHGNGFCTPNSPCCGELRCHAALVGYRCRY,35,1,169,0
186,AGSALGGGAGAGPALGGGAGAGPALG,26,0,170,3
187,ESRPSARGLHH,11,0,171,3
188,QGVGEEGLFGGR,12,0,172,5
189,GDEEYSKFIELARENIAKGCKVNCYP,26,1,173,3
190,IGFPGFSTPPR,11,1,174,2
191,GLLGSIGNAIGAFIANKLKPK,21,0,175,3
192,NVWEKCCLDPRCSGKHQNKC,20,1,35,8
193,RCSDDTGATCSDNSDCCGDMCCLSNTCVVTIVACS,35,1,176,4
194,NLGKQWAVGHFM,12,0,177,1
195,GIPCGESCVYIPCLTSAIGCSCKSKVCYRN,30,0,159,1
196,TNVSCTTSKECWSVCQRLHNTSRGKCMNKKCRCYS,35,1,178,4
197,MALRDECCASPPCRLNNPYVCH,22,1,114,4
198,TRKELHEELLERTVIDV,17,0,179,6
199,GLLDMVTGLLGNL,13,0,180,0
200,GCIKTGSFCTLSKGCCTKNCGWNFHCNPPNQ,31,1,181,1
201,MTFAELGMAFWHDLAAPVIAGILASMIVNWLNKRK,35,1,182,3
202,INWKKMAATALKMI,14,1,183,3
203,SPGALEDEHNDNFLRF,16,0,184,8
204,MSISFPKMQHLIVMTTIGDKKVNNNIILFL,30,0,185,7
205,GIMDTLKNLAKTAGKGALQSLVKMASCKLSGQC,33,0,186,1
206,ESEQNPNILEIKPGDTVKVT,20,0,187,1
207,GSTGLIPFGRP,11,0,188,5
208,CKGKGASCRRTSYDCCTGSCRSGKCG,26,1,14,0
209,LQQAEARR,8,0,189,9
210,AMPWRPATGLLPIKPTHIKPLCGDD,25,1,190,6
211,DPHHDFMRF,9,0,191,3
212,FLPIVGRLISGLL,13,1,155,9
213,QLWPRPQIPP,10,0,52,4
214,GFLSALKKYLPIVLKHV,17,1,192,8
215,VVTEACEETCEDEEKTCCGLENGEPVCARFCL,32,1,119,8
216,QWPDPSSDIPP,11,1,193,5
217,QYRPGSFGPLNQK,13,1,194,6
218,CCQVMPQCCEWN,12,1,195,8
219,AFQKIKVANPVVELDGDEM,19,0,196,6
220,FFGWLIKGAIHAGKAIHGLIHRRRH,25,1,197,5
221,NPVLPCPVGSLYK,13,0,198,5
222,GMTSWPGAFTTIDGKALK,18,0,199,0
223,MNLEVIAQLTVLSLIVLSGPLVIILLAANRGNL,33,0,200,3
224,LTIPPAIVARMASTIDSIAPGRFGV,25,0,201,9
225,MFFKWISKFIRRLSKCGIKSITSKAYK,27,0,202,8
226,FAEPLPSEEEGESYSKEPPEMEKRYGGFM,29,1,203,5
227,FIGGIISFFKRLF,13,1,204,3
228,GADFGCQPVMSLTSSLIAVREHKAGEPVGYGGT,33,0,205,9
229,TRICCGCYWNGSKDVCSQSCC,21,1,206,7
230,LGHRVKIGAGCIIKNSV,17,0,207,5
231,MNYFIMDKTFLEQEILLPQFIIQNIERWFKTHNFV,35,0,208,4
232,AEYTLPDLGWDYAASGPG,18,1,209,3
233,RILEDIVSTALATCCKFQFLNFCCNEK,27,1,210,3
234,PCCSKLHDNSCCGL,14,1,211,0
235,DYPFGDDYGIEALITLEQEKMPAFENNE,28,0,212,8
236,STEIMSVPPQVESSSAVRQGQLSLFGDDEKAHEIR,35,0,213,7
237,WWEGECYDWLRQCSSPAQCCSGNCGAHCKAW,31,1,214,2
238,IVPSRITGTRAKYQRQL,17,0,215,3
239,AWLVTCP,7,1,216,3
240,HAMSEGTSLRGCCTGSACWNNPTCGCCDD,29,1,217,7
241,MEALVYTFLLISTLGIIFFGIFFREPPRIVK,31,0,164,5
242,ISGLIYEETRIFLENVIR,18,0,218,5
243,LNLTKWLGKLGVILSHLNK,19,1,219,0
244,WKPFKKIEKAVRRVRDGVAKAGPAVAVVGQAT,32,0,220,2
245,KCVLFGSICDEESSSICCYRCDYSQSICVS,30,1,221,7
246,KDLFHCEKCNRSFKLF,16,0,222,6
247,FRLDEEFQGPIASQVRRQFLFRPRN,25,0,223,7
248,QSCCAAPSCFMLC,13,1,224,8
249,FFHHIFRGIVHVAKTIHRLVTG,22,1,100,6
250,MVILISYFCFLLVFFLFTLILFIGFNRIRLI,31,0,225,2
251,APVPGLSPFR,10,1,113,0
252,GEEEYAEFI,9,1,226,1
253,MKVTFQGNEVTLQGKEVKVG,20,0,227,1
254,SCSGSGYGCKNTPCCAGLTCRGPRQGPICL,30,1,228,4
255,AGGADNFMRF,10,0,229,3
256,AGEPKLDAGV,10,0,230,3
257,KFKVVTTFTVIQDIAQNVAGDAAT,24,0,231,3
258,KELGPVEESMASIA,14,0,232,7
259,MNIDIVSMAWAALMVVFTFSLSLVIWGRSGL,31,0,233,1
260,IAIPRIRDFRGLSPKSFDGRG,21,0,234,0
261,QCCWYFDISCCLWP,14,1,235,5
262,MISDIQIMVALFAALFTGILALRLGTELYK,30,0,236,2
263,SILPTIVSFLSKVF,14,1,237,2
264,TPPEPPPPQVL,11,0,238,4
265,TDCPMVAEMVGIKFFINEFVAYQQLSQYKNKR,32,0,239,3
266,EDCIAVGQLCVFWNIGRPCCSGLCVFACTVKLP,33,1,240,9
267,ECKWYLGTCSKDGDCCKHLQCHSNYE,26,1,241,5
268,RCCPMPGCFAGPFCPCC,17,1,242,4
269,QKSLVPSVITTCCGYDPGTMCPPCRCTNSC,30,1,243,1
270,SGPGFMGVR,9,0,244,0
271,HSQGTFTNDYTKYQDSRRAQDFVQWLMSN,29,0,245,3
272,CKEADEPCSIFSLDRCCSGVCFGICMS,27,1,246,8
273,NVDFNSESTRRKKKQKEIVDLHNSL,25,1,247,6
274,MGQFFAYATVITVKENDHVA,20,0,248,8
275,GLRQKVQSLV,10,1,249,5
276,NCCRRQFCC,9,1,250,8
277,AFELPALPYAKDALEPHISA,20,1,251,2
278,MTAISDSQVYVALVSALITSFLAVRLGLALYD,32,0,252,9
279,GCCSHPACSVNHPEC,15,1,35,5
280,EDGSGEFLAEGGGVR,15,0,253,0
281,VEINGAFPRMTYKEAMRRYGS,21,0,254,0
282,FFPILGKLLSGIL,13,0,155,6
283,GLKKVIKLLRPLL,13,1,255,1
284,RLIPNRTRHCQPEKAKKETVEKAVATAPGLGR,32,0,256,0
285,CKGKGAKCSRLMYDCCTGSCRSGKCGS,27,1,14,3
286,AKNVVAPEKNLTTDVDAMLAAVTPNTKLVWLAN,33,0,257,9
287,MDIISLGWSSLLVVFTFSLSLVVWGRNGF,29,0,233,5
288,RTCRCRLGRCSRRESYSGSCNINGRIYSLCCR,32,0,258,1
289,PAGHGARARTRDLFAR,16,0,259,4
290,DECCSNPSCAQTHPEIC,17,1,35,2
291,MAKEKIRIRLKAYDHR,16,0,260,4
292,MLFTLAWASLAAVFSFSIAMVVWGRNGDGSLNF,33,0,62,2
293,IRPVPFFPPVHAKKVFPLH,19,1,261,3
294,GEFVGRLVGSRAHAMTVYAPQWKGADAF,28,0,262,9
295,DGDALLKPCKLGDMQKLSSA,20,0,263,2
296,FLSLIPHAINAVSTLVHHSG,20,0,53,1
297,ISPLTGTNGEIR,12,1,264,8
298,SEKITVFQKGNFQVTESSHFV,21,0,265,6
299,DLSNLLSRVPNERSN,15,0,266,8
300,GCCSHPACNANNPHIC,16,1,35,4
301,RMRDCRTRVNRLPLG,15,0,267,3
302,QAVLGAGLPCNTTTSPIIKVCASGMK,26,0,268,9
303,HAEGTYTSDVSSYLQDQAAKEFVSWLKTGR,30,0,269,2
304,MVEVLLTGIVLGSIFITLLGLLAAAKLQYNRKKTN,35,0,270,7
305,CIVGTPCHVCRSQSKSCNGWLGKQRYCGYC,30,1,271,7
306,SHGKVETDEEFDARWVTYFS,20,0,272,6
307,INSGAGLTTVITDVKNHGPLHARCPEAMVV,30,0,273,1
308,DECCSNPACRLNNPHVCRRR,20,1,35,8
309,QGRPPRPHIPP,11,1,274,0
310,VIGGAECNINEHRSLVLLYSSSFGE,25,1,275,6
311,CCPFPMCYQVPHCPCC,16,1,276,3
312,GLSRPSKGCIGGGDPCEFHRGYTCCSEHCIIWVCA,35,1,277,9
313,LPCCDVGWCSRRCNCDVYRP,20,1,278,7
314,IWGIGCNPCVGDEVAALLTRGEA,23,1,279,8
315,NGGTSGLFAFPRV,13,0,280,8
316,EKRACSKKWEYCIVPILGFVYCCPGLICGPFVCV,34,1,136,3
317,QRMCPKILMKCKQDSDCLLDCVCLKEGFCG,30,0,281,8
318,DCLGWFKSCDPKNDKCCKNYSCSRRDRWCKYDL,33,1,282,4
319,SGSIIHSMEANVGYSPDKSQNMVLMGGLK,29,0,283,0
320,PLKDNPRYAKDGYPKK,16,0,284,6
321,ASKLASRPKNSKE,13,0,285,3
322,GCCSYPPCFATHPDC,15,1,35,9
323,AAVTCIFMTLFGLSLGFALLKVQGE,25,0,286,1
324,CKGKGASCRKTSYDCCTGSCRLGRC,25,1,14,8
325,NGCCRNPACESHRCG,15,1,287,2
326,IVKENPDVEIFEEGIIDSFQTVGLLLE,27,0,288,1
327,RLPTPKEISNFLDEYVIGQQHAKK,24,0,289,2
328,LPLV,4,1,290,2
329,MLTITSYFGFLLAALTLTLALFIGLNKIRLI,31,0,291,3
330,HSQGTFTSDYSKYLDSRRAQDFVQWLMST,29,0,245,4
331,CKGRGGACTKAMFICCSGSCNRGRC,25,1,14,0
332,INWIKIGKKIIASL,14,1,292,5
333,TLQRHWAKFLCCPEDDWCC,19,1,293,7
334,DFFFQGLNTPR,11,0,294,6
335,MNPNCARCGKIVYPTEKVNCLDKFWHKACF,30,0,295,9
336,PPPPPGPPPNP,11,1,296,5
337,QCLPPLSLCTMDDDECCDDCILFLCLVTS,29,1,297,3
338,GFFGKRKEYFKKFGASFKRRFANLKKRL,28,1,298,2
339,AAVTRRILCWFA,12,1,299,3
340,TNSACCCLNSMTVFIE,16,1,300,7
341,VSAEYLERQGPKDDDCFDD,19,1,301,3
342,QWAQWPRPTPQIPP,14,1,302,8
343,AFQIQRIYTKDISFEAPNAPQVFQQEW,27,0,303,1
344,HYYDDTDEEERIVSTVDARGHRPLDKKREEA,31,0,304,6
345,LKLKDILGKIKVILSHLNK,19,1,219,2
346,GRCCHPACGQNTKC,14,1,7,9
347,INLKALAALAKKIL,14,1,305,2
348,DECCPNPPCKASNPDLCDWRS,21,1,306,8
349,AAASDNFMRF,10,0,229,4
350,GCIATGSFCTLSKGCCTKNCGWNFHCNPPNQ,31,1,181,8
351,AGSKSRSRSRSRSRSKSPAKSASPKSAASPRASR,34,0,307,8
352,GIKEFAHSLGKFGKAFVGGILNQ,23,1,308,4
353,DGCCSNPSCSVNNPDIC,17,1,35,0
354,APSLGFHGVR,10,0,309,2
355,SLLQFEMMIMEVAKRSGIFWYSA,23,1,310,1
356,INMKASAAVAKKLL,14,1,305,2
357,GMASTAGSVLGKLAKAVAIGAL,22,1,311,1
358,GWLDVAKKIGKAAFNVAKNFL,21,1,312,6
359,TGLSMDGGGSPKGDVDPFYYDYETVRNGGL,30,0,313,0
360,LQEELKIRRVLHSYHDSRIHVCLYF,25,0,314,4
361,LGYITCPGSNLGTLR,15,0,315,1
362,CCDWPCTIGCVPCC,14,1,316,3
363,PFDRISNSAFSDF,13,0,317,6
364,ELPVNFYALNLTADNINIGY,20,0,318,3
365,AIGPVDEV,8,0,319,3
366,SEQCCHLAACRFGCTPCCW,19,1,320,8
367,QKELVPSTITTCCGNEPGTMCPKCMCDNTCPP,32,1,243,4
368,GMWSKIKETAMAAAKEAAKAAGKTISDMIKQ,31,1,321,0
369,GVLDIFKDAAKQILAHAAEQI,21,0,322,7
370,VGPGGECGGRFGGCAGGQCCSRFGFCGSGPKYCAH,35,0,323,5
371,NATLGGHVAVDDYAII,16,0,324,9
372,KAYLDFREKGGYRTTT,16,0,325,5
373,ECCNPACGRHYSCKG,15,1,7,3
374,IFSKSMNESMKNQKEFMLMNARLQLERQLIMQ,32,0,326,3
375,GECCHPACGQNTSC,14,1,7,6
376,EGCCSDPRCSGKHQDLCS,18,1,35,3
377,TFDTPKHRCGSEITNSYMDLCYR,23,1,327,2
378,CSNFGSDCIPATHDCCSGECFGFEDMGLCT,30,1,328,9
379,HSQGMFTNDYSKYLEEKSAKEFVEWLKNGKS,31,0,329,1
380,STTARQGAQRGWDVIVAEDAVGDRD,25,0,330,8
381,AASDKASELMALAVRGCCSNPACAGSNAHICGRRR,35,1,331,0
382,APNVKDSKASGSCCDNPSCAVNNRHCGRRR,30,1,332,6
383,AQAAPVPRPVLSKKTDSF,18,0,333,2
384,DGRCCHPACGKHFSC,15,1,7,0
385,NIQIICCKHTPKCCT,15,1,334,3
386,MCICKNGKPLPGFIGKICRKICMMQQTH,28,0,335,3
387,RPRCWIKIKFRCKSLKF,17,1,336,3
388,FFGAIAAALPHVISAIKNAL,20,1,337,1
389,MCIPCFTTNPNMAAKCNACCGSRRGSCRGPQCIC,34,1,338,3
390,FAWRCCLIPACRRNHKKFC,19,1,339,9
391,GLIKPGTLWCGMGNNAETYDQLGPFADVDSCK,32,1,340,8
392,DNQLTNRESEILQ,13,0,341,3
393,SVFDEYLEKSKANK,14,0,342,6
394,APEVQTKHFTLKSDVLFNFNKATLKPEG,28,0,343,4
395,AKNRALGIVTEAWSPI,16,0,344,5
396,DQIRAQIFKALSDESR,16,0,345,6
397,MSDINATRLPIWGIGCDPCVGDDVTAVLTRGEA,33,1,346,5
398,VVAFERAK,8,0,347,4
399,MPTITIISYFGLLLASIIFTLVLFISLSKIQLI,33,0,291,2
400,PSPPGFSPFR,10,1,113,8
401,MRNIKVKPFLN,11,0,348,7
402,APNLACVQTSPKKFKC,16,0,349,1
403,SGLQFAVLDGQGFLPFPRV,19,0,350,5
404,MLTLLSYFGFLFAILTLTSVLFIGLNKIQLI,31,0,291,5
405,LQVDYLVLEVA,11,0,351,5
406,EFMLPIVRGCCTACRMPPCTCCW,23,1,352,1
407,GTLPCGESCVWIPCISSVVGCACKSKVCYKD,31,1,159,1
408,GNLTNESGETTSHISGLMSRSIRLMEN,27,0,353,8
409,SSLTIQFVEGQFVDSYDPTIENTFTK,26,0,354,7
410,FLGSIVGALASALPSLISKIRN,22,1,355,5
411,GCPWEPWC,8,1,356,2
412,FVYGNGVTSILVQAQFLVNGQRRFFYTPDK,30,1,357,7
413,IKDECCSNPACRVNNHVC,18,1,35,7
414,TKTEGSFLAEGGGVR,15,0,358,5
415,EKGKEILGKI,10,1,359,3
416,FDGRNAAADAKVINTVARIAWDICCSEPDCNHKCV,35,1,360,4
417,CRVTLRKERMWDFLDKLINFALPRVRDFRGVP,32,0,361,9
418,IDCCEICCNPACFGCLNDANGLINGDRPIRAQHVC,35,1,362,2
419,CSRLMYDCCTGSC,13,1,363,6
420,SNKPRPQQVPPRPPHPRL,18,0,364,6
421,GLFGKILGVGKKVLCGLSGMC,21,1,365,5
422,YKLPDKVPIRV,11,1,366,2
423,LKVDDKVPLFAVVSRLTSQKGLDLVLE,27,0,367,8
424,SLGGKPDLRPCYPPCHYIPRPKPR,24,1,368,4
425,GFLDTLKNIGKTVGRIALNVLT,22,1,369,7
426,CCRLRRCKTHCHCCVYRP,18,1,370,9
427,PKQCSKPCKEL,11,1,371,3
428,QNAHPSPKVPP,11,1,372,7
429,ATCSASQLSPCLGAI,15,0,373,8
430,ASVYQAFESLEDFEAAIAQ,19,0,374,0
431,VGGRVEKFERRFG,13,0,375,9
432,MAEEIFNTAVITFTLVLVGLGAGYLLLRLTPDD,33,0,376,6
433,MRVNKESLQMNTYISLHGWWRTSLLRAV,28,0,377,9
434,SVDFDSESPRKPIQNEIVDLHNPLRRVN,28,1,378,1
435,GLVDVLGKVGGLIKKLLP,18,1,379,1
436,GGKPDLRPCHPPCHYIPRPKPR,22,1,368,5
437,DENGCCWNPSCPRPRCT,17,1,380,8
438,MVQCVRHSVLPRLKKDAGLPFFFPLKTNTKPLN,33,0,381,3
439,YTSLIHSLIEESQNQQEKNEQELLELD,27,1,382,7
440,NKLKPSQWISL,11,0,383,8
441,KAKFKAT,7,1,384,6
442,CTMLNVLTGTQEGLR,15,1,385,8
443,MEALVYTFLLVSTLGIIFFAIFFREPPILTKKTK,34,0,164,8
444,KLLARYIPLIQGIDPS,16,0,386,6
445,FPRPRICNLACRTGIGYKYPFCHCR,25,1,72,6
446,KELLDADGDILLNGGYYIV,19,0,387,9
447,GVVDILKGAGKDLLAHLVGKISEKV,25,0,388,5
448,SEKITVFQKNFQVTENSSHFV,21,0,389,0
449,EDCGSDCMPCGGECCCEPNSCIDGTCHHESSPN,33,1,390,5
450,CFIRNCPKG,9,1,391,3
451,GFKDLLKGAAKALVKTVLF,19,1,392,0
452,DEQTGSKGPNENLPSQKDLAKASLTEV,27,1,393,1
453,HEPSIIFADEPTGALDSKSASDLLGKLQQLNEK,33,0,394,2
454,KVFLGLK,7,1,395,9
455,QSWLVPSTITTCCGYSPGTMCPPCMCTNTC,30,1,243,7
456,QCADLGEECYTRFCCPGLRCKDLQVPTCLLA,31,1,396,4
457,VCIADDMPCGFGLFGGPLCCSGWCLFVCL,29,1,397,1
458,ITAKPAKTPT,10,0,398,9
459,NPYAFGL,7,0,399,1
460,SADIVKKLWDNPAL,14,1,400,0
461,SLSRFLSFLKIVYPPAF,17,1,401,7
462,FECSISCEIEKKGESCKPKKCKGGWKCKFNMCVKV,35,1,402,3
463,SKQCCHLAACRFGCTPCCW,19,1,320,1
464,TCRSSGRYCRSPYDCCRRYCRRITDACV,28,1,403,0
465,GGETGNDAKAMWFGPRL,17,0,145,2
466,INWKKIKSLIKAAMS,15,0,404,6
467,ALVTQSNAPSWGLGRISNRQAGIRDYHYLSGTSM,34,0,405,0
468,GLTRLFSVIK,10,1,406,3
469,DIAINSGKPKEIAEKMVEGRMKKFT,25,0,407,8
470,QGPWMEEEEAAYGWMDF,17,0,408,1
471,MMCMIIRRNRFTGVHDQNLIFNVKSTDVNCLV,32,0,409,2
472,RGGRLCYCRRRFCVCVGR,18,1,410,0
473,MADQLTEEQIAEF,13,0,411,6
474,PAWLVDCPCVGDDINRLLTRGEK,23,1,412,6
475,PAQPFRIKKRQGPFERP,17,0,413,6
476,PNYKLTYFNLRGRAEISRYLFAYAGIKY,28,0,414,9
477,FLPLVTMLLGKLF,13,1,415,6
478,WNGVCCGYKLCHC,13,1,30,6
479,MEALVYTFLLVGTLGIIFFSIFFREPPRLLK,31,0,164,8
480,GGSCKLCGSVEHFKKDC,17,0,416,3
481,QATIPKKLKKDVDERVVSKDIPKLHRDSVESPE,33,0,417,7
482,GVPVCGETCFGGTCNTPGCSCDPWPVCSRN,30,0,51,9
483,GCCSLPPCAANNPDYC,16,1,35,8
484,NSTMNSLLQLGR,12,0,418,1
485,WEEYNIIQLGNKGQ,14,0,419,0
486,AVGTGGIPGRGIPPLITANGIGLYTFT,27,0,420,5
487,DVPKSDQFVGLM,12,0,421,4
488,HSQGMFTNDFSKYLEEEHAKEFVEWLKNGKS,31,0,329,6
489,SYEQYFGPGTRLTVT,15,0,422,6
490,CCRWPCAMRCRCCRI,15,1,423,7
491,LNLKGLFKKVASLLT,15,1,424,1
492,RVCYAIPLPICY,12,1,425,2
493,ECRAWYAPCSPGAQCCSLLMCSKATSRCILAL,32,1,426,4
494,SDPAGGEFLAEGGGVR,16,0,253,9
495,AKEAAAPTTLKGDQVLKDIFYEVKNKLETAIGV,33,0,427,0
496,GVIIDTLKGAAKTVAAELLRKAHCKLTNSC,30,1,428,0
497,MEALVYTFLLIGTLIVIFFAVFFRETPRIIKK,32,0,164,7
498,TFVSSQVSGPR,11,0,429,4
499,SKGKTGIYALAVE,13,0,430,6
500,PVLQVVRDIHGDILTPDSRYIL,22,0,431,7
501,ELHAAELSFYHPKSHWLRSLFVPCDFY,27,0,432,5
502,PNPTGVQNPHIERLRT,16,0,433,6
503,GCRQCGGGCNKHGKCINGKCKCY,23,1,434,6
504,LDMVHIQNSTLAGGVAVGTAAEFML,25,0,435,6
505,CCGPTACLAGCKPCCY,16,1,320,1
506,MAKGARDKIKLESTAGTGHFYTT,23,0,436,5
507,SSEHRAHHTHPNDNSFWTLV,20,1,437,5
508,ADQPGDSTDKLLAQKQDDV,19,0,438,3
509,MSSGGLLLLLGLLTLCAELTPVSSKDRH,28,1,439,5
510,CPNTGELCDVVEQNCCYTYCFIVVCL,26,1,440,5
511,ARIECDCGSIENPCCYATTCKLRPGSQCAEGM,32,1,441,6
512,NPELRCGLKD,10,0,442,6
513,FNCPGSDPTTDSGPSY,16,0,443,5
514,SGCCSNPACFVLNPNIC,17,1,35,9
515,ECTHSGGACNSHDQCCNAFCDTATRTCV,28,1,444,1
516,KPPWRL,6,0,445,5
517,QPPTPPEHRFPGLM,14,0,446,4
518,APGVYVGERKICSLGLRIRKGCSFHGLALNIA,32,0,447,0
519,RRIDCKVFVFAPICRGVAA,19,1,448,0
520,GFLEKLKTGAKDFASAFVNSIK,22,1,449,1
521,QNGTSNLSIVGGASLLLDPYVSKSFSFLNMLSKKG,35,0,450,6
522,VVIGQRCYRSPDCYSACAKLVGKATGKCTNGRCDC,35,1,451,1
523,MNIDILSQLIAIAVTLFLGPVVVILIASRNGNL,33,0,452,7
524,DQCTYCGIYCCPPKFCTSSGCRSP,24,1,453,1
525,ILGKILKGIKKLF,13,1,454,4
526,GVIAWELQHNEPGRKDSTAG,20,0,455,3
527,QCPPWCSGEPCRKGTC,16,1,456,1
528,ADSRNPLEEEFRETNYEEF,19,1,457,3
529,GCCSHPACSVKHPELC,16,1,35,1
530,MVSEAITALKERTGSMLTQIKKLVAAGKLTK,31,0,458,5
531,MKLMLSALRQQECCKPSTCDGGCYHCC,27,1,459,3
532,FTHPKIRAKILEQMQ,15,0,460,2
533,CVDPGEFCGPGFGDCCTGFCLLVCI,25,1,461,5
534,DLYGNIVLSGGSTMF,15,0,462,3
535,GCCSNPVCHLEHPNAC,16,1,35,4
536,SLLEFGMMILEE,12,1,463,3
537,QPRFESCQQDSDCDFQFFCWNNECHRIILI,30,1,464,6
538,CCFWPMCRGCDCCYL,15,1,465,9
539,AENRERVMVQ,10,0,466,5
540,NGERAPGSKKAPSGFLGTR,19,0,467,9
541,NTVREIIGDELVQTYVYEGV,20,0,468,8
542,NLYQFGGMIGCANKGTRSWLSYVNYGCYCG,30,1,469,6
543,CCSRDCLVCIPCCPYGSD,18,1,470,2
544,PAVVL,5,0,471,4
545,MKLSILGARVIDPASGLV,18,0,472,3
546,FFGHLLRGIVSVGKHIHGLITG,22,1,473,7
547,CTPPGGYCYHPDPCCSQYCNFPRKHCL,27,1,474,3
548,TLLNILRDGDNCCIDKQGCCPW,22,1,475,2
549,CPNTGELCDVVEQNCCYTYCFIVVCPI,27,1,440,0
550,GPSGFLGMR,9,1,476,2
551,GTLQYEDNVTNPEDMRPYCWHYPPKPCGIV,30,0,477,6
552,CVGSCDLNNPCSSGCICNGDKC,22,1,478,8
553,GCPWVSWC,8,1,356,8
554,QLYPGTLPFPPLW,13,0,479,6
555,VRAWLKLLWQRIDEDNMTTLAGNLAYVSLLSLVPL,35,0,480,0
556,SILDKIKNVALGVARGAGTGILKALLCKLDKSC,33,1,481,8
557,GLLSGILGAGKHIICGLSGLC,21,1,365,1
558,GRFKRFRKKFKKLFKKLSPVIPLLHL,26,1,482,6
559,CITPGTRCKVPSQCCRGPCKNGRCTPSPSEW,31,1,483,9
560,TCSNKGQQCGDDSDCCWHLCCVNNKCAHLILLCNL,35,1,484,6
561,NLVGSLLGGILKK,13,1,485,9
562,MKKCAFVSDFDGTISKQDFY,20,0,486,0
563,MSGRGKGGKGLGKGGAKR,18,0,487,4
564,LMDTGQVTWLREDGFRYRPNRNN,23,0,488,7
565,AGKLEGKVLVTGAPSGIGK,19,0,489,2
566,GCCSHPACAGSNAHIC,16,1,35,9
567,SETRDTLAAQSDAERKAVELSL,22,0,490,3
568,LDKRKCFPKNHFCGFVVMLNYLCCSGRCIFVCV,33,1,491,9
569,GCPWDPWC,8,1,356,4
570,GRCEHPACGNNTSK,14,1,7,5
571,AGCCPTIMYKTGACRTNRC,19,1,492,9
572,GVPCAESCVWIPCTVTALLGCSCKDKVCYLD,31,0,493,5
573,LEDTIKGFKGLCAGDYDDLPEAAFYMVG,28,0,494,8
574,YGCSNAGAFCGIHPGLCCSELCLGWCT,27,1,495,5
575,DKNKKPIWMAGFPGFTPIR,19,1,496,1
576,CRNRFEECWEDSECCEELCCDGPNYCKDSIGRCH,34,1,497,1
577,LAGLDTAIILIAFIITASVLAYV,23,0,498,3
578,GEEEYQKDVRKI,12,1,499,9
579,GVCCGYKVCHC,11,1,30,5
580,AMWKDVLKKIGTVALHAGKAALGAVADTISQ,31,1,500,7
581,TMCYSHTTTSRAILTNCGENSCYRKSRVHP,30,1,501,6
582,SPSLDDERNDNFVRL,15,0,184,8
583,ENFAGGCATGFLRTADGRCKPTF,23,0,502,5
584,MAITAAASRLGTEPF,15,0,503,2
585,MEAFSYTLLMALAAVTLFFAVAFRDPPKFDK,31,0,165,0
586,SPPQAMGFPPQVNVEHYIPASYSVAALTVTEEE,33,1,504,3
587,ALLCGGTHARCNRDNDCCGSLCCFGTCISAFVPC,34,1,505,5
588,RVSIWYCASRTCSAPADCNPCTCESGVCVDWL,32,1,506,7
589,MPTITSYFCLLLAALTLTLALFIGLSKRQLI,31,0,291,1
590,DEGCLPDDSSRT,12,1,507,2
591,AKLDFDRSKEHVNVGTIGVH,20,0,508,5
592,DDCRPEAAYCEYNEQCCIDKCCQASCSDACRTP,33,1,509,8
593,TKQTLKVLITGAAGQIGYSL,20,0,510,4
594,RDCQEKWEYCIVPILGFVYCCPGLICGPFVCV,32,1,136,5
595,VFCNGFTGCG,10,1,511,7
596,CRVENLCPHTVCCDRSRCSCKLIRTRPLMYHVCVC,35,1,512,5
597,MDAPAIAAAKTAADALAAAKKTAADAAAAAAKP,33,0,513,9
598,LNWGAILKHIIK,12,1,514,7
599,QPPGGSKVILF,11,0,515,8
600,FLSAITSILGKFF,13,1,516,1
601,ALRRFKRSCEKAGILAD,17,0,517,0
602,YDPSPLQDFCIAD,13,0,518,8
603,QKCCGPGGSCPVYFRDNFICGCC,23,1,519,6
604,MDIVGITWAALMVVFTFSLSLVVWGRSGL,29,0,233,2
605,MLKYIYMHLSHKYNHILFTYNTRIIS,26,0,520,3
606,KCCSNPACNRYNPAICD,17,1,35,5
607,DGCCSSPSCSVNNPDICGG,19,1,35,0
608,GVLSNVIGYLKKLGTGALNAVLKQ,24,0,521,4
609,MESVAYIVVLTMALAVLFFAIAFREPPRIQK,31,0,165,1
610,MRDKWRKKRVRRLKRKRRKMRARSK,25,0,522,6
611,SPSNSKCPDGPDCFVGLM,18,0,523,0
612,YCQKFLWTCDTERKCCEDMVCELWCKYKE,29,1,524,8
613,GGTSPVLARLLREKL,15,0,525,2
614,GFFALIPGIE,10,1,526,7
615,GWCGDPGATCGKLRLYCCAGFCDCYTKTCKDKSSA,35,1,50,5
616,TGPQTQAA,8,1,527,0
617,HGGEKFTSSVIVTEDV,16,0,528,3
618,NGRCCHPACGKHFNC,15,1,7,5
619,ARLDVASEFRKKWNKWALSR,20,1,529,6
620,GGAKPEDIKLMRETVG,16,0,530,1
621,KVKKVMKETGCQLIGP,16,0,531,5
622,CFIRNCPRG,9,1,391,6
623,YGSQGHAHAQNLADSGIDV,19,0,532,6
624,QKVRKVYIEAGQSILKEYYLSMVVDRENAKVAIIA,35,0,533,8
625,CCRLACGLGCHPCC,14,1,534,7
626,RDPCCYHPTCAMSNPQIC,18,1,35,6
627,RDCRPVGQYCGIPYEHNWRCCSQLCAIICVS,31,1,535,4
628,LCSREGEFCYKLRKCCAGFYCKAFVLHCYRN,31,1,536,5
629,APRCALCELPIVQNMVTALGCTWHPEHF,28,0,537,6
630,ADSRKPIWI,9,1,538,8
631,MGYDINLAQMKGGVIMQAVI,20,0,539,7
632,INWLKLGKAIIDAL,14,1,540,0
633,CAAPGASCSKYDNECCDACLLQYPNPPVC,29,1,541,9
634,LTLSAPKGKCNGAPCTFGCCRSVNGKPRCNEFDC,34,1,542,4
635,INLKAIAAMAKKLL,14,1,305,7
636,EPLSDDFNGEYLHQKCAKK,19,0,543,9
637,CRPGGMICGFPKPGPYCCSGWCFVVCL,27,1,544,0
638,GLADFLNKAVGKVVDFVKS,19,1,545,1
639,MALPSALWWPG,11,0,546,8
640,MQLFHLCLIIFCSCPTVQASKLCLGWL,27,0,547,1
641,SWPSPFGPGRPGWHIECSAIARHHLGG,27,0,548,1
642,GPSSGFFGMR,10,0,309,7
643,RCLFWSVCP,9,1,549,4
644,LKIPGFVKDTLKKVAKGIFSAVAGAMTPS,29,1,550,8
645,ETDLSKIIRKGGLSMNFIKDVWEQMLLIVK,30,0,551,5
646,MIASHLAFEKLSKLGSKHTML,21,1,552,0
647,LDTDLQGTMPEVYASERAAFL,21,0,553,3
648,GGRIHTSTATVAVLPEAEEVEIDIHE,26,0,554,2
649,FLPKSLFTLVTDKSL,15,0,555,3
650,GKITFYEDRNFQGRCYECSTDCPDLSPYFS,30,0,556,4
651,GLLSVLGSVAKHVLPHVVPVIAEHL,25,1,557,1
652,GCCPPQWCGPDCTSPCC,17,1,558,6
653,QGLISFPRV,9,0,188,7
654,MSTFQALMLMLAIGSFIIALLTYIEKIDLP,30,1,559,1
655,ARFLHPFQYYTLYRYLTRFLHRYPIYYIRY,30,1,560,9
656,TLKPKGKQNVL,11,0,561,6
657,LNKPIYARTAAYGHFGRTPTEDGGFS,26,0,562,8
658,VKETESVIKGQTATASY,17,0,563,0
659,AITAEPVGTPETLEYRVFIQKDGK,24,0,564,3
660,GIFGKILGVGKKVLCGLSGVC,21,1,365,9
661,LFGGLLDKLREKIKKYCNKENLDKACSKL,29,1,565,8
662,LRKVYLKNLARRMRVSIVLEN,21,0,566,6
663,EGAPKRLTYDEIQSKTYMEVKGTGTANQCPT,31,0,567,6
664,GQSGVDLTDVMIASQK,16,0,568,3
665,MFDTNATRLPIWGIGCNPWTAEHVDQTLASGNDIC,35,1,569,1
666,MIAPIFAELAKTVGADKDGLPTLVAK,26,0,570,7
667,LRPAILVRVKGKGL,14,0,571,0
668,QRACPRILKKCRRDSDCPGECICKENGYCG,30,0,281,3
669,GCCAHLPCALMYTACSW,17,1,572,7
670,QTPQWATGHFM,11,0,573,1
671,GLPVCGETCVGGTCNTPGCSCSWPVCFRN,29,1,51,6
672,AKECSMYYCSGGDFCCPGLKCGDPTGKKICIEPGK,35,1,574,3
673,FLFSLIPSAISGLINAFK,18,1,575,0
674,VCCPFGGCHELCYCCY,16,1,576,0
675,KIMAKPSKFYEQLRGR,16,0,577,1
676,HLIILWKNGERESGVRSL,18,0,578,1
677,LIGPVLGLVGSALGGLLKKIG,21,0,29,4
678,CCDRPCGIGCVPCCLP,16,1,316,9
679,RCCVHPACHDDCICCIT,17,1,4,7
680,DDAVANGVHAISGVVDS,17,0,579,8
681,FITPVPLHYVRNHGPV,16,0,580,8
682,GVWSECSDWLAGCSSPSECCSEKCDTFCRLW,31,1,581,2
683,MKRISTTITTTITITTGNGAG,21,0,582,9
684,GCCSYPPCGATNPDC,15,1,35,4
685,ELGPLSSLAHLERVGKAVEE,20,0,583,1
686,TLQSLSMARICCSRKLWCCGIPF,23,1,584,2
687,SPRVCIRVCRNGVCYRRCWG,20,1,585,6
688,LLDYVTGACCAGLNFVCC,18,1,586,7
689,SCRNEGAMCSFGFQCCKKKCCMSHCTDFCRNP,32,1,587,0
690,MEALVYTFLLVSTLGIIFFAIFFREPPKVPTKK,33,0,164,9
691,VEDVPLPVFKVILFP,15,0,588,4
692,KLSGCFGFKLDRIGTMSGLGC,21,1,589,1
693,SGDS,4,0,590,8
694,TRDCKTKGSVCFASSECCIQDCWFVCLY,28,1,591,6
695,CKSKGAKCSRLMYDCCSGSCSGTVGRC,27,1,14,2
696,DACSLLNGDDCGPGELCCTPSGDHQGTCETSCW,33,1,592,5
697,NDPEVPGMWFGPRL,14,0,593,0
698,RIPSTEEVVVRTESG,15,0,594,5
699,KCYNN,5,1,595,1
700,MSGELLNAALLSFGLIFVGWALGALLLKIQGAEE,34,0,596,7
701,GTVRLHNLKHIERKNGNLVVVSRSSAL,27,0,597,0
702,MSDINATRLPAWLVDCPCVGDDVNRLLTRGE,31,1,412,3
703,ETGCKKDGSWCWIPSECCIESCLITCWY,28,1,598,0
704,GLFDIVKKVVGTIAGL,16,0,599,2
705,GMWGDCDDWLAACTTPSQCCTEVCDGFCRLWE,32,1,600,1
706,SKRLSNGCFGLKLDRIGAMSGLGCWRLINESK,32,1,601,2
707,NFKQIIKMIQCTNTRPWNFLDYGCY,25,0,602,1
708,LTNCYIMVQGNTVSAIG,17,0,603,9
709,AVCNLKRCQLSCRSLGLLGKCIGDKCECVKA,31,1,604,3
710,MQLFHLCLVISCSCPTVQASKLCLGWL,27,0,547,0
711,GYSSASKIIFGSGTRLSIRP,20,0,605,0
712,DGYTPRL,7,0,606,3
713,SAPRGCWTKSYPPKPCK,17,1,607,1
714,MAPRGFSCLLLSTSEIDLPVKRLLSSVF,28,0,608,7
715,MWISYLGFLIFYFILAAASYKILKRIKWI,29,0,609,9
716,FLPGLLAGLL,10,1,610,9
717,HGLSQPLVGQLPRNVKIVDLGADFRLRD,28,0,611,1
718,GDDVKSACCDTCLCTKSNPPICRCVDIRET,30,0,612,7
719,GGCCSRPPCILEHPEIC,17,1,35,7
720,GFKGAFKNVMFGIAKSAGKSALNALACKIDKSC,33,0,613,6
721,CDTCEGTGAKKGTSAETCGTCHGHGQVQMRQG,32,0,614,5
722,SCSCKRNFLCC,11,1,615,7
723,GFWSSVWDGAKNVGTAIIKNAKVCVYAVCVSHK,33,1,616,9
724,NIVDVPCRDDYYRDSSGNGVYDQLGGCGAA,30,1,617,5
725,AKQSMDGNTAAA,12,0,618,5
726,ECTRSGGACYSHNQCCDDFCSTATSTCV,28,1,444,4
727,KASALVALIHFLVFNIKFGFFMWVFIWVRWTLP,33,0,619,1
728,DQAAGVAAIIEIDNIFSESEVISK,24,0,620,9
729,GCCSHPACNVDHPEIC,16,1,35,9
730,GCCSHPACYVNNPHIC,16,1,35,7
731,GLWSKIKDAGKAVLKAAGKAALGAVTDAV,29,0,621,1
732,MITISTMLQFGLFLIALIGLVIKLIELSNKK,31,1,622,3
733,MTLRHYFFLQDYKRNVENLPFYKNQATLQ,29,0,623,7
734,VGCAECPMHCKGKMAKPTCENEVCKCNIGKKD,32,1,624,7
735,NLVQFGKMIE,10,1,625,9
736,CGYKYGCMVKVDR,13,1,626,7
737,PCFPACLNWLLENQCHDGSWARPHHHHMLKKDVLS,35,0,627,8
738,DKNKKPIRVGGRRPPGFTPFR,21,1,628,0
739,GLEEDLEIAEMVNELEEIG,19,1,629,2
740,GVPGDVHDEQKQHDINFLLFKVYEVLDILKVA,32,0,630,0
741,PKKGSVILLVPEGGNLGQAA,20,0,631,8
742,FSECSTRGCTFSSHCCEGLRCQGTPQGGVCV,31,1,632,7
743,MIKPDGVQRGLVGEIISRGDFAIDIGR,27,0,633,1
744,GFFALIPKIISSPLFKTLLSAVGSALSSSGDQE,33,1,634,2
745,GFRSACPPFC,10,1,635,8
746,CCSRRCWVCIPCCPNGS,17,1,470,6
747,FLGGLMKAFPAIICAVTKKC,20,0,636,4
748,DVIVGDLRVGKTVLIV,16,0,637,6
749,GFFAFIPKIISSPLFKTLLSAVGSALSSSGEQE,33,1,634,2
750,GLWSTIKQKGKEAAIAAAKAAGQAALNAASEAL,33,0,638,0
751,ECREKGQGCTNTALCCPGLECEGQGSKELC,30,1,639,3
752,MRWEKPSYNDMRFGFEVTMYIYNR,24,0,640,3
753,GLEEITGVDIVKDGDVVKFMAAVPKSE,27,0,641,1
754,GLPCGESCVFIPCITTVVGCSCKNKVCYNN,30,0,159,3
755,EGCSSGGTFCGIHPGLCCSEFCFLWCITFID,31,1,642,1
756,EVEVELKQGGYLPVENNPALARE,23,0,643,6
757,PAPDSSFLRDP,11,0,122,6
758,RISRALDFTTPGRTTAA,17,0,644,5
759,QWPRPQIPP,9,1,52,4
760,QPFSLERW,8,1,645,7
761,MAGASAKVVAMLLSLQGPSLRMVSESG,27,0,646,3
762,NFCHPVGEPCFIGQIIPCCSGVCDVVCRGVFYSP,34,1,647,7
763,KDFVVRQRRGKESLR,15,0,648,8
764,MQVNDLGFIATILFVLVPTVFLLILYIQTNKTAS,34,0,649,1
765,LINTRCCPAQPCCRM,15,1,650,8
766,CCIARQICEGCICCI,15,1,651,8
767,GCCDYDWCDEFCYCCE,16,1,652,1
768,QGRAPHPPIPPAP,13,1,274,5
769,FFQELKEGWKNIKKA,15,1,653,6
770,CYIQNCLRV,9,1,654,8
771,GLLDSFKNAMIGIAKSAGKTALNKIACKIDKTC,33,0,613,5
772,DSPGGASDAQKQHDVNSILKVYEI,24,0,655,6
773,VTCFCRRRGCASRERLIGYCRFGNTIYGLCCRR,33,0,656,6
774,VIVKAIATLASKLL,14,1,657,0
775,GCPWYPWC,8,1,356,3
776,KAYSTPRCKGLFRALMCWL,19,1,658,4
777,AITRGLNKRVKLFLCCAD,18,0,659,1
778,LLCLDGTRKPVTEAQSCHLAVAPNHAVVSR,30,1,660,7
779,AMRQLNQTGWMHNRLRMIVASFLTKDL,27,0,661,0
780,GFGSLFKFLAKKVAKTVAKQAAKQGAKYIANKQME,35,1,662,5
781,LIAGLAANFLPKLFCKITK,19,1,138,2
782,EIFLEAGGKKYAYIPALNA,19,0,663,8
783,INLKAIAALVKKLL,14,1,305,7
784,QCSANGGSCTRHYHCCSLYCNKDSSVCVATSYP,33,1,664,9
785,ALCFIIESLKLRVPKENNKSLFSTQ,25,0,665,3
786,GMWSKIKNAGKAAKAAAKAAGKAALGAVSEAM,32,1,666,2
787,KGLCTARKLKTHRQEQRWNDKRYKKAHIGTRWKSN,35,0,667,7
788,YCQKWLWTCDSERKCCEDMVCRLWCKKRL,29,1,524,7
789,KPWERL,6,0,668,9
790,QDFTQQVHVIEMLQKVTIDIKSLSAE,26,0,669,0
791,ETVPYMFEN,9,0,670,2
792,MRISAGVLNFLKVDLFKGVRHACAPLVWDAYPLK,34,0,671,7
793,ECTHSGGACNSHTQCCDDFCSTATSTCI,28,1,444,3
794,LVSGCADLTALAAR,14,1,672,1
795,CTHPGGACGGHHHCCSLSCNTAANACN,27,1,673,1
796,DVDIIVFNIPHQFLPRICSQLKG,23,0,674,0
797,MMISTFHDGQLRFSNVYRLTLMIFRL,26,0,675,2
798,MKENKVQQISHKLINIVVFVAIVEYAYLFLHFY,33,0,676,3
799,QDKPFWPPPIYIM,13,0,677,2
800,APGDRIYVHPF,11,0,678,7
801,TRRKFWKKVLNGALKIAPFLLG,22,1,679,4
802,TRNMTSIILNLQQPTRAEMWLFDCGEGTQ,29,0,680,1
803,LPVQVIEASPKGHYTQLV,18,0,681,7
804,MENSSSSSKALLPASGSPSPWFICRMLSKVTL,32,0,682,3
805,DNVYSRPPQRFGQNVIS,17,1,683,9
806,PGCCNNPACGANRCG,15,1,287,8
807,FLSLIPHAINAISAIANHL,19,0,53,2
808,AEADGKLIQDSRRETK,16,0,684,7
809,GVKDYFKKLLQKVINKIKSFRKKQEA,26,1,685,2
810,ENGQLDGVIDPK,12,0,686,1
811,PVLNRDLIEALDARASALSVRYTWV,25,0,687,9
812,MSASDEASKVNLTDSP,16,0,688,4
813,CVGRDSKCGPPPCCMGMTCNYERVRKCT,28,1,689,0
814,FFSLLPSLIGGLVSAIK,17,1,575,4
815,SCGNLHESCSAHRCCPGLMCFTLPTPICIW,30,1,690,9
816,MAQEIFSIAAVFWILIPIGLVGGALLLKFQGD,32,0,691,6
817,GWASKIAQTLGKMAKVGLQELIQPK,25,0,116,5
818,GLMSTLKGAATNAAVTLLNKLQCKLTGTC,29,0,692,6
819,ACGPGCSGSCRQKGDRIKCINGSCHCYP,28,1,693,8
820,EEIVPLEELYHICEVARELTLRDEFA,26,0,694,8
821,TFITDPVEVSE,11,0,695,3
822,GLGHRFLKHLSRTGLLLHVVDLAPF,25,0,696,9
823,GVCCGYKLCQC,11,1,30,0
824,DECCSNPACRLNNPHDCRRR,20,1,35,4
825,LLFASVPSHQHHELLQQ,17,0,697,8
826,EDDPAAQALEYRHDASSVQHPAYEEGQ,27,0,698,4
827,MALNLQDKQAIVAEVSEVAK,20,0,699,3
828,MTKDEPLEGNVGVLT,15,0,700,7
829,CCSQDCSVCIPCCP,14,1,470,2
830,PEFTMLEWYRPHYDMYRLMNEVDDLLQQV,29,0,701,5
831,DSAAMHTEYDVIATDNCIPCSHPACGINRGKC,32,1,702,6
832,PYDRISNSAFSDF,13,0,317,0
833,AANDKASVQIALTVQECCADSACSLTNPLICGRR,34,1,703,6
834,GANINQAMFVSIQNYNLGNMFFCI,24,0,704,9
835,IRDECCSNPACRVNKHVC,18,1,35,1
836,GCCSHPPCFLNNPDYC,16,1,35,5
837,CTQDFDPCMPVCHECCTRSHFVVCRRPICL,30,1,705,3
838,IIPLPLGYFAKKT,13,1,706,2
839,KDGYLMEYGGCKMSCLMKKGTGCAEECT,28,1,707,6
840,CTQTNGACYHRDTCCSKSCNLTINRCLAS,29,1,708,5
841,AGGLDDLLEPVLNSADNLVHGL,22,0,709,6
842,GLMNTLKGAATNAAVTLLDKIQCKLTGTC,29,0,692,3
843,AEPVPAARSEDRYRNPKGSACSRIW,25,0,710,7
844,GWFDVVKHIASAV,13,1,711,2
845,GSGFSSWG,8,0,712,7
846,FLFPLITSFLSKVL,14,1,713,7
847,GSPGLIPFGRS,11,0,188,3
848,GCCQWCGDCTSCC,13,1,714,0
849,EKFPAVNQKPQAAL,14,1,715,4
850,YAAVVNRASALMAQAVLRDCCSNPPCAHNIHCA,33,1,716,3
851,QLNKLRTKAEKVAEERLGSQLDVL,24,0,717,4
852,CVQNNIPNVDLLHTLTAAVEAKTGLKSK,28,0,718,3
853,SNCLLNPNVGQ,11,0,719,8
854,NYDKNFLRF,9,0,720,9
855,RAPCCYHPTCNMSNPQIC,18,1,35,0
856,GRCCNPACGQNTSC,14,1,7,9
857,MADIVSAGWAFLMVSFTFSLSLVVWGRSGL,30,0,233,5
858,YCQKFLWTCDSERPCCEGLVCRLWCKIN,28,1,524,4
859,ILGTILGLLKGL,12,1,721,4
860,NDTPALDFVVDYHPSYGKTLFVATGGCDH,29,0,722,2
861,MAHDLP,6,0,723,6
862,AFCNLRRCQLSCRSLGLLGKCIGDKCECVKH,31,1,604,2
863,GWRDWLKKAGGWLKKKGPGILKAALGAATQ,30,1,724,7
864,QPNPNEFFGLM,11,0,725,1
865,GWCGDPGATCGKLRLYCCSGFCDCYTKTCKDDSSA,35,1,50,6
866,YSKSLPLSVLNP,12,1,726,3
867,EADANRLSTRWCACGVNYYCCNEVCTWREDPCP,33,1,727,5
868,ECTPPSGYCTWPSECCEVECGQHYCDWW,28,1,728,8
869,MASRGALRRCLSPGLPRLLHLSRGLA,26,0,729,9
870,GEEEYTKDSWKI,12,1,499,0
871,GLLGLLGSVVSHVVPAIVGHF,21,1,730,2
872,MPFSPDIAYSINYALGKYFFHRISHFLESA,30,0,731,6
873,RQSDVMIVAGT,11,0,732,0
874,SVAVAGAVIKGAALTFNILQ,20,1,733,2
875,KIKTRELCWSERECENGK,18,1,734,2
876,DCGGQGEGCYTQPCCPGLRCRGGGTGGGSCQP,32,1,13,2
877,FLAKNVAKKLVSHVAKKQLE,20,1,735,0
878,MAQDIISTIGDLVKWIIDTVNKFTKK,26,1,736,9
879,ITFSKIYRSCKSNSVCGNQKCVRGRCV,27,1,737,8
880,MVKTPITEAIAAADTQGRFLS,21,0,738,1
881,FLPFIARLAAKVFPSIICSVTKKC,24,1,138,9
882,GLWSKIKDVAAAAGKAALGAVNEALGEQ,28,0,739,3
883,GGCCSYPPCIANNPLC,16,1,35,8
884,WDGYFVEVIVRFNP,14,0,740,9
885,ADYLQLAR,8,0,741,8
886,SASPGLPKGEKEQQEAIEHIDE,22,0,742,9
887,DDCCPNPPCKASNPDLCDWRS,21,1,306,0
888,PRRQC,5,1,743,1
889,MICYNHQSSEPPTTTCSEGQ,20,1,744,5
890,MDIINIAWAALMVIFTFSLSLVVWGRSGL,29,0,233,0
891,FYAGLILTLVNTFPYNISPASS,22,0,745,0
892,TLQRHWAKSLCCPEDAWCCSHDE,23,1,293,6
893,GVVPHDFRI,9,1,746,6
894,IWLTALKFLGKNLGK,15,1,747,1
895,NCCNGGCSSRACRDHARCC,19,1,139,5
896,MPILVWQLPKSKKLKTLKYRICFREFFDRVET,32,0,748,8
897,GGGSNFGQFAGGLLDR,16,0,749,2
898,GSLGEKYAQKAAEVLTSIIP,20,0,750,6
899,HSFHHEIA,8,0,751,0
900,TAIGNCNPFTCDKECKTKGNKRGYCENYNCECSKW,35,1,752,5
901,RPRF,4,1,753,7
902,GSIPCGESCVYIPCISSLLGCSCKSKVCYKD,31,0,159,6
903,LTVRECCSQPPCRWKHPELCS,21,1,754,5
904,AANDKASDLMALRDGCCSNPSCSVNNPDICGGGR,34,1,755,8
905,AITGQVTSKLG,11,0,756,9
906,NLFQFGEMILEKTGKEA,17,0,757,2
907,AFCNLRRCELSCRSLGLLGKCIGEECKCVPY,31,1,604,5
908,NLAQFGFMIRCANGGSRSALDYADYGC,27,1,758,4
909,GCIEDKKYCGILPFANSGVCCSYLCIFVCVPKAP,34,1,759,4
910,YAELKAILAKQIPEKQAIN,19,0,760,7
911,CKGKGAKAARSGKC,14,1,761,6
912,GSIPCGESCVFIPCISGLAGCSCKNRVCYLN,31,0,159,2
913,ETISFNFNQFQQND,14,0,762,1
914,GIPCAESCVWIPCTVTALLGCSCSNNVCYN,30,0,493,1
915,KRIGLIRLIGKILRGLRRLG,20,1,763,6
916,QCGADGQFCFLPGLGLNCCSGLCLIVCVPT,30,1,764,8
917,GDAAAQPEK,9,0,765,2
918,GCCSHPACSVNNPYFCG,17,1,35,7
919,RDCATKKAKDRQCKQRAAA,19,1,766,2
920,AVREYHWFVE,10,0,767,3
921,EVGRGAKIGAGSVVL,15,0,768,5
922,MQVNNLGFIASILFVLVPTVFLLILFIQTRQETEG,35,1,649,4
923,KVYIATPYGFCSGVKKS,17,0,769,0
924,ILPILSLIGGLL,12,1,770,7
925,DASREAKKQVEKALEE,16,0,771,8
926,SEGGQDFWL,9,0,772,2
927,KPTADFDYIVVGAGNAGNVVAYRTVQAL,28,0,773,9
928,ADGSDPASSEFLAEGGGVR,19,0,253,3
929,KDFCHLPPKPGPCRAAI,17,1,774,6
930,GCCSVPPCIANHPELCV,17,1,35,7
931,RRCFITPNVRSERCPPGQEVCFTKTDG,27,1,775,6
932,DALIESRLPDIIDIELFSGETAVRR,25,0,776,4
933,EDFRYDPIFALGVTTSFDRFMDGYQP,26,0,777,3
934,GFGSLLGKALRLGANVL,17,1,778,2
935,DDCEPPGNFCGMIKIGPPCCSGWCFFACA,29,1,779,9
936,SQPDTGEQALEILE,14,0,780,2
937,FVLPLVMCKILRKC,14,1,781,9
938,GGCCSRPPCILKHPEIC,17,1,35,3
939,CCLIPACRRNHKKFC,15,1,339,4
940,NVDFNSESTRRKKKQKEIVDLHNLRRVD,28,1,247,2
941,SPALDDEHNDNFLRF,15,0,184,8
942,GKEGYPTDKRGCKLTCFFT,19,1,782,0
943,ACYCRIPACLAGERRYGTCFYMGRVWAFCC,30,0,783,8
944,CLRDGQSCGYDSDCCRYSCCWGYCDLTCLII,31,1,784,2
945,GLPTCGETCFGGTCNTPGCSCSSWPICTRD,30,0,51,7
946,DSGGLTPPHADCVPGKQNGNYGAVPNKKQQ,30,0,785,8
947,GLPICGETCFKTKCYTKGCSCSYPVCKRN,29,0,51,7
948,AEKKTVTVKQTGSPIK,16,0,786,8
949,ASRLNKSCHLGGEYCGLFEVCCYGDCFIMCW,31,1,787,0
950,GIGGVLLGAGKATLKGLAKVLAEKYAN,27,1,126,3
951,EVVRSNNFDPSKLSGKWYSILLASDRKE,28,0,788,5
952,GIFDKLKNFAKGVAQSLLNKASCKLSGQC,29,0,789,2
953,CSNLSTCVLSAYWRNLNNFHRFSGMGFGPETP,32,0,790,4
954,GVLGTVKNLLIGAGKSAAQSVLKTLSCKLSNDC,33,1,791,5
955,ECCGSFACRFGCVPCCV,17,1,792,2
956,AKDVFGDARAL,11,0,793,3
957,CKQAGESCDIFSQNCCVGTCAFICIE,26,1,794,2
958,EWCGTNSDCGEGECCTGGSFNRH,23,1,795,4
959,QAVMNPENTFYSVKRIINEPTAASLAYGFDKK,32,0,796,2
960,QNECPWKPWC,10,1,356,8
961,LKGKVVANQYL,11,0,797,8
962,SILSTLKDVGISALKNAGSGVLKTLLCKLNKNCEK,35,1,798,5
963,FFHHIFRAIVHVAKTIHRLVTG,22,1,100,1
964,TSIVEQADASPSQRAIRE,18,0,799,8
965,IRDECCSNPACRLNNHVC,18,1,35,1
966,NRLCCSQYGFCGTTSEYCSRANGCQSNCWGR,31,0,800,9
967,EIYNKDGNK,9,0,801,5
968,FFGHLFKLATKIIPSLFQRKKE,22,1,802,0
969,FLPIIASVAANVFSKIFCAISKKC,24,0,138,2
970,GCCSHPACHLNHPELC,16,1,35,4
971,FLPAVLRVAAKVVPTVFCLISKKC,24,0,138,7
972,GQMPERGWTEDDIKNTVSN,19,0,803,7
973,GCKATWMSCSSGWECCSMSCDMYC,24,1,804,7
974,AEPRDQFK,8,0,805,8
975,QSGCPWHPWC,10,1,356,1
976,FVGAALKVLANVLPPVISWIKQ,22,0,806,0
977,HFYLRDEDWVDCCQMGDCCDE,21,1,807,3
978,AVTEECKEDCNDENKKCCGEENGEPVCATACL,32,1,119,3
979,GIKELCNMACAQTVCKKSGGPLCDTCQAACKALG,34,1,808,3
980,GLLQTIKEKLKELATGLVIGVQS,23,0,809,9
981,LSPAVMASLA,10,1,810,6
982,MENNSRTMPHIRRTTHIMKFAHRNSFDFHFFNAR,34,0,811,4
983,IEEEAYKKISKET,13,0,812,9
984,MAQDAITAV,9,0,813,3
985,NTGMVATDLRKHEGMGAVARRCISQIRETGSELVV,35,0,814,6
986,SESILIVHQQQSRSSGS,17,0,815,5
987,VLYSPDTKVPR,11,0,816,8
988,GQNFTSDKDLYTDSR,15,1,817,0
989,MLTITSYFGFLLAALTITPALLISLNKIQLI,31,0,291,1
990,ECRWYLGGCSQDGDCCKHLQCHSNYEWCVWDGT,33,1,818,7
991,GIRGFVILCDKLNNVS,16,0,819,0
992,MSDINAARLPSFFFPIPCISDDIEMVLTRGESLC,34,1,820,6
993,SCIKHGDFCDGDNDDCQCCRDNGF,24,1,821,0
994,MSDINATRLPAWLATCPCAGDDVNPLLTRGE,31,1,412,8
995,HECWGARRTATFMILGAVCTRACRFCAV,28,0,822,3
996,CCSQDCRVCIPCCPY,15,1,470,0
997,TAFGLRLCCKRHHGCHPCGRT,21,1,823,9
998,CCTALCSRYHCLPCC,15,1,824,5
999,FLKPLFNAALKLLP,14,1,825,1
1000,MIFLFGGCCRMSSCQPPPVCNCCAKQDLNPDER,33,1,826,1
1001,MMKQQFFLFLAVIVMISSVIEAGRGKEM,28,1,827,3
1002,KPAPEPAPEPAPEAAPEA,18,0,828,2
1003,NKLRQKRHRRVRGKLSG,17,0,829,6
1004,GDCPWKPWC,9,1,356,6
1005,EKRQRLCCGFPKSCRSRQCKPHRCCGR,27,1,830,7
1006,VSTSRGSQGCFGLKLDRIGAASGLGCWRRIVDS,33,1,831,9
1007,GRRCPRIYMECKRDADCLADCVCLQHGICG,30,0,281,6
1008,VWLSALKFIGKHLAKHQLSKLGR,23,1,832,8
1009,DAPASPLADIEKHAAEFQKTISEQFNSLVNSKNTQ,35,0,833,9
1010,MINKTTIKTVLITLGVLAAVNKVSALRSVKRLIS,34,0,834,8
1011,ALSIDTKVLVLVEEGNEFAA,20,0,835,6
1012,ECLGWMKGCEPKNNKCCSSYVCTYKYPWCRYDL,33,1,836,9
1013,PKIRKVLVANRGEIAIRVMRTKELGIATV,29,0,837,7
1014,GCTWWFGRCAEDGECCSNSCDQTYCELYAFPS,32,1,838,9
1015,VLLNSAAALVALDPGTGT,18,0,839,0
1016,CINVGMCIYDGYCCSNRCWGGMCSPWR,27,1,840,4
1017,VCCPFGGCHELCYCCD,16,1,576,1
1018,RPKHPIKHQGLPQEVLNENLLRF,23,1,841,0
1019,MEILTLGWVSLLVVFTWSIAMVVWGRNGL,29,0,233,0
1020,TDMLAVSVSSTDAIGHKYGT,20,0,842,5
1021,FLSSIGKILGNLL,13,1,843,4
1022,PRRRRETSRPIRRRRRARRAPIRRRRRVVRRRR,33,0,71,6
1023,TNSACCCLNSMTAL,14,1,300,4
1024,GFGSFLGSLFKTGLKIIPKLLPSIQQ,26,1,844,0
1025,YCCHPACGKNFDC,13,1,7,8
1026,GCCSRPPCIANNPDIC,16,1,35,5
1027,GLFGKLIKKFLRKAISYAVKKARGKH,26,1,845,3
1028,GIPCAESCVYIPCTVTALLGCSCSNRVCYN,30,1,493,9
1029,GLVSSIGRALGGLLADVVKSKQPA,24,0,846,4
1030,GTGG,4,0,847,5
1031,PQFVQSEEDTRKTVQGNVMLHQRGYAK,27,0,848,8
1032,ILQRQCCPTISECCRV,16,1,849,7
1033,YCCHRGPCMVWC,12,1,850,9
1034,EQLIRKDVHEFAS,13,1,851,0
1035,GVCCGYKLCFC,11,1,30,3
1036,GFLDVVHVGKAVGKAALNAVNDLVN,25,0,852,1
1037,LLGMIPVAITAISALSKL,18,1,853,7
1038,AAAAPGAAGGAQLPLGNRERKAGCKNFFWKTFSSC,35,0,854,7
1039,LCCWKEWCHARCTCC,15,1,855,3
1040,MKCNECNRVQLKEGSVSLTL,20,0,856,7
1041,MCMPCFTTDHNMAKKCRDCCGGNGKCFGPQCLCNR,35,1,857,1
1042,GLLPCAESCVYIPCLTTVIGCSCKSKVCYKN,31,1,159,8
1043,MEDEIQDI,8,0,858,1
1044,LDKKECTANGEFCGISVFGSYLCCSGRCVFVCI,33,1,859,4
1045,MHLNESLIYLFLETSCVAGAHFESLLD,27,0,860,7
1046,LRPRQVEVWFQNRRARTKLKQTEVDCEYLKRCCE,34,0,861,7
1047,LDGYPLSKNN,10,1,862,5
1048,GKKPSECLKEGHCRSMQVAFFECKRSMLDTRSR,33,0,863,3
1049,YAFGYPS,7,0,864,8
1050,GFGPAFHSVSNFAKKHKTA,19,0,865,3
1051,CRRRRRRFGRRRRRRVCCRRYTVVR,25,0,866,5
1052,SGETEDVTIADIVVGLRIEEELGDAAVYAGAK,32,0,867,5
1053,FLPVVAGLAAKVLPSIICAVTKKC,24,0,138,3
1054,YEKEYNQLPRNSTQSDL,17,0,868,9
1055,QPRVLQENTRMGMENEE,17,0,869,9
1056,ASDAAHQGCCSNPVCHVEHPELC,23,1,870,2
1057,MINTNMKYWSWMGAFSLSMLFWAELLWIITH,31,0,871,9
1058,MDIVSIAWAALMVVFSFSLSLVVWGRSGL,29,0,233,2
1059,SVAALAAQGLLYNAPK,16,0,872,5
1060,MYMDIVSLAWAALMVVFTFSLSLVVWGRSGL,31,0,233,5
1061,QFPTDYDEGQDDRPKLGLGAR,21,0,873,4
1062,ACEVTQLAVCASAILGGTKPSGECCGNL,28,0,874,3
1063,LVPFLGRTLGGLLARF,16,0,875,9
1064,GGKPDLRPCYPPCHYIPRPKPR,22,1,368,9
1065,RLLRRLLRRLLRRLLRRLLR,20,1,876,2
1066,ALWKTMLKKLGTVALHAGKAALGAVADTISQ,31,1,500,3
1067,MDIISLAWAALMVVFTFSLSLVVWGRSGL,29,0,233,8
1068,YQLESQEGFVPFSVSEIEQRVTVTTGSKTVVTL,33,0,877,6
1069,YLVASPQASTGRGHPLGF,18,0,878,5
1070,QVSLKYPEGKMYSFGL,16,0,879,8
1071,TRSGGACNSHNQCCDDFCSTATSTCV,26,1,444,2
1072,DLPSGWSSYEGH,12,1,880,5
1073,MAPPSIFAEVPQAQPVLVFKLTADFREDPDP,31,0,881,9
1074,GLLGSIGKVLGGYLAEKLKPK,21,0,882,0
1075,KPSPDRFYGLM,11,0,883,1
1076,SLLSLIRKLIT,11,1,884,4
1077,LDLGLESTAVPRIRVFDQQRAEAAIRELLYAI,32,0,885,2
1078,TIFLQQQQQQQQQQQ,15,0,886,6
1079,PRLRRLTGLSPLRAP,15,1,887,2
1080,CCSALCSRYHCLPCC,15,1,824,2
1081,NSDTPKYRCGSDIPNSYMDLCFR,23,1,327,3
1082,TKIADLRSQTVDQLSDLKL,19,0,888,9
1083,GCPWMPWC,8,1,356,3
1084,HSEGTFTSDYSKYLDNRRAKDFVQWLMNT,29,0,245,8
1085,RDIAFHEECCNIR,13,0,889,5
1086,LLPLVGNLLNDLL,13,0,155,6
1087,VTVPPPEIAARYYRSWPAHELYHHPDR,27,0,890,6
1088,VDFASESNKRENQQIVDKHNAL,22,1,891,4
1089,DGEYQRDLAAGLDPVIPVNYYPNNDPA,27,0,892,1
1090,NGFKNEVQVIITV,13,0,893,7
1091,GCCPRSFLCC,10,1,615,8
1092,MFTITSYFGFLLAALTITSAIFIGLNKIRLI,31,0,291,6
1093,AFCRFNGQQCTSDGQCCNGRCINAFQGRICIG,32,1,894,7
1094,QCCDWEWCDELCSCCW,16,1,895,0
1095,CTHAYEACDATTNCCYMTCNLPTRKCRGPLF,31,1,896,2
1096,EPTPRSFNGDKVFRV,15,0,897,0
1097,LDLTYELSLQVVKLNESY,18,1,898,9
1098,ADPRNPLEECFRETD,15,1,899,2
1099,RFIYMKGFGKPRFGKR,16,1,900,3
1100,VWLSALKFIGKHLAKHQLSKL,21,1,832,3
1101,GCCGSYPNAACHPCSCKDRPSYCGQ,25,1,901,8
1102,TDGKEGEFIAEGGGVR,16,0,253,0
1103,ACCDPDWCDAGCYDGCC,17,1,902,3
1104,QPIPVLEYKQMAGRAG,16,0,903,8
1105,CKGKGAKCSRLMYDCC,16,1,904,6
1106,FLSLIPKIAGGIASLVKDL,19,1,905,9
1107,RRKGRLYVINKKNPRF,16,0,906,4
1108,VQPPHSHGDNFYIWT,15,0,907,2
1109,MIYSTEVVNMNM,12,0,908,7
1110,FFLKEKQINKKWFVIDAEGLVVG,23,0,909,1
1111,DKQYKLPILDTVSKSLREGGHLVLGQT,27,0,910,1
1112,DCQEKWDFCPAPFFGSRYCCFGLFCTLFFCA,31,1,911,7
1113,IFGAIWNGIKS,11,1,454,0
1114,MSTITSYFGFLLAASTITPALLIGLSKIRLI,31,0,291,4
1115,GGEEQFDDYGHMRF,14,0,912,1
1116,VTPDGVNTATNA,12,0,913,9
1117,PQLGLPFPRV,10,0,914,2
1118,RCCGEGSSCPKYFRNSQICHCC,22,1,519,5
1119,HRRQGPIFDTRPSPFNPNQPRPGPIY,26,1,915,4
1120,EFVDLLPAQQRMKGENWYR,19,0,916,6
1121,TEEEKTVGGIVLASNVK,17,0,917,2
1122,IRAECCSNPACRVNNPHVC,19,1,35,3
1123,ILGPVLGLVSNTLDDVLGIL,20,1,29,4
1124,DCGEQGQGCYIYPCCPGLTCLGGGTGGGVCQPQ,33,1,13,6
1125,STIEVRNNSPYYSVD,15,0,918,5
1126,GGCCSYPPCIASNPKCG,17,1,35,3
1127,CHMDCSKMICCSGICCFYCGLPSCDDT,27,1,919,2
1128,AQENETNESGSID,13,0,920,0
1129,MTTRGFSCLLLLIREIDLSAKRRI,24,0,608,0
1130,GWVYHAHPDANSWWS,15,1,921,9
1131,DCCPAKMFCCQW,12,1,922,2
1132,GFILHALWHVQCCSWLWCDGGCDCCE,26,1,923,0
1133,ASPENYQYVILNL,13,0,924,3
1134,ARRKIAELGATRLVVHRTPRHVYAQV,26,0,925,8
1135,HPPCCLYGKCRRYPGCSSASCCQR,24,1,143,5
1136,NEMKNSEVSKLDNMLCTWKVFC,22,1,926,7
1137,AGETHTVMINHAGRGAPKLVVGGKKLS,27,1,927,4
1138,VTMGYIKDGDGKKIAKKKNKNGRKHVEIDLNKVG,34,1,928,6
1139,GIPCGESCVYIPCTVTALLGCSCKDKVCYKN,31,0,493,4
1140,ADVPCGDGTCTFGCCENGICKELNCLDVSNTESSW,35,1,929,5
1141,NSDTPKYRCGSEIPNSYIDLCF,22,1,327,8
1142,MEFSPRAAELTTLLESRISNFYTNI,25,0,930,9
1143,QCCITIPECCRI,12,1,931,4
1144,GRDGYIAQPENVY,13,1,932,7
1145,SCCGSSNTGSCC,12,1,933,3
1146,CCRWPCPGSCRCC,13,1,934,6
1147,GVPCSCRGKSGTYWSAGKCPGEHYTTYCNNLIG,33,1,935,4
1148,CKGKGASCRRTSYDCCTGSCRLGRC,25,1,14,9
1149,DEALRLKQRRRTLK,14,0,936,7
1150,GCSDFGSDCVPATHNCCSGECFGFEDFGLCT,31,1,328,2
1151,SVINTQIKPFKTQAFKNGKFIEVTE,25,0,937,0
1152,QKKDKKDR,8,0,938,8
1153,RICLNQQSSEPQTTEICPDGEDTCY,25,1,939,1
1154,GCCSWNCIQLRACCCN,16,1,940,1
1155,GCCCNPACGPNYGCGTSCSRPSEP,24,1,941,0
1156,ECSRKGEWCGLESVLCCNGGSWNCWFVCTA,30,1,942,4
1157,KTPWTLDPVAVGALEFRRRFC,21,0,943,9
1158,MICYSHKTPQPSATIGCEEKTCYKKSVRKL,30,1,944,0
1159,SGNVAEAPKHYHCSYEDADIVMREWYHVWGSG,32,0,945,7
1160,MSYIVRFTGLLLLNAFIVRGRPVGGIQH,28,0,946,7
1161,ALIFATLSAAYIGEALE,17,0,947,8
1162,YCSDDWQPCSHFYDCCKWSCNNGYCP,26,1,110,8
1163,ATPECSRAGCKNVPCCSGLKCTGPQSGPVCQPE,33,1,948,5
1164,KEGYLLGSRG,10,1,132,6
1165,ASFRAVLEMWLSYVQPWRYVLE,22,0,949,9
1166,ARLQGFPDSFQIPV,14,0,950,9
1167,RCCPGWELCCEWDDGW,16,1,951,1
1168,RQDMVDESVCYITDNNCNGGKCLRSKACHADPWEL,35,1,952,8
1169,NYALYPARPENSWWT,15,1,953,1
1170,NVGQILETHLGLAAKGLGEKINRMLEE,27,0,954,9
1171,QAPWPDTISPP,11,1,955,3
1172,LTCYKGYRDTV,11,1,956,8
1173,FSGLGSQNPGLLVLAK,16,0,957,2
1174,RSVCRQIKICRRRGGCYYKCTNRPY,25,0,958,5
1175,PSSQPRGDPTGQEEPKKKVEKKTTTDPFD,29,0,959,2
1176,ILGPVLGLVGDTLGDLL,17,1,29,5
1177,MALVFFLIAVLAGILGFAGIAGTLA,25,0,960,8
1178,IRDQCCSNPACRVNNHVC,18,1,35,4
1179,RGSNLTSLPLQNVIDLFYVGNITIG,25,0,94,2
1180,MNEQSMKPYVIGLDLGGTNSVFGIV,25,0,961,6
1181,NCCARQICC,9,1,250,5
1182,GGGGGSGETSGMWFGPRL,18,0,145,5
1183,GCCHLLACRMGCSPCCW,17,1,320,8
1184,SGCCKHACGKNRC,13,1,962,1
1185,SIGSAFKKAAHVGKHVGKAALTHYLN,26,1,963,9
1186,NTAVRVKQILQKNKELQDIIAILGVD,26,0,964,0
1187,QKKDRFLGLM,10,0,965,5
1188,QVYVAVESPRGELGVHMVSD,20,0,966,9
1189,DDFMRIMCGDEFCTYDCCEIVDGSSKCKQPDCP,33,1,967,4
1190,TNTPEQQCYLQAKCYIEFYVVV,22,1,968,8
1191,FLPLLVGAISSILPKIF,17,1,969,1
1192,ECDPYYCSNGKVCCPDYPTCGDSTGKLICVRVTD,34,1,970,9
1193,AFVKGSAQRVAHGY,14,1,971,9
1194,VIGGDECNINEHRFLVAY,18,1,972,9
1195,ACCEQSCTICMPCC,14,1,973,1
1196,HHDHHAAVGGGGGGGGGA,18,0,974,9
1197,IALTV,5,0,975,6
1198,MAYRGFKTSRVVKHRVRRRWFNHRRRYR,28,0,976,8
1199,ASAPISQAILRDCCSNPPCAHNNPDC,26,1,977,2
1200,ATATESRPAPKSFKDLG,17,0,978,9
1201,MNVSQIYARNGELFSGRICKQKRQ,24,0,979,2
1202,FLPFIAGVAAKFLPKIFCAISKKC,24,0,138,2
1203,IALIATRECCANPQCWSKNC,20,1,89,0
1204,GCPFQPWC,8,1,356,8
1205,FLPAVLKVAAHILPTAICAISRRC,24,1,138,7
1206,DCPSDWSPYEGHCYRVFTEPQNWADAEKFC,30,1,980,2
1207,DEPKPDQFVGLM,12,0,421,5
1208,FLSAITSILGKLF,13,0,516,9
1209,MEALVYTFLLVSTLGIIFFAIFFREPPKVPDRGGK,35,0,164,3
1210,KRNGFRKFMRRLKKFFAGGGSSIAHIKLH,29,1,981,7
1211,MMIFQIGWAALAAIFTFSIAMVVWGRNGDGSIDI,34,0,62,8
1212,ATVYNNDGTQVDVGGRFDVALG,22,0,982,5
1213,RPPGFTPF,8,1,113,0
1214,KMLGVVAKKPMSDYE,15,0,983,0
1215,CCFWPACWGCVCCY,14,1,465,6
1216,MMKLVIILIVLLLVSFAAY,19,1,984,4
1217,CTHPGGACGGHHHCCSQSCNTAATTCN,27,1,673,0
1218,AKKELCTCQQPKHLKYIEKGLQKAKDYAT,29,1,985,7
1219,PDVDHVFLRF,10,0,986,2
1220,PQDAPVKKKRPPMKEEDLKGAKNKLAHQVPIK,32,0,987,2
1221,GLWDSIKNFGKTIALNVMDKIKCKIGGGCPP,31,1,988,1
1222,GDEEYSEFIERERELVSSKIPR,22,1,989,4
1223,IDWLKLGKMVIDAL,14,1,540,9
1224,EIAGRVWIPEIWGQEELLKDWIDCSTFDTCLV,32,0,990,8
1225,SFHVFPPWMCKSLKKC,16,1,991,4
1226,EAAGLLAFPRT,11,0,188,1
1227,RLGDGCTR,8,1,992,7
1228,AYCCHPACGKNFDC,14,1,7,6
1229,MQWTKPAFTDLRIGFEVTMYFEAR,24,0,640,0
1230,LKVPDLPLPE,10,1,993,2
1231,AVGGIPTDEEQATGLEEIVMVAAQGADYDVM,31,0,994,9
1232,RHRGNRPPSVQGLKTQTTG,19,0,995,4
1233,KTPVIIVGGGARYSDAREELIALSEQSNIPLVE,33,0,996,4
1234,QKKLNSVNRRLNIAITR,17,0,997,0
1235,KKKK,4,1,998,4
1236,IPQDLSGKMLTFPKEEDDDDVKLMTPK,27,0,999,3
1237,GFLDSFKNAMIGVAKSAGKTALNTLACKIDKTC,33,0,613,0
1238,DCCPAKLLCCNP,12,1,1000,1
1239,GCCSDPRCNYEHPAICGGAAGG,22,1,35,9
1240,CLGFGEACLILYSDCCGYCVGAICL,25,1,1001,8
1241,HGEVEVSAGKNLSPV,15,0,1002,5
1242,CAESCVWIPCTVTALLGCSCSNNVCYNGIP,30,1,493,3
1243,DCKLCGHDVCCDWA,14,1,1003,3
1244,ILPILGNLLNSLL,13,1,155,3
1245,CLSGGEVCDFLFPKCCNYCILLFCS,25,1,41,9
1246,SKDNQKNYIPLIVPFAT,17,0,1004,2
1247,ALRGCWTKSIPPKPCP,16,1,607,9
1248,GCCSYPPCWATNPDC,15,1,35,8
1249,MDIVSIGWAALMVVFTFSLSLVVWGRSGL,29,0,233,4
1250,ADPCCYHPTCNMSNPQIC,18,1,35,4
1251,CCSNPVCHLEHSNLCTNGG,19,1,35,1
1252,QCTPVGGYCSRHHHCCSNHCIKSIGRCVAH,30,1,1005,4
1253,RCEDCGGLLSEGDNQGCYPLDGHILCKTCNSA,32,0,1006,8
1254,MSDINATRLPLILLAALGIPSDDADSTLTRGER,33,1,1007,8
1255,FIKELLPHLSGIIDSVANAIK,21,1,1008,1
1256,WILHDWDEDKPYYNTI,16,0,1009,9
1257,RECRIGNGQCKNQCHENEIRIAYCIRPGTHCCLQQ,35,1,1010,2
1258,EPKEEKPPTKSRNPTPDQKREDDQGAA,27,0,1011,7
1259,MSGYGTSFALIVVLFILLIIVGTAFVGGY,29,0,1012,5
1260,ADSLTQFDGIKGRYSHEAFYEEKACDSCHLNK,32,0,1013,8
1261,TVCNLRRCQLSCRSLGLLGKCIGDKCECVKH,31,1,604,6
1262,AVCVYRTCDKDCKRRGYRSGKCINNACKCYPYA,33,1,49,5
1263,ATFFDPQPRLLAD,13,0,1014,8
1264,VSRSGKTPTCLYMAMQY,17,0,1015,8
1265,TRNVRRGGKIWVRIFPD,17,0,1016,1
1266,NAGSLLSGWG,10,1,1017,1
1267,FFGSTIGALANFLPSLISKIRN,22,1,355,5
1268,NEQSGKSQTVIVGSWGAKVS,20,0,1018,7
1269,AMVGT,5,1,1019,8
1270,GCDLSTCATHNLVNELNKFDKSKPSSGGVGPESP,34,0,1020,4
1271,MNRVQFNHHHHHHPD,15,0,1021,6
1272,MIRVVHYIKEFFANIGGEEMAHVAPEVREGVVGPG,35,0,1022,8
1273,MSDINATRLPSFFFPIPCISDDIEMVLTRGER,32,1,820,4
1274,HEDNAGIAVYWGQDAREGDLVTACN,25,0,1023,6
1275,FLPAALAGIGGILGKLF,17,1,1024,9
1276,FLSLIPKIAGGIAALVKNL,19,1,905,7
1277,GIFSTLCCGVGINSCC,16,1,1025,8
1278,GCSRWIIGIHGQICRD,16,1,1026,9
1279,MFGQYEVFVQLALLALIVLAGPAVILLLYLRGADM,35,0,1027,2
1280,MLMYQTRRTYQNSNNIAVVHLLKPAWR,27,0,1028,1
1281,LGICFASMPR,10,0,1029,8
1282,SGGEMSNMGHSMEE,14,0,1030,2
1283,GLWQLIKDKFKDAATGFVTGIQS,23,0,1031,8
1284,GKPDGAFDNITVVESVFI,18,0,1032,8
1285,CCKQSCTTCMPCCW,14,1,973,4
1286,FLPIVGKLLSGLSGLL,16,1,155,4
1287,NDWRNAMYPVVPGHE,15,0,1033,2
1288,DPLVFFKFG,9,0,1034,4
1289,MHPVLRQMRPQQQAPSQQQPQKALLAP,27,0,1035,2
1290,QRRIAAEILKCGENRI,16,0,1036,7
1291,PLFDKRQRCCNGRRGCSSRWCRDHSRCCGRR,31,1,1037,8
1292,IASENIVSGAVQEAQGSVLTNKYAEG,26,0,1038,0
1293,YKVDEDLQGAGGIQSRGYFFFRPRN,25,0,1039,1
1294,NLQILCCKHTPACC,14,1,334,3
1295,MSDINTTRLPFVFVASPPCVGDDIAMVLTRGENLC,35,1,1040,7
1296,SEVGALVFQPKTRF,14,0,1041,8
1297,AANAKLSERLDPCCREPPCASTHTDICTRRR,31,1,1042,0
1298,QCTPVGGYCFDHHHCCSNHCIKSIGRCVAH,30,1,1005,2
1299,SDYLQLART,9,0,741,2
1300,VKLAFPRELRLLTPS,15,0,1043,9
1301,GEEEYQKMLENLREAEVKKNAGKR,24,1,103,6
1302,NCCNGGCSSKACRDHARCC,19,1,139,1
1303,QAKSQGGSN,9,0,1044,9
1304,ESIVRPPPVEAKVEETPE,18,1,1045,8
1305,FLPIVAKLLSGLL,13,1,155,0
1306,NLPVYNAFGMIEQEIPKTLNVKIPAGVGNGQRI,33,0,1046,5
1307,FQMLFAPCCGFCG,13,0,1047,6
1308,SHDKPDHIRLFELKKDDLLISVHNA,25,0,1048,7
1309,CKGKGAPCTRLMYDCCHGSCSSSKGRC,27,1,14,1
1310,KDCLQKGNIILSLSAM,16,0,1049,1
1311,NSCKGAGAKCSRLPYDCCTGSCRSGAC,27,1,14,9
1312,FLPILASLAATLGPKLLCLITKKC,24,0,138,3
1313,GYIAYVHQNELVKR,14,0,1050,6
1314,FVVFILADPARYFQFYFPFFQHR,23,0,1051,4
1315,NRQPSKYGLEETI,13,0,1052,8
1316,QCADLGEECHTRFCCPGLRCEDLQVPTCLMA,31,1,396,6
1317,VIPFVASVAAEMMQHIFCAASRKC,24,1,1053,6
1318,CFVRNCPTG,9,0,391,2
1319,KLTLLQTWSEDDFRRVQE,18,0,1054,3
1320,DCTPCGPNLCCEPGKTCGTSTHHDHYGEPACV,32,1,1055,6
1321,QGVGLFSAR,9,0,1056,4
1322,DGGCVDGGEFCGFPKIGGPCCSGWCFFVCL,30,1,779,6
1323,CTSEGYSCSSDSNCCKNVCCWNVCESHCRHPGKR,34,1,1057,3
1324,SFSKIVGPSGRPLWVERARLDAGDPLR,27,0,1058,1
1325,GLVSSIGKALGGLLADVVKSKGQPA,25,0,846,8
1326,DVPDSLDWRQELVRK,15,0,1059,8
1327,FLPILAGLAAKIVPKLFCLATKKC,24,1,138,6
1328,AKANAKFEVKAAAFEGELIPASQIDRLA,28,0,1060,4
1329,FFFLSRIF,8,1,1061,6
1330,HANIWYSHPRRYCQGS,16,0,1062,4
1331,MSHIVRFTGLLLLNAFIVRGRPVGGIQH,28,0,946,9
1332,TPQIQKPAPQFSKTALLPDE,20,0,1063,0
1333,DECCAIPFCAKIFPGRCP,18,1,1064,6
1334,LSLQEFLGLWR,11,0,1065,3
1335,CATYGKPCGIQNDCCNICDPARRTCT,26,1,1066,7
1336,CLALQILTGLFLAMHYTSDTATAFNSVTHICR,32,0,1067,8
1337,CCKVLCESCTPCC,13,1,1068,7
1338,ALLHHGLNCAKGVLA,15,1,1069,7
1339,GWCGKPGATCGKLRLYCCSGFCDCYTKTCKDKSSA,35,1,50,2
1340,HLIDLEPTFFYANLIKLDKAA,21,0,1070,9
1341,DECFSPGTFCGIKPGLCCSARCLSFFCISLEF,32,1,1071,0
1342,SCLSSGALCGIDSNCCNGCNVPRNQCY,27,1,1072,4
1343,NCIPKNHFCGLLHHSRNCCTPTCLIVCF,28,1,1073,5
1344,YIELAVVADHGIFTKYNSNLNTIR,24,1,1074,5
1345,MEALVYTFLLVSTLGIIFFAIFFREPPKIQTKKMK,35,0,164,8
1346,QCLPPLSLCNMADDDCCNDCVLFLCSYY,28,1,1075,9
1347,MARIAGVNIPTGKRVPI,17,0,1076,7
1348,CRWLQHSCLQ,10,1,1077,9
1349,ACCKVKFLNFCCNE,14,1,1078,7
1350,GCCSHPACAVNHPELC,16,1,35,3
1351,TKEVLKNLKVCVNC,14,0,1079,6
1352,EVRPFPEVYERIA,13,1,1080,7
1353,MSDINATRLPIIGILLPPCIGDDVTLLLTRGE,32,1,346,2
1354,IAFPIATFIAGL,12,0,1081,8
1355,CAQSSELCDALDSDCCSGVCMVFFCL,26,1,1082,4
1356,VLRAVDRLNEQSSEANLYRLLELDQ,25,0,1083,0
1357,HQAPARSLLHATG,13,0,1084,8
1358,DSCCIEQHCCD,11,1,1085,2
1359,QDSRIRTIDATQPLDAVMRDIRATVTKWVQEQAA,34,0,1086,2
1360,WLGCARVKEACGPWEWPCCSGLKCDGSECHPQ,32,1,1087,4
1361,YNEFLRRFLGEKEGDIIEMETGKRI,25,0,1088,6
1362,VDIHVWDGVVDIHVWDGV,18,1,1089,3
1363,MQSYNVFPALVIITTLVVPFMAAAALLFIIERDPS,35,0,1090,7
1364,LDLTPGSHVDSYVEA,15,0,1091,6
1365,FIGGIISFIKKLF,13,0,204,0
1366,MGFPISAAAIALRACSAAVPRGRAISQAMPWASQ,34,0,1092,8
1367,MEALVYTFLLISTLGIIFFAIFFREPPKVPTKGGK,35,0,164,2
1368,MLWVLVGTVLPVMLLAAPP,19,0,1093,2
1369,VCTPPEGYCTYHRDCCDLYCNKTTNVCLET,30,1,1094,1
1370,ARKFFVGRNWPEL,13,0,1095,4
1371,ALKDKNQLDRIGIVQGVILQQIVITAL,27,0,1096,7
1372,MQTFSLLVAYKIFTDGTETKRVHASKAKHA,30,0,1097,6
1373,FGVYNGKKHVPVNVTEEMIGQKFGEYSPTRTYYGH,35,0,1098,7
1374,SVLEIGLMLQEETEKNPKTSYSI,23,1,1099,9
1375,MIREPRIREPRSLA,14,0,1100,7
1376,DCQDSGVVCGFPKPEPHCCSGWCLFVCA,28,1,544,4
1377,ITCGQVTGSLAPIPFLRTG,19,0,1101,0
1378,MEALVYTFLLVSTLGIIFFAIFFREPPKVPTKKLK,35,0,164,8
1379,GWCGDPGATCGKLRLYCCSGFCDCYTKTCKDKSSA,35,1,50,9
1380,GCRFCCNCCPNMSGCGVCCRF,21,1,1102,9
1381,GLLASLGKVLGGYLAEKLKPK,21,0,882,8
1382,MNVRGCCSHPVCRFNYPKYCGGRR,24,1,1103,8
1383,GKSSSRPLGDATLGDLDFDIEVTQDYWDDLAR,32,0,1104,9
1384,IVAVLFLTACQFNAADDSRVRRNAEH,26,1,1105,8
1385,AELTSCFPVDHECDGGASNCNCCGDDVYCA,30,1,1106,5
1386,IWSAIWSGIKGLL,13,1,454,9
1387,KDLHTVVSAILQAL,14,1,1107,2
1388,DRLMYD,6,1,1108,3
1389,CIAESEPCNIITQNCCDGKCLFFCIQIPE,29,1,1109,2
1390,VTAKAVAAAEAASSAR,16,0,1110,5
1391,MLTITSYFGFLLVVLTITSALFIGLSKIRLI,31,0,291,9
1392,FWGTLAKWALK,11,1,1111,0
1393,GEQEREYNEDRKYYSKGVK,19,0,1112,1
1394,NNPPCCSGYVCEGVYCAVDV,20,1,1113,8
1395,FLSTIWNGIKSLL,13,1,1114,6
1396,CCRTCFGCTPCC,12,1,1115,2
1397,QQKIHELEGLMMQHAQNLEFEEAAQIRD,28,0,1116,2
1398,MCMPCFTTDPNMAKKCRDCCGGNGKCFGPQCLCNR,35,1,857,5
1399,AVPQSIDWRDYGAVNEVKNQNPCGSCW,27,0,1117,0
1400,GCCSRPPCILNNPDLC,16,1,35,8
1401,GRLEQIDRGQGFLALVDYA,19,0,1118,9
1402,ARDECCSNPACRVNNPHVC,19,1,35,4
1403,YPRAVMERLVPAAAEH,16,0,1119,6
1404,FWGALVAGLAPKVAIGIKAINKKG,24,1,1120,4
1405,NGHCCHPACGGKYVKC,16,1,1121,7
1406,MELFHIRYLQAYLKVIGNYTCHLLFGTHKKTL,32,0,1122,3
1407,RRICRCRIGRCLGLEVYFGVCFLHGRLARRCCR,33,0,1123,1
1408,AVVFDPQPALWAEADTQLEP,20,0,1124,4
1409,DECCSNPSCAQTHPEVC,17,1,35,5
1410,LIAPFIRDYCCPRGPCMVWC,20,1,1125,9
1411,FLPIIASVAAKVFSKIFCAISKKC,24,0,138,6
1412,NCCNGGCSSAWCAAYAACC,19,1,139,0
1413,GLGSLVGNALRIGAKLL,17,0,778,3
1414,SKSSSPCFGGKLDRIGSYSGLGCNSRK,27,0,1126,4
1415,PGNDLVVGSHMLEVCPSI,18,0,1127,1
1416,VVCACRRALCLPLERRAGFCRIRGRIHPLCCRR,33,1,1128,3
1417,FLPKMSTKLRVPYRRGTKDYH,21,1,1129,9
1418,LRPAVIVRTKAL,12,0,1130,1
1419,ANIVFDVESATTGTYSTFLTSF,22,1,1131,5
1420,GCPWKPWC,8,1,356,4
1421,SLINTEVKPFQATAYHNGQFVEVNE,25,0,1132,5
1422,TVYSLSSLLILYVLP,15,0,1133,2
1423,TRSRWRRFIRGAGRFARRYGWRIALGLVG,29,1,1134,4
1424,MPRRRRSSRPPVRRRRRPRVSRRRRRRGGRRRR,33,0,71,5
1425,GIPCGESCVWIPCISAALGCSCKNKVCYRN,30,1,159,2
1426,GSAHQGYFSQPVVDAFDPRLLVASP,25,0,1135,9
1427,SATCCNYPPCYETYPESCL,19,1,1136,3
1428,NLNQFSNMIQCANTRSLFANYGCYCGY,27,0,1137,9
1429,FLGGLWKAMSNLL,13,1,1138,9
1430,GLPVCGETCFGGTCNTPGCACDPWPVCTRD,30,0,51,9
1431,SPTVIALRVVEALSPR,16,0,1139,8
1432,CVDIGFSPTGKRPPFCPYPG,20,1,1140,2
1433,CIAKGNGCQPSGVQGNCCSGHCHKEPGWVAGYCK,34,1,1141,4
1434,RGSLTILPLRNIID,14,0,94,5
1435,SALESLPDPAVLPEEESRLLLAALVKDY,28,0,1142,4
1436,GICCGVSFCYPC,12,1,1143,2
1437,SCGNLGESCSAHRCCPGLMCMGEASICIPY,30,1,1144,8
1438,LNLWVDKHYRDRLTTQ,16,0,1145,0
1439,MRVAKIGVIALFLLMAIGGIGGVMLAGYSFILRAG,35,0,1146,1
1440,QQECCEPQWCDGACDACC,18,1,1147,3
1441,FLPLVTGLLSGLL,13,1,155,5
1442,GVCCGYKICHC,11,1,30,9
1443,RDCQEKWEYCIVPIAGFVYCCPGLICGPFVCV,32,1,136,3
1444,SSANPQITRKRHKINSFVGLM,21,0,1148,4
1445,MAPRGFSCLLLSTSEIDLPVKRRT,24,0,608,1
1446,FLFSLIPSAISGLISAFKGRRKRDLN,26,1,1149,7
1447,FDPALMSMQGMQGGQMPGMAGGQ,23,1,1150,2
1448,QSHLSLCRWCCNCCRSNKGC,20,1,1151,3
1449,SSDLLPLYEYEPEPEAVLDALLPRYIEARIFNVML,35,0,1152,7
1450,MAQPTASAQKLVRPIRAVCRILQIPESDPSNLRP,34,0,1153,5
1451,QVSWWCGKPGDTCGKLYLKCCSGRCSGSCSGKCLP,35,1,1154,4
1452,FALGAVTKRLPSLFCLITRKC,21,1,1155,1
1453,FNAGGHINHSLFWQNLAPASSNEAK,25,1,1156,6
1454,AKAGVNKPELLP,12,0,1157,0
1455,VDVVTLSGSLPAGMPDDYYQKLIGIA,26,0,1158,4
1456,TLAKVDSVANRRLAFARLRNKEA,23,0,1159,0
1457,APNVKDSKASGSCCDNPSCAVNNSHC,26,1,332,1
1458,MEALVYTFLLVATLGIIFFAIFFREPPKVPNRGK,34,0,164,3
1459,DCGEQGEGCATRPCCEELSCVGSRPGGLCQY,31,1,1160,3
1460,MSDELIHVVIALGLVISFGLGAITAGVLR,29,0,1161,9
1461,PPEGVQVAVESNTNVIVSG,19,0,1162,5
1462,FLEGVISTIKDFAGKVCCSVSVNFCCPTA,29,1,1163,1
1463,DKYIALGEWAGCFGIKEKDIDKDLVI,26,0,1164,4
1464,IIIQYEGHKH,10,1,1165,1
1465,MAKA,4,0,1166,4
1466,ILGLVISTIGNVLGGLLKNL,20,1,29,6
1467,MRRQASLPARRRRRVRRTRVVRRRRRVGRRRH,32,0,1167,7
1468,DCCSMSACVPPPACECC,17,1,1168,7
1469,MDAFAYTLLMTLVVATLFFAVAFRDPPKIGKDSGK,35,0,165,8
1470,MLFLLKSRKEGKEKVSIYSVYCFFLRKENGKDE,33,0,1169,1
1471,MYEVIVVVYAAQI,13,0,1170,5
1472,DCKPEGYSCAGEEPCCEGLRCMTSGGGAICVTQ,33,1,1171,1
1473,MRTGKQYLKSLNDGRTVILDGEVVGNVLH,29,0,1172,8
1474,AAVPSGASTGVYEALELRFRAPVEPY,26,0,1173,5
1475,DPCYEVCLQQHGNVKECEEACKHPVE,26,1,1174,9
1476,MHAISLHSLAYRRFARNVSLSMLLLMR,27,0,1175,4
1477,QRQCQNVQNCYKYCMSPKKCEYGTCYCEPSP,31,1,1176,0
1478,KAKFKAH,7,1,384,8
1479,MSTITSYFGFLLAALTITSAIFIGLNKIRLI,31,0,291,1
1480,FWGALIKGAAKLIPSVVGLFKKKQ,24,1,1177,9
1481,GCPWNPWC,8,1,356,1
1482,AVPAVRKTNETLD,13,0,1178,7
1483,CCHPACGQNTSC,12,1,7,4
1484,CCISPACNDSCYCCQ,15,1,4,5
1485,MRNAVSKAGIISRRRLLLFQFAG,23,0,1179,1
1486,EICCNPACGPKYSC,14,1,7,3
1487,ASEDTAEAAAPSA,13,0,1180,8
1488,AKTIAYDEEARRGLERGLNSLADAVKVT,28,0,1181,1
1489,RDPCCYHPTCNMSNAQIC,18,1,35,5
1490,DEDDD,5,1,1182,2
1491,FLSTLWNAAKSIF,13,1,1183,1
1492,DCGERDEPCCVNSSGVKYCESPWSCMHTTLLCEQN,35,1,1184,8
1493,KCCKKGGPRKCPPEGMTFYERIFRI,25,0,1185,0
1494,QVVINTQTEYQLTSADQPKKF,21,0,1186,3
1495,GPLQLSWNYNYGAAGK,16,0,1187,3
1496,MEALVYTFLLVSTLGIIFFAIFFREPPTISTKK,33,0,164,0
1497,APVAQEGN,8,0,1188,0
1498,ECCEDGWCCTAAPLT,15,1,48,1
1499,GCCSDPRCRWRCR,13,1,39,0
1500,GWVYHAHPEANSFWT,15,1,921,6
1501,ECTPCGPNLCCQPGKTCGTSTHHDHYGEPACV,32,1,1055,4
1502,GVCCGYKLCHPC,12,1,30,5
1503,EFSPTRKFGGHGDDKKKKK,19,0,1189,1
1504,KLMSELVINGVQIYQF,16,0,1190,7
1505,MMWTKPEVTEMRFGFEVTMYVCNR,24,0,1191,6
1506,PELNGATYRYPPGIVGVA,18,0,1192,3
1507,PAWLVDCPCVGDDVNRLLARGEK,23,1,412,3
1508,DEDNVLLT,8,0,1193,2
1509,RCCISPACNDTCYCCQD,17,1,4,6
1510,SLGSFMKGVGKGLATVGKIVADQFGKLLEAGQG,33,1,76,6
1511,ELPGLPKGEKEQQEAIEHIDEV,22,0,742,7
1512,DESESHFKTGDVLRVGR,17,0,1194,6
1513,GCCSHAACSVNHPELC,16,1,35,8
1514,CCIKFHPCCHN,11,1,1195,5
1515,GIWCDPPCPEGETCRGGECSDEFNGDM,27,1,1196,9
1516,MKTRPKKAGQQKKTESKAIDSLDKKLGGPNRPST,34,0,1197,3
1517,KEEAKVLGTVIGIDLGTQYL,20,0,1198,6
1518,METNDLGFVASLMFILVPAIFLIVLYIGTQNNEA,34,0,1199,4
1519,VFTHVLQPYPEIRPRFPLVGGWKTHYV,27,0,1200,5
1520,SPTEQPYSSAAPLI,14,0,1201,7
1521,FLPIIAGVAAKVLPKLFCAITKKC,24,1,138,5
1522,AANDKAPVQIVLTVQECCADSACSLTNPLIC,31,1,703,6
1523,AKGKGAKASRLMYDAATGSARSGKAGS,27,1,14,0
1524,GIPCGESCVYIPCTVTALAGCKCKSKVCYN,30,0,493,8
1525,FCCDSDWCHLPECLCCN,17,1,1202,5
1526,RCKPCFTTDPQMSKKCADCCGGKGKGKCYGPQCLC,35,1,1203,3
1527,MEWYPEAAANAERYTQIVWYK,21,1,1204,3
1528,GCPPMCNPGCHNCS,14,1,1205,0
1529,GCCTACHIPPCTCC,14,1,1206,3
1530,SEDETRLVKNLFSGYNKVVRPVNH,24,0,1207,7
1531,QICCGYGDCGFVPNVCV,17,1,1208,4
1532,FLGAIAGVAAKFLPKVFCFITKKC,24,1,138,6
1533,VRLLRRRI,8,1,1209,8
1534,GLLDALSGILGL,12,0,1210,9
1535,MEALVYTFLLVSTLGIIFFAIFFRDPPRISTKK,33,0,164,4
1536,IDWLKLGKMVMDVL,14,1,540,0
1537,VETPRHLTKRQREL,14,0,1211,6
1538,KDPEVRLKGIEQLKKHGIEGLVVIGGDGSY,30,0,1212,3
1539,AEELVKPYNGDPFVGHLSTP,20,0,1213,4
1540,MIGIADVKLLNLGMLFPFVEVES,23,0,1214,5
1541,MVGRYRFEFILIILILCALITARFYLS,27,0,1215,3
1542,TSFTLYMR,8,0,1216,9
1543,MAWTAPKLREVNCGMEINMYAPAEDEGGRGTDPIL,35,0,1217,0
1544,GLFSVLGSVAKHLLPHVAPIIAEKL,25,0,557,6
1545,MSMTSDDIIYVVFALGLVVSFGLGAITAGVFR,32,0,1218,1
1546,GSIPCGESCVWIPCISSVVGCACKNKVCYKN,31,0,159,1
1547,RLCIPVIFPC,10,0,1219,2
1548,GFGCYRSCWKAGHDEETCKRECS,23,1,1220,9
1549,GLPVCGETCFGGTCNTPGCSCSYPICTRN,29,1,51,2
1550,TSKYALVIFAAKRARQINSFYHQADEG,27,0,1221,7
1551,MYAFSYSTPRTLDEVSAAS,19,0,1222,1
1552,STDCNGVPCEFGCCVTINGNDECREIGCE,29,1,1223,0
1553,VLPLISMALGKLL,13,0,1224,6
1554,NMITGAAQMGAILVAYDSIAA,21,0,1225,2
1555,MKILNSVLIACAWWVAQVSAVVVGIHIYYEYF,32,0,1226,1
1556,LPCCDVGWCSRRCICDVYRP,20,1,278,6
1557,VSCTGSKDCYAPCRKQTGCPNAACINKSCKCYGC,34,1,1227,4
1558,TYPPVVATLRTH,12,0,1228,0
1559,VFEIAPSAK,9,0,1229,8
1560,FMKVIDPGTKWCGPGNKAADDTDNGKN,27,0,1230,4
1561,DECCSDPRCAVKHQDLC,17,1,35,3
1562,VGNTFGRVRAMTN,13,0,1231,4
1563,ASNWNTRMIDCCDIPRCYNERPEECREESS,30,1,1232,6
1564,IAAEMGAQFVKTYFVEEGFEKVTASCPVPIVIAGG,35,0,1233,8
1565,ERAIRFGLAIGATVAPR,17,0,1234,2
1566,GCCGPTACIVGCKPCC,16,1,320,3
1567,MIIIFIELCRIADSLLWIPKSSRRTSSISTYLIL,34,0,1235,5
1568,CVDCRPGYKCCGVCTMNQCTGREIPKE,27,1,1236,0
1569,MGSVIKKRRKRMSKKKHRKLLRRTRVQRRKLGK,33,0,1237,0
1570,NGRCCHPACGKHFSC,15,1,7,4
1571,DVKCIGSCDSTVWHRV,16,1,1238,7
1572,GLLGGLLGPLLGGGGGGGGGLL,22,1,1239,1
1573,STEPKKSDLAERNITA,16,0,1240,8
1574,ARLRPGTFYALPQ,13,0,1241,5
1575,GSSSGLISMPRV,12,0,188,4
1576,AKASGIDTIASGGVKDINDIKCLKL,25,0,1242,2
1577,NFGILFYFTRPRNNFVRI,18,1,1243,3
1578,VKPCSEEGQLCDPLSQNCCRGWHCVLVSCV,30,1,1244,1
1579,GLWSTIKNVGKEAAIAAGKAALGAL,25,1,1245,6
1580,GIGGKPVQTAFVDNDGIYD,19,0,1246,2
1581,FAFKIYDIDKDGFISNGELFIV,22,0,1247,2
1582,SIIDSVKTFCCSTFNLGICCS,21,1,1248,5
1583,QNWPHPQIPP,10,1,52,6
1584,KAIRWHIPVSFLLTLALCAALGWLFSP,27,0,1249,3
1585,AIPCGESCVWIPCISAAIGCSCKNKVCYR,29,0,159,5
1586,MDEYPVTTELQNRC,14,0,1250,7
1587,GCCNAGFCRFGCTPCCW,17,1,320,5
1588,LTQDARARMESQLGAE,16,0,1251,2
1589,CIKDGEFCGTPVENDPLCCSLICDLVCL,28,1,1252,1
1590,SNTKQPTPLGGVIFA,15,0,1253,9
1591,GDDALIKASGGIRSKE,16,0,1254,7
1592,NGRCCHPACAKYFSCGR,17,1,7,0
1593,CQRANFVCDAFHHAAVCCEGVCVLVCAW,28,1,1255,9
1594,INWKKIKSIIKAAMN,15,1,404,7
1595,DWTWSLVAACSVELL,15,0,1256,6
1596,DECCSNPSCAVSNPDICGG,19,1,35,3
1597,GCWLCLGPNACCRGSVCHDYCPR,23,1,1257,1
1598,RTIQGEDLTNCEFTNTACAKLQQNFKGT,28,0,1258,1
1599,FCSDPPCRISNPESCGWEP,19,1,1259,3
1600,MFSLSNSQYTCQDYISDHIWKTSSH,25,0,1260,2
1601,ARTDNFVRL,9,0,1261,8
1602,DVVSPPVCGN,10,1,1262,6
1603,EAIGNAGSALGVLAADGVVLVGEKKVTSKLLQTSR,35,0,1263,6
1604,SSGGGDGSGMWFGPRL,16,0,145,9
1605,GLPVCGETCFGGTCNTPGCTCSYPICTRN,29,1,51,8
1606,MNLVDIAILILKLIVAALQLLDAVLKYLK,29,1,1264,7
1607,MSDINATRLPIIWAPVVPCISDDNDSTLTRGQR,33,1,1265,8
1608,KIKTRELCWTEEECENWE,18,1,734,8
1609,MESLVYIFVFVVALGVLFFAIAFREPPRIGK,31,0,165,0
1610,TATTRRRGRPPGFSPFR,17,1,1266,5
1611,ASGQDFMRF,9,0,160,3
1612,TCRERGIGCDDPLECCSHQCTFTGFSTC,28,1,1267,9
1613,CRSSGSPCGVTSICCGRCYRGKCT,24,1,88,2
1614,IVPFLLGMVPKLICLITKKC,20,1,1268,4
1615,VIGGDECNINEHRFL,15,1,972,0
1616,EHLFLLFPALNEGLLSTTRAALVNAEACFEYTQKL,35,0,1269,9
1617,FMPILSCSRFKRC,13,1,1270,2
1618,LSDYDEEEDERAKATLDAR,19,0,1271,0
1619,FIAGLNGLR,9,0,1272,1
1620,MKTKFVFDLLTPDDILHPSNHVNLIIRPI,29,0,80,6
1621,LEIADLAQYVVDLTAR,16,0,1273,8
1622,AKPAKRVAVTGAAGQIAYSLL,21,0,1274,7
1623,QSSPSNPVIEDDERKA,16,0,1275,9
1624,GIFSSRKCKTVSKTFRGICTRNANC,25,0,1276,1
1625,AADDKPSDWIALAIKQCCANPPCKHVNCR,29,1,1277,0
1626,RICPRILMECSSDSDCLAECICLENGFCG,29,0,281,2
1627,FLPVIAGVAANFLPKLFCAISKKC,24,1,138,1
1628,GCCSYPPCFATNPDCGGAA,19,1,35,0
1629,AADYKRSDWIARVIDSCCSNPPCAHVHCHRRR,32,1,1278,5
1630,FLGAILKIGHALAKTVLPMVTNAFKPKQ,28,1,1279,0
1631,CAAFGSFCGLPGLVDCCSGRCFIVCLL,27,1,1280,5
1632,GLLQTITEKLKEFAGGLVTGVQS,23,0,809,9
1633,RCSDDTGATCSNRFDCCESMCCIGGHCVISTVGCP,35,1,1281,5
1634,NSASLISSWVDNTNFCCCSHDCATICDDCF,30,1,1282,0
1635,CYDSGTSCNTGNQCCSGWCIFVCL,24,1,1283,9
1636,HVDTGDFIIVINASKLKVTGNKTLDKKYYRHS,32,0,1284,9
1637,MEVNILAFIATALFILIPTAFLLIIYVKTVSQSD,34,0,153,0
1638,APQEPNQFQLLKYH,14,0,1285,1
1639,DKVDVFGKGAHPVFRHLVNTKNGKGRLGNFIKWNF,35,0,1286,2
1640,GTDLFLKSGVRAIDTKCKIEQAP,23,0,1287,6
1641,DCIPGGENCDVFRPYRCCSGYCILLLCA,28,1,1288,7
1642,LNQSDCLPRDTFCALPQLGLLCCSGRCLLFCV,32,1,1289,8
1643,MIPAQFTYRRVSSVDEALAAVAEHGD,26,0,1290,5
1644,DDPTSTFTCPGGSDYK,16,0,1291,3
1645,SQPQSETDYSQLSGEWNTIYGAASNIK,27,0,1292,7
1646,QLKVDLWGTRSGIQPEQHSSGKSDVRRWRSRY,32,1,1293,9
1647,HRDCQLVRRKGRVYIINKTAPR,22,0,1294,0
1648,PQCCSHPACNVDHPEIC,17,1,35,6
1649,SASSGESSGMWFGPRL,16,0,145,4
1650,DLLTTIKRVKESMKRRT,17,1,1295,6
1651,LYGNLPF,7,0,1296,5
1652,MATKHGKNSWKTLYLKISFLGCKVVVLLKR,30,1,1297,9
1653,MNRISTTTITTITITTGNGAG,21,0,582,6
1654,VATSEQFNKTFIELVIVVD,19,1,1298,4
1655,SKLAYD,6,1,1108,1
1656,TSMGFQGVR,9,0,309,3
1657,NSDTPKHRCGSELADQYVQLCHG,23,1,1299,3
1658,GVIKSVLKGVAKTVALGML,19,1,1300,2
1659,FINTIRLLINKYREWKNKKDS,21,1,1301,8
1660,CKSKGAKCSKLMYDCCSGSCSGTVGRCY,28,1,14,8
1661,VVDIVDTFRNNIQGATK,17,0,1302,0
1662,IHKLVKLWLNLGKKF,15,1,1303,1
1663,MEVNILAFIATALFILIPTAFLLILYVQTASQNS,34,0,153,2
1664,AKDLTAFFADGEVSRIYLNFSDPWPKKRHE,30,0,1304,7
1665,GFGTILKALAKIAGKVVKKLATKPGATYMLKQNLQ,35,1,1305,9
1666,GFGSLLGKALKAGLKLGANLLGGAPQQ,27,0,125,2
1667,VPPHIY,6,0,1306,8
1668,LVPMFLSKLICFITKKC,17,0,1307,2
1669,FMGGLIKAATKALPAAFCAITKKC,24,0,1308,3
1670,FFHHIFRPIVHVAKTIHRLVTG,22,1,100,8
1671,LEEQSFSFTKFSTDQQNLILQAHY,24,0,1309,2
1672,MEFGNLTNLDVA,12,0,1310,4
1673,ECCNPACGRHYSC,13,1,7,1
1674,YECYSTGTFCGVNGGLCCSNLCLFFVCLFS,30,1,1311,5
1675,MIHMDIVSLAWAALMVVFTFSLSLVVWGRSGL,32,0,233,6
1676,REVQADIRRKIEIGCYQ,17,0,1312,6
1677,GLPCGETCFTGKCYTPGCSCSYPICKKIN,29,0,51,7
1678,GIISLAKSLCCTGIGISFCC,20,1,1313,3
1679,EEKTNPNVVKIVGSPLAGNRRLRALY,26,0,1314,1
1680,MVKQIEFKYAFQEALNSAGDK,21,0,1315,4
1681,GIGSALAKAAKLVAGIV,17,0,1316,4
1682,LGGIGNVTYLPPRSQTN,17,0,1317,5
1683,GLEETYCSMRIKENI,15,0,1318,3
1684,GIIDIAKKLVGGIRNVLGI,19,0,1319,2
1685,ARRGGVLNFGQFGLQALECGFVTNR,25,0,1320,1
1686,GLNTLKKVIQGLHEVIKLVNNHA,23,0,1321,6
1687,ECTDSGGACNSHDQCCNEFCSTATRTCI,28,1,444,0
1688,AVPLIYNRPGIYVTKRPKGK,20,1,1322,4
1689,GCCADPRCRYRCR,13,1,39,0
1690,RCVQTGGSCPSTTGCCNGLCNVDKCT,26,1,1323,2
1691,MKITPLGDNVVIKKLLATA,19,0,1324,4
1692,LFKEILEKIKAKL,13,1,1325,1
1693,GCCVKQGCWNVETCTCCPADPYIPKPFPTRST,32,1,1326,8
1694,TVRGFCSDPSCRFRNPELCDW,21,1,1327,5
1695,GCCHLLACRMGCTPCCW,17,1,320,6
1696,CSDEGASCEKKSDCCFLSCCWSVCDRPCRLVP,32,1,1328,3
1697,QIPWFHR,7,0,1329,7
1698,QSKYLMMYNDNKT,13,0,1330,9
1699,FLPILASLAAKFGPKLFCLVTKKC,24,1,138,2
1700,GLWKNMLSGIGKLAGQAALGAVKTLV,26,0,1331,9
1701,CCSRDCWVCIPCCPNGS,17,1,470,9
1702,CIPQFDPCDMVRHTCCKGLCVLIACSKTA,29,1,1332,0
1703,GELHLDILVDRMRREFKVE,19,0,1333,7
1704,LDWPALARPNQTIVVYMGLLGV,22,0,1334,1
1705,GCLGLGQICEVPGLAVDDCCSGNCEFFCMPEET,33,1,1335,7
1706,SITKIKAREIL,11,0,1336,7
1707,VGCGDHCLSNAHCPPVCRDCTYDSGCQM,28,1,1337,0
1708,GCCRWPCPSKCGMARCCSS,19,1,1338,7
1709,MWLILFAIVATLGLMVADDNIWPDC,25,0,1339,3
1710,MIKEAIGSLVLGKSLTL,17,0,1340,3
1711,YETGIGPVDLLCRDAD,16,0,1341,5
1712,AKGKGAKASR,10,1,1342,7
1713,GILSSFKGVAKGVAKDLAGKLLETLKCKITGC,32,1,1343,3
1714,MATRGFSCLLLVISEIDLSVKRWV,24,0,608,1
1715,MRSYEMNIETAEELSAVNDILASIGEPPVS,30,0,1344,6
1716,FLPMIAKLLGGLL,13,0,155,8
1717,MSIADLKSRLIKASTSKMTAEL,22,0,1345,5
1718,NSDTPKYRCGSDIPNSYMDLCF,22,1,327,6
1719,MRLRRLFKQPSTRVLGVTNCPRQQGHQKRREQPD,34,0,1346,7
1720,VLSGTCCMGYDCWCP,15,1,1347,9
1721,RQCCPTFSECCEMEEEFGL,19,1,1348,8
1722,MEVNILAFIATALLILVPTAFLLIIYVKTAS,31,0,153,4
1723,MAVKAISGCDKDQELI,16,0,1349,8
1724,DFIMPTLTDCCSMSACKLPSACICCA,26,1,1350,5
1725,QCPYCVVHCCPPSYCQASGCRPP,23,1,1351,7
1726,DDECEPPGVFCGTFKIGPPCCSGWCFLWCA,30,1,779,6
1727,IGKHGGFALDIQAEGDLHIDEHHTIEDT,28,0,1352,9
1728,MGFILSALRQQECCVYPFCDGGCYTCQDSCE,31,1,1353,5
1729,KQTENLADTY,10,1,1354,1
1730,MSFSKFHCGKLMSLKLADLRTMFEALEK,28,0,1355,4
1731,SCAQSGLSCDTRPCCDDKPCVPNGRQSMCG,30,1,1356,5
1732,GVVEHCCHRPCSNAEFKKYC,20,1,70,5
1733,MFHVLTLTYLCPLDVVQTRPAHV,23,0,1357,2
1734,WRIDCTRFVFAPRCRGVAA,19,1,448,3
1735,MWPFPSDK,8,0,1358,4
1736,RDCCSNPPCAHNNPDC,16,1,35,1
1737,IRDECCSNPACRVNAPHVC,19,1,35,4
1738,VDLCACPLYPPSFEPVF,17,0,1359,5
1739,IKNTAASNKASSLVALVVRGCCYNPVCKKYYCWKG,35,1,1360,5
1740,AAKVKYSKTPEECCPNPPCFATNSDICG,28,1,1361,6
1741,NYCQEKWDYCPVPFLGSRYCCDGLFCTLFFCA,32,1,911,5
1742,WDVDQCMYYCLTGVVGYSYTECQTMCT,27,1,1362,0
1743,SCGEEGEGCYTRPCCSLGLKCIGIRSHGGLCREE,34,1,1363,1
1744,GNHDCCMGQLPKCMLGPGQGAATCQGK,27,1,1364,0
1745,GPVEIYYLQSADAKG,15,0,1365,3
1746,GCCRWPCPSRCGMARCCSS,19,1,1338,5
1747,DCLGFMKPCDINNDKCCSSYVCGRNNHWCKFHL,33,1,1366,2
1748,CKQADESCNVFSLDCCTGLCLGFCVS,26,1,1367,7
1749,GLWQKIKSAAGDLASGIVEAIKS,23,0,1368,2
1750,AAVPEAAAEATAEAAPVSEF,20,0,1369,0
1751,MSDINATRLPVWIGYSPCVGDDCIALLTRGEGLC,34,1,412,6
1752,GLWEKIKEKASELVSGIVEGVK,22,0,1370,2
1753,LTWKIPTRFCGVT,13,0,1371,5
1754,LREIGAAREEVPGRRGYPGYMY,22,0,1372,9
1755,MDIISLGWVFLMVFFSFSLSLVVWARNGL,29,0,233,0
1756,TKCPTCQNDTCSNKI,15,0,1373,3
1757,STSCVEAGSYCRPNVKLCCGFCSPYSKICMNFPKN,35,1,1374,8
1758,LVKFLKDLKYKVCIEGG,17,0,1375,0
1759,GALRGCWTKSYPPKPCK,17,1,607,9
1760,AEIDFSGIPEDIIKEIKETNAKPPA,25,1,1376,9
1761,IDPVNVKKLQCDGDTYKCTADLDFGDGR,28,0,1377,1
1762,GYEEREVAETVRELDAA,17,1,629,1
1763,QKDLVVTATTTCCGYNPMTMCPPCMCTNTC,30,1,243,6
1764,AACKAACKKGAKLILKAAAPLASQVCGPACNAALA,35,1,1378,6
1765,VNWKKILGKIIKVVK,15,1,1379,6
1766,LGKSVTN,7,0,1380,5
1767,RGYKGIACECCQHYCTDPEFTKYCPPLPKSSS,32,1,1381,6
1768,ACCEPLWCDAGCYDGCC,17,1,902,7
1769,GLWKTLKDSAKSAVTNVAVTMLDKLRCKLTGGC,33,0,1382,9
1770,RCCPMEWCDGDCFCCV,16,1,1383,8
1771,MVLVKTIKKLDGFIECLLMLNYKFLY,26,0,1384,5
1772,SKFSLGDGSHSASC,14,0,1385,3
1773,NNIVFYSLGNVNSYQGG,17,0,1386,5
1774,GCCSYPPCFAANPDC,15,1,35,5
1775,VIGGSDTTIGQYPHQLSLR,19,0,1387,2
1776,GRCCHPACGQNFSC,14,1,7,3
1777,HSDGTLTSELSRLRDRARLQRLLQGLL,27,0,1388,0
1778,YGLAGDHVLDAR,12,0,1389,8
1779,KKWRKWLKALAKK,13,1,1390,1
1780,ATKSAKPTYAFRTFAVLLLAINFLVAAY,28,0,1391,1
1781,YGGFMKSWNERSQKPLLTLFKNVIIKDGQQ,30,0,1392,0
1782,DIDKAIDYLREKGIAKAAKKADRIAAEGL,29,0,1393,6
1783,GCCSDPRCNYDHPEIC,16,1,35,7
1784,SGLQFAVLDGQGFLPFSRV,19,0,350,5
1785,FLGLLGGLL,9,1,1394,8
1786,FLKLFRITNPIARGL,15,0,1395,9
1787,GLISTIWNTASNVAGTLTDSVKCKFKKC,28,1,1396,2
1788,MRSLVFVQLSLLSWEIFCGERSFVSMKAIFSCMYV,35,0,1397,7
1789,GLVSSIGRALGGLLADVVKSKGQPA,25,0,846,9
1790,MAWTKPIIREIECGMEINMYGPENEDRHDDRDDLF,35,0,1398,8
1791,NCPYCVVYCCPPAYCEASGCRPP,23,1,1351,0
1792,CCRLSCGLGCHPCC,14,1,534,5
1793,IKWKAILDAVKKVL,14,0,1399,0
1794,GDELTAYDNLNARNGERIWGDLCRGP,26,0,1400,3
1795,GLLGKILGVEKKVLCGLSGMC,21,1,365,5
1796,RDPCCYHPTCNMANPQIC,18,1,35,5
1797,QKELVVTATTTCCGYNPMSMCPKCMCTYSCPHQQ,34,1,243,0
1798,ECCNPACGRHYSCGK,15,1,7,4
1799,RGDVVRVRPGEK,12,0,1401,0
1800,MPTITSYFGFLLAALTITSALLIGLSKIRLI,31,0,291,5
1801,GCGYLGEPCCISPKRAYCHGDLECNNVAMCVN,32,1,1402,0
1802,RRSRSPRRRSPVRR,14,0,1403,9
1803,GLLGSIGNAIGAFIANKLKP,20,0,175,8
1804,ECTRSGGACNSHTQCCDHFCSTATSTCI,28,1,444,2
1805,GLSRPSKRCIAGGQPCEFHRGYMCCSEHCIIFVCA,35,1,277,8
1806,PDFAGFPQHIESALRLVC,18,0,1404,9
1807,PICKRNGLPVCGETCTLGTCYTQGCTCSW,29,1,51,7
1808,HPPCCLYGKCRRYPGCSSASCCQ,23,1,143,7
1809,CLSEGSPCSMSGSCCHKSCCRSTCTFPCLIP,31,1,1405,7
1810,DCGPWCWGQNKCCPDESCRSLHESCT,26,1,1406,5
1811,GFKDWMKKAGSWLKKKGPALIKAAMQE,27,1,1407,9
1812,LSCKRGTCHFGRCPSHLIKGSCSGG,25,0,1408,4
1813,MDIRLLIVLLPVLAAASWALYNIGRVALQQFRSM,34,0,1409,2
1814,FLPFLATLLSKVL,13,0,1410,4
1815,RCLHAGAACSGPIQKIPCCGTCSRRKCT,28,1,1411,9
1816,FFSLIPSLVGGLISAFK,17,1,575,5
1817,FLPIVGKLLSGLL,13,1,155,4
1818,GNTKKAVPGFYGTR,14,0,1412,2
1819,CQLGYSQGPCLGMFKRYFYNGTSMA,25,0,1413,2
1820,SHTCEICAFAACAGC,15,0,1414,5
1821,MGRIGVLTGNAGEIR,15,1,1415,4
1822,MEVNILAFIATALLILVPTAFLLIIYVKTAK,31,0,153,3
1823,DVSFSLSGGGTASYEK,16,1,1416,1
1824,PTNNFIESSFWNFDALFQPQQHPARDQ,27,0,1417,2
1825,LIEIQCISRVYSIYVHTFCDPLFEAIGK,28,0,1418,0
1826,SQSVDYDGDSYMNWYQQKPGQPPKLLIYTASN,32,0,1419,0
1827,SVTADNASETKVREIGQEKSS,21,0,1420,3
1828,WRCCLIPACRRNHKKFC,17,1,339,2
1829,FAKKFAKKFKKFAKKFAKFAFAF,23,1,1421,1
1830,TRSGGACNSHNQCCDDFCSTATSTCI,26,1,444,6
1831,MIFNDLIGNNNIGD,14,0,1422,0
1832,AVNVNTNVSAMTAQRYLNQA,20,0,1423,4
1833,SDDPKESEGDLHCVCVKTTRLVRPGHITL,29,0,1424,0
1834,IKGKKVTVVPILRAGLGMM,19,0,1425,2
1835,KKCNFFCKLKKKVKSVGSRNLIGSATHHHRIYRV,34,1,1426,1
1836,NACCIVRQCC,10,1,1427,3
1837,MHLQLIKDNIHSVVICYT,18,0,1428,8
1838,SNKRKNAAMLDMIAQHAIRGCCSDPRCRYRCR,32,1,1429,8
1839,MLYWLGILIAYADRRPDKVFTLIR,24,0,1430,5
1840,AAKLSASDIDEVLLVGGST,19,0,1431,0
1841,CKQVEF,6,0,1432,0
1842,VIGGDECNINEHRFLVALYDGLSGTFLCGG,30,1,1433,2
1843,GYGFLTTDD,9,0,1434,2
1844,DDCTTYCYGVHCCPPAFKCAASGCVRNN,28,1,1435,9
1845,GLWSKIKEAAKTAGKAAMGFVDEMV,25,0,1436,6
1846,SCSGRDSRCPPVCCMGLMCSRGKCVSIYGE,30,1,1437,9
1847,MTINFVFGFHIVTLSICQSF,20,0,1438,2
1848,VTEEGYSISDQSKVGEQIRSPDREM,25,0,1439,0
1849,PSNFPFDSLETLAL,14,0,1440,1
1850,GRCEHPACGQNTSK,14,1,7,6
1851,RDCQEKWEYCIVPILGFVYCCPGLICGPAVCV,32,1,136,7
1852,DDESECIINTRDSPWGRCCRTRDV,24,1,1441,2
1853,MGGVGKTKRMRRLKRKRRKMRQRSK,25,0,522,7
1854,MKHIPFFFAFFFTFP,15,0,1442,0
1855,AFCNLRMCQLSCRSLGLLGKCMGKKCRCVKH,31,1,604,5
1856,IDWKKVDWKKVSKKTCKVMLKACKFL,26,1,1443,9
1857,ALRSAVRTVARVGRAVLPHVAI,22,1,1444,8
1858,KQCTSNMCSADCSPGCCIIDKLEWCTCDC,29,1,1445,7
1859,GPPYDFGM,8,0,1446,7
1860,GALVAAYGLYDGFLTL,16,0,1447,0
1861,VVKAIDAKDAEKAQAAYVLAVPVIDRMA,28,0,1448,8
1862,FLPIIASVAAKVFPKIFCAISKKC,24,0,138,6
1863,SRCFPPGIYCTPYLPCCWGICCGTCRNVCHLRI,33,1,1449,2
1864,FLAKKVGKQLASHLAKKQLE,20,1,735,1
1865,FLPIASLLGKYL,12,1,1450,0
1866,LALRTAGWLRLLGFRDKKKN,20,1,1451,0
1867,YDFPLSIYGQSSPNCAPECNCPESYPSAMYCDE,33,0,1452,9
1868,MIEIRFHGRGGQGAV,15,0,1453,2
1869,DECCPDPPCKASNPDLCDWRS,21,1,306,5
1870,GNALGKEGLKAI,12,0,1454,4
1871,ALWKNMLKGIGKLAGQAALGAVKTLVGAES,30,1,1331,7
1872,RERSKGSKYLYVG,13,1,1455,5
1873,NGCCIVRECC,10,1,1427,5
1874,GFGCYRSCWKAGHDEETCKEECS,23,1,1220,5
1875,GYEDEDEDRPFYALGLGKRPRTYSFGL,27,0,1456,7
1876,TLALTINGKRRAELKV,16,0,1457,7
1877,GLFLDTLKGLAGKLLQGLKCIKAGCKP,27,0,1458,0
1878,GVVDILKGAAKDIAGHLASKVM,22,1,93,9
1879,GILDAIKAIAKAAG,14,1,1459,3
1880,GSDHAEKLLDKRNQLHSELVSSQINEH,27,0,1460,8
1881,QCVDCPEEPCCYGDKCMADPGSEPFCGN,28,1,1461,3
1882,MNIEVIAQLTMLTIAVITGPLVIFFLAIRKGNL,33,0,1462,3
1883,QIKTKNLCPHCPDGCHMDLTCID,23,1,1463,2
1884,QFIMRGNAIDLAVGVVMGAAFTSIVKS,27,0,1464,5
1885,MKKPVLKPFASLEIKVDPPITIGETSLGLR,30,0,1465,0
1886,GFAKFKEDLAEIIITNLQPIRDKYLELMNDKEYLL,35,0,1466,2
1887,NCPYCVVYCCPPAYCQASGCRPP,23,1,1351,7
1888,CCEVGWCDSGCECC,14,1,1467,5
1889,FLGSLFSIGSKLLPGVIKLFQRKKQ,25,1,1468,2
1890,MLILTLLRHWHVRTKSER,18,0,1469,0
1891,GCIATGSFCTLSKGCCTKNCGWNFACN,27,1,181,4
1892,MYKECFKIALGIEYNGSNYHGWQYQKFA,28,0,1470,1
1893,MAWTAPKITEVPLGAEINSYVCGQKK,26,0,1471,0
1894,MEVNILAFIATALFILIPTAFLLILYVQTASQGS,34,0,153,9
1895,MINWQVIGQLTSLAMIVLVGPAVIVVLSLRKGDL,34,0,1472,6
1896,IEVQNVKLGTLISVFFFGMIGGTLRY,26,0,1473,8
1897,MIGGLFLNTLSFVIVSNHVIVNNTANVHHTQ,31,0,1474,3
1898,EDPCDTCKGSGAKPGTSKETCKH,23,0,1475,2
1899,PLHTLGSAPLVAHTIAAGASLEPARLVVITGHG,33,0,1476,2
1900,TIINVKCTS,9,1,1477,2
1901,SLAGGLDDMKANLASPTPADIGSSVPG,27,0,1478,5
1902,APIVSGGYDF,10,0,1479,0
1903,AEYDVSDADIEAFYQTMTW,19,1,1480,8
1904,NGWNENKNFILLGAVTWAILVFIVGSLNSYVI,32,0,1481,5
1905,SNGRNAAADDKPSDWIALAIKQCCANPPCKHVNCR,35,1,1277,5
1906,DEPDGVPTTQKQ,12,0,1482,7
1907,FLPAIVGAAGKFLPKIFCAISKKC,24,0,138,9
1908,PPPQPPPSPPPAQHAEPDGDEVLLRI,26,0,1483,8
1909,LCGQAGDPCGSDAQCCSGSCYGGSYC,26,1,1484,4
1910,NYYLAPARPENSWWT,15,1,953,4
1911,QCCWYFDISCCITV,14,1,235,8
1912,MKATELREKSAQQLNQLL,18,0,1485,6
1913,MCMPCFTTDHNMAKKCRDCCGGNGKCFGYQCLCNR,35,1,857,8
1914,GCCSHPACSVNHPERC,16,1,35,9
1915,DCGGQGKGCYTQPCCPGLRCRGGGTGGGVCQP,32,1,13,8
1916,EGNCTPWLGGCTSPEECCPGNCETYCRAW,29,1,1486,3
1917,EMVALSGSHTIGQAR,15,1,1487,0
1918,SDDDGTVVLTTSGPI,15,0,1488,7
1919,VTSWSLCTPGCTSPGGGSNCSFCC,24,0,1489,5
1920,IANEVRFLSKTKYIMHVNRIWAAKSVLLGADKKMY,35,0,1490,4
1921,LRHRKGLPVRGQSSKTNA,18,0,1491,2
1922,QNARIAVVYFAGY,13,0,1492,1
1923,CLSPGSSCSPTSYNCCRSCNPYSRKC,26,1,1493,5
1924,MPPARIELATFALQVQRSTTKLRRLKIQLCCISK,34,0,1494,0
1925,ATQRLPPLSTEPNR,14,0,1495,0
1926,AGNAKMSALMALTIRGCCSHPVCSAMSPICG,31,1,1496,9
1927,MFDTNSTRLPIWGIGCNPWTAEHVDQTLVSGNDIC,35,1,569,6
1928,DCCPANLLCCNP,12,1,1000,6
1929,RCCISPACNYTCYCCQD,17,1,4,8
1930,GPIQISYNYNYGPCGRYCGILGVSPGDNLDCGNQR,35,0,1497,4
1931,CASQGQKCKTKSDCCNGMWCAGTRGHTCYKPK,32,1,1498,2
1932,FFGSVLKLIPKIL,13,1,1499,2
1933,ATIEVYNILPYYYYVSKAWSWNGN,24,0,1500,8
1934,LTAVLKADAYGGIGL,15,0,1501,4
1935,TVCCYYPTCAESNPYLCYG,19,1,1502,2
1936,MEVNDLGFIATILFVLVPTVFLLILYIQTREETES,35,0,649,1
1937,GFGSLFKFLGKKLLKTVAKQAAKKQME,27,1,1503,4
1938,TCRYLFGGCKTTADCCKHLACRSDGKYCAWDGTF,34,1,1504,8
1939,VKRCCDEEECSSACWPCCWG,20,1,1505,6
1940,KRRSYHLQEPYNQNILSA,18,0,1506,9
1941,RLVLEVASVEADV,13,1,1507,0
1942,DCCPCPAGAVRCRFACC,17,1,1508,7
1943,GCCSHPACSVNHPEAC,16,1,35,2
1944,MKYMGSFLRKAATTNLFNSIKKRKVQNRAMS,31,0,1509,7
1945,MHNSIAYDKDGNSTGQKYYAYG,22,0,1510,9
1946,VNHAEASRLNIERMKQIYQQLSRYRGLGLLAS,32,0,1511,8
1947,GCPWDSWC,8,1,356,0
1948,AEVLMDFPQLTMTLPDGREESVMKLTTLVA,30,0,1512,3
1949,WQLHNKGKGYVPDG,14,0,1513,3
1950,QHWSHDWKPG,10,0,1514,1
1951,EGFQLMDRGTFDEIGR,16,0,1515,6
1952,MVSNLPSILVPMVGIVLPAIVMALLFVYIETDEIA,35,0,1516,4
1953,FLPLKKLRFGLL,12,1,1517,5
1954,FLPIIAGMAAKVICAITKKC,20,1,1518,6
1955,MALNLQDKQAIVAEVSEVAKGAL,23,0,699,5
1956,ADDKNPLEEAFREADYEVFLEIAKNGL,27,1,1519,8
1957,RFGRFLRKIRRFRPKVTITIQGSARFG,27,1,1520,1
1958,IIGGVESRPHSRPYMATLEIT,21,0,1521,4
1959,YCQFKMWTCDSERKCCEDMVCRLWCKLNL,29,1,524,4
1960,FLGKKVLKAVGKQAAKKQME,20,1,1522,9
1961,NKLMKRILRRQI,12,0,1523,1
1962,GQEERAEASYEKLLEI,16,1,1524,2
1963,GPAAVVRLLGK,11,0,1525,2
1964,RCCTWQECDGNCRCCQ,16,1,1526,3
1965,VQALDAKPGDIIE,13,0,1527,5
1966,MINQVSVYRQPPVLSGCRQVKTI,23,0,1528,2
1967,EEYIPHADLRLVIN,14,0,1529,9
1968,RDCQEKWEYCIVPILGFVFCCPGLICGPFVCV,32,1,136,9
1969,PGTQPIARSEVFRYSL,16,0,1530,9
1970,YVVPAAKLEAIYPKGLRVSI,20,0,1531,1
1971,ATEAQAAINEPDRVKKDYFYGR,22,0,1532,5
1972,GCVCTYANKPCCT,13,1,1533,0
1973,QPTSAKRASEQLMRRYYWAAKAVTQ,25,0,1534,8
1974,AGTKEWLNKAKDFIKEKGLGMLSAAANAALN,31,1,1535,0
1975,FIGGIISLIKKLF,13,0,204,2
1976,AFCNLRMCQLSCRSLGLLGKCIGDKCECVKH,31,1,604,5
1977,EVRVLVFAKGEKEKEARDAGADFVGAD,27,0,1536,9
1978,GTPCGESCVWIPCISSAVGCSCKNKVCYKN,30,0,159,3
1979,MEVNILGLIATALFILIPTSFLIILYVKTEAVNDM,35,0,153,5
1980,GCCSYAPCFATNPDC,15,1,35,5
1981,ARDGYIVDEKGCKFACFIN,19,1,1537,5
1982,NYQYSPPPPPKKKYY,15,0,1538,4
1983,AIGGLSRSFPVEAFE,15,0,1539,9
1984,IRKYVNIGNEDVQ,13,0,1540,5
1985,IDEHTAVSVLGASHGELAEILHAAH,25,0,1541,7
1986,EHPALYRRYSKEHTFCKTKNQCN,23,0,1542,4
1987,AYVSQSGAPWGLGRISHK,18,0,1543,2
1988,CRPSGSPCGVTSICCGRCYRGKCT,24,1,88,9
1989,CCRIACNLKCNPCC,14,1,534,8
1990,GQMGQVLANFLSTPLVSDSDLVGWPYIGFD,30,0,1544,0
1991,ECTRSGGACNSHTQCCNAFCDTATRTCV,28,1,444,0
1992,DWCGDAGDACGTLKLRCCSGLCNQYSGTCT,30,1,1545,4
1993,RIAGLAANFLPQILCKIARKC,21,1,138,1
1994,DCCPLPACPFGCNPCC,16,1,1546,3
1995,GIPCGESCVFIPCISSVVGCSCKSKVCYRN,30,0,159,7
1996,SQAEEMIIHK,10,1,1547,9
1997,FKMLFMQLFDRILEIC,16,0,1548,1
1998,CKGKGAKCSRAMYDCCTGSCRSGKC,25,1,14,4
1999,VQGMVYCDTCRSANALGFMR,20,0,1549,0
2000,GCCSHPACSVNHPEVC,16,1,35,2
2001,DDLFNINAGIVKLFGVTTLDVVRTQDGGTEVVEAK,35,0,1550,9
2002,FLPIIAKLLGGLL,13,0,155,6
2003,SKKLTALRREKLYDEIQA,18,0,1551,0
2004,MLTITSYFGFLLAVLIITSSLFIGLSKIQLI,31,0,291,6
2005,NCGEQGEGCATRPCCAGLSCVGSRPGGLCQYD,32,1,1160,4
2006,GLLSGILGAGKHIVCGLTGCAKA,23,1,365,9
2007,AANAKLFAVMQSCCSTPPCALRHMDMCG,28,1,1552,0
2008,SPPAPFVPVPIN,12,0,1553,3
2009,VSCTGSKDCYAPCRKQTGCPNAKCINKSCKCYGC,34,1,1227,9
2010,KCCPESPPCCHYYYYF,16,1,1554,0
2011,SSGSTVCKMMCRLGYGHLYPSCGCR,25,1,1555,8
2012,GAEEALRWGIVNRVVSQAELMDNAREL,27,0,1556,4
2013,LRKNVD,6,0,1557,3
2014,PGCCNNPACVKHRCG,15,1,287,6
2015,MKPALRDFIAIVQERLASVTA,21,0,1558,4
2016,ECLGLQLRARNRLDPA,16,0,1559,9
2017,LPTRRNAELLLLCFA,15,0,1560,7
2018,AINEFIKPKISVPIHYDTFPLIEQDPQQFKDA,32,0,1561,1
2019,VLAEKLAACATLLPGATSLYYWEGKLEQEYEV,32,0,1562,4
2020,DGVCSNRRQCNKEVCGSSYDVAIVGA,26,1,1563,1
2021,CCGVPNAACHPCVCTGKC,18,1,1564,9
2022,YCPALCSQSHGEPHCDCKRKRDMSSSWI,28,1,1565,7
2023,MRKSYEVGISPKINLCNSVEVLTNSFGTVISGRQV,35,0,1566,7
2024,NVDFNSESTRRKKKQKEIVDLNSL,24,1,247,4
2025,WREGSCTSWLATCTDASQCCTGVCYKRAYCALWE,34,1,1567,9
2026,AVLDTALSGIDKVLHGSIDAHKAD,24,0,1568,0
2027,KEIMNFFRNTPEA,13,0,1569,8
2028,QEVTKALTDNPFGTVTRLTQKNVEIWA,27,0,1570,0
2029,CKGKGAKCSRLMYDCCTGSCRSGKCTRNG,29,1,14,9
2030,KSCCKNTLGRNCYNTCRFMKKPRKTCSGLCGCKIS,35,1,1571,4
2031,INYYDMNAANVGWNGST,17,0,1572,6
2032,GTRLKDLTNKRAKPAVH,17,0,1573,2
2033,GLPVCGETCFGGTCNTPGCSCTWPICTRD,29,1,51,0
2034,EAVDFDSQCVPTADPGKCKFYFPMWNVNVFT,31,0,1574,9
2035,IKIMDILAKLGKVLAHV,17,0,1575,7
2036,GLSKGQFWQIT,11,0,1576,6
2037,ECCHPACGKHFSC,13,1,7,1
2038,DDISQYNLQWTNTYQLGLGNVG,22,0,1577,1
2039,VAEECEESCEDEEKHCCNTNNGPSCAPQCF,30,1,1578,2
2040,AGLQFPVGRIGRLLRK,16,1,1579,1
2041,FFHHIFNGLVGVGKTIHRLI,20,1,1580,7
2042,MLTITSYFGFLLAALTITSALFIGLSKTRLI,31,0,291,4
2043,VIGGDECNINEHRSL,15,1,972,4
2044,MSQISTKHRTVLFRRWMAIICCLIINIAYLVY,32,0,1581,1
2045,ASVVNKLTGGVAGLLK,16,1,1582,6
2046,DMCCHPACGNHFNC,14,1,7,8
2047,ARICPRILMKCKKDSDCLAECICEEHGFCG,30,0,281,8
2048,FFRHIVGAISRIFGQKQRDMAD,22,1,1583,0
2049,GLLGVLGSVAKHVLPHVVPVIAEHL,25,1,557,6
2050,KDDYPVDTAK,10,1,1584,3
2051,GVSLPRSTLYCHYLLHCQEQKLEPVNA,27,0,1585,7
2052,TLSRTLFVGLAMIETMAIYCLVIALLLL,28,0,1586,3
2053,KCCMRPICMCPCCIGP,16,1,1587,8
2054,ISCTGSKQCYDPCKKKTGCPNAKCMNKSCCYGC,33,1,1588,0
2055,EVAPEILDVQF,11,0,1589,6
2056,VHWSAEEKQL,10,0,1590,1
2057,YRLSGLPPERVVGSGTILDTARFRALLA,28,0,1591,7
2058,SLVQFEKMIKEVAGKNGVPWY,21,1,1592,6
2059,QTPGCCWNPACVKNRC,16,1,287,6
2060,KEVKRGCVATCPKPKKNEIIQCCAKDKCNK,30,1,1593,3
2061,LSAMLEDTENWLYEELSLTQDPVV,24,0,1594,3
2062,VIGGDECNIN,10,1,972,7
2063,MEVNILALIAVALFISIPTAFLVIIYVKTISENN,34,0,153,8
2064,CYDGGTGCDSGNQCCSGWCIFACL,24,1,1283,0
2065,CVVSSGWKWNYKIRCKLTGNC,21,1,1595,9
2066,CGPCFTTDHQMEQKCAECCGGIGKCYGPQCLCNR,34,1,857,2
2067,DDETTFPCNSGRCACLPEDSHSYTCQSP,28,1,1596,9
2068,FLPVLTGLTPSIVPKLVCLLTKKC,24,1,138,0
2069,CCFWPDCRGCYCCL,14,1,465,9
2070,EAEPHSRI,8,0,1597,7
2071,HGVSGHGQHGVHG,13,1,1598,2
2072,GLVCTHVRPYHNAVWS,16,1,1599,5
2073,VTVATVLPTVPGPSPFTIKQPFQSEVLF,28,0,1600,7
2074,AEKDCIAPGAPCFGTDKPCCNPRAWCSSYANKCL,34,1,1601,0
2075,MGIIYLILFLIVIYLLYRILDVLEQK,26,0,1602,5
2076,YRWWRWARRW,10,1,1603,3
2077,SFEKLMKIKQRQQEEEKRRQQHRSRRSLR,29,0,1604,8
2078,KKCADIDQDCKTSCDCCE,18,1,1605,0
2079,VLKAAKGYYGARSRVFRVA,19,0,1606,7
2080,ISLAQIKKLLQIIKQGLKAICDNRDLIAKGCQA,33,1,1607,2
2081,RILDIKPTELHQRTPLYIGSTD,22,0,1608,0
2082,AAAADTIVLPYNDIDA,16,0,1609,5
2083,AATKAQVQHMVHLLLQLEKAPPADAADALAIALCH,35,0,1610,2
2084,DCCEQGWCDGGCDCCQ,16,1,1611,9
2085,VTPPWARIYYGCAKA,15,1,1612,6
2086,DTIPCGESCVWIPCISSILGCSCKDKVCYHN,31,0,159,5
2087,AQSFVRL,7,0,1613,6
2088,QCCDWPWCDDCICCD,15,1,1614,1
2089,GLVDVLGKVGGLIKKLLPG,19,1,379,9
2090,AAKVKYSKTPEECCPNPPCFATHSNICGGRR,31,1,1361,4
2091,CKSKGAKCSKLAYDCCSGSCSGTVGRC,27,1,14,2
2092,GLPCGESCVFIPCITTVVGCSCKNKVCYND,30,0,159,3
2093,GCKATWMSCSSAWECCSMSCDMYC,24,1,804,1
2094,AKSILLGEEGRHSMQAGVDKLANTVKVTLG,30,0,1615,9
2095,RPPGFSPFR,9,1,113,5
2096,GLEEDLELRLLENSKKQENEK,21,1,1616,7
2097,MREAICIHIGQAGYQIGNACSQLFC,25,0,1617,5
2098,GCCIEPLCYQYDCDCCRHL,19,1,1618,1
2099,QHLADYDEVEDDRAKLHLDAR,21,0,1619,6
2100,GLMDTVKNAAKNLAGQLLDRLKCKITGC,28,1,1620,7
2101,FLPIVGKSLSGLSGKL,16,0,155,1
2102,GGSSGLISMPRV,12,0,188,3
2103,VDWKKIGQHILSVL,14,0,1621,4
2104,FWGTLAKLALKAVPAVMGMIKKE,23,1,1622,2
2105,GCANAYKSCNGPHTCCWGYNGYKKACICSGNWK,33,1,1623,1
2106,ADDRNPLEECFRETD,15,1,899,6
2107,CLDAGEMCDLFNSKCCSGWCIILFCA,26,1,1624,4
2108,NTGELFFGEGSRLTVL,16,0,1625,1
2109,AARAGSERKRR,11,0,1626,8
2110,TGVCCGYKLCHC,12,1,30,7
2111,QGPKEPFRDYVDRFYKTLRAEQASQEV,27,0,1627,1
2112,GGLGRCIYNCMNSGGGLSFIQCKTMCY,27,1,1628,4
2113,GKGCRVCKQTGWLEVLGCGMVHPNVLRMSG,30,0,1629,3
2114,INWKKIFEKVSNLV,14,1,1630,8
2115,YLKGCWTKSYPPKPCFSR,18,0,607,0
2116,MGNEFIASASISFIITLIGLTLGFALLKLQGE,32,0,1631,4
2117,FLPILGNLLNGLL,13,1,155,8
2118,MPTLTSYFGFLLAALTITSVLFIGLNKIRLI,31,0,291,7
2119,VDACYEACMHHHMNSDDCIEACKNPVPP,28,1,1632,5
2120,CCHPACGKYYSC,12,1,7,5
2121,ECAHSGGACNSHDQCCNAFCDTATRTCV,28,1,444,3
2122,EGCCSNPACRTNHPEVCD,18,1,35,0
2123,MEEKPKGALAVILVLTLTILVFWLGVYAVFFARG,34,0,1633,5
2124,QSFGNQWARGHFM,13,0,1634,7
2125,VIDSCCSNPPCAHVHCH,17,1,1635,7
2126,RGAVSEKDAPKELLQMLEK,19,0,1636,6
2127,MEAFSYVLILTLALVTLFFAVAFRDPPKYDK,31,0,165,7
2128,ADDRNPLEECFRETDYEEFLEIARNGLKKT,30,1,1519,3
2129,MIYSTEVSNMAGV,13,0,1637,7
2130,LTSEELIECCVIESCHSNHIDECES,25,1,1638,2
2131,GCCSHPACRVNHPELC,16,1,35,1
2132,FLPLIGRVLSGIL,13,1,155,4
2133,ERRCPRILKQCKRDSDCPGECICMAHGFCG,30,0,281,6
2134,PRRRRQASRPVRRRRRTRRSTAERRRRRVVRRRR,34,0,71,0
2135,GLWSKIKEAGKAAVKAAGKAALGAVADSV,29,0,621,4
2136,TATEECEEYCEDEEKTCCGEEDGEPVCARFCL,32,1,119,8
2137,IVPFLLGMVPKLVCLITKKC,20,1,1268,2
2138,QIIEANLALRR,11,0,1639,0
2139,QQDYTGWMDF,10,0,1640,7
2140,MDQNEANIYNENNENNENNENENCQNEPIRIKIII,35,0,1641,0
2141,GGEPRVEASRERLQEIGR,18,1,1642,7
2142,DECCSNPPCAQAHPEVC,17,1,35,8
2143,IGFIAPDIRSHWQLTAGDLAPLFGAGL,27,0,1643,4
2144,MSDIEQRIKQAVAEQLGMRAEEIKNE,26,0,1644,6
2145,DDKRRQI,7,1,1645,7
2146,MQGKISSEQHPMFDPIEGCCTQSCTTCFPCCLI,33,1,1646,0
2147,SCCARNPACRHNHPCV,16,1,1647,6
2148,QGCCNGPKGCSSKWCRDHARCC,22,1,1037,0
2149,VVTETCKEYCEDRDKTCCGLENGQPDCANLCL,32,1,119,4
2150,ECEMLCEQEEKHCCRIRNENIQCAPRCLGIGV,32,1,1648,5
2151,CKGKGAPCRKTMYDCCSGSCGRRGKC,26,1,1649,3
2152,GFVALLKKLPLILKHLH,17,1,1650,0
2153,ITPLFVAAQYGKLESLSILISSGA,24,0,1651,9
2154,GCCSHPACAGNNPYFC,16,1,35,6
2155,CTQSSEFCDVIDPDCCSGVCMAFFCI,26,1,1082,1
2156,GCQKFFWTCHPGQPPCCSGLACTWPTEICIDG,32,1,1652,0
2157,GNCLELGEYCDGSKDDCQCCRDNAYCGCDIF,31,1,1653,8
2158,PRRRRSSSRPVRRRRRPRRVSRRRRRRGGRRRR,33,0,71,3
2159,ANFEIVNNCPYTVWAAASPGGGRRLDRGQT,30,0,1654,3
2160,LKLKSILGKLGVILSHLNK,19,1,219,9
2161,GVCCGLKLCHC,11,1,30,2
2162,GCCSHPPCAQNNQDYC,16,1,35,4
2163,RDSNVTILPLRNMKD,15,0,1655,2
2164,CLSPGSSCSRLMYNCCRSCNPYSRKCR,27,1,1493,8
2165,ACRKKWEYCIVPIIGFIYCCPGLICGPFVCV,31,1,136,4
2166,LNKRCAGIGSFCGLPGLVDCCSGRCFIVCLP,31,1,1280,0
2167,FPIEEDKIVGGYECPKHVPW,20,0,1656,7
2168,MRMICIRCDKPLKSRVPSRQCQCKDPIKAEEHTEK,35,0,1657,3
2169,GRGGASNYVRL,11,0,1658,1
2170,GSIPCGESCVFIPCISAVIGCSCSNKVCYKN,31,1,159,9
2171,GLPVCGETCTLGKCYTAGCSCSWPVCYRN,29,0,51,1
2172,RCCGEGASCPRYFRNSQICSCC,22,1,519,9
2173,KIAGLAANFLPQILCKIARKC,21,1,138,0
2174,QFPTDYDEGEDDRPKSGLGAR,21,0,873,8
2175,SLCHPPCTGLSMCHGGMCGYIRF,23,1,1659,9
2176,MCMPCFTTRPDMAQQCRDCCGGNGKCFGYQCLCNR,35,1,857,3
2177,TCESPSHKFKGPCATNRNCES,21,1,1660,8
2178,QCCPTIPECCRV,12,1,931,1
2179,IDLGYAKDLDQGSLCTSFVGTLQYLAPELFEN,32,0,1661,1
2180,GGCSSYPPC,9,1,1662,1
2181,DPCCYHPTCNMSNPQIC,17,1,35,0
2182,DETTDEEFN,9,1,1663,1
2183,GNKKRLNVCTSCIKAGK,17,0,1664,3
2184,MLTITSYFGFLLAALTITSALFIGLNKIGLI,31,0,291,9
2185,CCHRNWCDHLCSCCGS,16,1,895,6
2186,DCCPRSILCCEFS,13,1,1665,5
2187,AILEADDDVELLEGYLKDWEAFVSSAAAFEK,31,0,1666,2
2188,LGCIFAELLSLRPIFKGEEAKMDSKKTVPFQRNQM,35,0,1667,0
2189,RGESAASNNTHYEHAIIEEEEEESIERNRRTPTVQ,35,0,1668,4
2190,KPSEDCGKTCETAENCPDDCSSCLSVEGTYRCA,33,1,1669,8
2191,VVKCSYRLGSPDSRCN,16,1,1670,7
2192,EAEPKPFNPVCYEPKEVGPCKAYVP,25,0,1671,3
2193,TVRDACCSDPRCSGKHQDLC,20,1,35,5
2194,NCCRRQLCC,9,1,250,0
2195,LAQVSLSISPDTRVGD,16,0,1672,4
2196,GFMDTAKNVAKNVAVTLIDKLRCKVTGGC,29,1,1673,8
2197,ISSSTPPYDLNRFK,14,0,1674,8
2198,IGTRIFGPVTRELRSEKFMKIVSLAPE,27,0,1675,2
2199,FFGTALKIAANVLPTAICKILKKC,24,1,138,6
2200,GARQALHAYRLSFTHPESGETVS,23,0,1676,4
2201,CPEDYPKFCQSLKVDTCCRDGCKGRNQCKS,30,1,1677,4
2202,ARGKEELAENAPEFARELATNGKR,24,1,1678,5
2203,LFDVSQVRGGTPYGATTIAGGDGSRQPSQ,29,0,1679,2
2204,MKLLILFLAALGAASARIRGHTIKG,25,0,1680,8
2205,ATFDIQNNC,9,0,1681,7
2206,MEVNILAFIAIVLFISVPTAFLLIIYVKTVSESN,34,0,153,0
2207,DAELVS,6,0,1682,1
2208,KEIIVPALRQNTNSDEEDCCIYPWCDGDCLCC,32,1,1683,4
2209,FNARCCLIPACRRNHKKFC,19,1,339,7
2210,GFWGKLWEGVKNAI,14,1,1684,1
2211,IFGAILPLALGALKNLIK,18,1,1685,5
2212,KTCQRRWDFCPGALVGVITCCGGLICLGVMCI,32,1,1686,7
2213,ECLPKGAGCDEPFECCSHLCTGRLHTTC,28,1,1687,5
2214,AARAGGNADGDGFSVVADEVKDLAE,25,0,1688,7
2215,ALIYFKTVQLFGWHFNY,17,0,1689,7
2216,GSIPACGESCFKGKCYTPGCSCSKYPLCAKN,31,1,1690,9
2217,PFIIIGQLASFTYFTII,17,0,1691,9
2218,IEFWSNVCDEEMDLAIEASEAAEQGRP,27,0,1692,6
2219,GEDEYAEGIREYQLIHGKI,19,1,1693,2
2220,GSIPCGESCVFIPCISAIIGCSCSSKVCYKN,31,1,159,1
2221,VSEACEESCEEEEKHCCHENNGVYTCLRYCW,31,1,1694,4
2222,QVNFTPGW,8,0,1695,2
2223,SIKEKICKIIEAKIGKKPPFCP,22,0,1696,8
2224,HPPCCMYGRCRRYPGCSSASCCQ,23,1,143,4
2225,DDECEPPGDFCGFFKIGPPCCSGWCFLWCDLKLP,34,1,779,4
2226,RCCIWPECGSCVCCL,15,1,465,4
2227,EFPTDYDEGEDDRPKVGLGAR,21,0,873,0
2228,CGGYSTYCEVDSECCSDNCVRSYCTLF,27,1,1697,0
2229,LVKCRGTSDCGRPCQQQTGCPNSKCINRMCKCYGC,35,1,1698,5
2230,SPVEGGPGL,9,0,1699,6
2231,AEYPNDVNLTVYWDP,15,0,1700,6
2232,WWGDNGCSLWGSCTVDAECCLGNCGGMYCSLL,32,1,1701,8
2233,RDCCTPPKKCKDRRCKPLKCCA,22,1,1702,5
2234,CCSRYCYICIPCCPN,15,1,470,0
2235,ILQKAVLDCLKAAGSSLSKAAITAIYNKIT,30,1,1703,0
2236,QGPSPRHPIPP,11,1,274,2
2237,DIGKYCGYAHALN,13,1,1704,3
2238,RRWCFRVCYKGFCYRKCR,18,1,1705,0
2239,ECKYLWGTCEKDEHCCEHLGCNKKHGWCGWDGTFG,35,1,1706,5
2240,FLPGLIKAAVGVGSTILCKITKKC,24,1,1707,6
2241,SCGQQGQVCFSNLPCCSGLRCCVFAVGNWCLTSCI,35,1,1708,7
2242,GAIKDALKGAAKTVAVELLKKAQCKLEKTC,30,0,428,9
2243,LCCWIHWCHARCTCC,15,1,855,8
2244,NLLQFGYMIRCANGRSRPVW,20,1,1709,2
2245,GVPSVSTVNVAQKQHDVNFLLFKVYI,26,0,1710,9
2246,SIPCGESCVWIPCTITALAGCKCKSKVCYN,30,0,493,5
2247,QINCCPWPCPDSCHYQCCH,19,1,1711,3
2248,DCGTIWHYCGTDQSECCEGWKCSRQLCKYVIDW,33,1,1712,8
2249,GYQVDCVSYNYDNVNENLAQQFVDTQG,27,1,1713,4
2250,SLGGFLKGVGKVLAGVGKVVADQFGNLLEAGQ,32,0,76,2
2251,SCCPQEFLCCLYLVK,15,1,1714,0
2252,RCDEEGTGCSSDSECCSGRCTPEGLFEFCE,30,1,1715,9
2253,TRNYYVYSARPKNSWWS,17,1,953,6
2254,TTVVRVLESVADKGQVAPAKGYTDLFIYPGFN,32,0,1716,7
2255,AKEKEVTFQ,9,1,1717,3
2256,DDCTTYCYGVHCCPPAFKCAASPSCKQT,28,1,1435,3
2257,ATALPQHLHLFSADGRRRIEL,21,0,1718,9
2258,IADECCSNPACRVNNPHVC,19,1,35,7
2259,VPIALYWKAHMVKCEIAIAKGK,22,0,1719,9
2260,TITVLVETYKTHKL,14,0,1720,9
2261,GEVIYVDGTKIQVRTAKKI,19,0,1721,9
2262,IIGDEINGAITTADNIAGKIGII,23,0,1722,4
2263,AANAKLSERLDPCCREPPCASTHIDRCG,28,1,1042,4
2264,AVLLQSEVLELEAFAEGLAEGVV,23,0,1723,4
2265,ELEESFGGKAAGKH,14,0,1724,5
2266,VLPLVGNLLNDLLGK,15,1,155,7
2267,NLMQFETMIMKAGQ,14,0,1725,1
2268,FLSLIPKIAGGIAALAKHL,19,1,905,9
2269,GCCSHPVCSVNHPELC,16,1,35,2
2270,GYPICGESCVGGICNIPGCSCSWPVCTTN,29,1,51,3
2271,LFGGLLDKLKEKIKKYCNKENLDKACSKL,29,1,565,9
2272,LKLKSIVSWAKKVL,14,1,1726,7
2273,KTLHLADEALIARLKPGAILINACR,25,0,1727,4
2274,FSTNLRQFKLEPMLKEK,17,0,1728,1
2275,ILGGTCTRNCAFCNIEPGDVLPPDAGEP,28,0,1729,1
2276,MAWTKPIIREIECGMEINMYGPDSDEEREVLF,32,0,1730,0
2277,LQASGMKVGDEVKAGV,16,0,1731,7
2278,MENVMSWFNIDFEIKSDNNIDKTLL,25,0,1732,3
2279,GLWKSLLKNVGKAAGKAALNAVTDMVNQS,29,0,1733,7
2280,IVRRGCCSDPRCAWRCG,17,1,39,9
2281,NPFPVTETSTAIKRHPGQYPIPDAVDVMILPP,32,0,1734,1
2282,LDPCCREPPCASTHIDRC,18,1,1735,8
2283,GGCCSHPACFASNPDYC,17,1,35,3
2284,MVSEAIAALKEREGSSEFAIGKKKE,25,0,1736,5
2285,LVALDTEFANR,11,0,1737,2
2286,TVKCGGCNRKCCPGGCRSGKCINGKCQCY,29,1,1738,1
2287,IVAVLHSSEGVAGTITFIADSQIPLTGPNSI,31,1,1739,2
2288,EFPTPDDKPGPPI,13,0,1740,6
2289,ALLLGHGGFTTLG,13,0,1741,3
2290,MQMQEKGWKIIIEEQ,15,0,1742,3
2291,GPMEDPLEIIRI,12,1,1743,5
2292,CKQADEPCDVFSLDCCTGICLGVCMW,26,1,1367,6
2293,MLFTIAWASLAAVFSFSIAMVVWGRNGDGTLNF,33,0,62,3
2294,DLWNSIKDMAAAAGRAALNAVTGMVNQ,27,1,1744,5
2295,AAAPDIPIANVNA,13,0,1745,3
2296,MRIAKIGVIALFLFMALGGIGGVMLAGYTFILRAG,35,0,1146,5
2297,SKDNYKNYIPLIVPFAT,17,0,1004,7
2298,CCHWNWCDHLCLCCGS,16,1,895,1
2299,NCCNGGCSSKACRARARCCN,20,1,139,5
2300,GEEEYQKMLENLREAEVKKNDRKKINQS,28,1,103,6
2301,NKPEALVDYTGVNS,14,0,1746,9
2302,SASNATGSLNKKNQDPLRRFSISESAG,27,0,1747,3
2303,VVAAGANPVLITRDLVNVLEDAIR,24,0,1748,3
2304,MWVVLSKEKILLKKAYYAKTILFSALVLRGVRGE,34,0,1749,1
2305,VVGGDECNINDHRSLVRIF,19,1,972,0
2306,VSDSQNSQDGLDPE,14,0,1750,5
2307,ADPDPLQDFVADLDNAVV,18,0,1751,1
2308,FYSAPTRDNVFEL,13,0,1752,2
2309,QQRFPQRYVQLVITVDHVMN,20,0,1753,3
2310,AKYGMAIDLHKCAGCGACGLACKTQNNTDD,30,0,1754,7
2311,SGCCKHPACGKNRC,14,1,287,1
2312,TRGGLPV,7,1,1755,7
2313,FLPFLAKILTGVL,13,0,1410,6
2314,GLLSGILGAGKHIVCGLSGLR,21,1,365,0
2315,RWDVDQCIYYCLNGVVGYSYTECQTMCT,28,1,1362,2
2316,CYDGGTSCDSGIQCCSGWCIFVCL,24,1,1283,2
2317,PVYTRPLVFEGHKVPDILLSGHHKNIADFRKQQQ,34,0,1756,8
2318,FGKHPVTPWGVQ,12,0,1757,2
2319,MFLGPGGAGGQAFDQAR,17,0,1758,3
2320,QFCCGHYDCDFIPNVC,16,1,1759,8
2321,GKTYPYVTLDVSSASHPVYTGEQRKTKSEGRVAGF,35,0,1760,8
2322,NCLPLGQYCGTPIEDDDLCCSQHCSVVCVSALHWL,35,1,1761,3
2323,DDECEPPGDFCGFFKIGPPCCSGWCFLWCA,30,1,779,4
2324,NGRCCHPACGKYFSC,15,1,7,6
2325,MNAPARAAAKTAADALAAAKKTAADAAAAAAAA,33,0,513,5
2326,GAVKKASAPGQISVNDL,17,0,1762,6
2327,HSQGMFTNDYSKYLEEKLAQEFVEWLKNGKS,31,0,329,7
2328,SDPNFLRF,8,0,1763,1
2329,QNGPRPIGIPP,11,1,1764,5
2330,TLDNTVAQSNAAVDGAQIGPELFDVVEVLDSN,32,0,1765,5
2331,VKTPITEAIAAADTQG,16,0,738,8
2332,EGGSSGEASGMWFGPRL,17,0,145,2
2333,QYVEDRIIALRKNQEIINDKKKKESG,26,0,1766,3
2334,GFADLFGKVANLIKS,15,0,1767,1
2335,DFKDWMKTAGEWLKKKGPGILKAAMAAAT,29,1,724,3
2336,GSTVNENGVLEGCEHVPRILQTQGTQWM,28,0,1768,8
2337,YAVKKSRRTDVEDL,14,0,1769,4
2338,HKLDSFIGLM,10,0,1770,6
2339,FFWHHIGHALDAAKRVHGMLSG,22,1,1771,2
2340,NMATCATQHLANFLDRSRNNLGTIFSPTKVGS,32,0,1772,5
2341,CKSPGTPCSRGMRDCCTSCLSYSNKCRRY,29,1,1773,4
2342,KQSSVVPGRHVLYDEYEELTKQYSDGS,27,0,1774,6
2343,SRLMYD,6,1,1108,3
2344,CIAGGQPCEFHRGYMCCSEHCIIFVCA,27,1,277,5
2345,GIGKFLHSAKKFGKAFVGEIMNS,23,1,1775,6
2346,KCMEQGTYCSLILFSSSCCGDLCLFGFCIL,30,1,1776,7
2347,GWGRTIRTHSIDLNGE,16,0,1777,8
2348,MEVNILAFIATALFISIPTAFLLIPYVQTATQSN,34,0,153,1
2349,MNFEVLFQLTALIFVVAAGPLVIVLLASRSNSGL,34,0,1778,3
2350,MPRRRRASRRVRRRRRPRVSRRRRRGGRRRR,31,0,71,4
2351,DWNGCCAKKAGCCSW,15,1,1779,5
2352,AEVPMPLRQLTMTLPDGREESVMERTTLVA,30,0,1512,6
2353,VADDCCVGKVGTCC,14,1,1780,3
2354,KYYSTETNTPPLYVNDIYE,19,0,1781,4
2355,QAAHICEAFGIPQ,13,0,1782,5
2356,PESTSTLQKFTSWFMGRRPEYTDPKVV,27,0,1783,2
2357,LTDAGIERFKEDWRKAG,17,0,1784,4
2358,NLKAIAALAKKLL,13,1,305,2
2359,PCCSIHDNSCC,11,1,1785,5
2360,MEFVAKLFKFFKDLLGKFLGNN,22,0,1786,7
2361,ADGIVAVELDTYRGSFK,17,0,1787,9
2362,NGSQFFICTAKTE,13,0,1788,8
2363,LALLRARYGADRVPPLAVRLTKRLPLAAGIGG,32,0,1789,2
2364,YLGPTADSTMDQTFANN,17,1,1790,0
2365,AHDRNPLEEYFRETDYEEFL,20,1,457,9
2366,QEEWIMTHENQFESTVMM,18,0,1791,9
2367,GLLQTIKEKLESLESLAKGIVSGIQA,26,0,1792,5
2368,ESTYGRLVWKNWGMELFVRKKYDWKALIK,29,0,1793,5
2369,FFPLLFGALSSMMPKLF,17,1,969,1
2370,RCCSESHCNAGCACCD,16,1,1794,9
2371,MNLEVIAQLIALALIVGSGPLVIALLAARKGNL,33,0,200,1
2372,GPYRRHGNCFCPS,13,1,1795,5
2373,NECCDNPPCKSSNPDLCDWIS,21,1,306,1
2374,GCCSDPPCRNKHPDLCG,17,1,35,2
2375,SFTINCCKIPSCFAKYGSKCSEVH,24,1,1796,7
2376,HEQNIDCGGGYVKLFP,16,0,1797,3
2377,AANAKLFDVRQSCCSAPLCALLYRVMCG,28,1,1552,4
2378,WLGSALKIGAKLLPSVVGLFQKKKK,25,1,1177,6
2379,FKSLTKYSPGRQN,13,1,1798,1
2380,APNVKDSKASGSCCDNPSCAVNNSHCGRRR,30,1,332,2
2381,LLGMIPVAISAINLMKL,17,0,1799,2
2382,IRDECCSNPACRVNNPAVC,19,1,35,4
2383,DECCSRPPCRVNNPHVCRRR,20,1,35,1
2384,RQLNPSSQELQSPQQSYLQQPYPQNPYL,28,0,1800,7
2385,CTDSCEFQGRFVSGYLRLLRNKQLLLCHKP,30,1,1801,1
2386,GCCHLLACRFGCSPCCW,17,1,320,3
2387,GKFLHSAGKFGKAFLGEVMIG,21,0,1775,0
2388,KHTLPDLPYDFGALQPHISAEIM,23,1,1802,6
2389,GPGSAICNMACRLGQGHMYPFCNCN,25,1,1803,0
2390,RDCQEKWEYCIVPILGFVWCCPGLICGPFVCV,32,1,136,8
2391,MEALVYTFLLVSTLGIIFFAIFFREPPKLPTKKN,34,0,164,3
2392,RPIMMTTLAALFGALPL,17,0,1804,8
2393,CYGC,4,1,1805,8
2394,GMQILKNFQGVVEAWKSS,18,0,1806,6
2395,ATEVEWQRAYAEINRF,16,0,1807,7
2396,LCPDYTDPCSNAYECCSWNCHNGHCT,26,1,1808,0
2397,RGLSPPEVTRVTLAYE,16,0,1809,8
2398,GVFTFEDESTSTVAPAKLYK,20,0,1810,6
2399,GCCSRPPCALSNPDYC,16,1,35,9
2400,WCKQSGEMCNLLDQNCCDGYCIVLVCT,27,1,1811,2
2401,MSIEVIAQLASLALIIVLGPLVIGLLAARKGNL,33,0,200,8
2402,SITRTEACYEYCKEQNKTCCGISNGRPICVGGCI,34,1,1812,0
2403,CCPAKMCMAACSCCD,15,1,32,7
2404,YMFHLMD,7,0,1813,1
2405,TNEGPGRDPAPCCQHPIETCC,21,1,1814,8
2406,SDQGDVAEPKMHKTAPPFDFEAIPEEYLDDES,32,0,1815,7
2407,DEQSGISQTVIVGPWGAKVS,20,0,1018,8
2408,DEGPKSDCKP,10,1,1816,6
2409,SGGGNVIMNQMNKRNHAKD,19,0,1817,7
2410,GGGGTSGLFAFPRV,14,0,280,0
2411,ACVELGEICATGFFLDEECCTGSCHVFCVL,30,1,1818,4
2412,FFRNLWKGAKAAFRAGHAAWRA,22,1,1819,4
2413,RICPRILMECKADSDCLAQCICQESGFCG,29,0,281,0
2414,RDCGEGCGTCGGRCCCMPNSCVDSQCQGRVGPN,33,1,1820,1
2415,FFGWLIRGAIHAGKAIHGLIHRRRH,25,1,197,7
2416,CYDSWTACDSPKLCCSGWCLFVCV,24,1,1821,0
2417,RCCTWQECDGNCHCCQ,16,1,1526,6
2418,REVCELNPDCDELADHIGFQEAYR,24,0,1822,1
2419,KFFKKLKKSVKKHVKKFFKKPKVIGVSIPF,30,1,1823,5
2420,GSLCGDTCFVLGCNDSSCSCNYPICVKD,28,0,1824,6
2421,MIRVARESFALVSVIGFVWMMCTVANLVA,29,0,1825,3
2422,QKLCERPSGTSGVCGNNNACKNQCIR,26,1,1826,7
2423,LPGLTSSGDSDESLPFLNTICCWSGACCG,29,1,1827,0
2424,KEGYPDGQNGKKIPCAINDNISKTEQA,27,1,1828,6
2425,FLGAIAQALTSLLGKL,16,1,1829,3
2426,GWCGDPGATCGKLRLYCCSGFCDCRTKTCKDKSSA,35,1,50,9
2427,MKKTFLPIFLVILLASYALGNPQITFSKDWRPGKK,35,1,1830,6
2428,MPTITSYFGFLLASLIFTLALFIGSSKIRLL,31,0,291,5
2429,GLKDWWNKHKDKIVEVVKEMGKAGLNAA,28,1,1831,1
2430,RDCQEKWEYCIVPALGFVYCCPGLICGPFVCV,32,1,136,7
2431,FNALGLSTRDLVALSGAHTIGQAR,24,1,1832,9
2432,SDAVADGEHAISGVVDS,17,0,579,5
2433,IQAYLQKVLDGQLPVNHAILGNLQDVF,27,0,1833,0
2434,YCQKWMWTCDSERKCCEGMVCRLWCKKKLW,30,1,524,8
2435,MDSVAYIIVLAMALSVLFFAIAFREPPRIEK,31,0,165,5
2436,MPRRRRRASRPIRRRRRARRSTAVRRRRRVVRRRR,35,0,71,8
2437,MELGLEPADDFKEKLIKLSA,20,0,1834,7
2438,DCTPPGGACGFYYHCCSNYCVTISSTCN,28,1,1835,6
2439,ARVPFYRYYK,10,0,1836,0
2440,GLPVCGETCVTGSCYTPGCTCSWPVCTRN,29,0,51,6
2441,QTCCGYRMCVPC,12,1,1837,3
2442,DPEQRKIGCQFVEDHPFD,18,0,1838,8
2443,PEEKKLLQNNKVDFIG,16,0,1839,0
2444,CYFRNCPIG,9,0,391,9
2445,SADQTGMNKAALSPIRFISKSV,22,1,1840,7
2446,ALEDADTKNDPRLVGTLVSTALTVCCQFEFLNFCC,35,1,1841,0
2447,NGRCCHPACGKYYSC,15,1,7,2
2448,YCSDQWKSCSYPHECCRWSCNRYCA,25,1,1842,9
2449,ATNNKATDLMALTVRGCCDDPSCRAENPFLCSWMG,35,1,1843,7
2450,AAKVKYSLTPAECCTNPPCFAQHSDLCGARR,31,1,1361,3
2451,MPLEVLGHLSKAFLFLARNNEHSHKKYNQ,29,0,1844,3
2452,SRKQKFDKKFIKLVIVVDHSMVKNNDLIAI,30,1,1845,4
2453,VNGKVRGALKVAKDASRDAIEAA,23,0,1846,3
2454,FFGTLFKLGSKLIPGVMKLFSKKKER,26,1,1847,4
2455,DMCCHPACMKHFNC,14,1,7,2
2456,AKEKEVTFQSGGPT,14,1,1848,4
2457,MIFDGKVAIITGGGKAKSIGYGIAVAYAK,29,0,1849,2
2458,FLSLIPHIVSGVASIAKHF,19,1,905,6
2459,CKGPGASCIRIAYNCCKYSCRNGKCS,26,1,14,0
2460,SCKERASSCETPSECCSGVCRTRIFYLC,28,1,1850,0
2461,HEERVCPRILMKCKKDSDCLAECVCLEHGYCG,32,0,281,2
2462,FVVVNRDKNSQNVENAMI,18,0,1851,1
2463,ADPPVVGYEYATCR,14,0,1852,6
2464,RCCRYPCPDSCHGSCCYKW,19,1,1853,4
2465,LANEERNVADATVY,14,0,1854,6
2466,LSTDIVAPPV,10,1,1855,6
2467,GNTPFLSWCVQQGAKRYADGLGMLVGQAAHAVLL,34,0,1856,8
2468,VGGLIAYDNIEISQIPVGDGVTLC,24,0,1857,9
2469,FVSLFIFGFLSNDPG,15,0,1858,9
2470,AGDDETLLKPVLNSLDNLVSGL,22,0,1859,3
2471,MLTIISYLVLLVGALTVTLVIYLGLLKGVKLI,32,0,1860,8
2472,NEEVLFGGR,9,0,1861,7
2473,MRSEQISGSSLNPSCRFSSAYSPVTRQRKDMSR,33,0,1862,2
2474,DCCPLPACPFGCNPCCGWPALLSGPHQVMNNE,32,1,1863,4
2475,GCCGPYPNAACHPCGCKVGRPPYCDRPSGG,30,1,1864,1
2476,CIPEGTFCQFNADCCLSQCCWGSCGNPCRFP,31,1,1865,8
2477,GCLDPGYFCGTPFLGAYCCGGICLIVCIET,30,1,1866,8
2478,ECRYLFGGCKTTSDCCKHLGCKFRDKYCAWDFTFS,35,1,1504,0
2479,FLSGIVGMLGKLF,13,1,1867,5
2480,RDCCTPPRKCKDRRCKPMKCCA,22,1,1702,3
2481,QTCVSCVNFGNGFCGDNCGNSWACSGC,27,1,1868,5
2482,KWKVFKKIEKVGRNIRDGIVKAGPAIAVLGQAN,33,0,1869,9
2483,NLCASLRARHTIPQCKKFGRR,21,1,1870,6
2484,CLGSGEQCVRDTSCCSMSCTNNICF,25,1,22,5
2485,MNQQIDMLVKQLN,13,0,1871,0
2486,MIIKTLKMSARKRN,14,0,1872,9
2487,GLMDMVKGAAKNLFASALDTLKCKITGC,28,0,1620,0
2488,KPCCSIHDNSCCGI,14,1,1785,1
2489,SGCCSNPACMVNNPNIC,17,1,35,9
2490,AICPNCGEWHVYH,13,0,1873,3
2491,CTPRHGVCFYSYFCCSKACNPSSKRCH,27,1,474,3
2492,GIPCAESCVWIPCTVTALLGCSCSNKVCYN,30,0,493,4
2493,GRCCHPACGKNYSC,14,1,7,4
2494,FAVGTESIAKTFSEALDTTKISDVLSK,27,0,1874,8
2495,SNVCAGLESCSNSCCHVGRRCQCLKIRCEQ,30,1,1875,1
2496,VDPAQVSGSWRTAAIASD,18,0,1876,2
2497,APSSMGFMGMR,11,0,309,9
2498,QCCGWEWCDDICGCCE,16,1,1877,5
2499,MCPPLCKPSCTNC,13,1,1878,2
2500,SMLLLFFLGTISLSLCQDDQERC,23,1,1879,0
2501,SCCPNNPACCH,11,1,1880,6
2502,APLTNEYLNHLCHKC,15,0,1881,9
2503,GCPWQPWC,8,1,356,9
2504,CYPEGDYCEYHYQCCKGSCCFAYCRDPCRRV,31,1,1882,2
2505,LNKKGDDCLAVKKNCGFPKLGGPCCSGLCFFVCA,34,1,1883,1
2506,KCHVIDAQEVIGGQCITLYPEKPIYDIP,28,0,1884,8
2507,GIWDTIKSMGKVFAGKILQNL,21,1,1885,3
2508,GCEWVSWC,8,1,356,7
2509,GLMDALKGAAKNLFASALDKLKCKVTGC,28,0,1620,9
2510,MRTYNPNSLLPSQMQKCTCVFLHPAFDLCGGEA,33,0,1886,5
2511,QETQYFGPGTRLLVL,15,0,1887,1
2512,GIPCGESCVFIPCLTSAIGCSCKSKVCYRN,30,1,159,5
2513,TRSSRAGLQFPVGRVHRLLRK,21,1,1579,6
2514,RDCGKDCVGCDNPANCCCGGQTCVNGNKCE,30,1,1888,5
2515,RVKRVWPLVIRTVIAGYNLYRAIKKK,26,1,1889,5
2516,GIPCGESCVWIPCISSAIGCSCKNKVCYRN,30,0,159,6
2517,VDIHVWDGV,9,1,1890,3
2518,DTRTNEPSITGTSTFTQYFSVRESTRTSGTVTVAN,35,0,1891,5
2519,ECRGYNAPCSAGAPCCSWWTCSTQTSRCF,29,1,1892,8
2520,WLSGVDKIRGVNLGSAFIIE,20,0,1893,7
2521,TCHKPCQRHSECASHCICLIDTCDDA,26,1,1894,2
2522,KRFKKFFRKIKKGFRKIFKKTKIFIGGTIPI,31,1,1895,3
2523,STDDCSTAGCKNVPCCEGLVCTGPSQGPVCQPLA,34,1,948,4
2524,GGSVDSAAAEEVFESNCASCHGADLSGAGPDLTQV,35,0,1896,9
2525,MKHLLSIADLTRESAVELLDEAERFEQALLGREVR,35,0,1897,9
2526,GCCTYPPCAVLSPLCD,16,1,1898,7
2527,MVGNFPGANYSRDTRRAEIDIQIDIQKI,28,0,1899,9
2528,AFGTILKALAKIAGKVVKKLATKPGATYMLKENLQ,35,1,1305,7
2529,KAAKKRGYVTMDELNSVLPSEEVT,24,0,1900,6
2530,EPPPWVPV,8,0,1901,7
2531,TILLDDMKKLFWEKNLQPVVLTAGFEVF,28,0,1902,0
2532,IKLSPETKDNLKKVLKGAIKGAIAVAKMV,29,1,1903,0
2533,DVGSDRTSVELSKMLKGWQAEKGQ,24,1,1904,1
2534,ACYCRIPACIAGERRYGTCIYQGRLWAFCC,30,1,783,1
2535,MTKDIVETVGGLVKWILDTVKKFA,24,1,1905,7
2536,GGTIFDCGETCFLGTCYTPGCSCGNYGFCYGTN,33,1,1906,7
2537,VRDAYIAKPENCVYHCAGNEGCNNLCTCNGAT,32,1,1907,9
2538,RIKRFWPVVIRTVVAGYNLYRAIKKK,26,1,1889,9
2539,VRDCNIQEDACESNDDCCLGLFCKNEVCEYASP,33,1,1908,1
2540,VCSGGIVGLGETV,13,0,1909,8
2541,GCPEDYPCKAGYVCDKGICRPLVIM,25,1,1910,3
2542,FEDGKKVRFFKSNKETIK,18,0,1911,2
2543,MCMLSWFISTSPLKEYCGGKRNLQRNNF,28,0,1912,1
2544,LWKT,4,1,1913,0
2545,LKYGVYEAIFAMLSSVMNKDGMLVA,25,0,1914,6
2546,EEFDYDLVIIGAG,13,0,1915,2
2547,GKCNVLCQLKQKLRSIGSGSHIGSVVLPRG,30,1,1916,0
2548,HAGVEVLVVSSGAIALGRTVLGLPK,25,0,1917,9
2549,QARPRPGPKIPP,12,1,1918,9
2550,MAEKESTSPHLIVPILLLVGWIVGCIIVIYIVFF,34,0,1919,6
2551,YCQKWMWTCDSARKCCEGLVCRLWCKKII,29,1,524,8
2552,GRCRPGGVVCGFPKPGPYCCSGWCFFVC,28,1,544,2
2553,LQPGLEYQYRYSARV,15,0,1920,4
2554,RMKKLGNHKVSCERNTKRCRKAI,23,1,1921,1
2555,DGCCSNPSCSVNNPDICGG,19,1,35,7
2556,WCKQSGEMCNVLDQNCCDGYCIVFVCT,27,1,1811,2
2557,RLNAGIRCHNRFYRALVRSLEEVFEGGG,28,0,1922,6
2558,TKEAPAPKGLKGNEMLKGIFLEVKKKFETA,30,0,1923,3
2559,ALGTNPRKSTKIGTGER,17,0,1924,5
2560,SIRDKIKTMAIDLAKSAGTGVLKTLICKLDKSC,33,1,481,6
2561,GLWQKIKDKASELVSGIVEGVK,22,0,1370,6
2562,TVGEECNEYCEQRNKNCCGKTNGEPVCAQACL,32,1,1925,3
2563,VIGGTNASPGEIPWQLSQQRQSGSW,25,0,1926,2
2564,LPRHTLHCVAYHGYCFHSKV,20,0,1927,4
2565,INWLKLGKKILGAL,14,1,540,9
2566,IHGLADVMQGE,11,0,1928,5
2567,MTKKAVVVLWGISQVEGVVNLLQE,24,1,1929,4
2568,QCPPTCPSCDDC,12,1,1930,0
2569,DCGEQGQGCYTRPCCPGLHCAAGATGGGSCQP,32,1,13,3
2570,GWKDWLKKGKEWLKAKGPGIVKAALQAATQ,30,1,724,5
2571,GVLSVIKNALPGIMRFIA,18,1,1931,2
2572,FPLPCAYKGTYC,12,0,1932,4
2573,MLQVRASPTWGGGTYKKAVLVSLCRYSTAVGAPH,34,0,1933,3
2574,MIRQKIFVFIVKSRRNSICPAIRRKEDY,28,0,1934,0
2575,FLPPSPWKETFRTS,14,1,1935,7
2576,CCCNPACGPNYGCGTSCSRPSEPRR,25,1,941,8
2577,RRLRPRRPRLPRPRPRPRPRPR,22,1,1936,5
2578,KKFRPRARGRSFPIK,15,0,1937,5
2579,QNQPPDFANPFIIPQNAA,18,0,1938,1
2580,MDILSLGWAALMASFTFSLSLVVWGRNGF,29,0,233,2
2581,GVCCGEKLCHC,11,1,30,3
2582,IHMYLTFLFYVVILVTRYLIFFKCKD,26,0,1939,9
2583,TATHNHYLAVLGEDFV,16,0,1940,3
2584,GCCSNPVCWQNNAEYCRES,19,1,35,8
2585,ADNRRPIWNLGHMVNALKQIPTFLDGANA,29,1,1941,7
2586,GTFNFMIVFQAEHNILMHPFHMLG,24,0,1942,0
2587,RKSTGIDAIEYAQEVV,16,0,1943,0
2588,TLAVEQSPELEKMAQFF,17,0,1944,2
2589,FYEKEGLPAFPMGK,14,0,1945,7
2590,PAQPFRFPKHPQGPQTRPPI,20,0,1946,4
2591,GCCSNPPCARLNPAC,15,1,35,0
2592,PTRQTIVVDYSAPNV,15,0,1947,0
2593,VFINVKCRGSPECLPKCKEAIGKAAGKCMN,30,1,1948,1
2594,IVGGAECVPY,10,0,1949,4
2595,ADYLQLARA,9,0,741,2
2596,FLSLIPAAISAVSALADHF,19,0,53,7
2597,ALYRPEGKLEAAHTLEDCA,19,0,1950,4
2598,EQGRQRQGG,9,0,1951,4
2599,KEQPEFVPY,9,0,1952,5
2600,ECTRSGGACNSHTQCCDDFCSTATSTCI,28,1,444,6
2601,LICYNDHGYTGKTTETCENGETTCYEKSR,29,1,1953,9
2602,RCCLWPECGGCVCCY,15,1,465,4
2603,NLLSKRVSIWFCASRTCSTPADCNPCTCESGV,32,0,506,0
2604,ALSKIGTSNLEEFS,14,0,1954,6
2605,LLVTLISYSSSEGIDD,16,0,1955,2
2606,SCCGKNPGCCPW,12,1,1956,7
2607,RPEEIGAGDQGHMFG,15,0,1957,4
2608,GMASKAGSVAGKIAKFALGAL,21,1,86,7
2609,DTNKVSLAILQKQLSEMANGGPHQN,25,0,1958,3
2610,LKTMEGVAKMIGNMLRQEIKQSWL,24,0,1959,4
2611,RRWYRWWRRRWYRWWR,16,1,1960,2
2612,CYDGGTSCNTGNQCCSGWCIFLCL,24,1,1283,9
2613,GREGRLSSAIRASQ,14,0,1961,9
2614,VIGGDECNINEHRFLVALYDPDGFLSGGIL,30,1,148,6
2615,CSDGLKGLNALGTLPRKGLNALGTLPWVDLYN,32,0,1962,2
2616,HLLQFNKMIKFETRKNAIPFYAF,23,1,1963,3
2617,GCCDDPSCSIHMPFFCF,17,1,1964,7
2618,QLLWLLQLSDSNFPSGAFSHSFGFE,25,0,1965,6
2619,FLSAITSLLGKLL,13,1,516,8
2620,DRVYVHPFSL,10,0,1966,7
2621,CCQWPCGYRCLCCRV,15,1,1967,5
2622,GWCGDPGATCGKLRLYCCSGACDCYTKTCKDKSSA,35,1,50,1
2623,ALFSILRGLKKLGKMGQAFVNCEIYKKC,28,0,1968,0
2624,GLWETIKNFGKTFTLNILDYTK,22,0,1969,0
2625,CKGTGKSCSRIAYNCCTGSCRSGKC,25,1,14,5
2626,MEVNILAFIATALFILIPTSFLLIIYVKTVSQNN,34,0,153,0
2627,DHAGTVSKAHKQHDVNSVLYKVYEDI,26,0,1970,7
2628,CCSWDVCDHPSCTCCS,16,1,1971,4
2629,GLYCCQPKPNGQMMCNRWCEINSRCCGRR,29,1,1972,8
2630,FLSLTEWMDWSLA,13,0,1973,6
2631,CMEAGSYCGSTTRICCGYCAYSASKNVCDYPSN,33,1,1974,2
2632,GVFLDALKKFAKGGMNAVLNPK,22,1,1975,5
2633,LPYRDDPNRVIRFKN,15,0,1976,7
2634,RDAATKKAKDRQAKQRAAA,19,1,766,3
2635,MDIVSLGWAFLMVVFSFSLSLVVWGRNGL,29,0,233,1
2636,SLGGFLKGVGKALAGVGKMVADQFGNLLQAGQ,32,0,76,5
2637,ENMFNIKSSVESDSFWG,17,1,1977,3
2638,KAEEEVEKNKEEAEEEAEKKIAE,23,0,1978,2
2639,IDAMRLAQKKHVVLVCGRYEGFDERSIELGADE,33,0,1979,5
2640,HEELSINSNPVSSQKQPA,18,0,1980,9
2641,PCSMKTLAGIRAGYADGLVGRAADVV,26,0,1981,7
2642,GFGSFLGKALKAALKIGANALGGAPQQ,27,0,125,3
2643,AESEAGDASPLVTEVLIGSPPGYVGYTEGG,30,0,1982,1
2644,WIDPSHYCCCGGGCTDDCVNC,21,1,1983,3
2645,EGRLTKGQAAAIERLWPTVGLTL,23,0,1984,8
2646,SGVTAIMAALEPV,13,0,1985,3
2647,NCCNGGCSSKWCKGHARCC,19,1,139,8
2648,VESEAKTKGGIIIPDTA,17,0,1986,7
2649,ACINSGDPCQRTVRCCSRRCGVNSCA,26,1,1987,5
2650,CCSQDCSVCIPCCPPP,16,1,470,9
2651,CCGLPCNGCVPCCWPS,16,1,1988,1
2652,NLMKDRDQDFWVSKKEYEEGGIAR,24,0,1989,7
2653,QCEDVWMPCTSSHWECCSLDCEMYCTQI,28,1,1990,3
2654,GCCTPPRKCKDRACKPARCCGP,22,1,1702,9
2655,CCQLLCYSGCTPCCHI,16,1,1991,2
2656,GIWCDPPCPKGETCRGGECSDEFNSDV,27,1,1196,1
2657,FFPIILGLVPKLVCLITKKC,20,0,1268,0
2658,RDCQEKWEYCIVPILGFAYCCPGLICGPFVCV,32,1,136,5
2659,IDCGTVMIPSECDPKSS,17,1,1992,0
2660,GCCAMLTCCV,10,1,1993,3
2661,GIEKIISRSMFDQMLKHRNNPASFG,25,0,1994,4
2662,KDGYPVDNANCKYE,14,1,1995,1
2663,VPAECAHIPTCPP,13,1,1996,6
2664,MDLIPDLAVETWLLLAVTLV,20,0,1997,1
2665,YLRF,4,0,99,8
2666,GCCSHPACHLHPELC,15,1,35,0
2667,ECCEPSWCDAGCYDGCC,17,1,902,2
2668,GPSGFYGVR,9,0,476,8
2669,GILDTLKNLAKTAGKGILKSLVNTASCKLSGQC,33,1,186,1
2670,MTYMKLTAAKRIVFFIYLFVIQFWKNASFQTKVS,34,0,1998,5
2671,GLWETIKNFGKKFTLNILHKLKCKIGGGC,29,0,1999,0
2672,EQVGSQAGGAYM,12,0,2000,5
2673,GCCSHPVCSAMSPIC,15,1,2001,0
2674,DSPGGASDTQKQHVNSKY,18,0,2002,5
2675,CCSRHCWVCIPCCPNGS,17,1,470,3
2676,DCCSRPPCRWSHPELCS,17,1,2003,4
2677,KIKWLKAMKSIAKFIAKKQMKKHLGGE,27,1,2004,3
2678,CLGFGEACLMLYSDCCSYCVGAVCL,25,1,1001,9
2679,ANIVGGIEYSINNASICSVGFSVTR,25,0,2005,3
2680,GLWKSLFKNVGKAAGKAALNAVTDMVNQ,28,1,1733,1
2681,ATFDIVNQCTFT,12,0,2006,7
2682,RASIWALGPLVARFGQGQVSLPGGC,25,0,2007,2
2683,MEVNILAFIATALFIIIPTAFLLILYVKTASQSDS,35,0,153,5
2684,ASSASASGSSVTIPQKIHQMAASYVQVT,28,0,2008,0
2685,TSRCIFYRRKKCS,13,1,2009,5
2686,MKRSYKTLPTYFFSFFGPFKERAVFLLVL,29,0,2010,0
2687,NLQILCCKHSLECCT,15,1,334,4
2688,ANPICPKIPNPTIRISGRNDLCVDVK,26,1,2011,6
2689,AAADLTAISGQKPLITKARKSVAGFKIRQGYPI,33,0,2012,1
2690,CLMARPNYRCKIFKQC,16,1,2013,2
2691,ASGPCFPNPCQNDGECHVIDDSHR,24,0,2014,8
2692,HSDAVFTDNYSRIRKQMAVKKYINSLLA,28,0,2015,7
2693,GDEEVSKFIEREREAGRLDLSKFP,24,1,2016,2
2694,DDECEPPGDFCGFLKLGPPCCSGWCFLWCA,30,1,779,3
2695,GCCSHPACNVAAPHIC,16,1,35,2
2696,CCLWPACWGCVCCY,14,1,465,5
2697,FLHHIVGLIHHGKLDMYRSNN,21,1,2017,7
2698,TAIRKCNPRT,10,1,2018,3
2699,MSLIIGYIILLACAFGLAAGLYFGLSAIKLI,31,0,2019,8
2700,HRGDEEYSEFIERERELVSSKIPR,24,1,989,0
2701,GWCGDPGATCGKLRLYCCSGFCDCDTKTCKDKSSA,35,1,50,2
2702,NSEDGSPYPGPGQQPNCCKWPIVTCCN,27,1,2020,4
2703,KCSPSGAICSGFGPPEQCCSGACVPHPILRIFVCQ,35,0,2021,8
2704,QKKDKKD,7,0,938,1
2705,DDDCEPPGNFCGFPKIGGPCCSGWCFFACA,30,1,779,3
2706,GWGSFFKKAAHVGKHVGKAALTHYL,25,1,963,1
2707,MIINHNMSAINAQRVQGVTGVTKNMV,26,0,2022,3
2708,ADDSDPVGGEFLAEGGGVR,19,0,253,6
2709,YAAVVNRASALMAHAALRDCCSDPPCAHNNPDC,33,1,716,3
2710,KDLGNMPPNICNAAYLA,17,0,2023,8
2711,GCCSDPRCWYDHPEICGGAAGG,22,1,35,8
2712,TSTLSWLDEITMEELERNPY,20,0,2024,1
2713,VIGGDECNINEHRSLVAIFDS,21,1,972,8
2714,ITAGFISSSANTVYVKKGDVMVFPR,25,0,2025,3
2715,ENEIFAKVQVFAGPRRITLHATHLPKITLP,30,0,2026,3
2716,KRRFLPNLHSHRFWVESEKRFVT,23,0,2027,3
2717,GCIATGSVCTLSKGCCTKNCGWNFKCNPPNQ,31,1,181,6
2718,GCSSDPRC,8,1,2028,7
2719,SGSGVRSAKKGGKAQGGQAGVGYKGSTEPG,30,0,2029,2
2720,GCCSHPACSVNHPELC,16,1,35,2
2721,EAAGLLAFPRV,11,0,188,3
2722,GTLPCGESCVWIPCISAAVGCSCKSKVCYKN,31,0,159,8
2723,MWRDSLCTAAGYALGRRDAAALSSLLSEAAAMMEV,35,0,2030,4
2724,MEQSLLEQRLEM,12,0,2031,0
2725,AACLGMFESCDPNNDKCCPNRECNRKHKWCKYKLW,35,1,282,5
2726,MGISEVQVFLALIIALIPGILADRLGKELNK,31,0,2032,6
2727,FITGLIGGLMKAL,13,1,2033,5
2728,RLARFGAKKRPFYRIVVADSRAPRDGRFIEKI,32,0,2034,8
2729,DWEYHAHPKPNSFWT,15,1,921,1
2730,WEQKIEELLKKAEEQQKKNEEELKKLE,27,1,2035,9
2731,EQQCTPGQTKKEDCNNCTSGD,21,0,2036,2
2732,SSCGYLGQPCCVVPRRAYCHGDLECNDVTMCV,32,1,1402,7
2733,VGDLKTPAILRVTNAYLFN,19,0,2037,8
2734,CCMTCFGCTPCC,12,1,1115,8
2735,GCIGRNESQKKDNVYKFKE,19,1,2038,8
2736,SLRGFLKGVGTALAGVGKVVADQFDKLLQAGQ,32,0,76,6
2737,GLASTLGSFLGKFAKGGAQAFLQPK,25,0,2039,6
2738,ALTGRRPSVVYLHAAQCTGCSEALLRTTKPFR,32,0,2040,5
2739,MNSELLIQLGSLTLITLTGPLIIGIIFIRKGNL,33,0,2041,2
2740,PIRTKRRWKLIKKGGKIVKDLLTKNNIIILPGGNE,35,1,2042,2
2741,GLFGILGSVAKHVLPHVIPVVAEHL,25,1,557,2
2742,CGGAGAKCSTKSDCCSGLWCSGSGHCYHRRYT,32,1,2043,7
2743,LAVRGGCCSHPVCNLNNPQMCRGRR,25,1,35,6
2744,GCCSYPPCFATNPDCGAGAAG,21,1,35,5
2745,ECCDDPPCRQNNMEHCPAS,19,1,2044,7
2746,IKIPSFFRNILKKVGKEAVSLIAGALKQS,29,1,2045,2
2747,GACGDPGATCGKLRLYCCSGFCDCYTKTCKDKSSA,35,1,50,8
2748,MGGKWSKRSVVGWPAVR,17,1,2046,4
2749,GCTKFMGSCKTDADCCEHLECYKYKWCGWDGTF,33,1,2047,8
2750,MDTLTQKLTVLIAVLELLVALLRLIDLLK,29,1,2048,2
2751,GFLDSFKNAMIGVAKSVGKTALSTLACKIDKSC,33,0,613,9
2752,FLPLLAGLAANFLPKIFCKITRKC,24,1,138,3
2753,RIGVLLARLPKLFSLFKLMGKKV,23,1,2049,7
2754,GINTLKKVIQGLHEVIKLVSNHA,23,0,1321,4
2755,QKKDKKDKF,9,0,938,5
2756,QKTLIFGHKNPDTDTI,16,0,2050,5
2757,ESERNERCCHPACARKYNCGR,21,1,7,0
2758,GLPTCGETCTLGTCYVPDCSCSWPICMKN,29,1,51,9
2759,DCGEQGEGCYTRPCCSGLTCVGTPVGGLCQP,31,1,1160,6
2760,DCLGWFKGCDPDNDKCCEGYKCNRRDKWCKYKLW,34,1,282,6
2761,QLQGKQVSGEVVQKVLQELIQSVAKP,26,1,2051,3
2762,AQTVRDIPHHEY,12,1,2052,5
2763,GIPCGESCVYIPCITAAIGCSCKSKVCYRN,30,0,159,0
2764,DTHISEKIIDCNDIG,15,0,2053,1
2765,DCTGQACTTGDNCPSECVCNEHHFCTGKCCYFLHA,35,1,2054,3
2766,GALKGCWTKSIPPKPCK,17,1,607,2
2767,CRSSGSPCGVTGICCGRCYRGKCT,24,1,88,8
2768,GIADPDVVNVGQRLIMP,17,0,2055,5
2769,LNQRDCLSKNAFCAWPILGPLCCSGWCLYVCM,32,1,2056,8
2770,ENDVSSWK,8,0,2057,6
2771,DCGGQGEGCYTQPCCPGLRCRGGGTGGGACQL,32,1,13,2
2772,MEALVYTFLLISTLGIIFFAIFFRDPPRISTKKMK,35,0,164,3
2773,QGFVKEGVGAGGCAIAGHLLAGWRNSEMVDIV,32,0,2058,3
2774,QLKPFVDAGNVTPVSPTTTWGSYIN,25,0,2059,5
2775,QEYRGWMDF,9,0,1640,7
2776,NPTNLH,6,0,2060,8
2777,SWCDPATLKYVSGITGCRAMVKLQCL,26,0,2061,3
2778,GCCSHPACSGNNPAFC,16,1,35,6
2779,VNIMGFCKEFNAKTQGMEP,19,0,2062,1
2780,ALVEDPQMQKYHKH,14,0,2063,2
2781,AVNIPFKVKFRCKAAFC,17,0,2064,3
2782,LCEKFKVQRLVELNCVD,17,1,2065,0
2783,EPNSMWS,7,1,2066,8
2784,GIPCGESCVFIPCTVTALLGCSCKDKVCYKN,31,0,493,6
2785,GFMDTAKNVFKNVAVTLLDKLKCKIAGGC,29,1,1673,5
2786,FLPVLAGVLSRA,12,1,2067,8
2787,DVNEKIWERGIKKPPSKIRVRAVKYADGTVEVRLA,35,0,2068,9
2788,CPFWIC,6,1,2069,3
2789,MLVLYRKRFSGFRFYFLSIFKYII,24,0,2070,6
2790,TEFATNDGGQR,11,0,2071,1
2791,ACCSYPPCFATNPDC,15,1,35,0
2792,TDPGHLQDVVAINDPKGVFVNRK,23,0,2072,9
2793,GLPRKILCAIAKKKGKCKGPLKLVCKC,27,1,2073,5
2794,SIPCGESCVFIPCTVTALLGCSCKSKVCYKN,31,1,493,7
2795,TLAIKQARILSFLPFRNYENEK,22,0,2074,6
2796,AQNQREKRELEGVILELQEQLTGLIPSD,28,0,2075,9
2797,SCLAPDSWCIMDVDECCETCVLFWCT,26,1,2076,9
2798,GLLTNVLGFLKKAGKGVLSGLLPL,24,0,2077,7
2799,MTWELIAQLTFLTSIIVSGPLVIALLAIRKGNL,33,0,200,8
2800,SADPNFLRF,9,0,1763,8
2801,LVKTGNSQLESSFD,14,0,2078,9
2802,YEYSVYREIIGSGHIIAR,18,0,2079,3
2803,MEALVYTFLLVSTLGILFFSIFFREPPKVPTQK,33,0,164,8
2804,NAPPNLTLR,9,1,2080,6
2805,IEFFT,5,0,2081,5
2806,AALTHERVFDYKPGEIYWCTADVGWVTGHSYIV,33,0,2082,1
2807,KCALERGEVCVVPILGTLACCRAFCSGVCL,30,1,2083,2
2808,AGDKEKARRFFSKAERLYP,19,0,2084,0
2809,LANFEKNVNQAIHKYNAYRKAASVIA,26,0,2085,2
2810,MAKFELPNLPTADDAL,16,1,2086,5
2811,SGGKKIKVDKPLGLGGGLTVDIDA,24,0,2087,8
2812,GLNDEMAHSSIRFSIGRFTTDEEIEH,26,0,2088,8
2813,CCPTFYFCCNL,11,1,2089,8
2814,QGGAPWNPIPP,11,1,274,9
2815,EVIAQLTMIAMIGIAGPMIIFLLAVRRGNL,30,0,2090,9
2816,MPGIAFKGKDMVKAIQFLEIVVPCHCTT,28,0,2091,5
2817,TSGNVTENLQTYIDKSTQLPGGENSTKL,28,0,2092,3
2818,TRRFDDVLDEVKGFFEVH,18,0,2093,3
2819,DEVMSLVQQQYSN,13,0,2094,0
2820,QCRVEGEICGMLFEAQCCDGWCFFVCM,27,1,2095,0
2821,GVVEHCCHRPCSNAEFKKFC,20,1,70,1
2822,FLFSLIPHAISGLISAFK,18,1,575,3
2823,SPLPLIVNTWPFKATTIGMVVIHLKGYTAAGT,32,0,2096,0
2824,LYSLLTEK,8,0,2097,0
2825,RVSIARALDYMGLKGGE,17,0,2098,5
2826,SDTTAGSYAEALAELLTIDPSLIVTTVDTQLAVAG,35,0,2099,3
2827,TAEVMSVTAFGALEEDEG,18,0,2100,3
2828,MPTIVSYFGFLLTASTITPALFIGLSKIRLI,31,0,291,3
2829,SSEEDIELIEALEESGKR,18,1,2101,6
2830,AVDEECNEYCEERKDKNCCGRTNGEPRCATMCF,33,1,2102,7
2831,GLLSGILGAGKHIVCGLSGLC,21,1,365,6
2832,VPGGDECNINEHRSL,15,1,972,1
2833,VCCPFGGCHEFCLCCD,16,1,576,1
2834,ILGPILGLVSNALGGLL,17,1,29,6
2835,VGAVGILALVSFTCV,15,0,2103,4
2836,ARAVGIDLGTTNAVVAVLEG,20,0,2104,8
2837,GLSRPSKRCIGGGDPCEFHRGYTCCSEHCIIWVCA,35,1,277,9
2838,AQKELSEKMTPGAIVYIPGSSVI,23,0,2105,8
2839,GWRDWLKKGKEWIKAKGPGIVKAALKAAVQ,30,1,724,7
2840,RGLRRLGRKIAHGVKKYGPTVLRIIRIAG,29,1,2106,1
2841,RCCNWQECDGNCHCCQ,16,1,1526,6
2842,GCCSYPPCFATNPDCGGAAG,20,1,35,1
2843,FTKGGGLWLEAIAETGC,17,0,2107,2
2844,TRNGLPG,7,1,1755,5
2845,FLHHIVGLIHHGLSLFGDRAD,21,1,2108,9
2846,GGETGGEGKGMWFGPRL,17,0,145,4
2847,MHIVVCIKQVPDSAQIRV,18,0,2109,4
2848,CCSICDTTCVYPTCCDDLISD,21,1,2110,4
2849,MNIELITQLASLILIVASGPIVIGLLSLKQGNL,33,0,2111,2
2850,HVINLEESFQEPEYENHLA,19,1,2112,0
2851,DGAETPGAAASLWFGPRV,18,0,2113,7
2852,DDDLKIGMRTSAITFGRHDV,20,0,2114,6
2853,ALGDGERKPNEVIKFLEVYERSFCRT,26,0,2115,9
2854,MVNFTVDQISAIMDKKANISNMSVIARVDDGKSTL,35,0,2116,3
2855,HFHYVLSMGAVFAIMG,16,0,2117,9
2856,MAWKTPRYDETPVGMEINMYACAKRK,26,0,2118,8
2857,IFLGCRFGFIGIASLYMSTSCFETLMKI,28,1,2119,6
2858,NYYLYPARPANSWWT,15,1,953,3
2859,ACLDIGNSCRED,12,1,2120,1
2860,AEAIFGAVVIDL,12,0,2121,4
2861,APQANSFYVGAKAGD,15,0,2122,4
2862,ALWKTLLKNVGKAAGKAVLNAVTDMVNQ,28,1,1733,6
2863,LQKIANNYGISAERVRQL,18,0,2123,7
2864,FLSLIPHIASGIASLVKNF,19,1,905,9
2865,GCCPALACAMGCRPCC,16,1,320,2
2866,RIIDLLWRVRRPQKPKFVTVWVR,23,1,2124,1
2867,SDTVDIYDAGKILERVII,18,0,2125,3
2868,MAKEIFTVAGVMWALVLTGLSVGFGLLKIQGE,32,0,2126,9
2869,DECFSPGTFCGFKPGLCCSARCFSLFCISLEF,32,1,1071,5
2870,GIPCAESCVYIPCTITALLGCKCKDQVCYN,30,0,493,7
2871,MFTLTSYFGFLLAALTITFVLFIGLNKIRLI,31,0,291,6
2872,GCCSHPACNVNHPELC,16,1,35,3
2873,RLCCITEEWCCQWW,14,1,2127,8
2874,CCSQDCLVCIPCCPNGS,17,1,470,8
2875,TNRDLDLGIVQDGFFRV,17,0,2128,3
2876,GLCCPMRWSSSEG,13,1,2129,3
2877,AGEPANNEDRFNY,13,0,2130,8
2878,DDVFIIDDADEIPARDGVLFLK,22,0,2131,5
2879,VARGGKTKGRRG,12,0,2132,2
2880,EEKVKEIRETVGDGK,15,0,2133,5
2881,TDAAAGERALKIIESLTQDVETGKVY,26,0,2134,1
2882,TIVKSKAQEKQID,13,0,2135,6
2883,KVCLESGAVCVIPIIASFACCSAFCYGVCL,30,1,2136,1
2884,QDPQSETDYSQLSGEWNT,18,0,2137,0
2885,ALKDEFEEHAEKAKTLPENTSNENKLILYG,30,0,2138,8
2886,GCCAYPPCFATNPDC,15,1,35,5
2887,SADQPNSIPPRERKAGCKNFYWKGLTSC,28,0,2139,6
2888,FYALDGETYASLAAATDAGAPVFAFGNF,28,0,2140,5
2889,MSIIILATISTTQENK,16,0,2141,7
2890,AGDKPGDALLDEWLG,15,0,2142,5
2891,VQTSHQSNKAMEHVKQIPSLGVVVPRVLSSKTF,33,0,2143,5
2892,LNLKGLIKKVASLLN,15,1,424,8
2893,GGETSGEGKGMWFGPRL,17,0,145,4
2894,RNGLPGPIGPAG,12,0,2144,5
2895,CCDDSECSYSCWPCCY,16,1,142,4
2896,SLRSSIKDMAAAAGRAALNAVNGIVNP,27,1,1744,7
2897,GCCSHPACSVRHPELC,16,1,35,7
2898,FINTIKLLIEKYREWKNKQSS,21,1,1301,2
2899,QNCCNGGCSSKWCRDHARCC,20,1,139,9
2900,MATVLSQSEIYIALVVAAHAAILALRLSVSLYRS,34,0,2145,4
2901,DAMMNQAVE,9,0,2146,0
2902,RKGWFKAMKSIAKFIAKEKLKEHL,24,1,2147,6
2903,GASGLIAFPRL,11,0,188,5
2904,CCQWPCPGSCRCCRY,15,1,934,9
2905,CCEEPFCNAGCACCNP,16,1,2148,6
2906,IKNGYPRDS,9,1,2149,4
2907,DDCCPDPACRQNHPELCST,19,1,35,5
2908,GVCCGYKQCHC,11,1,30,7
2909,KIKKEIENFKFFVQYGNFKNFEKYN,25,0,2150,4
2910,SNKRKNAAMLDMIAQHAIRGCCSDPRCKHQCG,32,1,1429,6
2911,CKLSGYRCKRPKQCCNLSCGNYMC,24,1,2151,7
2912,SIGSALKKALPVAKKIG,17,1,2152,5
2913,CIDGGEICDIFFPNCCSGWCIILVCA,26,1,1624,4
2914,AANLMALLQESLCPPGCYPSCTNCRYMFP,29,1,2153,3
2915,MSLILIFFAFTVLKSSKWICANRSVCPI,28,1,2154,4
2916,MTMGCTHPGGACAGHHHCCSQSCNTAANSCN,31,1,673,4
2917,DATFEIKKDL,10,0,2155,5
2918,GLKDWWNKHKDKIVKVVKEMGKAGINAA,28,1,1831,7
2919,MGKEIVESAILSSVLVLVGLAVGFLLLKVQGE,32,0,2156,6
2920,VSHNNFLRF,9,0,2157,3
2921,CKSKGAKCDKLMYDCCSGSCSGTVGRC,27,1,14,4
2922,VCVDGGTFCGFPKIGGPCCSGWCIFVCL,28,1,779,3
2923,GTATCETQRLANFLAPSSNKLGAIFSPTKMGS,32,0,2158,0
2924,CTSEGYSCSSDSNCCKNVCCWNVCESHCGHH,31,1,1057,2
2925,GVIPCGESCVFIPCISSVVGCTCKNKVCYRD,31,0,159,6
2926,GLMDTVKNAAKNLAGQMLDKLKCKITGSC,29,1,1620,5
2927,GFKDWIKGAAKKLIKTVASSIANE,24,0,2159,0
2928,GIPCGESCVFIPCITAAIGCSCKSKVCYRN,30,1,159,4
2929,GGSCSYPPSIANNPLC,16,1,35,3
2930,QPNPDEFFGLM,11,0,725,0
2931,DECCSNPACRLNNPHACRRR,20,1,35,2
2932,REFYEKPTSERKRKAAAAVKRHAKKVQREQRRA,33,0,2160,6
2933,SGYLPGKEYVYKYKGKVF,18,1,2161,0
2934,ALVSADGDSWFAR,13,0,2162,3
2935,FLNALKNFAKTAGKRLKSLLN,21,1,2163,3
2936,GIPCGESCVFIPCISSVVGCSCKSKVCYLD,30,0,159,7
2937,DLNKFEAEMRGEFGISA,17,0,2164,4
2938,TEVTFKVGEGSSGKS,15,0,2165,8
2939,GFAKVPWCEAGMGHELLAQLKVTPRCMP,28,0,2166,0
2940,PALIPFPRV,9,0,2167,3
2941,DAEEVRESAETLHEISVY,18,1,2168,4
2942,LGSPFGGFDTLGSNR,15,0,2169,3
2943,CKYKGAKCSRLLYDCCSGSCSGTVGRC,27,1,14,3
2944,LNLKALLAVAKKIL,14,1,305,2
2945,KKNGYAVDSSGKVAE,15,1,2170,4
2946,DKAMGQNCELFIIDVRNADSTLADQTPT,28,0,2171,5
2947,VDKRRPIWVM,10,1,2172,7
2948,TAEVMSHVAHFGKALEE,17,0,2173,4
2949,KMASPTDGTDLEASLLSFEKLDRASPD,27,0,2174,7
2950,QGCCSNPTCAVSNPDICGG,19,1,35,0
2951,QKVVGIDLGTTNSAVAAMEGGKPTIVTNAEGQRT,34,0,2175,7
2952,LNKRCLDGGEICGILFPSCCSGWCIVLVCA,30,1,1624,9
2953,MSDINATRLPIWGIGCNPCVGDDVTSVLTRGEALC,35,1,346,9
2954,SRPYSFGL,8,0,2176,1
2955,GCCSDPRCKHQC,12,1,39,2
2956,GVITDALKGAAKTVAAELLKKAHCKLTNSC,30,1,428,1
2957,MCCRWPCPRQIDGEYCGCCL,20,1,2177,6
2958,NRLSRCIPSGDLCFPSDHIQCCSAKCAFVCL,31,1,2178,9
2959,HQKYNPFRFVELVLVVDKAM,20,1,2179,8
2960,IDPKVLESLV,10,1,2180,1
2961,TCSPAGEVCTSKSPCCTGFLCTHIGGMCHH,30,1,2181,0
2962,SMLSVLKNLGKVGLGLVACKINKQC,25,0,2182,5
2963,VPETWDDYGAQT,12,0,2183,0
2964,KPRPQQFIGLM,11,0,2184,5
2965,IIGHLIKTALGMLGL,15,0,2185,9
2966,AGLPTEEKPPLL,12,0,2186,9
2967,GCCSHPACSGKYQPYCRPS,19,1,35,4
2968,GCCSHPACSINHPELC,16,1,35,1
2969,GIGAVLKVLSTGLPALISWIKRKRQQ,26,1,2187,5
2970,DDCLGMFSSCDPDNDKCCEGRKCNRKDKWCKYVL,34,1,282,0
2971,CIDGGEICDIFFFKLLQWVVHYSCLRMKLP,30,1,2188,7
2972,GLLDTFKNLALNAAKSAGVSVLNSLSCKLSKTC,33,1,2189,3
2973,FLPIIAGAAAKVVQKIFCAISKKC,24,1,138,8
2974,KGKTLYFSHGFSVIFKDQTKIHPPK,25,0,2190,9
2975,GACRWFLGGCKSTSDCCEHLSCKMGLDYCAWDGTF,35,1,2191,7
2976,FLGAVLKVAGKLVPAAICKISKKC,24,1,2192,4
2977,CTPCGPDLCCEPGTTCDTVLRHTHFGEPSCSY,32,1,2193,2
2978,YCQKWMWTCDEERKCCEGLVCRLWCKKKIEEG,32,1,524,7
2979,RCLPAGKPCAGVTQKIPCCGKSRNKCTT,28,1,2194,4
2980,MPTITSYFGFLLAASTITPALLIGLSKIRLI,31,0,291,2
2981,SSQDALRASLERLGLDYVDLYLIHWPAGSQGTY,33,0,2195,2
2982,QLFTLICLFYIGSIIAEP,18,0,2196,9
2983,RAGLKFPVGRVHRLLR,16,1,1579,0
2984,FMHCLPAFHNRETKVGEWIYET,22,0,2197,7
2985,GEPEVAKWAEGLREKAASN,19,1,2198,9
2986,GTGITEEFEEVPVQSRGFGILDVGYR,26,0,2199,6
2987,GNWCCSARVCC,11,1,2200,7
2988,METVLSAPEVFIALVVAAHAAVLALRLSISLYEA,34,0,2145,2
2989,CDGHGVLCDYDSECCSGECTTTGAIEYC,28,1,2201,6
2990,SAPGQDFMRF,10,0,160,6
2991,MDIISIGWVSLMVVFTFSISLVVWGRSGL,29,0,233,4
2992,SWLSKTAKKLENSAKKRISEGIAIAIQGGPR,31,1,2202,2
2993,KCCTMSVCQPPPVCTCCA,18,1,1168,2
2994,FGFLPIYRRPAS,12,0,2203,7
2995,FFPFLLGALGSLLPKIF,17,1,969,7
2996,SCCPEEITCCPW,12,1,2204,8
2997,DDESECIINTRDSPWGRCCRTRMV,24,1,1441,3
2998,CKGKGAKCSRLMYDCCTGSCRSGKCG,26,1,14,1
2999,MALNLQDKQAIVAEVSEVAKG,21,0,699,1
3000,SFKKGLFLGTILGGA,15,0,2205,5
3001,CCSKYCWRCIPCC,13,1,2206,8
3002,MNLEVVVQLGSLSLIVLAGPIIVLLLASQKGNL,33,0,2207,4
3003,KALLPLFLGIMVFLAGCDYSKPEKRSG,27,0,2208,3
3004,GIISTVKACREASEGELFELGRKRLNALAKEGV,33,0,2209,4
3005,FCCVFPWCTGCYCC,14,1,2210,8
3006,RVSAKNRVGATAAVYAAAILEYLTAEVLEL,30,0,2211,8
3007,TPSDGFMGMR,10,0,309,9
3008,CCQAACSPWLCLPCC,15,1,16,4
3009,MAVTIAVDFCACVCNIDLWLPKAMVFKLALAW,32,0,2212,4
3010,GKEELAENAPEFARELATN,19,1,1678,6
3011,MENGKVHVASMSGLSMPHMNEMLEK,25,0,2213,7
3012,SGCCSHPACRVNNPNIC,17,1,35,1
3013,MSDINGTRLPWLATCPCVGEDVNPTLSRGER,31,1,2214,8
3014,GIGKFLHSAGKFGKAFVGEIMKS,23,1,1775,8
3015,TFLNHVMGQKIAIMSDKAQTTRNKIMGI,28,0,2215,9
3016,QCGQAWC,7,1,2216,8
3017,ADPPIHIASL,10,0,2217,9
3018,KASAPKKFYVYPPV,14,1,2218,7
3019,EGCCSNPPCRHNHPEVC,17,1,35,5
3020,NSGGGEGSGMWFGPRL,16,0,145,2
3021,APSMGFMGMR,10,0,309,1
3022,CCSWDVCDHPSCTCC,15,1,1971,0
3023,MEVNILALIAIALFISVPTAFLIIIYVKTISENN,34,0,153,3
3024,RNEEERLINHLFKERGYNKELRPAQT,26,0,2219,4
3025,NPLFGIAGEDGPTGPSGIVGQ,21,0,2220,3
3026,CLQFGSTCFLGDDDICCSGECFYSGGTFGICS,32,1,2221,2
3027,DCRYMFGDCEKDEDCCKHLGCKRKMKYCAWDFTFT,35,1,2222,8
3028,QRECCEPQWCDGACDACC,18,1,1147,4
3029,FLPMLAGLAANFLPKIVCKITKKC,24,1,138,2
3030,SSCKKSCTKDGDCKYSCTKCTHLSKCM,27,1,2223,8
3031,ISAVHETIQQIFHLFSTDGSSAAWDESLLD,30,0,2224,8
3032,CKMSEQGLNAQMKAQIVDLHNARQGVANGQ,30,1,2225,3
3033,VSYFDFLNRVRMEEES,16,0,2226,8
3034,LQLSYRPRVMIMAVMFVFCINKGYDIY,27,0,2227,5
3035,INWLKLGKMVIDAL,14,1,540,3
3036,CRSPGSWCFYKHSNCCSGNCFLWCVQNGK,29,1,2228,7
3037,ACGQFWWKCGEGKPPCCANFACKIGLYLCIWSP,33,1,2229,6
3038,YSAFIVADAVTVRTRAAGSEKDQ,23,0,2230,2
3039,ILELAGNAARDNKKTRIIPRHLQL,24,1,2231,9
3040,FPPDVNFLKLQDVKL,15,0,2232,9
3041,MCMPCFTTDHNMAKKCNDCCGGYGKCFGPQCLCR,34,1,857,9
3042,GMYTHEGSDP,10,0,2233,9
3043,GWTLNSAGYLLGPHAIDNHRSFNEKHGIA,29,0,2234,2
3044,RQANKYKVPRLAFVNKMDR,19,0,2235,5
3045,GCSMYCWKCFPCCPN,15,1,2236,7
3046,KHSLPDLPYDYGA,13,1,2237,3
3047,VVSRFNDFITGRLLEGAKDTLIRHDVNEDNIDV,33,0,2238,3
3048,GLKDKFKSMGEKLKQYIQTWKAKF,24,1,2,7
3049,DAQEKRQPWIPFV,13,0,2239,7
3050,CLPGLATCNLHNNKCCNYCLIFWCS,25,1,2240,4
3051,QIAHHSKKEIWYFNSY,16,0,2241,7
3052,GCMEDGDVCELGNHNCCSGSCLGFEDEGIC,30,1,2242,8
3053,MTEVDCGGVSCEFHCCETINGVQRCREINCN,31,1,2243,0
3054,TAMKLLIDQEENQERKQAL,19,0,2244,8
3055,TEHFPLMIWVDCCPAYDCCVPDSD,24,1,2245,1
3056,APPGFTPFRIY,11,1,113,3
3057,CKGKGASCRRTSYDCCTGSCRSGRC,25,1,14,0
3058,AVWKDFLKNIGKAAGKAVLNSVTDMVNE,28,0,1733,4
3059,GCWDPWC,7,1,356,6
3060,DRCIWPKEGFSIYWNIPTHFCHNFGVYFKEL,31,0,2246,2
3061,RPPGFSPFRIY,11,1,113,7
3062,GDDVKSACCDTCLCTKSNPPTCRCVDVGET,30,0,612,3
3063,RAERSAWAAVDAHP,14,0,2247,0
3064,LICFICFSPTAH,12,1,2248,0
3065,MELSLLLFLALLLGLLLLLF,20,0,2249,2
3066,CCPWPCNNGCEPCC,14,1,316,4
3067,GIGGALLSAGKSALKGLAKGLAEHFAN,27,1,126,7
3068,SKTKRRSLLKRLGDGIRGFWNGFRGRK,27,1,2250,4
3069,SSIKEKDMTKEFFENRS,17,0,2251,3
3070,GCCSNPACMVNNPQIC,16,1,35,3
3071,AATAATPATAATPARA,16,0,2252,1
3072,FLPVIAGVLSKLF,13,1,415,6
3073,ELMCIRIIGASNRRYAH,17,0,2253,5
3074,IMWYMKYSTYMRLWLLY,17,0,2254,4
3075,MGIDLHLIANFAALALITLAGPAVIFILFYRRGAL,35,0,2255,7
3076,ECRWYLGGCKEDSECCEHLQCHSYWEWCLWDGSF,34,1,818,7
3077,EQCGNQAGGVPPNG,14,0,2256,6
3078,GYPRKTVDVFTFTN,14,0,2257,8
3079,LVLPEVYDQDGHPLRIGQRYIINNP,25,0,2258,3
3080,GGCRYFLGGCSEHSDCCEHLRCKMGLNYCAWDGTF,35,1,2191,2
3081,MGQEQGIPWIL,11,0,2259,0
3082,FCFFTITNMSGGCLV,15,1,2260,1
3083,GEEEYQKMLENLREARS,17,1,103,1
3084,NGCCKYPPCRWNNPQLCRPS,20,1,2261,5
3085,DCSPSGDGCHTRTCCPGLRCSGPQQAQVCH,30,1,2262,5
3086,QQRLGNQWAVGHLM,14,0,2263,8
3087,RDPCCYHPTCNMSNPQIC,18,1,35,2
3088,GARGCNTGYTAYGCNCC,17,1,2264,8
3089,GLFGKLIKKFGRKAISYAVKKARGKH,26,1,845,9
3090,ATTDSPATLTGVI,13,1,2265,6
3091,NPEFRPGYIDMLFL,14,0,2266,0
3092,GHCSDPRFNYDHPEICGGAAGG,22,1,35,6
3093,ILGKIWEGIKS,11,1,454,1
3094,RMGLLGARVIPVESGS,16,0,2267,1
3095,GTCSGRGQECKHDSDCCGHLCCAGIKCHFTYFPC,34,1,2268,6
3096,EITKFPKDQQNLIGQG,16,0,2269,6
3097,ILGPVLGLVSNALGGLL,17,1,29,9
3098,FVLPFDVLDSGRDLDRGWPYA,21,0,2270,4
3099,TLQRLSIEYSCCPGIVSCCVIP,22,1,2271,3
3100,GVTSNPAIFQKAISTSNAYNDQFR,24,0,2272,7
3101,TLTNASEQTLLPRLGIVLRVG,21,1,2273,6
3102,DCCRRNFLCC,10,1,615,9
3103,FLPIVAGLAANFLPKIVCKITKKC,24,1,138,1
3104,GDEEYSKMAAEREREAGRLDLSKFP,25,1,2274,9
3105,PRNFLQEDLLKLKSI,15,0,2275,2
3106,GQEERAEDSREASLEKLREI,20,1,2276,3
3107,NGLCCSQYGFCGTTSQYCSRANGCQSN,27,0,800,3
3108,VTCAIQVENWTKFALKNPVCRSIVGSLPQLLLA,33,1,2277,1
3109,IDCSKVNLTAECSS,14,1,2278,9
3110,WCSGSGEGCDYHSECCGERCCIESMCIGDGVACWP,35,1,2279,9
3111,LHSNLEYQYRYSGRVASGIP,20,0,2280,8
3112,GRILSFIKGLAEHL,14,1,2281,2
3113,MFPIHFLNEFINPDILLMAWQSANKLSTKYW,31,0,2282,8
3114,AVIPPLRCKAAFC,13,1,2283,8
3115,MCCGEGSSCPKYFRNSQICHCC,22,1,519,1
3116,CTPAGDACDATTECCILFCNLATKKCQVPTFP,32,1,2284,4
3117,QTPGCCWHPACGKNRC,16,1,287,3
3118,AKTDPPIHCASLRSS,15,0,2217,6
3119,CYGFGEACLVLYTDCCGYCVLAVCL,25,1,1001,8
3120,GLPICGETCVGGSCNTPGCSCSWPVCTRN,29,0,51,6
3121,KIPYIL,6,1,2285,0
3122,CCPGWELCCEWDEW,14,1,951,7
3123,HALCLTERQIKIWFQNRRM,19,0,2286,5
3124,FFPIVAGVAGQVLKKIYCTISKKC,24,0,2287,0
3125,QLHVNKARRVYIL,13,0,2288,6
3126,DLFQFGKMIECANKGSRPSLDYMNYGCYCGK,31,1,2289,2
3127,FLSMIPHIVSGVAALAKHL,19,1,905,5
3128,NGRCCHPACARKYNC,15,1,7,4
3129,MAEAFYILIGFLIMAAIIVMAVLYLENHS,29,0,2290,7
3130,IVGIDAVVLSTQHSDSISTADLREAVM,27,0,2291,9
3131,KDKIPEGKTTCSLCSRLRRGILYRTATE,28,0,2292,8
3132,MLTYTGTVINVQTFAAKPDP,20,0,2293,1
3133,GFGSLFKFLGKKLAKTVAKQAAKKQME,27,1,1503,4
3134,PAPPVGPALGQAGVNIMGFTKEF,23,0,2294,8
3135,FFGRLKSVWSAVKHGWKAAKSR,22,1,2295,5
3136,MLISLGWAALAATFTFSIAMVVWGRNGDGSINF,33,0,62,9
3137,GCCSHPACNVNNPHAC,16,1,35,4
3138,CKGKGAKCSRIMYDCCTGSCRSGKC,25,1,14,3
3139,KKSLLAKAKNFGGKVITIFKA,21,1,2296,6
3140,QVWYDREVTAFVEPG,15,0,2297,5
3141,MNIADYKGGVWVFAEQDG,18,0,2298,3
3142,GFIMEFAENLILRRMEDPK,19,0,2299,9
3143,QVNFSPGW,8,0,1695,4
3144,GLLGSLFGAGKKVACALSGLC,21,0,365,5
3145,MPIADSQVFIALFLALATGIFAVRLGVALYK,31,0,2300,5
3146,KDFAKENKKFEIKAAAFEGALT,22,0,2301,2
3147,GFLDTLKNIGKTVGKVALDVAKNVLT,26,1,2302,0
3148,SIGFDGLNDPDIVAR,15,0,2303,2
3149,GLFDVIKKVASVIGLASP,18,0,599,6
3150,SCCSDSDCNANHPDMCS,17,1,2304,5
3151,LSEDNWKFVVSSSCETILEILDIGGCAK,28,0,2305,2
3152,ECRYWLGGCSKTGDCCEHLSCSPKWHWCVWDGTF,34,1,2306,3
3153,DICLSTPDVKSKTCPPG,17,1,2307,6
3154,AAILKPIKNLTKVNVVIQKAVAATE,25,0,2308,0
3155,TPVVNPPFLQQT,12,0,2309,9
3156,GRRND,5,1,2310,8
3157,QIAEKCGGWICEDTWDCCYYAECKDGYCVEI,31,1,2311,9
3158,GIYCIFEGGTPDDR,14,0,2312,1
3159,AFVQEPLPY,9,1,2313,8
3160,RDCCSNPPCAHNNPDLC,17,1,35,7
3161,MSDINATRLPAWLVDCPCVGDDVNRLLTRGESLC,34,1,412,1
3162,RECGTCNGAECCGRCSCPFGTCSCVTI,27,1,2314,6
3163,FLSEKLAELGIDVYFH,16,0,2315,6
3164,MSDINATRLPFVFVASPPCVGDDIAMVLTRGENLC,35,1,1040,4
3165,GPLTILHINDVHAAFEQFNT,20,1,2316,8
3166,FLAKKVAKKLVSHVAQKQME,20,1,735,1
3167,SVNEFVYAIEQEELSKLVKIPGV,23,0,2317,7
3168,FFPAIFRLVAKVVPSIICSVTKKC,24,0,138,3
3169,NTARYYDGAQMVKMGLLYKKIRVPGRAVPDDD,32,0,2318,8
3170,MTQGAKKAPVIWVQGEGCTGCSVSLLNAVCPR,32,0,2319,7
3171,NAAANDKASDVIPLALQGCCSNPVCHVDHPELCL,34,1,2320,3
3172,SIFAFQDESPSAIAQAKLFK,20,0,2321,5
3173,LDCCDIHACWMYC,13,1,2322,4
3174,GAVPAAQFSPRL,12,0,2323,7
3175,GAFGDLLKGVAKEAGLKLLNMAQCKLSGNC,30,1,2324,3
3176,GCLEVDYFCGIPFANNGLCCSGNCVFVCTPQ,31,1,2325,5
3177,NAIILAAGKGTRMKSK,16,0,2326,3
3178,NGWNENKNYILIGSAAWAGLVLLVGTLNYLVI,32,0,2327,8
3179,SYGDLRGGAPGRG,13,0,2328,4
3180,GHACYRNCWREGNDEETCKERCG,23,1,2329,7
3181,ADDDVNTYNAA,11,0,2330,7
3182,LRIPCCPVNLKRLLVVVVVVVLVVVVIVGALLMGL,35,0,2331,2
3183,CCDWPCGIGCIPCCLP,16,1,316,7
3184,AKGKNTKKFAAVVDEEGGAVTAYF,24,0,2332,0
3185,SGGAHGEEGSARMKALTYF,19,0,2333,9
3186,ECLEADYYCVLPFVGNGMCCSGICVFVCNTT,31,1,2334,6
3187,AAKVKYSNTPEECCSNPPCFATHSEICG,28,1,1361,5
3188,VCCPPESCTDRCLCCL,16,1,2335,9
3189,GYYGQCDECCKKAGD,15,0,2336,5
3190,VVGGDECNINEHRSLALMYA,20,1,972,6
3191,NLYQFKNMVQCVGTQLCVAYVKYGCYCGPG,30,1,2337,2
3192,FLPVILPVIGKLLSGIL,17,1,2338,5
3193,WYLFRFVGEEQDVQLN,16,0,2339,1
3194,RPPGFTPFRIA,11,1,113,1
3195,FILKRSYPQYY,11,1,2340,5
3196,YHDETAQDEEDR,12,0,2341,3
3197,IRDECCSNPACRFNNHVC,18,1,35,0
3198,ALPSFSRADRYGRQ,14,1,2342,2
3199,GFRSPCAPFC,10,1,635,8
3200,AVPDKIDPRESGYVTGVKDQ,20,0,2343,6
3201,AGFVLKGYTKTSQ,13,0,2344,7
3202,FQPSLVLDTAKILLDNYTFPESLMG,25,0,2345,3
3203,QFRPSYQIPP,10,1,2346,0
3204,AFLTLTPGSHVDSYVEA,17,0,1091,5
3205,CRLGAESCDVISQNCCQGTCVFFCLP,26,1,2347,3
3206,TRNG,4,1,2348,4
3207,SFILHKAIRNDFFQSYLYLLEKIPLVKL,28,0,2349,8
3208,GICSEPIVVGPCKAG,15,1,2350,8
3209,GCCDDPPCRARYPFLCI,17,1,2351,0
3210,GIPCGESCVYIPCITTAIGCSCKNKVCYRN,30,0,159,4
3211,FLPLILPSIVTALSSFLKQG,20,1,2352,7
3212,VIGGDECNINEHPFLVLVYY,20,1,972,7
3213,YWTECCGRIGPHCSRCICPEVACPKN,26,1,2353,0
3214,MKFPAFAYR,9,0,2354,6
3215,NVDFNSESTRRKKKQNEIVDLHNSLRRTVN,30,1,247,1
3216,RWKIFKKIEKMGRNIRDGIVKAGPAIEVLGSAKAI,35,1,1869,8
3217,GCCEDKTCCFI,11,1,2355,7
3218,TSHGGGKAGKSKLLDVNY,18,0,2356,9
3219,FFPIVGKLLS,10,1,155,1
3220,MSDINATRLPVWIGYSPCVGDDAVALLNRGEG,32,1,412,0
3221,QLGPPPRPQIPP,12,1,274,8
3222,GVCCGYKLCWC,11,1,30,1
3223,CCRCACCANGGYTCCCA,17,1,2357,9
3224,CLTTGETCWLASSCCSFSCTNNVCF,25,1,22,1
3225,SLFAYSSLAFTEGRSLMKWPRVLHP,25,0,2358,6
3226,GCCSHPACAGNNPDIC,16,1,35,3
3227,SEIPQPSLDFEQFSNMIQCTIPPGEECLAY,30,1,2359,4
3228,FVKELWDKVKKMGSAAWSAAKGAFA,25,1,2360,0
3229,VVGGDECNINE,11,1,972,1
3230,GFNPCGETCWNKPTCHAPGCTCSIANICVRN,31,0,2361,5
3231,GDYLAHNTLPKNGLAVARMIGHITYLS,27,0,2362,6
3232,VAGPFRIPPLRREFQ,15,0,2363,0
3233,TRNYYVYSARPKNSWWT,17,1,953,3
3234,CLAGSAPCEFHRGYTCCSGHCLIWVCA,27,1,277,2
3235,SGFVLKGYTKTSQ,13,0,2344,1
3236,KGRGKQGGKVRAKAKTRSS,19,1,2364,8
3237,CCGNPPCAHVNCR,13,1,2365,1
3238,AVQLLEVNPEIAQNS,15,1,2366,2
3239,GMDLLAAVAPDAPVVLAPGSHAMVP,25,0,2367,4
3240,VMQLRYYNWIDCCFDGDCCN,20,1,2368,8
3241,MEALVYTFLLVSTLGIIFFAIFFREPPKIQTKKTK,35,0,164,8
3242,GLCSCEQPNTDGSLAYGCLAMDYIPQI,27,0,2369,3
3243,CKGKGAKCSRLMYDCCTGSCASGKC,25,1,14,1
3244,MAKINELLRESTTTNSNSIGR,21,0,2370,7
3245,AILLSLLYLGIKDIRLGPSLPAFITPAV,28,0,2371,8
3246,GKEGEVDYRYMPDPDLGPVVIGEDVI,26,0,2372,2
3247,PAGFSAAEIPKLGPVCA,17,0,2373,5
3248,ADGSDPASGEFLTEGGGVR,19,0,253,7
3249,NPEHQRYVELFI,12,1,2374,3
3250,DCTSWFGRCTVNSECCSNSCDQTYCELYAFPS,32,1,838,4
3251,LWFSSQNNELSVSLIKNG,18,0,2375,4
3252,IRDECCSNPACRTNNHVC,18,1,35,7
3253,CTGVLGPNTPILQLPPDFAKNTPKV,25,0,2376,9
3254,RGFPSILDKWTKANMAISN,19,0,2377,8
3255,GLFSVLGSVAKHLLPHVVPVIAEKL,25,0,557,5
3256,SGVCCGYKLCHC,12,1,30,6
3257,GCCSHPACSVNHSELC,16,1,35,3
3258,MEALVYTFLLVSTLGIIFFAIFFREPPTIRTKKN,34,0,164,6
3259,NGVCCGYKLCHC,12,1,30,1
3260,MIDYVGLFIGAYIMGFALFYGIGFFKSIAERIV,33,0,2378,7
3261,GVVEHCCHRPCSNAEFKKYCG,21,1,70,7
3262,IESVFRLGEGLGPSNINTGMKDTMVES,27,0,2379,3
3263,FLSLALAALPKFLCLVFKKC,20,1,2380,1
3264,GLWQKIKSAAGDLASGIVEGIKS,23,0,1368,1
3265,LIAGLAANFLPQILCKIARKC,21,1,138,4
3266,MEALVYTFLLVSTLGIIFFAIFFREPPKVPNKKMK,35,0,164,3
3267,GCCGNPSCSIHIPYVCN,17,1,2381,1
3268,KGQPLCCPFGGCHELCHCCGS,21,1,2382,6
3269,ETLSSARFRCKPNSEWRTQIPLFPQEVEACVLS,33,0,2383,1
3270,ALGVGEVKFTGQ,12,0,2384,7
3271,ECRKMFGGCSVDSDCCAHLGCKPTLKYCAWDGT,33,1,2385,7
3272,MKKTTIIMMGVAIIVVLGTELGWW,24,0,2386,4
3273,LNKRCIDGGEICDIFFPNCCSGWCIILVCA,30,1,1624,8
3274,LTKHAKDIGADATVIVSP,18,0,2387,0
3275,MTRSLKKNPFVANHLLNKIDKLNT,24,0,2388,4
3276,NSNKKHSNRRKYFSL,15,0,2389,5
3277,LDYEHVKPGKGQAFVRVKAKNMLTGNVTE,29,0,2390,7
3278,NTFYCCELCCYPACAGCN,18,1,2391,3
3279,GHFAKEIVATNGHDAEGVLKRFDFDEVIRPETN,33,0,2392,7
3280,ILPILAPLIGGLL,13,1,2393,5
3281,EACYPPGTFCGIKPGLCCSELCLPAVCVG,29,1,2394,5
3282,AGELLVNSIDADGTKEGFDLELIREMRALSAVPVI,35,0,2395,1
3283,ILGPVLSMVGSALGGLIKKI,20,1,29,3
3284,CKSKGAKCSKLMYDCCTGSCSGTVGRC,27,1,14,9
3285,ILGEIWKGIKDIL,13,1,2396,4
3286,SACCGYKLCSPCGQA,15,1,2397,4
3287,LAANFLPQILCKIARKC,17,1,138,0
3288,LGMSDQIENRIIEAKSR,17,0,2398,8
3289,AKTDPPIHFASLRS,14,0,2217,0
3290,FTAAAEAEAAAA,12,0,2399,8
3291,VSLKFSKPGQPVS,13,0,2400,9
3292,SVEGVISTIKDFAVKVCCSVSLKFCCPTA,29,1,1163,8
3293,ECPPWCPTSHCNAGTC,16,1,2401,1
3294,GCCSHPACHLNHPEIC,16,1,35,6
3295,CCPYPSCIDIPFCDCC,16,1,2402,6
3296,TNSKEGEFIAEGGGVRGPRIVERQSAC,27,0,2403,7
3297,LTKKTTKNKRHL,12,0,2404,3
3298,AHRIDVAALAEPASVIL,17,0,2405,1
3299,VNSTYIGYAPIDDPK,15,0,2406,8
3300,GMASKAGTIVGKIAKVALNAL,21,0,86,7
3301,KAEEEVEKNKEEAEEKAEKKIAE,23,0,1978,9
3302,GCCSNPACSVNHPELC,16,1,35,9
3303,FLPAVLRVAAQVVPTVFCAISKKC,24,1,138,7
3304,ESIASFQGVLDGKYD,15,0,2407,9
3305,EAAGLISFPRV,11,0,188,8
3306,AIVGRPRF,8,1,2408,8
3307,CLEKGVLCDPSAGNCCSGECVLVCL,25,1,2409,3
3308,PKIKTNRAAAKRFRKTASGKYKCGHANRSHILTKK,35,0,2410,0
3309,GLGSVLGKALKIGANLL,17,1,778,6
3310,GFLDIVLHVGLAAGKAALNAVNEAVNQ,27,0,2411,5
3311,MRAKWKKKRMRRLKRKRRKMRQRSK,25,0,522,3
3312,IRCTGSKECYSPSY,14,1,2412,6
3313,FPPWVL,6,0,2413,7
3314,PIFTFASNVPADTITGFFL,19,0,2414,3
3315,SSGGGEGSGMWFGPRL,16,0,145,2
3316,PAKQVAFAEHAREKMLRGVNVLA,23,0,2415,7
3317,FLPLIAGLLGKLF,13,0,415,7
3318,CLDQGSFCGTLVFGVACCSGFCIIVCL,27,1,2416,6
3319,DGLPRLRALAEELAAG,16,0,2417,0
3320,FATQGTRMDVTVSALGDAKNLQGGTLLVTPLLG,33,0,2418,2
3321,GCCSHPACSLNHPELC,16,1,35,4
3322,ENFSGGCIPGYMRTADGRCKPTY,23,0,502,4
3323,EQLIKKDVKHKDKFAKKSECVRAAAAAFTGGDKS,34,1,2419,5
3324,EACYNAGSFCGIHPGLCCSEFCILWCITFVDS,32,1,642,9
3325,GCCSNPVCHLEHSNLCGGAAGG,22,1,35,3
3326,HAEHMQDDNSAAQNPWVIAIRQCCTSCNFGCQPCC,35,1,2420,0
3327,DGPAQKQNTVNQLLVLIYLYK,21,0,2421,3
3328,DVDETHTLGHFEL,13,0,2422,2
3329,NSVVLGKKQRFHSWG,15,0,2423,9
3330,AAPRGGKGFFCKLFKDC,17,1,2424,5
3331,FTVAFI,6,1,2425,0
3332,MSDINATRLPAWLTDCPCVGDDVNRLLTRGESLC,34,1,412,3
3333,VRYADENVRTKEAKKK,16,0,2426,8
3334,TETQSFNFNVFEPEN,15,0,2427,8
3335,MEVNILAFIATALFILIPTAFLLIIYVKTASQND,34,0,153,1
3336,GCCSHPACNYNNPHIC,16,1,35,5
3337,IFKMRRRKHYQKHQGHRQNFTEILINTI,28,0,2428,4
3338,VASWAKGVGLQTNLK,15,0,2429,6
3339,LVKDISLNKEEKKEKSFEM,19,0,2430,8
3340,TGEDFLEECMGGCAFDFCCKR,21,1,2431,9
3341,KKDYKLKIFNLVKVMKLRVVCKDENLTD,28,0,2432,5
3342,GLLSVLGSVVKHVIPHVVPVIAEHL,25,1,557,6
3343,CCAQALHHKFVAVCV,15,0,2433,1
3344,GFLSILKKVLPKVMAHMK,18,1,2434,2
3345,AYGEGANVFGKRKETDQFFEISGDGWSGKL,30,0,2435,5
3346,RFPNGDIDSVILFLQKALSAD,21,0,2436,5
3347,GCCSARPPCILNNPDLC,17,1,35,4
3348,FLWGALIKGAGKLISRVVGSLKKKKQ,26,1,2437,9
3349,TCSDLGQACVHESECCAQMCCLHKKCAMTHCNFY,34,1,2438,1
3350,EGGGNRGDPSGVC,13,0,2439,0
3351,MTREMWDECCEDPPCRNNHLEHCPA,25,1,2440,6
3352,WGHNPDKMVKMAEQRMNTESLPA,23,0,2441,7
3353,SDYSRKRDPPQKYEEE,16,0,2442,4
3354,HPIQNLFQPSLVLDM,15,0,2443,0
3355,IFDVSSFSHIPMSF,14,0,2444,3
3356,VKPCRKEGQLCDPIFQNCCRGWNCVLFCV,29,1,1244,3
3357,SSRYFCNRFLIVP,13,0,2445,5
3358,CIIRNCPRG,9,1,391,7
3359,AANAKLSERLDPCCRDPPCASTHTDICTRRR,31,1,1042,4
3360,AGEGLSSPFWSLAAPQRF,18,0,2446,4
3361,ECKGFGKSCVPGKNECCSGYACNSRDKWCKVLL,33,1,2447,4
3362,GLMSVLKKAGKHVAKNVAASLMDSLKCKITGGC,33,0,2448,0
3363,VSCTGSKDCYAACRKQTGCANAKCINKSCKCYGC,34,1,1227,0
3364,ANPPLRLFDSSGVYTDPAA,19,0,2449,3
3365,MPIIGVPRCLENPFCAPAKFPLSVKKKIRI,30,0,2450,1
3366,MEVNILGLMAVALFILIPTSFLLILYVKTASSSD,34,0,153,5
3367,KRFKKFWKKIKNSVKKRAKKFFRKPRVIAVSIPF,34,1,1823,8
3368,YCCVYDYSCCLSW,13,1,2451,4
3369,MRAKWRKKRMRGLKRKRRKMRQRSK,25,0,522,4
3370,FKGEILEHDPMASERRAVEGDNQGSSSN,28,0,2452,8
3371,HSDAIFTEEYSKLLAKLALQKYLASILGSRTSPPP,35,1,2453,4
3372,RLHQNGMPFSPRL,13,0,2454,4
3373,GLGSLLGKAFKFGLKTVGKMMGGAPREQ,28,1,125,1
3374,NGYGACYNPQPESILFCISSFHGCKE,26,0,2455,8
3375,NTAEI,5,0,2456,7
3376,GCCSHPACSVHPELC,15,1,35,2
3377,VLAGSIIVRQRGTKFHAGANVGCGRDH,27,0,2457,5
3378,GNATSERLPTDPVYPV,16,0,2458,4
3379,SDLTWTYQSPGDPTNSKN,18,0,2459,4
3380,GLLDSLKGFAATAGKGVLQSLLSTASCKLAKTC,33,0,2460,2
3381,TYKKPPFNGSIF,12,0,2461,2
3382,WRKWRKRWWWRKWRKRWW,18,1,2462,0
3383,ECCHPACGQNTSC,13,1,7,3
3384,AYPAAHQGYPAHVGYARVGYGGYPSYGYPA,30,0,2463,4
3385,DVNWPLGWPVGGYPG,15,0,2464,7
3386,INLKAIAALAKKLL,14,1,305,3
3387,GRCCHPACGNNTSC,14,1,7,7
3388,VKIGTYELLKGDFSV,15,0,2465,7
3389,QLTGRHWKITDANGKL,16,0,2466,4
3390,GVIPCGESCVFIPCISSVVGCSCKNKVCYRN,31,0,159,1
3391,TCDPYYCNDGKVCCPEYPTCGDSTGKLICVRVTD,34,1,970,9
3392,PRRRRSSSRPVRRRRRARVSRRRRRRGGRRRR,32,0,71,6
3393,NRMLGLALCGSVKNNLVDPIFQA,23,0,2467,1
3394,NCSDDWQYCESPTDCCSWDCDVVCS,25,1,150,1
3395,GIPCAESCVYIPCTVTALLGCSCSDKVCYN,30,1,493,9
3396,ATQTSPSPKGAAARVV,16,0,2468,7
3397,MKHSEKNEIASHELPTTPLDPVLAAGRES,29,0,2469,3
3398,AAKVKYSLTPAECCPNPPCFAQHSDLCGA,29,1,1361,4
3399,QRQCERLRDCYKYCMSPKRCTYGTCYCEPSP,31,1,1176,2
3400,SDIGGSMDYDVVIVGAGGAGLSAAILKQVNP,31,0,2470,2
3401,FGVCCGYKLCHC,12,1,30,9
3402,GCCSHPACSGNNPEYCRQ,18,1,35,0
3403,VTSITLNLANPTAGQYSSFVDKIRNNVRDP,30,1,2471,8
3404,RLIPMAEGVYTTTA,14,0,2472,2
3405,TPMCGATCAMACPNDFVEDEHGCPICKCREE,31,1,2473,8
3406,MNNTEFYDRLGVSKDASQDEIKKA,24,0,2474,3
3407,LIEFCVGNLASGSQAA,16,0,2475,5
3408,GNNRPVYIPQPRPPHPRL,18,1,2476,5
3409,KVLAPAEEAPAEAPAAAE,18,0,2477,3
3410,VVSLSIPR,8,0,2478,6
3411,AIANAPLLDTTITDRVFFD,19,0,2479,3
3412,QLGLQDPPHMVADLSKKQGPWVEEEEAAYGWMDF,34,0,2480,6
3413,NLCASLRARHTIPQCRKFGRR,21,1,1870,0
3414,MDLSFTLSVVTA,12,0,2481,1
3415,AMPMLRL,7,0,2482,9
3416,MDTQGFSCLLLLISEIDLSVKRRI,24,0,608,9
3417,MAAACRCLSLLLLSTCVALLL,21,0,2483,1
3418,MDFNISGIGNVS,12,0,2484,2
3419,VNQPNTPFGGGQTVVTPQTQIDLRQSG,27,0,2485,9
3420,MKFYTIKLPKFLGGIVRAMLGSFRKD,26,0,2486,2
3421,SCDQTGEPCVLNEQCCYGWCTNHGTCY,27,1,2487,9
3422,NDVHHEFTLKGDSSALHLIQQIRDEAH,27,0,2488,2
3423,SAKTNWVYAKGERFAVAVPQSKQVSFATK,29,0,2489,4
3424,CVLYPWC,7,1,356,4
3425,TGIELIRRKTGEEAFA,16,0,2490,4
3426,MKVAVLGAAGGIGQALALLLKTQLP,25,0,2491,1
3427,AGCKNFFWKTFTSC,14,0,2492,6
3428,DCLPGWSSHEGHCYKVFNQEMYWADAEKFC,30,1,2493,1
3429,QKELVVTATTTCCGYNPMTSCPRCMCDSSCNKKKP,35,1,243,4
3430,PFCNSFGCYN,10,1,2494,3
3431,CKQADEPCDVFSLECCTGICLGFCTW,26,1,1367,5
3432,ALWKDILKNAGKAALNEINQIVQ,23,1,2495,4
3433,GILDSFKGVAKGVAKDLAGKLLDKLKCKITGC,32,1,1343,0
3434,RPPGFSPF,8,1,113,8
3435,PLTYADFIVKINDDGLSYIEDFH,23,0,2496,0
3436,GEEEVAKMAAELAREDAVN,19,1,2497,2
3437,EFQRITQDLLDRTRKPFQSVIADTGISVSEIDH,33,0,2498,6
3438,GDEECNEYCDDRNKECCGRTNGHPRCANVCF,31,1,2499,5
3439,QDKPFWPPPIYPM,13,0,677,4
3440,FGKTAEGKTVCVQTKFTP,18,0,2500,8
3441,AVVPASTVKTALAYTYPIHPYHSVYAHPHSVVIY,34,0,2501,7
3442,RICPRILMECSSDSDCLAECICLEQGFCG,29,0,281,8
3443,QKKDKKDRFYGLM,13,0,2502,2
3444,MCKYFIKIVSKSAKK,15,1,2503,9
3445,LSKRDCLPDYTICAFNMGLCCSDKCMLVCLP,31,1,2504,6
3446,GSSGLISFPRN,11,0,188,8
3447,KIRWILDRVPGAQEKA,16,0,2505,6
3448,ECCPQSPPCCHYYYYGSW,18,1,1554,4
3449,FLPFLLSALPKVFCFFSKKC,20,1,2506,5
3450,AFGTILKALAKIAAKAVKKLATKPGATYMLKQNLE,35,1,1305,5
3451,CTNPGGYCVVPHHNECCSGQCDPSSIIGQC,30,1,2507,0
3452,ECENPACGRHTSK,13,1,7,4
3453,MFFSSKKCKTVSKTFRGPCVRNA,23,0,1276,9
3454,MEALVYTFLLVSTLGIIFFAIFFREPPKVPTKGGK,35,0,164,7
3455,RLTNGFEVTSYIGGEGHNLQEHSVILI,27,0,2508,0
3456,FLSLIPHAISAISAIANHL,19,0,53,9
3457,WFDPLRITETTTGSVTLK,18,0,2509,9
3458,VGQDATISFK,10,0,2510,4
3459,LKIPGFVRDTLKKVAKEIFSAVTGAVTQS,29,1,550,8
3460,YCQKWMWTCDSKRKCCEDMVCQLWCKKRL,29,1,524,9
3461,FLNPFRWVINKYREWKNKKDS,21,1,1301,0
3462,NIIDVPCRPCYYRDSSGNCVYDQLGCGA,28,1,617,3
3463,GILSSFKGVAKGVAKNLAGKLLDELKCKITGC,32,1,1343,4
3464,TSRCYIGYRRKVVCS,15,1,2511,9
3465,MSFGLACCAVEMMHAANARYDISR,24,0,2512,6
3466,GCCGVPSCMAGCRPCC,16,1,320,0
3467,SPRRSELLKQIGLDFEIVLSDIDESNEENLKAN,33,0,2513,9
3468,MIELLLFGIILGLISCVLAGLFVSAYYQYKRNR,33,0,2514,6
3469,MLISGTAFLRLRTNRKAFPTP,21,0,2515,5
3470,KQCSKP,6,1,2516,1
3471,TVRGHCCPYYPQCCPS,16,1,2517,4
3472,QQVCCDPDVCDGGCYTCC,18,1,1147,9
3473,MTLIKYKRKNIQFYKKIIANGYAK,24,0,2518,0
3474,GIGALSAKGALKGLAKGLAEHFAN,24,0,2519,5
3475,SSCGDPCAQHASCTVTCTYCTGTLLQCI,28,1,2520,6
3476,FLIIRRPIVLGLL,13,0,2521,3
3477,CCPGWELCCEWDDGW,15,1,951,7
3478,GLLSVLGSVAKHVLPHVVPVIAEKL,25,1,557,6
3479,NALSMPRNKCNRALMCFG,18,1,2522,2
3480,QADPNAFYGLM,11,0,725,1
3481,TLVGIVVSDKNDKTIVVRVETLVKHPLL,28,0,2523,3
3482,EDPVRFNLG,9,0,2524,9
3483,EAPPGFSPFR,10,1,113,1
3484,QPNVASGCLDINSSVKG,17,0,2525,8
3485,KCRECGNTSPSCYFSGNCVNGKCVCPA,27,1,2526,0
3486,RDAATKKCKDRQAKQRACA,19,1,766,9
3487,LGRVVLAYEPVWAIGTG,17,0,2527,9
3488,KPSGCGEQNMINFYPNVL,18,0,2528,2
3489,GDSEVPGMWFGPRL,14,0,593,8
3490,NCCRKQICC,9,1,250,6
3491,VATFTLPDLPYDYGALEPAV,20,1,2529,4
3492,GCLEVDYFCGIPFVNNGLCCSGNCVFVCTPQ,31,1,2325,8
3493,GRDRHANLGSGQIDPDLLVAAVKAAGAPVICE,32,0,2530,5
3494,VPCNKEFVNF,10,0,2531,3
3495,MRAKWRKKRMRRLKRKRRKMRQRSK,25,0,522,1
3496,GWANTLKNVAGGLCKITGAA,20,1,2532,4
3497,QELASFHSVSKGFMGECGFR,20,0,2533,1
3498,GVFDIIKGAGKQLIARAMGKIAEKVGLNKDGN,32,1,388,2
3499,DMYSDNLGLCDN,12,0,2534,2
3500,GLVGEIISRGDFAIDIGR,18,0,2535,5
3501,NLLQFRKMIKKMTGKEVVWYAFYGCYCGGGGK,32,1,2536,5
3502,AAAIKVAYEAAGGTEDP,17,0,2537,0
3503,QKCCSGGSCPLYFRD,15,1,2538,4
3504,GGPSQKQKQHKVNLVNIKVYI,21,0,2539,4
3505,QTCCGRTMCVPC,12,1,1837,3
3506,MMRLVIILIVLLLISFSAY,19,1,984,8
3507,ILGLLKGISALLS,13,0,2540,0
3508,YYTVLFGVSRALGLPLERPK,20,0,2541,2
3509,MDILTLGWVSVLVLFTWSISMVVWGRNGF,29,0,233,9
3510,NYYLYPARPENSWWT,15,1,953,8
3511,CQGRGASCRRTSYDCCTGSCRSGRC,25,1,14,3
3512,GSNIEVMLGLPNSDVK,16,0,2542,4
3513,RIKKPIFIAFPRF,13,1,2543,5
3514,QKVAVRLKEVVYTLSPHQQN,20,0,2544,9
3515,DCCPEKMWCCPL,12,1,2545,1
3516,LALKSGGWLRLFGLKDKKH,19,1,2546,8
3517,DTVNAA,6,0,2547,4
3518,MPTITSYFGFLLAASTITPALFIGLSKIRLI,31,0,291,7
3519,MQLFHLCLIISCSCPTVQASKLCLGWL,27,0,547,9
3520,FVPAILCSILKTC,13,1,2548,1
3521,CVDIHVWDGVC,11,1,1890,9
3522,MDLITITWASVMVAFTFSLSLVVWGRSGL,29,0,233,4
3523,QSVPTFTPRL,10,0,2549,1
3524,GLWEKIREKANELVSGIVEGVK,22,0,1370,2
3525,PFCNAFTGC,9,0,511,5
3526,IALQSPAGAARIRDYLYNELSK,22,0,2550,2
3527,TQIQNKVRATLLAGIRAAVLWQQVG,25,0,2551,2
3528,QPRDDHAPDVTVLKNTASLAAVRAAD,26,0,2552,3
3529,FIFLPIFRRPVS,12,1,2203,7
3530,LGRVDIHVWDGVYI,14,1,2553,0
3531,DRLRRKLNDVSDADFAKY,18,0,2554,1
3532,FKCMSEWYW,9,1,2555,6
3533,IINWCCLVFYQCC,13,1,2556,4
3534,EKKAQIESKGVLNNEITSLIFEMLNKEGIKTHF,33,0,2557,0
3535,LFSLCLKR,8,0,2558,3
3536,ILGAILPLVSGLLSSKL,17,0,2559,9
3537,TDGRNAAANARVSPVISKFSKKWCHPNPYTVG,32,1,2560,4
3538,LPKVDRILALAETNAELEK,19,0,2561,3
3539,LTIKGCCSYPPCFATNPDCGRRR,23,1,2562,6
3540,RPCCSLRWCSNYCRCGI,17,1,2563,6
3541,QAIVSKARRPYIL,13,0,2288,2
3542,MLGNMNVFMAVLGIILFSGFLAAYFSHKWDD,31,0,2564,0
3543,LPTGIRVLKKVEKIIREEMNKG,22,0,2565,4
3544,PYLLNLPPEK,10,0,2566,6
3545,KEGYIVNYHTGCKYTCAKLGDNDYCLRECK,30,1,2567,8
3546,TCSPSEPAAPGGICGSNLAELHSFLCEK,28,1,2568,0
3547,LVEQQFETFIEFCFILE,17,0,2569,1
3548,IMSLQLTALIVLMI,14,0,2570,2
3549,DCCLRHFLCCV,11,1,615,3
3550,ISGTSMSCPHVAGRAYVLDTSLRVYLLDTGLR,32,1,2571,5
3551,LLCISCCVSITECCQLMSGCAVEIKS,26,1,2572,2
3552,VMQLRYYNWIDCCFDGACCN,20,1,2368,5
3553,FLPFLASLLSKVL,13,0,1410,0
3554,PEPNTLMYTDEGHHAYVNTLRCKGCALCV,29,0,2573,2
3555,RRRRRRRGHRGRRGRGGRRSRGRRRRAA,28,0,2574,5
3556,GDGTGPGPGP,10,0,2575,0
3557,SINNTGGSGNRRLDKNGFAGQ,21,0,2576,7
3558,GCCSDPRCRYRCGGAAGG,18,1,39,6
3559,HLLQFNKVIKFETRKNAIPFYAFYGCYCGWGGRG,34,1,2577,4
3560,SCGNLHESCSAHRCCPGLMCNGEASICVPY,30,1,1144,7
3561,CRTEGMSCEENQQCCWRSCCRGECEAPCRFGP,32,1,2578,7
3562,MTIKGCCSDPSCNVNNPDYCG,21,1,2579,4
3563,MNRIGMITTIITTTITTGNGAG,22,0,2580,5
3564,FLGSLLGLVGKVVPTLFCKISKKC,24,1,138,9
3565,GGPYAFGL,8,0,399,6
3566,IRDACCSNPACRVNNPHVC,19,1,35,3
3567,ASGAKGDHGGAGASTLLT,18,0,2581,8
3568,GGTAGHVTPNIALIKEFRKEGWNVEYIGSVSGIEK,35,0,2582,0
3569,GRAENFLRL,9,0,2583,8
3570,GIGAAILSAGKSIIKGLANGLAEHF,25,0,126,0
3571,NSILYSNKLAYISNT,15,0,2584,4
3572,IGSFIINPR,9,0,2585,6
3573,MYSYIYKALLYHGYEKFDLDIWEYFNK,27,0,2586,8
3574,GLWQLIKDKLKDAATGFVTGIQS,23,0,1031,6
3575,SRSELIVHQR,10,1,2587,6
3576,NGRCCHPACGGKYVKC,16,1,1121,2
3577,KFFKRLLKSVRRAVKKFRKKPRLIGLSTLL,30,1,2588,4
3578,REAEVMADFLKSVITERPE,19,0,2589,2
3579,TLQIFSNILECCYSDEWCCEVDEELGL,27,1,2590,6
3580,GWCGDPGAACGKLRLYCCSGFCDCYTKTCKDKSSA,35,1,50,8
3581,GCCSHPACSGNNAYFC,16,1,35,3
3582,GCIEIGGDCDGYQEKSYCQCCRNNGFCS,28,1,2591,5
3583,HDRPKFCYLPADPGECMA,18,0,2592,0
3584,MKIILWAVLIIFLIGLLVVTGVFKMIF,27,0,2593,2
3585,METEENLGEVRKVPCCLGVRDDWCCAGQIQI,31,1,2594,5
3586,FLAKKVAKKLVSHVAQKQLE,20,1,735,0
3587,YPCKLNLKLGKVPFH,15,1,2595,2
3588,SLSKIYPRGSHWAV,14,0,2596,7
3589,ASGADTCCSNPVCQMQHHDLC,21,1,2597,4
3590,SVTKAGTLQESRKREFYEKPSVKRKRKSEA,30,0,2598,5
3591,MSDINASRLPAWLATCPCVGDDVNPTLSRGESLC,34,1,412,1
3592,GWCGDPGATCGKLRAYCCSGFCDCYTKTCKDKSSA,35,1,50,5
3593,GKRAHLQELLRHR,13,1,2599,4
3594,ANQTYFNFQRFEETN,15,0,2600,1
3595,DCHSTGYLCFWWHECCSNFCIPLQQRCF,28,1,2601,1
3596,MMRVMRRKTKVIWEKKDFIGLYSID,25,1,2602,0
3597,NCCNGGCSSKWCRDHAACC,19,1,139,6
3598,SPCPFPC,7,1,2603,0
3599,CTPAGKACDATATCCVLFCNLVTNKCQVPRFP,32,1,2284,2
3600,MNWHVLAQLTVLAFVIAVGPITLIWLSNKKDALL,34,0,2604,8
3601,RRCFPLGTFCSRYLPCCSGMCCSGWCTRRCAPRF,34,1,33,2
3602,RCKPCFTTDPQMSKKCADCCGGK,23,1,2605,4
3603,CCTIWNCVQLPGCPCC,16,1,2606,4
3604,AAKFKAPALMKRTVRDACCSDPRCSGKHQDLCG,33,1,2607,2
3605,YSNVSILLTEQINLYL,16,0,2608,6
3606,RRRRRRRRRRRRRRRWWW,18,1,2609,2
3607,GLWSKIKEAAKAAGKAALNAVTGLVNQGDQPS,32,1,2610,6
3608,FLFSLIPNAISGLLSAFK,18,1,575,0
3609,MESFAYILILTLAIATLFFAIAFRDPPKIGK,31,0,165,8
3610,QQCCPPVACNMGCEPCC,17,1,320,2
3611,CAEFQSKCKKDSECCGTLECSPTWKWCVYPSPF,33,1,2611,6
3612,FENFLNANAYVNLD,14,0,2612,4
3613,GSSGLIPMPRV,11,0,188,4
3614,ATSHIEQSRNTL,12,0,2613,4
3615,MSQASSSPGEGPSSEAAAISEAEAASGS,28,0,2614,4
3616,CCGPGGSCPVYFRDNFICGCC,21,1,519,0
3617,QFRNKDKPTNIISFKFEKP,19,0,2615,7
3618,GEEERKAMAELEAKKAQEALKA,22,1,2616,0
3619,CPAIQRCCQQLRNIQPPCRCCQ,22,0,2617,5
3620,PDIESHCDRIVALENEADEITR,22,0,2618,8
3621,GFMDTAKNAAKNVAVTLLDNLKCKITKAC,29,1,1673,4
3622,VVKCSYRQGSPDSR,14,1,1670,6
3623,GLFKTLIKGAGKMLGHVAKEFLGSQGEPES,30,0,2619,4
3624,GCCSYPPCFATNSDC,15,1,35,9
3625,MPTITSYFGFLLAASTITTALFIGLSKIRLI,31,0,291,7
3626,MESAAYILVLALALGVIFFAIAFRDPPRIGK,31,0,165,0
3627,SLGGVISGAKKVAKVAIPIGKAVLPVVAKLVG,32,1,2620,7
3628,DKQTCCGYRMCVPC,14,1,1837,3
3629,FFVPPAFFPP,10,1,2621,4
3630,GLWKNMLSGIGKLAGEAALGAVKTLV,26,0,1331,6
3631,ARDDEEYAEFIEQQREAGLV,20,1,2622,6
3632,GSTPCGESCVWIPCISGIVGCSCSNKVCYMD,31,1,159,9
3633,DGSGGASDAQKQHDVNYLLFKVYEDVNDENSP,32,0,2623,8
3634,TNNDKAVRKASKNGRLEI,18,0,2624,7
3635,SGDTSSQAKGMWFGPRL,17,0,145,1
3636,VCCPFGGCHELCLCSD,16,1,576,7
3637,ERGFSFQKKGPLDMRMSAAGVS,22,0,2625,5
3638,GILKKFMLHRGTKVYKMRTLSKRSH,25,1,2626,2
3639,GCCSYPACFATNPDC,15,1,35,2
3640,SGTSEKERESGRLLGVVKRLIVCFRSPFP,29,1,2627,5
3641,WHAACDVQPINNDIWFGKNLK,21,0,2628,4
3642,HLFGSDELSQRAPVFQSRMPQPYIKL,26,0,2629,6
3643,DDDCEPPGNFCGMIKIGPPCCSGWCFFACA,30,1,779,6
3644,ETKKPDEVPADVKLLSEIR,19,0,2630,8
3645,MPILTSYFGFLLAASTITPALFIGLNKIRLI,31,0,291,6
3646,GCCSHPACAGNNQHIC,16,1,35,5
3647,YGETAAVYVAVESR,14,0,2631,6
3648,RKCAAAGEACVIPIIGNVFCCKGYCLFVCIGF,32,1,2632,8
3649,KAVVLGKAGGTAELPCQASQ,20,0,2633,2
3650,RPKCCCVCGVVGRKCCSTWKDCHPVHLPCPSSG,33,1,2634,3
3651,MQNQRIRIR,9,0,2635,8
3652,CRPPGMVCGFPKPGPYCCSGWCFAVCLPV,29,1,544,7
3653,LPLDDLSDT,9,1,2636,4
3654,ICCPQGGCHQLCQCCGC,17,1,576,1
3655,KRGFLDVVKHIGKAALGAVTHLINQGEQ,28,0,2637,7
3656,AHRFAAEDFGALDTA,15,0,2638,0
3657,MLKLHGFSVSNYYNMVKLALLEKG,24,0,2639,2
3658,FKVDEEFQGPIVSQNRRYFLFRPRN,25,0,223,4
3659,CCDWPCNAGCVPCCF,15,1,316,7
3660,QWGRRCCGWGPGRRYCRRWC,20,1,2640,9
3661,GCCSHPACHLHPEIC,15,1,35,8
3662,MRKYEIMYIIRPDMD,15,0,2641,4
3663,WREMSVW,7,0,2642,0
3664,AQKVADKTYELTQFI,15,0,2643,5
3665,MPSQKSPTKRSPTKRSPQKGGKGAKR,26,0,2644,6
3666,LVDCADHSRLMESKVELNALMTDETISNVPILILG,35,0,2645,6
3667,FLGALFKVASKVLPSVKCAITKKC,24,1,138,3
3668,VVQTLDRGIYGDQGSIGPIGLQGDRDAD,28,0,2646,6
3669,RASFPLGFGNAHSYITT,17,0,2647,8
3670,KKDGYPVEYDRAY,13,0,2648,4
3671,VENLGYDNKSSLLIVKRLITRMYQQN,26,0,2649,9
3672,AIGHCLGATL,10,1,2650,9
3673,ILQRYLDHPWCCAVKYSCCVPGIIPI,26,1,2651,3
3674,ELISNSSDALDKTNNSLTIIDSGIGMTK,28,0,2652,6
3675,CCTACRMPPCTCCA,14,1,1206,2
3676,ENFKIKHTEPGLLSMANAGKN,21,0,2653,4
3677,RAHFLPPLLLL,11,1,2654,5
3678,AITIAEVTAVGKPAIIIPKSYTAGNHQE,28,0,2655,1
3679,MEAITYTFILFLTLGLLFFAVAFRETPRIQKK,32,0,2656,2
3680,ASNVPKELVEKGQNRV,16,0,2657,2
3681,SIPCGESCVYIPCITTIVGCSCKDKVCYKN,30,0,159,2
3682,RFLALDTLGSTHAQSE,16,0,2658,6
3683,MTWSKPAYTDLRIGFEVTMYFASR,24,0,640,1
3684,CSPGGEVCTRHSPCCTGFLCNHIGGMCHP,29,1,2181,2
3685,NCCKRQICC,9,1,250,5
3686,IWGIGCNPCVGDEVTALITRGEA,23,1,279,5
3687,TESLVLSPAPAKPKRA,16,0,2659,7
3688,MSIFRIHLDGNKKA,14,0,2660,2
3689,KSTIGRQLAQQLNMEF,16,0,2661,5
3690,EALESDLRGAQELLSD,16,0,2662,5
3691,VALTGLTVAEYFR,13,1,2663,0
3692,IDWKKVDWKKVSKKTSKVMLKASKFL,26,1,1443,1
3693,TKPTLLGLPLGAGPAAGPGKR,21,1,2664,9
3694,LERLREMGVELRFLTLHVGPGTFRPVKG,28,0,2665,1
3695,MPKIIEAVYENGVFKPLQKVDLREGERE,28,1,2666,9
3696,DSSNLPPNQKQIVD,14,1,2667,6
3697,GIGKFLHSAGKFGKAFLGEVMKS,23,1,1775,0
3698,GWKDWAKKAGGWLKKKGPGMAKAALKAAMQ,30,1,724,4
3699,FKTWKNRPILSSCSGIIKG,19,1,2668,8
3700,PATVGEIPADMA,12,0,2669,6
3701,NDHIFIFYSDH,11,0,2670,0
3702,AANDKASVQIALTVQECCADSACSLTNPLIC,31,1,703,5
3703,QVKNDGTMAGFEIGD,15,0,2671,9
3704,NDPCEEVCLQHTGNVKACEEACQ,23,1,2672,8
3705,TQSTGTSQTIAVGLWGGPDN,20,0,2673,2
3706,ADEEYLKFIEEQRKQGKLDPTKFP,24,1,2674,6
3707,ALIKAYHAARHSGLPAI,17,0,2675,5
3708,GVFCGEACAQASCSIAGCECIAGLCYKN,28,0,2676,7
3709,GCCSYPPCFATNPDCGGAAAGG,22,1,35,9
3710,RPECCTHPACHVSHPELC,18,1,35,8
3711,WIAGLAANFLPQILCKIARKC,21,1,138,2
3712,ITGVSSRFQALLAQAVKRARHVGLLPF,27,0,2677,6
3713,DMCCHPACMNHFNC,14,1,7,2
3714,RYCPSGCRKKPYGGGCSC,18,1,2678,9
3715,KVTAWVNVIYGCNER,15,0,2679,6
3716,MLTLTSYFGFLLAALTITLALFIGLNKIRLI,31,0,291,7
3717,ATSAAQGAALDESVRKVLKP,20,0,2680,5
3718,GCMKEYCAGQCRGKVSQDYCLKHCKCIPR,29,1,2681,0
3719,WCHPNPYTVG,10,1,2682,7
3720,CTHPGGACGGHHHCCSQSCNTAANSCN,27,1,673,7
3721,MLDIISLGWGSLLAIFSFSIALVVWGRNGF,30,0,233,6
3722,LKCNKLVPLF,10,1,2683,2
3723,RWWRWWR,7,1,2684,7
3724,FESLRCQILTQSRDENEVRDEVLK,24,0,2685,6
3725,FNGAVIW,7,1,2686,6
3726,CCLWPECGGCVCCY,14,1,465,0
3727,GLFDIVKKVVGAFGSL,16,0,599,8
3728,VPQLVTKLQELPQLSDV,17,0,2687,6
3729,QCTRNAPGSTWGRCCLTQLC,20,1,2688,0
3730,SGHTKIKVAVDT,12,0,2689,9
3731,FLNPFRWMINKYREWKNKKN,20,1,1301,2
3732,NPNPVPIPLVDIDYL,15,0,2690,0
3733,KQSEILSMLPESVKSKYQDLLAVEHQGVKL,30,0,2691,2
3734,TCCPPGICSSDKCSCC,16,1,2692,5
3735,KFILHALGQWQCCTMQWCDKACYCCE,26,1,2693,7
3736,GFGCYRSCWKAGHDEETCKAECS,23,1,1220,5
3737,GKPRPYPRPSHPRPIRV,17,1,2694,5
3738,TLAKLGIENVAVDAN,15,0,2695,4
3739,MDRETEAETAELVTESLVEEVSIDGMCGVY,30,0,2696,9
3740,TFCNLRRCQLSCRSLGLLGKCIGVKCECVKH,31,1,604,6
3741,MSDINATRLPIWGIGCNPCVGDDVTTLLTRGEALC,35,1,346,8
3742,SCCPQEFLCCLYLV,14,1,1714,1
3743,WDVDQCMYYCLTGVVGYSYTECETMCT,27,1,1362,8
3744,YCQKWMWTCDEERKCCEGLVCRLWCKRIINM,31,1,524,4
3745,ANYINKWVENYTNSLLKDLVSPGDFDAV,28,0,2697,1
3746,STNIGYFCNADRNLVLHPGISVYDAY,26,0,2698,1
3747,FLPIALKALGSIFPKIL,17,1,2699,9
3748,DEPDGVPTHQKQ,12,0,1482,3
3749,QPDPNAFYGLM,11,0,725,6
3750,VTALQRGVPSAVPGVVFL,18,0,2700,5
3751,ILGPVISTIGNVLGGLLKNL,20,1,29,2
3752,YMSWMLHMSFYVLC,14,0,2701,8
3753,FSREEIKRFIESLGGH,16,0,2702,5
3754,NSGMINSILGIPRVMTEA,18,0,2703,8
3755,QQECCEPAWCDGGCYHCC,18,1,1147,6
3756,PSMCVQKGDRCIRKKNCCSIWCTIINGRAKCF,32,1,2704,7
3757,YDSSKTIGDELLEPTRIYIEVLDVLKA,27,0,2705,2
3758,QLGARLDGAEPSTTKSSEVK,20,0,2706,6
3759,NAECCYYPPCYEAYPEICL,19,1,1136,5
3760,ALVPLRLLLDHAAENG,16,0,2707,7
3761,GGCCSHPVCYTKNPNCG,17,1,2708,4
3762,QPWLPFV,7,0,2709,8
3763,GILLPALRKFCCDSNWCHISDCECCY,26,1,2710,5
3764,CLDAGEMCDLFNSKCCSGWCIILVCA,26,1,1624,4
3765,LTCLTKMVECIQLPLDVEDSSDTLCC,26,1,2711,1
3766,EAVKSGEADGCVSAGNTGALMSAGL,25,0,2712,7
3767,AKELLDSDGIILRNGANYYI,20,0,2713,1
3768,VLTFHKQQTQTVWGTRQSPSPAKPATRLMW,30,0,2714,1
3769,GMRPPWF,7,1,2715,1
3770,MEALVYTFLLVSTLGIIFFAIFFREPPKLPDRGGK,35,0,164,3
3771,GVLFASGQNLARTLIEFLLR,20,0,2716,9
3772,RELLMGIFEKNGTGKTAAFVIPLLQK,26,0,2717,7
3773,ELADEKEFKNYKQRKKIDSSVSYTFKT,27,0,2718,9
3774,LIAPFIRDYCCHRGPCMVWC,20,1,1125,8
3775,QNWPHPPMPP,10,1,52,7
3776,FLPGLIKAAVGIGSTIFCKISKKC,24,1,1707,3
3777,GDEECNEHCEDRNKECCGRTNGHPRCANVCF,31,1,2499,9
3778,SMWSGMWRRKLKKLRNALKKKLKGE,25,1,2719,8
3779,APQERGPPEIPP,12,1,2720,0
3780,GFGSFLGKALKAALKIGANALGGSPQQ,27,0,125,2
3781,VVNGKPTRTNVGRMVSLKYRNKHI,24,0,2721,2
3782,DAADVKPVARTNEGPGRDPAPCCQHPIETCC,31,1,2722,7
3783,SVYFVFLAENIKQVFEVF,18,0,2723,9
3784,IIGAIAAALPHVINAIKNTF,20,1,337,6
3785,VCCPFGDCHEICYCCG,16,1,576,0
3786,CIDGGEMCDPFSSDCCSGWCIFFFCI,26,1,2724,4
3787,FSLHLVPSGILNEKTMCVVGNGAVVH,26,0,2725,6
3788,AAKVKYSKTPEECCPNPPCFATNSDICGGRR,31,1,1361,3
3789,MASEIFTIAGLSIVLTLVGVALGYGILRITQGGAE,35,0,2726,9
3790,MTLAGYRVDSCNGCGKAYLVGESHDRKKCAECASK,35,0,2727,3
3791,LAYVALDYEQELETAKSYELPDGQVITIGAER,32,0,2728,5
3792,YRPLTPEDIVV,11,0,2729,4
3793,QKKDKKDKFYGLF,13,0,2502,2
3794,YCCYFDYSCCLYLR,14,1,2730,3
3795,PPLLMIIAGIFLCKLCAVLASSGSGAP,27,0,2731,8
3796,QLYPLVMAGNRTQNL,15,0,2732,3
3797,GVCCGKKLCHC,11,1,30,5
3798,DRVAFIRVCTGKFEKDMTV,19,0,2733,8
3799,GCCPPSLCDPGCDEGCCPVVTPAC,24,1,2734,8
3800,MLTITSYFGFLLAALTITSALFIGLNKIRLI,31,0,291,0
3801,GMWSKILGHLIR,12,1,2735,0
3802,GIGGALLSVGKSALKGLTKGLAEHF,25,1,126,3
3803,GSNTGFNFKTLDKE,14,1,2736,9
3804,MAWNTPKVTEIPLGAEINSYVCGEKK,26,0,1471,3
3805,TRTCLISPSSTPQTCPNGQDICFLKAQCDK,30,0,2737,6
3806,LGMTQVWDENNKLIPVTVVQ,20,0,2738,7
3807,AYTVTLYLQG,10,0,2739,7
3808,MFEISFYIALKNFNSLGILKMWRFI,25,0,2740,4
3809,VVGGDECNINEHRSLVAIF,19,1,972,6
3810,SCCNAGFCRFGCTPCCY,17,1,320,3
3811,PDVEIFEEGIIDSFQTVGLLLEIQNKLDIE,30,0,288,8
3812,LCLSCRGGDYDCRVKGTCENGKCVCGS,27,0,2741,9
3813,HPHNHFPFACPWC,13,1,2742,6
3814,YQKSSPGSNITT,12,0,2743,2
3815,LRHKVYGYCVLGP,13,1,2744,3
3816,RLGTALPALLKTLLAGLNG,19,1,2745,5
3817,TNCEAHSCSPSCPDECYCDTNEDTCHPE,28,1,2746,6
3818,KECCTHPACHVSHPELCG,18,1,35,9
3819,QRFIHPTYRPPPQPRRPVIMRA,22,0,2747,3
3820,RGGRLCYCRGWICFCVGR,18,1,410,3
3821,FVDLKKIANIINSIF,15,1,2748,0
3822,DMCCHPACGKHFNC,14,1,7,5
3823,GDVVANPESVELK,13,0,2749,4
3824,ADNPGDDGN,9,0,2750,8
3825,KAKCAEIDQDCKTSCDCCKGACTCY,25,1,2751,3
3826,KIAEKFSGTRRG,12,1,2752,5
3827,GSSGLIAFPRL,11,0,188,5
3828,ACDFQQCWVTCQRQYSINFISARCNGDSCVCTFRT,35,1,2753,3
3829,YSMATGKAFIDSYKESNPNDEVVHIDLY,28,0,2754,6
3830,FLPAIVGAAAKFLPKIFCAISKKC,24,1,138,9
3831,KENLVEIDATNKLVAPGLVDVHVHYRD,27,0,2755,9
3832,GIPCGESCVWIPCLTSAVGCSCKSKVCYRN,30,0,159,9
3833,VARSLLIFEVQQPFLFLL,18,0,2756,6
3834,GAAPSCGAPWTFRLKGWPLFDWFEPV,26,0,2757,4
3835,GEEEYQKMLENLREAED,17,1,103,8
3836,GCCSHPACSGNAPYFC,16,1,35,1
3837,FLPIIAKVLSGLL,13,0,155,0
3838,MTALLRVISLVVISVVVIIIPPCGAALGRGKA,32,0,2758,8
3839,GLWSKIKTAGKSVAKAAAKAAVKAVTNAV,29,1,621,3
3840,EKLCGELYDGCHDQRCCPGLTCDTLFQCVRHS,32,1,2759,2
3841,GGSSGLIAFPRL,12,0,188,8
3842,TPNRDFMRF,9,0,160,7
3843,REILQGKHDEIPEQAFYMKGTIDEVHEAAE,30,0,2760,0
3844,FLGPIIKMATGILPTAICKGLKKC,24,1,138,3
3845,QNRHPPIPPAP,11,1,2761,9
3846,ALTLGYAGVYGSFLLFAKRASAKYG,25,0,2762,7
3847,FLSLIPHAINAVGVHAKHF,19,1,53,1
3848,MNQKHLLRFIKKSYRVDADRVVYDAK,26,0,2763,5
3849,DGCSSGGTFCGIHPGLCCSEFCFLWCITFID,31,1,642,5
3850,VDTSRLFLTVVNNPPTVV,18,0,2764,1
3851,IDWKKLLDAAKQIL,14,1,1399,7
3852,SVFAFENEQSSTIAPARLYK,20,0,2765,2
3853,GEQPGDQARGARNPGNN,17,0,2766,3
3854,SEEEQITTVLDKTIKFNNKNKPETIKFSPDSKY,33,0,2767,9
3855,TAPFSSFPQLDINTYS,16,0,2768,8
3856,MESFAYILILAFSIGTLFFAIALRDPPKIGK,31,0,165,6
3857,MIDKAIIVLGALIALLELIRFLLQLLN,27,0,2769,2
3858,GILDSLKNLAKNAAQILLNKASCKLSGQC,29,0,789,8
3859,SGLDVTFHSIATGKLRRY,18,0,2770,0
3860,RDFTHTIIDNSDLFSESRNTRLG,23,1,2771,8
3861,ISCQDVKQSLAPCLPYVTGRAPKPAPGCCNGINHL,35,0,2772,7
3862,ADATYDAKYGIRAVAGGGRSSARETIG,27,0,2773,0
3863,YGEPIGVETLTK,12,0,2774,2
3864,GFLGPLLKLGLKGVAKVIPHLIPSRQQ,27,1,2775,2
3865,AANAKLFAVMQSCCSTPPCALRHMDMC,27,1,1552,9
3866,VSEWEKFCSKLCKRRKSVPFCPCKRRRDVVSSSI,34,1,2776,4
3867,QTLLQELPIPP,11,0,2777,3
3868,DCKPKNNLCLWSSECCSGICFPFAQRCT,28,1,2778,0
3869,SPVISYDKT,9,0,2779,9
3870,EEEDKKEDVGTVVGI,15,0,2780,8
3871,SGTSPLLPAITFILD,15,0,2781,7
3872,PCRKTM,6,1,2782,0
3873,MLNAVDAKLTTDFGQR,16,0,2783,0
3874,GLWEKIKEKANELVSGIVEGVK,22,0,1370,8
3875,VIPRDSDSGDALCDLYVEPEASP,23,0,2784,2
3876,TPHYRFTWT,9,0,2785,8
3877,AILELPQSPNVFHPEKPSAVG,21,0,2786,1
3878,VHVPPICSHRECRK,14,1,2787,5
3879,FKLVWKLLKKLALKL,15,1,2788,9
3880,AIFTIRNNQQTVAGAVPVGGGQLDGQTTLD,30,0,2789,3
3881,FLPLLAGLAAKWF,13,1,2790,7
3882,SLWETIKNAGKGFIQNILDKIR,22,1,2791,9
3883,PLFTYPEGCTLDK,13,0,2792,2
3884,RDCGKMCEEETWKG,14,1,2793,1
3885,NRLSWCIPSGDLCFPSDHIRCCSAKCAFVCL,31,1,2178,1
3886,LDLTYEMLSLQVVKLNESY,19,1,2794,9
3887,CAPFLHPCTFFFPNCCNSYCVQFICL,26,1,2795,2
3888,VYRQWLIG,8,0,2796,7
3889,GSIPCAESCVYIPCITGIAGCSCKNKVCYYN,31,0,159,0
3890,QMSPNQRVLFLWRNADTVVIGRAQNPWKE,29,0,2797,0
3891,EGYASGLAAAMRRGDQVVLVTSGAVGLGCQKLH,33,0,2798,2
3892,GANDFMRF,8,0,160,7
3893,CCNCSSKWCRDHSRCCGR,18,1,2799,7
3894,NYMKPKLLYSNGGH,14,0,2800,6
3895,ALKCQGWVDYCNGNVECCNECVMY,24,1,2801,1
3896,DGCCPNPSCSVNNPDIC,17,1,35,9
3897,GCCVYPPCAVNHPDICRG,18,1,2802,0
3898,ILPSKLCRLLGNC,13,1,2803,0
3899,YTSLIEELIKKSEEQQKKNEEELKKLE,27,1,2035,0
3900,CCAFPQWCGAGCIVPCC,17,1,2804,1
3901,SPFDCSSPGAFCGLVPCCDSCNVLGRC,27,1,2805,6
3902,MDETIVTDKGVAEFSFFKF,19,0,2806,8
3903,FLSAIASMLGKFL,13,1,516,0
3904,TAFGLRKCCKKHHGCHPC,18,1,823,6
3905,DDECEPPGDFCGFFKIGPPCCSGWCFLWCS,30,1,779,6
3906,CCDWENCDHLCSCCG,15,1,895,6
3907,GCPDWQPWC,9,1,2807,3
3908,GSVFNCGETCVLGTCYTPGCTCNTYRVCTKD,31,0,2808,0
3909,LFGNIIDKLREKIKKYCNKENLDKACSKL,29,1,565,0
3910,SCGNLHESCSAHRCCPGLKCIGTAHGGLCRE,31,1,2809,9
3911,GLNRPSKRCLAGSAPCEFHKRSTCCSGHCIIWWCA,35,1,277,9
3912,QKNDKKDRFYGLM,13,0,2502,2
3913,QKKDKKDRFPNGLV,14,0,2810,9
3914,SVPVSARLAGKTVVISG,17,0,2811,9
3915,LTINQTIPLQGRANITLSVDTAPIEIDI,28,0,2812,7
3916,KEGYPTNSEGCKITLFNDPYCKGCINLSTQAD,32,1,2813,0
3917,LRKDVTAKCYGGDVS,15,0,2814,7
3918,DAALRVAGETLKEFA,15,0,2815,3
3919,ACCVYKICYPC,11,1,2816,0
3920,TLTKAFEQTLLPNSATVL,18,1,2817,6
3921,FIKEGEKLCILESSKSAIEVLSPVSGEVLE,30,0,2818,5
3922,SLGGFLKGVGKALAGVGKVVADQFGNLLQAGQ,32,0,76,2
3923,FYSGFECEEVREVVLKENRFPDFYNNKLL,29,0,2819,6
3924,GILGKLWEGVKSIF,14,1,454,6
3925,GCCHPSTCHMRKGCSRCCS,19,1,2820,6
3926,MTHSMRLRFPTLNQ,14,0,2821,3
3927,SCSEQGEGCATRPCCPGLNCVGGIAGGLCQD,31,1,1160,4
3928,QSSFHSWG,8,0,2822,2
3929,QCLPPLSLCTMDDDECCDDCLFLCLVTS,28,1,2823,7
3930,CAPFLHLCTFFFPNCCNGYCVQFICL,26,1,2795,8
3931,LCCQCGDCASCC,12,1,2824,2
3932,EVGHSVRTLEECMLEGLSDLTVATNLIESRLLI,33,0,2825,6
3933,KDRTMRLWNIEEIDEIP,17,0,2826,6
3934,FIQHLIPLIPHAIQGIKDIF,20,1,2827,8
3935,GEEEYQKMLGKSKRSRS,17,1,103,0
3936,PFDRISSSAFSDF,13,0,317,7
3937,ANDSALAYFRQRLNEAPKEVAFGLNYVLDHADTLE,35,0,2828,6
3938,CCFLSGCFECW,11,1,2829,7
3939,INHPMSVV,8,0,2830,0
3940,YQTSSPGSNITIGPL,15,0,2831,2
3941,CCQAGCSRYMCLPCCQ,16,1,824,2
3942,KIPCMNQCVGQARKPAHQCCEICTDTGTWDCS,32,1,2832,5
3943,DCPTSCPTTCANGWECCKGYPCVNKACSGCTH,32,1,2833,5
3944,FIGMIPGLIGGLISAIK,17,1,575,5
3945,NCKGAGAKCSRLPYDCCTGSCRSGACG,27,1,14,1
3946,GRCCHPACGQNTDC,14,1,7,6
3947,MRNLQPNMSRWAFFAKSVGTWNKSSCRS,28,0,2834,9
3948,TESGRLRSPHADCDITVLG,19,0,2835,4
3949,FITFIPLMITGIIARLY,17,0,2836,2
3950,SNDVSWHEWKRMYNKEYNGA,20,0,2837,9
3951,ATVKVTLVKSLNGRIANHKAVGL,23,0,2838,5
3952,AIPTPHVYKVVPDGALND,18,0,2839,0
3953,GGAVGACLRFAVS,13,0,2840,6
3954,SCNCVCGVCCSCSP,14,0,2841,1
3955,MGIIAGIIKFIKGLIEKFTGK,21,0,2842,5
3956,APWLVPSQITTCCGYNPGTMCPSCMCTNTC,30,1,243,9
3957,GLFLDTLKGAAKDVAGKLEGLKCKITGCKLP,31,1,2843,6
3958,MSPIEPRRFCNSVLSQYLECVTQACGRTIKM,31,0,2844,4
3959,GEEEHSKYQECLREIRVNNVQQEC,24,1,2845,2
3960,MAPCSCKSCGTSCAGSCTSCSCGSCSH,27,0,2846,1
3961,MLFTVAWASLAAMFSFSIAMVVWGRNGDGTLKF,33,0,62,8
3962,DTFGGGFENVLRSLKGGPQQPP,22,0,2847,1
3963,GSSGLIPFPRV,11,0,188,4
3964,ECWSQAADCSDGHCCAGRSFSKNCRPYGGD,30,1,2848,2
3965,GLRDKIKNVAIDVAKGAGTGVLKALLCQLDKSC,33,1,481,7
3966,GCCMPLSCMLLCEPCC,16,1,2849,5
3967,GWLDVAKKIGKAAFNVAKNFI,21,1,312,4
3968,NFQRDVEITWGDMRR,15,0,2850,4
3969,NYEGDDVELFIKFTLDRYKHQKEIRKKLNEGFVVI,35,0,2851,1
3970,VGPSGMGKKMLVQAVC,16,0,2852,7
3971,GFPTCGETCTLGTCNTPGCTCSWPICTRN,29,0,51,2
3972,MLASGLLLVALLACLTVMVL,20,0,2853,3
3973,VGCEECPMHCKGKNAVPTCDNGVCNCNA,28,1,2854,6
3974,ADAAKRLNVTPLARIVAFADAAVEPIDFPIAP,32,0,2855,6
3975,KRPPGWSPLR,10,1,113,7
3976,GLPVCGETCFGGRCNTPGCTCSYPICTRN,29,1,51,6
3977,GCCSDPRCNYDHPEICGEGEGE,22,1,35,7
3978,DCQDKWEFCIVPILGFVYCCPGLICGPFVCV,31,1,136,1
3979,MYDESTGYSSALK,13,0,2856,1
3980,CIDGGEMCDPFSSDCCSGWCIFFFCT,26,1,2724,2
3981,GWCGDPGATCGKLRLACCSGFCDCYTKTCKDKSSA,35,1,50,4
3982,NYYLYPAAPENSWWT,15,1,953,1
3983,QRCCTGKKGSCSGKACKSLKCCS,23,1,2857,1
3984,QGYGFNEPEQTRNQGGSSWEAP,22,0,2858,0
3985,GMKDYFKKLLQKVIKKIKSFRKKQD,25,1,685,6
3986,GCLEFWWKCNPNDDKCCRPKLKCSKLFKLCNFSF,34,1,2859,5
3987,ECKGFGKSCVPGKNECCSGLTCSNKHKWCKVLL,33,1,2447,4
3988,INLKAITALAKKLL,14,1,305,6
3989,ARGPQLRLRF,10,0,2860,5
3990,TTPSTQSQVDFATNVLIPE,19,0,2861,3
3991,GGGKDYRVEIVDKHNLRRSVTARN,24,1,2862,9
3992,MQVNLRCSE,9,0,2863,6
3993,ECTAPSGYCDYPEECCEVECGRHYCDWWY,29,1,728,3
3994,VFQFLGKIIHHVGNFVHGFSHVF,23,1,2864,5
3995,AEILFGDVRPPWMPPPIFPEMP,22,0,2865,1
3996,PVIDFSDQNLKPGSSKWDEVTADVLKAL,28,0,2866,2
3997,CFIRNCPEG,9,1,391,6
3998,AAKVKYSLTPAECCPNPPCFAQHSDLCGARR,31,1,1361,8
3999,RRCFPPGTFCSRYLPCCSGRCCSGWCTRRCFPRF,34,1,33,0
4000,TFAETSAETSAAGRSP,16,0,2867,4
4001,WEQKIEELLKKAEEQQKKNEEELKKLEKC,29,1,2035,5
4002,NWRCCLIPACRRNHKKFC,18,1,339,7
4003,EKFPMTPRGFEKLKEELRWRQQSERPRIIEAI,32,0,2868,7
4004,RCKTCSKGRCRPKPNCG,17,1,2869,0
4005,HVALLPQARSSRSGYRS,17,0,2870,2
4006,CQVVERGLDAKAKAAMLDAHNKARQKVANG,30,1,2871,5
4007,DDNPGGTDGKFMNVLRRFGCPWDPWC,26,1,2872,2
4008,LLSQNKGGQAFIVGDQI,17,0,2873,7
4009,VLALVLSILILALVPFLHT,19,0,2874,1
4010,GGHADGREVSSVEAPSVS,18,0,2875,6
4011,TCSPAGEVCTSKSPCCTGFLCSHIGGMCHH,30,1,2181,6
4012,AEVFKSEEGSVDFYGQLRPA,20,0,2876,3
4013,CKGKGASCRRTSYDCCTGSCRSGKC,25,1,14,0
4014,ATSAPAKHDNIVPIAMFGGSNYASHLYLYD,30,0,2877,9
4015,KAFNAKTQDQAGMIIPVEITVYADRSFDFITK,32,0,2878,4
4016,KKEPIGTRIFGPVPRELRAKNHMKIISLAPEV,32,0,2879,4
4017,FIAEAKAEIREAIGDAN,17,0,2880,1
4018,FLRSLLRGAKAIYRGARAGWRG,22,1,2881,9
4019,SWCDPATIKYVSGLTGCRAMVKLECLGSQ,29,0,2061,1
4020,IRYLDDYTLSRPRTEIRCG,19,0,2882,9
4021,CKGKGAGCDYSHECCSRQCTGRIFQTCN,28,1,2883,0
4022,TQACRINSGNVPSELDLRSLRTVTPIRMQG,30,0,2884,4
4023,NGNLLGGLLRPVLGVVKGLTGGLGKK,26,1,2885,3
4024,WIVGVCRLPGDLCAGDASCCEHSCNIVHTCD,31,1,2886,3
4025,SAQISGVSYKTIKDIGLEFLEDFAKEDVKV,30,0,2887,4
4026,FFPLIFGALSSILPKIL,17,1,969,8
4027,FIGTALGIASAIPAIVKLFK,20,1,2888,2
4028,NGKAIGSALIGQDFTDGRFMKGRPSAVNYNTY,32,0,2889,9
4029,SEINGDWNTIALSAD,15,0,2890,3
4030,EEVQETVNLKYEYSVYR,17,0,2891,2
4031,LECNKLVDIAYITCPAGKNL,20,1,2892,7
4032,ICCPLMELCCEW,12,1,2893,6
4033,ARDCKGWLEECEEENCCDPYECIGFC,26,1,2894,8
4034,MEALVYTFLLVGTLGIIFFAIFFREPPKIEVKEKK,35,0,164,0
4035,FNPCPYSDDTVKMIILTRENKKHDF,25,1,2895,9
4036,GTSKSKKSQAASKETLVMTIDRRASKQ,27,0,2896,8
4037,HSGFLLAWSGPRNRFVRF,18,1,2897,7
4038,PRNPEIQNEIIDLHNYLRRSVNPASNMLRSQW,32,1,2898,1
4039,GCCSHPACHHPELC,14,1,2899,3
4040,GNALCGRFTTIEGLLTATKEQLDAQSSFFMGDS,33,0,2900,8
4041,FWGALFKTVAKVVAPFVPDIVKWVQEKV,28,1,2901,9
4042,LKYVVPGTIVGVGTGSTVNHFIDALATMKDEIKGA,35,0,2902,1
4043,FTRLSKEVMFTEEDVKFYLAELALGLDH,28,0,2903,4
4044,NNFSDCFWKYCV,12,0,2904,1
4045,VNCCGIDESCCS,12,1,2905,4
4046,GIMNTVKDVATGVATHLLNMVKCKITGC,28,1,2906,3
4047,WPAQIFSAVRGVN,13,0,2907,4
4048,CCKYPLCAAGCSCCTT,16,1,2908,5
4049,NGLIIVDLPLQEATEYR,17,0,2909,8
4050,AANNKATDLMARTVRGFCSDPSCRFRNPELCDWRR,35,1,1843,4
4051,MRWQEMGYIFYPRKLR,16,0,2910,9
4052,HECCSYPACAYTHPELCG,18,1,2911,3
4053,HSQGTFTSDYSKYLDTRRAQDFVQWLMST,29,0,245,5
4054,QVNFSPGWG,9,0,1695,9
4055,NFSCPPDWYAYD,12,1,2912,6
4056,RSCPRIWMECTRDSDCMAKCICVAGHCG,28,0,2913,1
4057,YVGTCMLANSNGVVVG,16,0,2914,0
4058,CKSGGQACWFLLKKHNCCSGYCIVAVCAG,29,1,2915,1
4059,DWWSVGVILFEVLVGIPPF,19,0,2916,6
4060,GVDSSFVRL,9,0,2917,0
4061,LICFNDFSPTARTLEYCQIGITTYNPS,27,1,2918,6
4062,IPLLRKGKKIIWW,13,1,2919,2
4063,DFIGSSTNVIMVASTTLMLF,20,0,2920,9
4064,ADSRKPDD,8,1,538,6
4065,VALIGFTLVLIAATFIDLD,19,0,2921,5
4066,GWRDWLNKGKEWLKKKGPGMVKAALAAATQ,30,1,724,9
4067,NKQKALAAALGQIEKQF,17,0,2922,7
4068,DLRQVQELLGHSSMQTTQ,18,0,2923,6
4069,FLAKKVAKTVAKQAAKQGAKYVANKHME,28,1,662,0
4070,AAKVKYSKTPEECCPNPPCFATHSEICG,28,1,1361,9
4071,GEVIAQASTLDSSLRSGATGNADAATSV,28,0,2924,2
4072,GCCSHPACSGNNREYCRES,19,1,35,9
4073,RMKMMLSALRQRGCCEPFWCDSGCTEGCC,29,1,2925,7
4074,HKAIMVNGVVSNIPSMQVKAGDVVAV,26,0,2926,4
4075,CCSNPACQVQHSDLC,15,1,2597,4
4076,GVVTDLLNTAGGLLGNLVGSLSG,23,1,2927,3
4077,MSDINATRLPIFWFIYFPCVSDVDSTLTRGER,32,1,2928,1
4078,GIPCAESCVYIPCTITALLGCKCQDKVCYD,30,0,493,3
4079,MDSLTQKLTVLIAVLELLVALLRLIDLLK,29,1,2048,3
4080,FDVMGIIKKIASAL,14,1,75,9
4081,HLKYKDPEQG,10,0,2929,2
4082,MDIISLGWAGVMTMFTFSLALVVWGRNGF,29,0,233,9
4083,MHMDIVSLAWAALMVVFTFSLSLVVWGRSGL,31,0,233,6
4084,MSILINYFLLVGFCFALASGLFLGLKSIKLI,31,0,2930,7
4085,TVSKVLLSICSLLC,14,0,2931,5
4086,MLTITSYFGFLLAALTITSVLFIGLSKIRLI,31,0,291,4
4087,LDVELTVEERNLLSVGYKDSTLIMQLLR,28,0,2932,5
4088,DQSCPWCGFTCCLPNYCQGLTCTVI,25,1,2933,8
4089,CCSWDVCDRPSCACC,15,1,1971,1
4090,GTRCGGYCTDDVCC,14,1,2934,3
4091,MEHTLPPLYAIDAL,14,1,2935,4
4092,AIVEVKVPLE,10,0,2936,4
4093,APPFRVAEVDIMYGEG,16,0,2937,4
4094,RDCQRGCHGCSNVPNGCCCGNLVCQNEQRCVPKE,34,1,2938,6
4095,AVCVYRTCDKDCKRRGYRSGKCINNACKCYPYGK,34,1,49,8
4096,FFPIVGKLLSGLF,13,1,155,8
4097,YMVIQGEPGAVIRLGDYLIDQGL,23,0,2939,4
4098,LPPCCTPPLRLCPAPACKYKPCCKS,25,1,2940,8
4099,GLPVCGETCFTGTCYTNGCTCDPWPVCTRN,30,0,51,2
4100,NYIHKQVEDHGYPPTVR,17,0,2941,6
4101,GPNGKSQSIIVGPWGDRVTN,20,0,2942,1
4102,GLRSKIWLWVLLMIWQESNKFKKM,24,1,2943,0
4103,SLIAALGSYLQARAQRGIWRVRI,23,0,2944,3
4104,RKLLNFLKRNDLQRYLKLIERLGLRS,26,0,2945,1
4105,TKIADLRSQTTDQLSDELLKLKEQ,24,0,2946,1
4106,GCCSHPACNVYNPHIC,16,1,35,6
4107,FLSMIPKIAGGIASLVKNL,19,1,905,0
4108,GRGGSSNYVRL,11,0,1658,9
4109,PGIVGNEVKSLHSIINPP,18,0,2947,5
4110,MLVFQMRYQMRYVDKTSTVLKQTKKSDYADK,31,0,2948,3
4111,RQRHPDCDKPPDTGN,15,1,2949,6
4112,FVDLKKIANILNSIF,15,1,2748,1
4113,GHVGFIFKNGKITSIVKD,18,0,2950,4
4114,GWASKIGQTLGKMAKVGLHELIQPK,25,0,116,6
4115,GVPCGESCVYIPCFTGIINCSCRDKVCYNN,30,1,159,9
4116,GYLDYDEVDDNRAKLPLDAR,20,0,1619,6
4117,DCQPCGHNVCC,11,1,2951,3
4118,NAAVAGAVIEGATLTFEVLQ,20,1,733,0
4119,MSILIGYIILLACAFGLAAGLFFGLSLIKLI,31,0,2019,9
4120,SQISLRGSNLTI,12,0,2952,0
4121,YEDAYALQYCPR,12,0,2953,4
4122,ELQLNYYTKSWRAE,14,0,2954,0
4123,MLHHMTSRANLLLLRRGGSQRS,22,0,2955,5
4124,SQIYIEGALQTRKWTD,16,0,2956,0
4125,VLLLSQDYGKYKEVAELTRTQILAASYELHK,31,0,2957,8
4126,ILGKIWKIKKLF,12,1,2958,7
4127,MNDQMFVETLIITSSFFAIAVVLVLSVLLIERIG,34,0,2959,4
4128,VNQSETPVKHIGKVF,15,0,2960,1
4129,GFGTILKALAKIAGKVVKKLATKPGATYMLKENLK,35,1,1305,9
4130,PEGPNIGLINSLSAFARTN,19,0,2961,1
4131,DVTFSMLGANGATYYQFF,18,1,2962,6
4132,KLQLPTLDDPVPIGIAPAIT,20,0,2963,9
4133,QQAAVAMGSALGALVDPRRADLIAAL,26,0,2964,1
4134,KKCKFFCKVKKKIKSIGFQIPIVSIPFK,28,1,2965,5
4135,QMMCSSNEDCPAGQECCPDNLGKPEGFCVDDCII,34,1,2966,3
4136,CDGWSTYCHDDSCCSTCANSYCTLIKGV,28,1,2967,1
4137,KAWFVLSMRAVGGLFVDLWTSVAKTVKGWL,30,0,2968,4
4138,MNGKCKCYNN,10,1,2969,0
4139,MRAKWRKKRTRRLKRKRRKVRARSK,25,0,522,8
4140,GLPLCGETCVGGTCNTPGCSCGWPVCVRN,29,1,51,8
4141,MRFLFFLPPSFITSFLYLALYSFPVPYCII,30,0,2970,0
4142,GSSGLISFPRT,11,0,188,0
4143,DMYSKSTAAMSTYAGILTDQVLSMLKGEE,29,0,2971,1
4144,SGCCSNPACRVNNPNIC,17,1,35,1
4145,MLFKKISKFVGWLSGSSVGSITSKTHE,27,0,2972,5
4146,GCTPRNGFCRYHSDCCSNFCHTWAIMCL,28,1,2973,2
4147,MTKNKFVLLRYLCLFCTNIDQIDFNSVLK,29,0,2974,2
4148,MSDINATRLPVWIGCSPCVGDDCIALLTRGEG,32,1,412,3
4149,YDGTNCKPGVCWEPKPGY,18,0,2975,8
4150,FIHHIIGGLFSVGKHIHSLIHGH,23,1,2976,8
4151,GPSSGFFGTR,10,0,309,8
4152,KAKFKAQ,7,1,384,5
4153,GLMSVLKKAGKHVAKNVAVSLMDSLKCKISGGC,33,0,2448,4
4154,PTGRAYVPLLVGLL,14,0,2977,1
4155,WKWKCTKSGCKWKW,14,1,2978,9
4156,DLCPHCPNGCHVDRTCI,17,1,2979,1
4157,NSELINAILGSPTLMGEV,18,0,2980,3
4158,GLFGVLAKVASHVVPAIAEHFQA,23,0,2981,7
4159,GEEELAEKAPEFARELAN,18,1,1678,4
4160,SLGGTPYCGMTCAELYEKLPQGYRM,25,0,2982,0
4161,TPGQDFMRF,9,0,160,0
4162,GKFGHEFLEFEFRPDG,16,0,2983,7
4163,ACKGLFVTCTPGKDECCPNHVCSSKHKWCKYKI,33,1,2984,0
4164,FIGAVAGLLSKIF,13,1,2985,6
4165,NRLCCSQYGFCGTTSEYCSRVSGCQS,26,0,800,6
4166,NGRCCHPACAKYFSC,15,1,7,7
4167,ECCNPACGQHTSC,13,1,7,3
4168,FVGAIAAALPHVISAIKNAL,20,1,337,7
4169,DGCSSGGTFCGIRPGLCCSEFCFLWCITFID,31,1,642,3
4170,AANDKTSAWIAWAGSQSCCATPSCARLY,28,1,2986,7
4171,HVTCFYVKFGCKHTECITTIVFCWQTASDISSV,33,1,2987,5
4172,AYCCHPVCGKNFDC,14,1,7,0
4173,MSQNTKGKLSLVGLSLMI,18,0,2988,2
4174,DDECEPPGVFCGTFKIGPPCCSGWCFLWCDLKLP,34,1,779,5
4175,GVLDTFKDVAIGVAKGAGTGVLKALLCKLDKSC,33,1,481,9
4176,MTAFASLREPLVLANLKIKVHIYRMKR,27,0,2989,1
4177,VVGCPWQPWC,10,1,356,6
4178,GCCSEPRCRYRCR,13,1,39,7
4179,GLFDIIKNIVSTL,13,0,2990,6
4180,CTPCGPDLCCEPGTTCDTVLHHTHFGEPSCSY,32,1,2193,9
4181,EYCCAEAKAIVGCSLHHTFHETQP,24,1,2991,5
4182,MATALTSAEVFVALVVAAHAAVLALRLSISLYEA,34,0,2145,4
4183,CSNLSTCVLGKLSQDLHKLQTFPRTNTGAGVP,32,0,2992,0
4184,MKKVHVLGAGTMGAGI,16,0,2993,4
4185,MTVRECCSQPPCRWKHPELCS,21,1,754,0
4186,GTGLPMSERRKIMLMMR,17,1,2994,8
4187,TRTPVNVTVTGAAGQIGYALLFRIASGHLLG,31,0,2995,0
4188,NQDCRPGWSFYEQNCYKVF,19,0,2996,6
4189,VDIHVWAGV,9,1,1890,4
4190,FLTLLERKVLGYIQIRKGPNKVG,23,0,2997,4
4191,DCTPPGGACGGHAHCCSKSCNIMASTCQ,28,1,673,4
4192,WWEGDCTDWLGSCSSPSECCYDNCETYCTLW,31,1,2998,7
4193,DVTFSLLGANTKSYAAFITNFRKDVASEKK,30,1,2999,9
4194,NGWNDNKTFILIGSASWAALVLLVGSLNSFVI,32,0,2327,0
4195,NPVVRITNGAIRGQN,15,0,3000,5
4196,DPMPAEDIVDLAYES,15,0,3001,8
4197,VISVAAQLSGLHPQTLRQYDRLGLVSPDR,29,0,3002,9
4198,WCKQSGEMCNLLDQNCCEGYCIVLVCT,27,1,1811,6
4199,NEDCTPWTSTLIPLPCRNYVQAC,23,0,3003,3
4200,FLGGLMKIGAKLLPSVIGLFKKKQ,24,1,1177,8
4201,APACVGFQGMR,11,0,3004,2
4202,RCCKFPCPDSCRYLCC,16,1,3005,1
4203,EPFIQMAFLSLPVIPALKLTSQGLFDG,27,0,3006,9
4204,MLIGEAVLAVVTVAVVAYLTYVMMYPTRF,29,0,3007,3
4205,KRGFLDVIKHVGKAVGKAALNAVNDMVNKPEQQS,34,0,3008,1
4206,GLIFNLDTGELCLQSAQCKSECCQEDSGLSLAC,33,0,3009,3
4207,MNISLVDLTWACLMVSFTVSLALVVWARNGF,31,0,3010,0
4208,CCHAPYCTPPHLGCPCC,17,1,3011,8
4209,WWDGECRLWSNGCRKHKECCSNHCKGIYCDIW,32,1,3012,0
4210,KRFWPLVPVAINTVAAGINLYKAIRRK,27,1,3013,8
4211,GLFDAIGNLLGGLGL,15,0,3014,7
4212,VVKQGLLAGRIPGL,14,0,3015,4
4213,GIMDTVKNAAKNLAGQLLDKLKCKITAC,28,1,1620,1
4214,GIPCGESCVWIPCISSALGCSCKNKVCYRN,30,0,159,8
4215,GLWQKIKNAAGDLASGIVEGIKS,23,0,1368,4
4216,RPIVHGIDAKPLRLWQT,17,0,3016,1
4217,MFEFTNRLQQALSDAQSL,18,0,3017,2
4218,VSYNSKFLAATVQAEPVVLDA,21,0,3018,9
4219,AMTEELEAVENNGVR,15,0,3019,7
4220,MPTITSYFGFLLAVLTITSGLFISLRKLRLI,31,0,291,5
4221,SVAVAGAVIEGATLTFNVLQ,20,1,733,5
4222,LVVRGGCCSHPVCYFNNPQMCRGRR,25,1,35,8
4223,CLGIGSCNDFAGCGYAVVCFW,21,0,3020,1
4224,MSTYAIIKTGGKQVKVEVGQAIYVEKIIPEA,31,0,3021,9
4225,STRTPEFLGLDNQCGVWA,18,0,3022,9
4226,MEALVYTFLLVSTLGIIFFAIFFREPPKVPNKKIK,35,0,164,8
4227,ECSSYDEYCFPGIRDCCSGFCFIICIPELPDL,32,1,3023,9
4228,EIQNAGLYAILR,12,0,3024,1
4229,ECGKFMWKCKNSNDCCKDLVCSSRWKWCVLASPF,34,1,3025,3
4230,SQVKNKPTAIVAKT,14,0,3026,1
4231,ANPEVRNNLP,10,0,3027,9
4232,LSPTQDFMRF,10,0,160,3
4233,EQPGGDKVNLGYFTN,15,0,3028,5
4234,YAVQYASETLFSKSPEININER,22,1,3029,8
4235,GSLTGLISMPRT,12,0,188,1
4236,HYQEVPRQIQEKLIKGQ,17,0,3030,3
4237,GRPNPVNNKPTPHPRL,16,0,3031,2
4238,MFTLTSYFGFLLAALTITSALFIGLNKIRLI,31,0,291,4
4239,FLSLIPKIATGIAALAKHL,19,1,905,2
4240,ANNFDLMYEQVKFYGEVTQQMLKVSVLEMDGQFDR,35,0,3032,2
4241,MEVNILAFIATALFILVPTAFLLIIYVKTVSQSVE,35,0,153,9
4242,CKSKGAKCSRLLYDCCSGSCSGTVGRC,27,1,14,3
4243,AQNFEAVAQYQFDFGLRPSLAYLQSKGKNL,30,0,3033,6
4244,DSHAKRHHGYKRKFHEKHHSHRGY,24,1,3034,7
4245,PVLAAASWALFNIGRLALQQFNKIASR,27,0,3035,5
4246,MDTVSLAWAALMVVFTFSLSLVVWGRSGL,29,0,233,1
4247,PERWPTDADEVEEFRR,16,0,3036,2
4248,SKGKKANKDVELARG,15,1,3037,2
4249,IGPVLGLVGKPLESLLE,17,1,3038,9
4250,QCSGGKERSRAEF,13,0,3039,2
4251,ELQLVYNKARQASITQELTEIVGGASAV,28,0,3040,4
4252,KKWRAWLKWLAKK,13,1,1390,7
4253,LKVPDLPLPESYKKALELAKDDLAREII,28,1,3041,8
4254,MRVKLFQLRGMLSGSRIL,18,0,3042,6
4255,RFEIAESFFNSVYCR,15,0,3043,6
4256,ECIEGSEPCEVFRPYTCCSGHCIIFVCA,28,1,277,8
4257,YHYYNPEENHFCATWDASKP,20,0,3044,8
4258,CCFWPMCGGCDCCYL,15,1,465,4
4259,QVETNVKCQGGSCASVCRKAIGVAAGKCINGRCVC,35,1,3045,4
4260,MNGDNPSPNRPLVTVVYKGPDFYDGEKKPPVNRR,34,0,3046,8
4261,GLPTCGETCFGGTCNTPGCTCDPWPVCTHN,30,1,51,5
4262,QHSTDYDEEEEDRAKLHLDAR,21,0,1619,8
4263,VRDVAWSPSVLPRAYLATVSQDRTCIIWTQENNQG,35,0,3047,4
4264,DEKGPKWKR,9,1,3048,3
4265,MEALVYTFLLVSTLGIIFFAIFFRDPPKVPTKKMK,35,0,164,1
4266,FVPIFTHSELQKIREKERNKGQ,22,0,3049,7
4267,TSTVFSDGQR,10,0,3050,2
4268,GILDTLKNLAISAAKGAAQGLVNKASCKLSGQC,33,0,186,0
4269,MSDINATRLPIWGIGCNPCVGDDVTSVLTRGEA,33,1,346,9
4270,IRQQAQLDQIQQQLRLLHRQLQDALAREAPAP,32,0,3051,1
4271,LVQRGRFGRFLKKVRRFIPKVIIAAQIGSRFG,32,1,3052,2
4272,MKTKAAVLFETHKPFEIVELEL,22,0,3053,2
4273,MKMMLPALRQQPCCSPSTCDGGCYHCC,27,1,459,7
4274,HSDGTFTSELSRLRESARLQRLLQGLV,27,0,1388,5
4275,GWCGDPGATCGKLRLYCCSGFCNCYTKTCKDKSSA,35,1,50,5
4276,VVGGDECNINEHRFL,15,1,972,9
4277,LWAATQVSKNNPPTGPTTQKDYLEV,25,0,3054,2
4278,GCGGVCAYGESCPSSCNTCYSAQCTAQ,27,1,3055,6
4279,KPAWAWDVGVMGHPHRLGNVAPALGKASGLQD,32,0,3056,9
4280,SRCFPPGIYCTPYLPCCWGICCGTCRNVCHLRF,33,1,1449,2
4281,GGAAGAGGCCSDPPCRNKHPDLC,23,1,35,2
4282,DYNSLTTVTQLVNHLENLIKQ,21,0,3057,9
4283,GCCSHPACRIHPEC,14,1,35,6
4284,NHYSYSSPPPPPVVSSPPPPYYYYSPPPPV,30,0,3058,4
4285,NFLGTLVNLAKKIL,14,1,3059,3
4286,GCCSRPPCIANNPDLC,16,1,35,6
4287,GCCSYPPCNVSYPEICG,17,1,35,6
4288,CCHSSWCKHLC,11,1,3060,1
4289,QKKDKDRFYGLM,12,0,3061,2
4290,NIPQLTPTP,9,0,3062,9
4291,GCCSHPACNVNNAHIC,16,1,35,2
4292,RADTQTYQPYNKDWIKEKIYVLLRRQAQQAGK,32,0,3063,2
4293,NQQSGSETKVVVG,13,0,3064,7
4294,GCWICWGPNACCRGSVCHDYCPS,23,1,1257,2
4295,IPCRKAIDVPFGRYVVTW,18,0,3065,0
4296,VSCEDCPDHCSTQKARAKCDNDKCVCEPI,29,1,3066,1
4297,ILGPVLSLVGNALGGLLKNE,20,0,29,9
4298,GLVTSLIKGAGKLLGGLFGSVTG,23,1,3067,1
4299,GSIPCGESCVYIPCISAVLGCSCKNKVCYRN,31,0,159,5
4300,MELCWLTTIHGS,12,0,3068,3
4301,HEEQITQPSATNDEA,15,0,3069,4
4302,GIPCAESCVWIPCTVTALIGCGCSNKVCYN,30,1,493,1
4303,RTSDYGLQLREKQKLK,16,0,3070,1
4304,DWEYHAHPKPNSFW,14,1,921,5
4305,NIVDVPCRDDYYRDSDGNCVCCKFGGA,27,1,3071,6
4306,AANDKASAWIARTVRQSCCAAPSCFMLC,28,1,3072,5
4307,MADAAVHGHGDHHDTRGFFTRWFMS,25,0,3073,2
4308,MHLQTLDTYFGTVIKLSPSVNVTQLVVAMLNRLTD,35,0,3074,9
4309,ECTPPGGACYYHSQCCGDFCQRYINSCL,28,1,3075,6
4310,RVFRDKLFKTLVSDH,15,0,3076,8
4311,CCGVPNAACPPCVCNKTCG,19,1,1564,7
4312,CCSQDCLVCIPCCPN,15,1,470,6
4313,MRINTNINSM,10,0,3077,9
4314,MMFDSLLSTITGGGVSHSFSIAMVY,25,0,3078,7
4315,TNVENPELNARVMAFRLAIALEKGYHFRRA,30,0,3079,9
4316,NCCNGGCSSAWCAAHAACC,19,1,139,5
4317,MESVAYILIFTLCIGTIFFAIAFREPPRFEKPKDK,35,0,3080,1
4318,GKGKLLRTGLNALHQAV,17,0,3081,3
4319,GCCSHPACSGNNPYAC,16,1,35,5
4320,VMTEFATKKGDTGSPEVQV,19,0,3082,1
4321,RWKIFKKIEKVGQNIRDGIVKAGPAVAVVGQAATI,35,1,1869,4
4322,CSNLSTCMLGKLSQDLHKLQTFPRTNTGAGVP,32,0,2992,7
4323,GSSGGLITFGRT,12,0,3083,1
4324,MDILTLGWVGLLGLFTYSIAMVVWGRHGM,29,0,233,2
4325,TDAVANGVHAISGVVDT,17,0,579,0
4326,PAELRVEVTPKNILMIG,17,0,3084,2
4327,DKAIKKFVVRNIVVAAAVRDISDAS,25,0,3085,5
4328,GIGTKFLGGVKTALKGALKELASTYVN,27,1,3086,4
4329,LGPDIVSPPVCGNELLEVGEECDCGTPENCQNE,33,1,3087,7
4330,ICCAITDSCC,10,1,3088,0
4331,ILPIIGKILSTIFGK,15,1,3089,1
4332,QEDIEAGKQKSATCTACHGQEGNST,25,0,3090,7
4333,CCPLSACKLGSGCRCCE,17,1,3091,7
4334,PLRNDESLDVEGKEVF,16,0,3092,5
4335,GSAHLAQMETVLRENARLQRDNE,23,0,3093,8
4336,ASRACNPPCTGNAMCQNGHCGYIRF,25,1,3094,4
4337,AREFDYIKSLRRLTTKDIEVGGG,23,0,3095,4
4338,MYVLQEINPGITS,13,0,3096,4
4339,GYEEREIAETVRELEEA,17,1,629,2
4340,MQVNNLGFIASILFVLVPTVFLLILFIQTGKQSES,35,0,649,2
4341,HLLRVLLQKQALGMSLSVPAPNTQHR,26,0,3097,9
4342,GNYYGYCRVHLNTAY,15,1,3098,4
4343,GFPCGESCVFIPCISAAIGCSCKNKVCYRN,30,1,159,3
4344,SCCPEEPCCFW,11,1,3099,2
4345,MEALVYTFLLIGTLGVIFFAIFFRESPRINK,31,0,164,5
4346,AVCNLKRCQLSCASLGLLGKCIGDKCECVKH,31,1,604,8
4347,PCCPLIPGCC,10,1,3100,2
4348,KPNYKRQFEPFSDELIHYINLEDLPESFDARQ,32,0,3101,4
4349,GSTCLEPKVVGPCKA,15,1,3102,0
4350,VPPAVWNSNYNS,12,0,3103,7
4351,GFLNTAMNTVTNLAGTLMDKAKCKIRGC,28,1,3104,9
4352,QPCCSIHDISCCGL,14,1,1785,7
4353,IPVCSVLCNAGVDVPFCDCT,20,1,3105,3
4354,NYVPEAQKLFQAHN,14,0,3106,3
4355,CKSKGARCSKLMYDCCSGSCSGTVGRC,27,1,14,6
4356,RWCFRVCYRGICYRKCR,17,1,1705,5
4357,DQQRLIFAGKQLEDGRT,17,0,3107,9
4358,ECCEPSWCDAGCTDGCC,17,1,902,2
4359,VCREKGQGCTNTALCCPGLECEGQSQGGLCVDN,33,1,639,2
4360,DVGPSTLANN,10,0,3108,0
4361,HDDKAAVDAR,10,0,3109,9
4362,GTIPCGESCVFIPCLTSALGCSCKSKVCYKN,31,1,159,7
4363,GEEEHSKYQECLREIRVNKVQQEC,24,1,2845,3
4364,ECTPPEGACNHPSHCCEDFCDRGRNRCM,28,1,3110,5
4365,ISEMTWEECCTNPVCRQHYMHYC,23,1,3111,0
4366,MASEIFGTAALFWVLIPLGLAGGALLLKLQGD,32,0,691,3
4367,ADVDIDMAVFLEKLQDACCKNAPEFGCCT,29,1,3112,5
4368,MNKGELVDAVMAKATVTKKQADAFILALDIVA,32,0,3113,5
4369,APDFSTLELIPDKLKEFGNTLEEKARMA,28,0,3114,8
4370,FLPIIAGVAAKVFPKIFCAISKKC,24,0,138,8
4371,GCCSDPRCRYRCGAAG,16,1,39,5
4372,GDCPKPWC,8,1,3115,8
4373,GVVKVSRLKGESLRARL,17,1,3116,5
4374,NVKCSGSPQCLKPCKDAGMRFGKCMNRKCHCTPK,34,1,3117,4
4375,GCCSHPACRVNNPHIC,16,1,35,0
4376,GDEEVAKFIEREREAGRLDLSKFP,24,1,2016,0
4377,NLSISSSLIPDKQRGSVESQVFFLT,25,0,3118,6
4378,VQMRQGFFTVQQACPHCHGRGQIIKDP,27,0,3119,5
4379,VPPVYADLGKGARDLFSKGYNYGFSKL,27,0,3120,8
4380,KHKKGAADAKRGKI,14,0,3121,6
4381,KRFKKFFKKLKNSVKKRVKKFFRKPRVIGVTFPF,34,1,1823,2
4382,CNDRGGGCSQHPHCCGGTCNKLIGVCL,27,1,3122,0
4383,RWWRWWRRWWRWWR,14,1,3123,0
4384,SSMFVWNTKLILKTCGTL,18,0,3124,7
4385,NSELINSILGLPKVMNDA,18,0,3125,1
4386,CCHPNLCIGRSALGRKCTCC,20,1,3126,0
4387,MTYQTAIDAVRELKA,15,0,3127,7
4388,GHACYRNCWREGNDEETCKERC,22,1,2329,8
4389,KNLDEYLFIFNIPQCKNWIGKTLNYY,26,0,3128,6
4390,GLLDVVGNLLGGLGL,15,0,3014,2
4391,DVNDLKNLCAKTHNLLPMCAMF,22,1,3129,8
4392,EELRPEVLPDVSE,13,0,3130,8
4393,CCGKPNDCLPSFAFVNGSCN,20,1,3131,1
4394,IKCTLSKDCYSPCKKETGCPRAKCINRNCKCYGCS,35,1,1227,0
4395,APWLVPSQITTCCGYNPGTMCPSCMCTNSC,30,1,243,9
4396,KKMGVQVRGPIPL,13,0,3132,6
4397,ASALISQAILRDCCSNPPCAHNNPDC,26,1,977,9
4398,GRFKRFRKKLKRLWHKVGPFVGPILHY,27,1,3133,3
4399,YGLAADHVLDAR,12,0,1389,5
4400,GLWTTIKEGLKKFSLGVLDKIRCKIAGGC,29,1,3134,8
4401,MPTITSYFGFLLAASTITPALLIGLNKIRLI,31,0,291,9
4402,CCEWPCSHGCIPCCY,15,1,3135,4
4403,CSPGGEVCTRHSPCCTGFLCNHIGGMCHH,29,1,2181,6
4404,SQTQSFNFNKFEQNK,15,0,3136,9
4405,CKGKGAKCSLLMYDCCTGSCRSGKC,25,1,14,9
4406,GVCCGYKLCEC,11,1,30,7
4407,RCVFCPKEPCCDGDQCMTAPGTGPFC,26,1,3137,2
4408,SDGRNAAADARASPRIALFLRFTCCRRGTCSQHCG,35,1,3138,0
4409,RYLPT,5,0,3139,1
4410,PERKMKLEDFI,11,0,3140,0
4411,VAQKHKPKFMVDLA,14,0,3141,7
4412,MQWTTPSYTDLRFGFEITMYIANR,24,0,640,7
4413,GCRYMFGDCEKDEDCCKHLGCKRKMKYCAWDFTFT,35,1,2222,8
4414,NTFYCCELCCNPACAGCY,18,1,2391,1
4415,SPDHLSWHGSFDNYVQDKLSV,21,0,3142,4
4416,MAWKAPKIVEVPCGMEINMYVSATRK,26,0,3143,1
4417,PAPDSSFIRDP,11,0,122,3
4418,GIPCGESCVWIPCLTSAIGCSCKSKVCYRD,30,0,159,4
4419,SLRKMHALGET,11,0,3144,8
4420,DVSLPAEGFR,10,0,3145,4
4421,GPPCCLYGSCRPFPGCYNALCCRK,24,1,3146,3
4422,LMRKDVDTLTD,11,0,3147,2
4423,GRPNPVNTKPTPYPRL,16,0,3031,3
4424,FLPILASLAAKLGPKLFCLVTKKC,24,1,138,7
4425,AKLSELHAYILRVDPVNFKLLC,22,0,3148,7
4426,GCTPEYCSMWCKVKVSQNYCVKNCKCPGR,29,1,3149,0
4427,VNWKKILGKIIKVAK,15,1,1379,6
4428,CKGPGAKCLKTMYDCCKYSCSRGRC,25,1,14,3
4429,PSTPKINPPQSPNNFQLLSAGRTILPE,27,0,3150,2
4430,AANNKATDLMALTVRGCCGNPSCSIHIPYVCN,32,1,1843,0
4431,RQGIAGVKGNQLQL,14,0,3151,1
4432,CKGKGAKCCRSGKC,14,1,761,5
4433,YGCCSNPVCHLEHSNLC,17,1,35,0
4434,DDKCSIGCKGSATAPTFLNGH,21,0,3152,0
4435,AEAKGIETHVDYVEGMQFDKGYVSPYF,27,0,3153,3
4436,NGVFFAIDRLGEIYHCE,17,0,3154,8
4437,NYYLYPARPENSAWT,15,1,953,2
4438,MVKLRLKRCGRK,12,0,3155,5
4439,IVVDENIDTDMAAEAIVTSAFGFSGQKCSACS,32,0,3156,4
4440,KIPCGESCVWIPCLTSVFNCKCENKVCYHD,30,0,159,2
4441,LKCNKLIPLAYKTCPAGKNLCYKMYMVATP,30,1,3157,8
4442,GLLNGLALRLGKRALKKIIKRLCR,24,1,3158,6
4443,IIGPVLGLVGSALGGLLKKI,20,1,29,6
4444,RGSLTIHPLRNIRDFFYVG,19,0,94,7
4445,GFIGDIWSGIQG,12,0,3159,1
4446,SLQAATEWLKANNQRGFLGEMGAGSNAD,28,0,3160,6
4447,DISGLTPCKESKQFKREKQQKLE,23,0,3161,4
4448,GCSARNQRCPPQCCMGLVCGREYPPRCV,28,1,3162,2
4449,MRITVNVDGTSYTDEVEPRTLLVH,24,0,3163,7
4450,GFMDLIKKAGGWLKKKGPALIKAALQE,27,1,1407,3
4451,GIMLTETTQEALRSPLIIA,19,0,3164,8
4452,IFKAIWSGIKSLF,13,1,454,9
4453,WNWSKSF,7,1,3165,9
4454,ECRYLFGGCSSTSDCCKHLSCRSDWKYCAWDGTFS,35,1,1504,2
4455,GIAEFLNYIKSKA,13,0,3166,1
4456,CLLQSLQQIESMIEAESSVKEKDMTK,26,0,3167,8
4457,RISSSVIAHKTQLDSGKREVYSSHMQLGGPK,31,0,3168,0
4458,AANAKLFAVMQSCCSTPPRALRHMDMC,27,1,1552,0
4459,ACGILHDNCVYVPAQNPCCRGLQCRYGKCLVQV,33,1,3169,6
4460,GFLDVVKGVGKAALGAVTHLINQGEQ,26,1,2637,6
4461,GCTHPGGACGGHHHCCSLFCNTAANACN,28,1,673,9
4462,SEEEKRQPWLPFG,13,0,2239,2
4463,GCCSDVRCRYRCR,13,1,39,0
4464,GLLCYCRKGHCKRGERVRGTCGIRFLYCCPRR,32,1,3170,7
4465,GGKYMRF,7,0,3171,2
4466,GGPGPSGDLGGVI,13,0,3172,0
4467,WWGENDCSWTGPCTVNAECCLGVCDETC,28,1,3173,8
4468,LLALSAYGHDIAAVYSREPKPAGR,24,0,3174,5
4469,SFKLVCGKGCKSRPDCPTECFCYMDMC,27,1,3175,0
4470,GLVSSIGKALGGLLADVVKTKEQPA,25,0,846,3
4471,MKRIGVLTSGGDSPGMNAAIRAVVR,25,0,3176,8
4472,TANGVTATPVLSITGTD,17,0,3177,1
4473,MSDINATRLPIWGIGCDPCVGDEVTALLTRGEA,33,1,346,5
4474,GLASLLGKALKAGLKIGTHFLGGAPQQ,27,0,125,5
4475,GSAIRCGESCLLGKCYTPGCTCDRPICKKN,30,0,51,0
4476,GCCSYPPCFATNSDYC,16,1,35,5
4477,IADQEALSLCSEAIADE,17,0,3178,7
4478,ITVSTSGIIPRIYDFADE,18,0,3179,5
4479,HIAGLAANFLPQILCKIARKC,21,1,138,3
4480,LELPVSDWDDKWVD,14,0,3180,4
4481,LQKTLAAIPSHIP,13,0,3181,3
4482,APPGFTPF,8,1,113,3
4483,DFDCPDWVYDQ,11,1,3182,5
4484,MATLDFTTKPLALVIYMSVVLLLMVGVPLLFSS,33,0,3183,1
4485,GCCSDPKCRYRCR,13,1,39,7
4486,CFGRGGLCTWFDPSVCCSGICTFVDCW,27,1,3184,9
4487,KRFKKFFRKLKKSVKKRAKEFFKKPRVIGVSIPF,34,1,1823,0
4488,MIRIISRANSVTSSNEVNRLVTGQIPHD,28,0,3185,8
4489,GRGASSNYVRL,11,0,1658,1
4490,QLHVNKARRPYIL,13,0,2288,9
4491,GCPAECPDTCSSSGSCAPDFI,21,1,3186,5
4492,ADTLACRQSHGSCSFVAC,18,0,3187,3
4493,QAFQTFKPDWNKIRYDAMKMQTSLGQMKKRFNL,33,1,3188,8
4494,PCANLGRACDTVPCCLGVRCFESRTPTCLLKQRGV,35,1,3189,5
4495,CRCEQTCGTCVPCC,14,1,3190,2
4496,MSGGYSNGFALLVVLFILLIIVGAAYIY,28,0,3191,7
4497,RSNKGFNFMVDMIQALSK,18,1,3192,6
4498,AADGKPSDWISLVTPECCSNPPCNLQNC,28,1,3193,2
4499,GCCSYPPCFATNPDCA,16,1,35,9
4500,CDAPNAPCEKFDNDCCDACMLREKQQPICAV,31,1,3194,5
4501,GLPVCGETCFGGTCNTPGCSCETWPVCSRN,30,1,51,0
4502,GLLSGVLGVGKKVLCGLSGLC,21,1,365,8
4503,NIQIICCKHTPACCT,15,1,334,5
4504,VATSEPNRYFNPYSYVELIITVDHS,25,1,3195,9
4505,CTPRHGVCFYSYFCCSKACNPSSKRCL,27,1,474,5
4506,CIPEGTYCQFNADCCLSQCCWGSCGNPCRFP,31,1,1865,3
4507,LKVPDLPLPEYALN,14,1,993,1
4508,QVTEACEEVCEKSDKHCCDVIGGTACATRCL,31,1,3196,1
4509,HKKLRTPLNYILLNLAVADLFMVFGGFTTTMY,32,0,3197,7
4510,MTRVQFKHHHHPD,13,0,3198,4
4511,SISAMQFIQR,10,0,3199,4
4512,AVCNLKRCPLSCRSLGLLGKCIGDKCECVKH,31,1,604,3
4513,MQGIIDLHHDIFFFLILILVFVLWILVRALWHFHY,35,0,3200,3
4514,ALWKDVLKKIGTVALHAGKAAFGAAADTISQGGS,34,0,500,4
4515,GFNPCGETCQIDQTCHAPGCTCSIANICVRN,31,0,2361,9
4516,DEEFVIADIPGLIEGA,16,0,3201,8
4517,MEALVYTFLLVGTLGIIFFAIFFREPPKITSNKK,34,0,164,8
4518,KRTKAPFSRVVKFSIDEIRN,20,0,3202,4
4519,SSCPPACCPTC,11,1,3203,1
4520,KPETQIHTHMCYSEFNEIIDSVAAL,25,0,3204,0
4521,VWCDWEWCYGDCHCFD,16,1,3205,9
4522,NLIQFSNMIQLDRCCETHDNEAEKKGCYPKLTLY,34,1,3206,3
4523,MLTIISYFGFLFGALTLALILFIGLNKIQLI,31,0,291,3
4524,SDDDGTVVLTTSGPIRGKRLQVGSAAVTAF,30,0,3207,7
4525,RVRRFWPLVPVAINTVAAGINLYKAIRRK,29,1,3013,3
4526,FLIGMTQGLICLITRKC,17,1,3208,9
4527,FLPLLAGLAANFFPKIFCKITRKC,24,0,138,9
4528,IRDECCSNPSCRVNNHVC,18,1,35,0
4529,GCPWQPYC,8,1,356,2
4530,TTDEKCNEYCEERDRNCCGKANGEPRCARMCF,32,1,1925,9
4531,YECCVWPYCDGGCSSCVRSCE,21,1,3209,8
4532,CIDGGEICDIFFLNCCSGWCIILVCA,26,1,1624,1
4533,GCDPKWTICNNDAECCFPYSCENSNCQ,27,1,3210,0
4534,SPEYHMKRLLVAGCGPVFQLCRSFRNEEMGRY,32,0,3211,7
4535,GIKEMLCNMACAQTVCKKSGGPLCDTCQAACKALG,35,1,808,7
4536,KFFKKLKNSVKKRAKKFFKKPRVIGVSIPF,30,1,1823,7
4537,CVPPSRYCTRHRPCCRGTCCSGLCRPMCNLWY,32,1,3212,6
4538,ILGPVIKTIGGVIGGLLKNL,20,1,29,1
4539,FMGSALRIAAKVLPAALCQIFKKC,24,1,3213,0
4540,TVKCGGCNRKCCAGGCRSGKCINGKCQCY,29,1,1738,5
4541,FISAIASMLGKFL,13,1,516,7
4542,NLQYLKNMIKCTNTRHWLSFTNYGCYCG,28,1,3214,3
4543,MPCSCKKYCDPWEVIDGSCGLFNSKYICCREK,32,0,3215,1
4544,SNDIYFNFQR,10,1,3216,9
4545,GFNPCGETCIWFPTCHAPGCTCSIANICVRN,31,0,2361,9
4546,VIGGDECNINEHPFLA,16,1,972,4
4547,GCCSDPRCRYRCGGAAGAG,19,1,39,8
4548,AAPKAPADGLKMDKTKQVVFNH,22,0,3217,3
4549,FLRQLNKKS,9,0,3218,8
4550,PRRRRRRSSSRPIRRRRPRRVSRRRRRGGRRRR,33,0,71,9
4551,YGKNATCSKNIETGGSC,17,0,3219,7
4552,KNGTVKWFNAEKGFGFITSED,21,0,3220,7
4553,KLVKKLLKKYITF,13,1,3221,2
4554,CCTGQCHICWPCC,13,1,3222,6
4555,FKGGGPYGQGVTRGQDLSGKDF,22,0,3223,1
4556,AEYFQHWGQGTLVTVSS,17,0,3224,8
4557,VNWKKVLGKIIKVAK,15,1,1379,3
4558,QRCCTGKKGSCSGKACKSLKCCAG,24,1,2857,5
4559,FGCPWQPWC,9,1,356,2
4560,GLRSACTYVGASHLKELTKRTTFI,24,0,3225,0
4561,FKVTLSCTPPGTYCVGPSTCCSDVCSMSNVCQ,32,1,3226,7
4562,FIHHIFRGIVHAGRSIGRFLTG,22,1,3227,6
4563,CKPPGSPCRVSSYNCCSSCKSYNKKCG,27,1,3228,9
4564,METNDLGFVASLMFILVPAIFLIVLYIGTNRSEA,34,0,1199,3
4565,CFLGNCLND,9,1,3229,0
4566,ETDLLLDDSLVSLFGNRR,18,0,3230,2
4567,ASAAGAVREDDDETLLNPVLNSLDNLVSGL,30,0,1859,0
4568,EPFFQGHFP,9,0,3231,5
4569,GFGALFKFL,9,1,3232,1
4570,ATVYNQDGTQVNVGGRVEVAL,21,0,982,2
4571,RDCGEGCGTCGGGCCCIPDSCVDSQCQSHVGPN,33,1,1820,7
4572,DDDDLEGFSE,10,1,3233,4
4573,QCCTVEWCDTDCFCCA,16,1,3234,4
4574,MGNISPLTGTNGEIR,15,1,264,0
4575,TPLKESTCYLPKETGPCVGYFFRYY,25,0,3235,3
4576,IRDECCSNPACRVNHHVC,18,1,35,3
4577,MVWLVWKRSTISRKNKKFFKTIFKKN,26,0,3236,3
4578,ELNPSLVISLSGL,13,0,3237,9
4579,CKGKGAKCSRLMYDCCTGSCRSGKCTRNGLPG,32,1,14,8
4580,MNEAKSLFTTFLILAFLLFLLYAFYEAAF,29,0,3238,3
4581,VEKEHEKRYNALL,13,0,3239,4
4582,GKCGDINAPCKAECDCCGYTTCDCYWGN,28,1,3240,2
4583,FLSLIPTAINAVSALAKHF,19,1,53,6
4584,RCHFVVCTTDCRRNSPGTYGECVKKEKGKECVCKS,35,1,3241,9
4585,AGEDVSHELEEKEKALANHSE,21,0,3242,5
4586,IEELIKKSEEQQKKNEEELKKLE,23,1,2035,7
4587,MRLNYSRCYYSSQRRRQSLPKRFPLI,26,0,3243,9
4588,DCPSDWSPYEGHCYKHFIKWMNNEDAERFC,30,1,980,3
4589,FGVWGGLFSTFDCAIKGLRNHKEDPWNSILAGF,33,0,3244,3
4590,CCSRHCWVCIPCCPN,15,1,470,7
4591,MSDINATRLPIIIVLGLIIPLCVSDIEMILTRGER,35,1,3245,6
4592,IPKNLTRAQWFTIQHIQPSPLQNKAMNGVNYT,32,0,3246,0
4593,IKIPAFVKDTLKKVAKGVISAVAGALTQ,28,1,550,8
4594,GFISTVKNLATNVAGTVIDTIKCKVTGGC,29,1,3247,3
4595,SNTSHQDFHSFYGTNLMIGG,20,0,3248,9
4596,MSDINATRLPIWGIGCNPSVGDEVTALLASGEA,33,1,346,9
4597,QKELVPSKTTTCCGYSPGTMCPSCMCTNTCPPQK,34,1,243,4
4598,ILCTGSQGEPMAALSRI,17,0,3249,4
4599,SPREYYDEPGGKGNGSGADDQDEPETEA,28,0,3250,3
4600,GFKDWIKGAAKKLIKTVAANIANQ,24,0,2159,6
4601,DLFGEQAVLCGGLVE,15,0,3251,7
4602,TKPR,4,0,3252,5
4603,FLPMLAGLAASMVPKLVCLITKKC,24,1,138,3
4604,GEEEYQKIVRKI,12,1,499,8
4605,SGNTIYFGEGSWLTVV,16,0,3253,4
4606,ISKIATSKIGGVTGDVLGGTCLFVNGLIL,29,0,3254,1
4607,MARESKENTR,10,0,3255,6
4608,ARTGFGVLKPAMQGYPGLVLPR,22,0,3256,8
4609,CCSNPACRVNNPHVC,15,1,35,9
4610,TPASGFFGMR,10,0,309,7
4611,SRLPPATRDKLADEITFFPA,20,0,3257,0
4612,ECREKGQGCTNTALCCPGLECEGQSQGGLCVDN,33,1,639,0
4613,TCSSSSDCPTGQECCPDKLDEPEGSCANECIIT,33,1,3258,7
4614,ENRAVLHTALRNRSNTPVEVDGKNVML,27,0,3259,2
4615,DCGEQGQGCYTRPCCPGLECLGGGTGGGVCQP,32,1,13,9
4616,PLGDRVVIELVQAEE,15,0,3260,2
4617,TPFKISIH,8,1,3261,4
4618,DLLQFDMMK,9,1,3262,9
4619,GLPICGETCVGGTCNTPGCFCTWPVCTRN,29,1,51,3
4620,WVDVGCTFLLGSCTADAECCSDNCVETYCDLWW,33,1,3263,4
4621,CCSQGCRVCIPCCPN,15,1,470,8
4622,FLPIVASLAANFLPKIICKITKKC,24,1,138,2
4623,NAIPGNYYRWPYAKVPYVID,20,0,3264,3
4624,GVVDILKGAAKDIAGHLASKVMNKL,25,1,93,8
4625,QPGCRWWSRWC,11,1,3265,4
4626,DCLPCGHDVCC,11,1,2951,7
4627,KIIGIDLGTTNSVA,14,0,3266,0
4628,TAKDRELSATKSYINLVGDTAV,22,0,3267,3
4629,TCLEIGEFCGKPMMVGSLCCSPGWCFFICVG,31,1,3268,0
4630,CCQIVPQCCEWN,12,1,195,3
4631,LDPKVVQSLL,10,1,3269,2
4632,EGTSTIESERDALPNFKSVRGFEVI,25,0,3270,0
4633,DCTRWIIGINGRICRD,16,1,1026,3
4634,ESSNKRENQKQIV,13,1,3271,2
4635,DGCYNAGTFCGIRPGLCCSEFCFLWCITFVDS,32,1,642,0
4636,GTVPCGESCVFIPCITGIAGCSCKNKVCYID,31,0,159,1
4637,SCQKWMWTCDQKRPCCEDMVCKLWCKIIK,29,1,524,1
4638,GLFDIIKKVASVVGGL,16,0,599,2
4639,MLADVFEKIMGD,12,0,3272,2
4640,GICPRILMECKRDSDCLAQCVCKRQGYCG,29,0,281,3
4641,SDNNQQGKSAQQGGY,15,0,3273,4
4642,VSCTGSKDCYAPCRQQTGCPNAKCINKSCKCYGC,34,1,1227,0
4643,GWTLNSAGYLLGPHGIDGHRTLSDKHGLA,29,0,2234,9
4644,GCCSDPPCAHKHC,13,1,2365,3
4645,CCDRPCISSCSGRCC,15,1,3274,6
4646,DHLSHDVYSPRL,12,0,3275,7
4647,TRTPVNVTVTGAAGQIGYAL,20,0,128,0
4648,NYYLYAARPENSWWT,15,1,953,8
4649,WWEKQLGSWSTNCEWDSGCSGGCNGHYCTTW,31,1,3276,8
4650,QGRPPGPPIPP,11,1,274,1
4651,GWVYHAHPEPNSAWT,15,1,921,5
4652,QVRFRQCYFNPISCF,15,0,3277,2
4653,LEDPYKSDSNSRYIEVVVVNDNSMFRKYNR,30,1,3278,0
4654,SNGSNIDVAGAVNTLVETAGKLFQ,24,0,3279,4
4655,QLIARRIRELGVYCEIWAWDH,21,0,3280,8
4656,MFTVISYLSLLFISFLFALTLFIVLNKIELI,31,0,3281,6
4657,LAEHAKENREIEDRCLQEVEQLIKTWHI,28,0,3282,0
4658,GLLDILKKVGKVA,13,0,3283,6
4659,DRHYNDDKAIVCFIGKIDNVPVVVIGE,27,0,3284,2
4660,NYGYTFGSGTRLTVV,15,0,3285,4
4661,SNVCFNACMKISSSQKTCQILC,22,0,3286,6
4662,CCYEEECPPSCKLCC,15,1,3287,1
4663,RATVAQPR,8,0,3288,4
4664,NPVDDIIAKPRDIPMNPMIYRSP,23,0,3289,6
4665,GFRDVLKGAAKAFVKTVAGHIANI,24,0,3290,3
4666,LLVFAACEAALGLSLLVMVSNTYGTDY,27,0,3291,1
4667,ITEEVAAAAAVGAGGYVLGEAGHHHLFNHE,30,0,3292,4
4668,VFLGNIVSMGKKI,13,1,3293,5
4669,DCQESGQGCTGSPPCCPGLSCSGTHAGGMCV,31,1,3294,7
4670,GEEEYQKMLENLREAEVKKNA,21,1,103,0
4671,GWCGDPGATCGKARLYCCSGFCDCYTKTCKDKSSA,35,1,50,3
4672,ICCNPACGPKYSC,13,1,7,6
4673,HYPFPPPMFDMHNFPLP,17,0,3295,2
4674,CKPASIKIRLNSTADTGFYV,20,0,3296,5
4675,SFSVNPAVDILQHRYMEKVAQNNRNFLNRV,30,0,3297,3
4676,CKSKGSKAARSGKC,14,1,761,8
4677,ILKPKLWKLTVVARKIIK,18,1,3298,5
4678,EAAGLIPFPRVG,12,0,188,3
4679,GLFDIIKNIFSGL,13,0,2990,6
4680,LGPALITRKPLKGKP,15,0,3299,2
4681,GFRDGSADRISHGF,14,0,3300,1
4682,IIGHLIKTALGFLGL,15,0,2185,0
4683,HQRYLEKQNAGSDK,14,0,3301,2
4684,DLAGEIHGLSNVK,13,0,3302,8
4685,SGLLINQPKYSWLKELGL,18,0,3303,4
4686,VSCGDTCINSDECPSSCNTCLHALCKS,27,1,3304,2
4687,WGSSECTYFFGPCTVDAECCSNSCDETYGYCEKWS,35,1,3305,9
4688,GIGTKILGGVKAALKGALKELASTYVN,27,1,3086,0
4689,LENRIAALTVRDDARLELAADFCGLFLMTDKQ,32,0,3306,6
4690,RRAAWAWRLAGLAVLLLLL,19,0,3307,5
4691,KKYSCLEGETHKLKPSPEPNMQECTLYSGSSCCYA,35,0,3308,9
4692,MDKKEYINRLNEQKPLQEMSRDRYLNFHLIP,31,0,3309,8
4693,GLFDIVKKIAGHIVSSI,17,0,3310,4
4694,NSATTAVYSFQDWVSA,16,0,3311,7
4695,MDLSRIPPQPKAGILNVLIEIPAGS,25,0,3312,9
4696,VIGGDICNINEHNFLVALYE,20,1,972,8
4697,SNRSPSLRLRF,11,0,3313,6
4698,TVAACNSPKVGLDSDAELVR,20,0,3314,2
4699,KISKKIMRTFLRRILTGKK,19,1,3315,1
4700,FLTQQSPRDFAKSIMQLLHYNRIDCCNYGVSDCC,34,1,3316,7
4701,INLKAIAPLAKKLL,14,1,305,3
4702,NRPTYVPAPPRPPHPRL,17,0,3317,9
4703,MALPLLEYKPT,11,0,3318,3
4704,FVFFGLGSALNWPQ,14,0,3319,2
4705,DAEVVSTESDVIVTCEPCMNPACGPNYGKC,30,1,3320,2
4706,FLGALIPAIAGAIGGLIRK,19,1,3321,5
4707,AKTFKYIILG,10,0,3322,9
4708,MNLNAYFEAYQAIFPFLLEAFLRKEQKV,28,0,3323,4
4709,MKAPSGAFLLGVYSMDTHILR,21,0,3324,7
4710,KSAYMRF,7,0,3325,7
4711,DYVTVKGFSPLRKA,14,1,3326,2
4712,GLPVCGETCVGGTCNTPGCACSWPVCTRN,29,1,51,9
4713,KWKIFKKIEKVGRNIRNGIIKAGPAVAVLGEAKAL,35,1,1869,1
4714,AIEVQTVTLIPGD,13,0,3327,1
4715,MAAPRISFSPSDILFGVLDRLFKDNATGKVLASR,34,0,3328,2
4716,SGKVLSEEEKAAANVYIKKME,21,0,3329,3
4717,NGPNGKSQSIIVGPWGDRVTN,21,0,2942,6
4718,DQDDDIENVITLIETKENQTEQIKQQLLQD,30,0,3330,6
4719,SSQSTCPYCQISCCPPAYCQPSGCRGP,27,1,3331,7
4720,PRAKGAPREGEPKQPHPLPAGPSALANSP,29,0,3332,9
4721,GLLSVLGSVAQHVLPHVVPVIAEHL,25,0,557,7
4722,SDGRNIAVDDRWSFYTLFHATCCADPDCRFRPGC,34,1,3333,8
4723,MLTITSYFGFLLVALTITSALFIGLSKIRLI,31,0,291,3
4724,RPPGFTPFRKA,11,1,113,5
4725,MNIVIVQLGSLALITLAGPIIIVLLFLKQGNL,32,0,3334,3
4726,MSDINAARLPSFFFPVPCISDDIEMVLTRGESLC,34,1,820,4
4727,DCCEERWCCF,10,1,3335,6
4728,MEVNILGLIATTLFILIPTSFLLILYVKTASQEE,34,0,153,7
4729,NYLHDTVGRLWGPSRAGLLDGLDWMVGDVQSR,32,1,3336,8
4730,MPGKVQDFFLCSLLLRIVSAGWCD,24,0,3337,9
4731,GKPTCGETCFKGKCYTPGCTCSYPLCKKD,29,1,51,8
4732,MCCLGTSGCCPW,12,1,3338,4
4733,ATVYNNEGTQVVGGYFDVV,19,0,3339,9
4734,KILRGVSKKIMRTFLRRILTGKK,23,1,3315,1
4735,STSCMKAGSYCRSTTRTCCGYCAYFGKFCIDFPSN,35,1,3340,7
4736,QLAMILPLDGRKKLVNADIEKVKKALTE,28,0,3341,3
4737,IREYYIDRDSQKMMPSRKGISLSKAQW,27,0,3342,2
4738,DDAVADGVHAISGVVDS,17,0,579,7
4739,PQQQREVATAVKNAREMALLPF,22,0,3343,9
4740,IVGGTEVTPGEIPYQLSLQD,20,0,38,8
4741,VTVVQYRSTNASSGYLNLRVYLLDTGLR,28,1,3344,9
4742,ALSILKGLEKLAKMGIALTNCKATKKC,27,0,3345,9
4743,CVPHEGPCNWLTQNCCSGYNCIIFFCL,27,1,3346,3
4744,QYGCPPGLWC,10,1,3347,3
4745,RAILHAPREQECCEPQWCDGGCDACC,26,1,3348,6
4746,EACYNAGTFCGIKPGLCCSAICLSFVCISFDF,32,1,1071,0
4747,AYPGSHISGPNGFMDVK,17,0,3349,6
4748,GVCCGSKLCHC,11,1,30,5
4749,GIFLDKLKNFGKDVAGILLKKASCALSGQC,30,0,789,3
4750,HKRFKTLRTMVFRHKYLSKTSQVLS,25,0,3350,0
4751,LLVECAESNFKITTPDDLVRFE,22,0,3351,8
4752,MPRRRRSSSRPVRRRRRPRVSRRRRRRGRRRRR,33,0,71,5
4753,GSGADCFWKYCV,12,0,3352,1
4754,RPLSWLPK,8,1,3353,1
4755,YDCEPPGNFCGMIKIGPPCCSGWCFFACA,29,1,779,7
4756,ECTPCAPNLCCEPGSTCGTSSTHHGYGEPACVY,33,1,1055,0
4757,QKELVVTATTTCCGYNPMSMCPKCMCTYSCPHN,33,1,243,0
4758,HQVLMELGVQLKQ,13,0,3354,7
4759,DRYERGDVNLDLKGF,15,0,3355,8
4760,CLDAGEVCDIFFPTCCGYCILLFCA,25,1,41,3
4761,RGSLTTHPLRNIKDLVYMGITIG,23,0,3356,9
4762,VGCEEDPMHCKGKQAKPTCCNGVCNCNV,28,1,2854,0
4763,DDSMEEVVTVFIRTGSSLKA,20,0,3357,1
4764,FGLPMLSILPKALCILLKRKC,21,0,3358,1
4765,RICPRILMECKADSDCLAQCICQENGFCG,29,0,281,3
4766,MKRRILLLAGGQSGEHEVSLRSARSVLA,28,0,3359,0
4767,GAAILTNDNAMDALQDL,17,0,3360,9
4768,GWKDWLNKGKEWLKKKGPGIMKAALKAATQ,30,1,724,0
4769,KNGIQVFENLKYHTNSKDNLYKDQPSSGP,29,0,3361,7
4770,STVAGIPLPDLVKMG,15,0,3362,7
4771,AVAVMLSVHHEGKGLCGTYTRDIAQTKQQQVMQ,33,0,3363,3
4772,GLNAIFSNLGDLGNLVSSVCCQSLLRVCCPED,32,1,3364,1
4773,LDELNKRKSYQVNVVGEQ,18,0,3365,9
4774,MPVCTSRSLQGGKVDTHFPLHVLHSVACDV,30,0,3366,9
4775,QLGPQDLPYLTADLSKKQGPWLEEEEAYGWMDF,33,0,3367,5
4776,MNNSTKFCFSRFRTGN,16,0,3368,5
4777,ELEPQGPPHLGTDLSKKQGPWAEEEAAYGWMDF,33,0,3367,3
4778,GVFDIIKDAGRQLVAHAMGKIAEKV,25,1,388,7
4779,HAAATQPQVRALAMIAATPRFVRGSDWP,28,0,3369,0
4780,MGGKWSKSS,9,1,3370,9
4781,ECCTHAHCSQGCRPCC,16,1,3371,5
4782,PNRNAYICLIHYGDGEKRYILHPRGALIGD,30,0,3372,0
4783,MKTNPL,6,0,3373,5
4784,FLPLLLAGLPLKLCFLFKKC,20,1,2380,6
4785,DDESECIINTRDSPWGRCCRDSDV,24,1,1441,5
4786,GILDSLKNLAKNAGQILLNKASCKLSGQC,29,0,789,2
4787,NFNPSCLFPACRDYWTYHGSFTTPPCEECIVWL,33,0,3374,0
4788,MRIAKIGVIALFLFMAFGGIGGVMLAGYTFILRAG,35,0,1146,9
4789,GLFDVVKGVLKGAGKNVAGSLLEQLKCKLSGGC,33,1,3375,6
4790,LKPDEELQGPGGVLSRGYFVFRPRN,25,0,1039,4
4791,CTPRNGVCFYSYFCCSRACNPSTKRCL,27,1,474,9
4792,MINWQVIGQLIATGAIMLAGPAVIVLLALKKGNL,34,0,1472,7
4793,PLLAGLVAADAVASLLIVGAVFLCAR,26,0,3376,6
4794,LKNYVLAEDYHQKYLDKNPGGYCHVD,26,0,3377,5
4795,YYVWIGLRWVNIDCVEGNWSDYSSVSYENLVR,32,1,3378,2
4796,GIPCAESCVYIPCTITALLGCSCKNKVCYN,30,0,493,1
4797,RSKRCLVYGTPCDWLTIAGMECCSKKCFMMCW,32,1,3379,6
4798,DTTHNRRICFAYLRSKY,17,0,3380,8
4799,ACCSYPPCNVNYPEICGGR,19,1,35,5
4800,DAHNEDEEHAEGS,13,0,3381,4
4801,MTVKIAQKKVLPVIGRAAALCGSCYPCSCM,30,0,3382,3
4802,GGGGSGETSGMWFGPRL,17,0,145,2
4803,HKINSFVGLM,10,0,1770,8
4804,MTNEEIKRLVDEVKEGVIARRHL,23,0,3383,4
4805,ECREKVQGCTNTALCCPGLECEGQSQGGLCVDN,33,1,639,4
4806,CKGKGAPCTRLMYDCCHGSCSSSKGRCG,28,1,14,9
4807,VDEDGFEQAEDMPDEVD,17,0,3384,7
4808,GIMDTIKNAAKDVVQSLLNKASCKLAKTC,29,1,3385,3
4809,AANDKASDLMALRDGCCSDPACSVNHPDICGGGR,34,1,755,6
4810,NNSSTANWGGLKQ,13,0,3386,6
4811,HSQGSFTSDYSKYLDSKQAKDFVIWLMNT,29,0,245,2
4812,VRQRGTQFHAGYGVGMGKDHTLFAKV,26,0,3387,7
4813,GVGKFLHSAKKFGQALASEIMKS,23,1,1775,0
4814,LLGPAHAAPDTSVSNKQNFSTDVIYQIFTDRFS,33,0,3388,8
4815,DKLMYD,6,1,1108,1
4816,IRCTGSKECYSPCYKATGCPNAKC,24,1,3389,0
4817,GVIPCGESCVFIPCINKKKCSCKNKVCYRD,30,0,3390,3
4818,DCLGWMAGCDFNDNKCCAGYVCKKHPWCRYDL,32,1,3391,0
4819,PDADEIERLILLALER,16,0,3392,0
4820,EEMTVISGALNVLLPDATDWQVYEAGS,27,0,3393,7
4821,TDAVADGEHAISGVVDS,17,0,579,3
4822,PPGFTPFRIY,10,1,113,8
4823,QKCCGEGSSCPKYFKNNFICGCC,23,1,519,6
4824,GLFKTLIKGAGKMLGHVAKQFLGSQGQPES,30,0,2619,6
4825,SHRRGRKVIVYKMQPKKK,18,0,3394,0
4826,GLLDIVTGLLGNLIVDVLKPKTPAS,25,0,3395,3
4827,KCCSIPKCYKNNKKMC,16,1,3396,1
4828,MWSGLFPDLQGTAFFRAWVASARFRVFHGEGA,32,0,3397,7
4829,SETDSAGRNGQ,11,1,3398,5
4830,CAVTHEKCSDDYDCCGSLCCVGICAKTIAPCK,32,1,3399,7
4831,TKTEEGEFISEGGGVR,16,0,253,4
4832,EKMSDQIEKQEKELLYDVSLIG,22,0,3400,8
4833,IPVCIWKVCPPIPW,14,1,3401,3
4834,DCLGWFKSCDPKNDKCCKNYTCSRRDRWCKYYL,33,1,282,9
4835,TKMMLPALRQQPCCSPSTCDGGCYHCC,27,1,459,3
4836,AFCNLKMCQLSCRSLGLLGKCIGDKCECVKH,31,1,604,0
4837,LPLLAGLAANFLPKIFCKITRK,22,1,138,5
4838,MNLEVVAQLTALAFIVLSGPLVIALLAFRKGNL,33,0,200,8
4839,HSDAVFTDSYTRLLKQMAMRKYLDSILN,28,0,3402,1
4840,GYCAEKGIRCDDIHCCTGLKCKCNASGYNCVCRKK,35,1,3403,8
4841,CTPGGEACDATTNCCFLTCNLATNKCRSPNFP,32,1,2284,1
4842,ADGTITFNGKVTDK,14,0,3404,3
4843,RPECCTHPACHVSNPELC,18,1,35,8
4844,SDSGTTLVRRRLCGSELVTYLGELCLGN,28,1,3405,4
4845,FLPMLAGLAANFLPKIICKITKKC,24,1,138,7
4846,LFSVKSRQTDYFEKQRFGDSSSSPSPA,27,0,3406,7
4847,MEALVYVFLLIGTLVVIFFAIFFRDPPRIAKK,32,0,164,1
4848,SGPYNTVTSVSLFQLMDSG,19,0,3407,8
4849,GVFCGELCIKASCSIPGCECIAGLCYKN,28,0,2676,0
4850,CVQSCSFGPLTWSCDGNTK,19,0,3408,7
4851,FLSLIPHIVSGVAALANHL,19,1,905,1
4852,AVCNLARCQLSCRSLGLLGKCIGDKCECVKH,31,1,604,2
4853,NILPVNRSYMNVPFYLANSA,20,0,3409,1
4854,GSTGLIPFGRT,11,0,188,0
4855,AGSKVVGYFTEWGTYDRKYYVKNIES,26,0,3410,3
4856,AANNKATDLMALRYHECCKHPPCRNTRPDLCGGRR,35,1,3411,2
4857,PFKISIHL,8,1,3261,4
4858,EIQNNSKIQNNSEI,14,0,3412,4
4859,RCPWDPWCN,9,1,356,5
4860,NRLSWCIPSGDLCFPSDHIQCCSAKCAFVCL,31,1,2178,6
4861,VLFTPPELLGCGNRCSDDCCKWGRCQPGCTD,31,1,3413,3
4862,GIMSLFKGVLKTAGKHVAGSLVDQLKCKITGGC,33,1,3414,1
4863,GIIPCGESCVFIPCITSVVGCSCKSKVCYKN,31,0,159,9
4864,GLIGTLTAKQIKK,13,1,3415,1
4865,HSDLPSGVYDPAQA,14,0,3416,6
4866,CCQAFYWCCY,10,1,3417,3
4867,MMIPGHFDYHRPKSV,15,0,3418,8
4868,SQPSMRLRF,9,0,3419,1
4869,IRCQGSNQCYGHCREKTGCMNGKCINRVCKCYGC,34,1,3420,9
4870,KNLRRIIRKIIHIIKKYG,18,1,3421,3
4871,GSSGLISVPRV,11,0,188,1
4872,DPCCSNPACNVNNPQIC,17,1,35,8
4873,LPKPPLLPPPVPGLAPGLPPLPVPDPVPHPPKKPP,35,0,3422,3
4874,NEVCPPGECQQYCCDLRKCKCINLSFYGLTCNCDS,35,1,3423,6
4875,CSPGGEVCTSKSPCCTGFLCSHIGGMCHH,29,1,2181,0
4876,GTACGESCYVLPCFTVGCTCTSSQCFKN,28,1,3424,7
4877,VVIGQRCYRSPDCYSACKALVGKATGKCTNGRCDC,35,1,451,6
4878,GRCCHPACGPNYSC,14,1,7,0
4879,LAMQCGLKVANYPLIPEDFERRQLP,25,0,3425,3
4880,DSSESNEIDDVLFLGRRDANSFMKYPQLGN,30,0,3426,2
4881,HCCPIDLPCCPP,12,1,3427,0
4882,MLTITSYFGFLVAAFTITSALFIGLNKIRLI,31,0,291,8
4883,GVGKFLHSAKKFGQALVSEIMKS,23,1,1775,0
4884,GLPTCGETCFKGKCYTPGCSCSYPICKKN,29,1,51,3
4885,SCGRRGKPCPCCRGFRCTGSFCRKWQ,26,1,3428,1
4886,RPKKVQGRKAEKDNGDGTTAANASGKKKSSNVFK,34,1,3429,2
4887,SDSKIGDGCFGLPLDHIGSVSGLGCNRPVQNRPKK,35,1,3430,2
4888,GAPICGESCFTGKCYTVQCSCSWPVCTRN,29,0,51,9
4889,MLTLTSYFGFLLAALTITPALFIGLNKIRLI,31,0,291,1
4890,PDNFMRF,7,0,3431,4
4891,FLSLIPHAINAVSALVHHF,19,0,53,0
4892,KRFKKFFMKLKKSVKKRVMKFFKKPMVIGVTFPF,34,1,1823,4
4893,KLQELRMWSMLKKWILMFILDFPTR,25,0,3432,1
4894,QHVSSEQHPLFDAVKGCCTHPCTLGCTPCCY,31,1,3433,8
4895,FVPFFTQSDIQKMQEKERNKGQ,22,0,3049,6
4896,GLWNKIKEAASKAAGKAALGFVNEMV,26,0,3434,1
4897,GCCSDPRCRYRC,12,1,39,9
4898,CKGKGASCSRTMYNCCSGSCNRGKCG,26,1,14,0
4899,ISIESKNNKKKRDISKNS,18,0,3435,6
4900,ASGADTCCSNPACQVQHSDLC,21,1,2597,8
4901,QCCDRNSCEYPKCLCCN,17,1,3436,1
4902,CCTQSCTTCFPCC,13,1,973,8
4903,LICYVSDEAAAPP,13,0,3437,9
4904,KQFTKCELSQVLKDMDGYGGIALP,24,0,3438,4
4905,NYCVAKRCRPGGRQCCSGKPCACVGKVCKCPRDNS,35,1,3439,6
4906,IRIRLKAFDRRMLDLSCDKIIETADTTA,28,0,3440,6
4907,GWASKIGQTLGKMAKVGLQELIQPK,25,0,116,9
4908,KVQAIQRHPTKPKLVH,16,0,3441,4
4909,VAPEEHPVLLTEAPLNPK,18,0,3442,1
4910,LFGLIPSLIGGLVSAFK,17,1,575,8
4911,GADVAHKQQSVNHLLYLVTSHYPSLDYSLL,30,0,3443,7
4912,GKTKGVTSGLIAFPRL,16,0,3444,1
4913,ACLGFGKSCNPSNDQCCKSSSLACSTKHKWCKYEL,35,1,3445,4
4914,GLNALKKVFQGIHEAIKLINNHVQ,24,1,1321,4
4915,VDLVAIFNTHHHGDHVGANQALINRY,26,0,3446,2
4916,QLYENKSRRPYIL,13,0,2288,1
4917,PQQRKHFFTLSYT,13,0,3447,5
4918,SPAFDDEHNDNFLRL,15,0,184,1
4919,NEQSGISQTVIVGPWGAQVT,20,0,1018,5
4920,LPPCCSLNKKHCPAPACKYKPCCKS,25,1,2940,8
4921,MIFQIGWAALAAIFTFSIAMVVWGRNGDGSIDI,33,0,62,1
4922,LPPCCSLNLRLCPAPACKYKPCCKS,25,1,2940,1
4923,ILSYLWNGIKSIF,13,1,3448,8
4924,ASQDTFQGKCTGFADKIN,18,0,3449,0
4925,FFGHLYRGITSVVKHVHGLLSG,22,1,473,3
4926,SAIDPNPDTPDSE,13,0,3450,4
4927,YKLPAKVPIRV,11,1,366,6
4928,QESGEVIIEIPR,12,0,3451,5
4929,CCDWDWCDHICTCCGG,16,1,3452,1
4930,CLGVGSCNDFAGCGYAIVCFW,21,1,3020,5
4931,MAAEINMVILAWDLCLLELPY,21,0,3453,8
4932,MEALVYTFLLVSTLGIIFFAIFFREPPKLPTKGGK,35,0,164,4
4933,CYDVGDFCGIPFIKNGNCCSQFCVFVCTPEW,31,1,3454,1
4934,LADYLGGTLVGDGSRQIVGVASLDDAT,27,0,3455,6
4935,GLLDTIKGVAKTVAASMLDKLKCKISGC,28,0,1620,3
4936,MKAIAVLKGSEVTGVVRFEQQED,23,1,3456,6
4937,YDPSPLQDFCVAD,13,0,518,7
4938,MKVKVDADACIGCGVCVELCP,21,0,3457,3
4939,RHARHD,6,1,3458,9
4940,NCCRRQACC,9,1,250,9
4941,YWTRSACCYIEEGEKCPASCKLCC,24,1,3459,0
4942,VCCGYKLCHPC,11,1,30,0
4943,CRLEGSSCRRSYQCCHKSCCIRECKFPCRWD,31,1,3460,7
4944,LSPAAMASLA,10,1,810,4
4945,GIGSAILSAGKSIIKGLAKGLAEHF,25,1,126,8
4946,TATCAGQDKPCQKHCDCCGPKGECVCEGPCICRQG,35,1,3461,3
4947,CCLNRVCGPMCCPASHCYCVYHRGRGHGCSC,31,1,3462,9
4948,ADEKVVIGLAADSG,14,0,3463,0
4949,RGSNLTIHPLRNIRD,15,0,94,7
4950,CAGAGAKCSRLMYDCCTGSCRSGKC,25,1,14,8
4951,FLPVLGKVIKLVGGLL,16,1,3464,7
4952,GKPICGETCFKGKCYTPGCTCSYPICKKD,29,1,51,0
4953,KDALEHTGFAPKKDGEEHVEWNYN,24,0,3465,6
4954,CCHPACAERYNC,12,1,7,2
4955,VELLHEPGLNAPVARIVTESGAEFFN,26,0,3466,9
4956,CRQSCSFGPLTFVCDGNTK,19,0,3408,2
4957,SNKKNYQKEIVDKHNALRRSVK,22,1,3467,9
4958,SGPVPSGCLRCICVVESGRMPNPV,24,0,3468,0
4959,GCCSYPPCFATNPDCAGAGA,20,1,35,5
4960,VGVGGGFGR,9,1,3469,2
4961,ECTHSGGACNSHDQCCNTFCDTATRTCV,28,1,444,1
4962,MPLNIQNIIIIINSSLIIILFSSIFFFQLT,30,0,3470,2
4963,EQIILPALRDQECCSRSWCDGGCYCCKND,29,1,3471,2
4964,GLVSSIGRALGGLLADVVKSKEQPA,25,0,846,4
4965,LNAGYSLPVACVATLLLGL,19,0,3472,0
4966,TWEECCKNPGCRNNHVDRCRGQV,23,1,3473,4
4967,SYNEQFFGPGTRLTVL,16,0,3474,8
4968,ILFMAVLLTAAIFR,14,0,3475,3
4969,GCKGFGKACKYGADECCKNLVCSKKHKWCKYTL,33,1,3476,8
4970,MRYISLNTTIITTTETTGYGAG,22,0,2580,3
4971,FAVIFTCTPPGSHCTGHSDCCSDFCSTMSDVCQ,33,1,3477,8
4972,MGMVSEGQDHAILSDISGLEDAEGDMDFKIAGNLE,35,0,3478,6
4973,CCSQDCSVCIPCCPN,15,1,470,2
4974,MQYISLNTTIITTTETTGYGAG,22,0,2580,5
4975,GEELEERSHHSKFNGDSDNSPFQSEDGLETSWTS,34,1,3479,0
4976,VISIIPV,7,1,3480,3
4977,QMMCTTDEDCPTGQECCPDNINDPQGFCVDDCIV,34,1,2966,0
4978,MCLGVPIKLSKLMKILFNLPQ,21,0,3481,4
4979,MNLELVVQLGSLLLITVAGPLIVFFLFIRQGNL,33,0,3334,0
4980,ADPTFGFTPLGLSEKANLQIMKAYD,25,1,3482,5
4981,GCCSDPPCRHKHQDLC,16,1,35,4
4982,SVMMIDDLLDSGMRMLAKITP,21,0,3483,4
4983,GASDPRCAWRC,11,1,39,9
4984,AANAKLFAVRQSCCSTPPCALLYMEMCG,28,1,1552,6
4985,MIKKLTHATIWFLYSNYINYKLYLVLIIYQKS,32,0,3484,9
4986,ECSESGEWCGLDPALCCGSSCFFTCN,26,1,3485,3
4987,ADNRRPIWV,9,1,2172,7
4988,RSLLHAAGSYT,11,0,3486,0
4989,RGWGSDEKKDREEEEQQ,17,1,3487,0
4990,SLEDIEHEVEELLR,14,0,3488,6
4991,GVTFHDDDLIPF,12,0,3489,5
4992,DTANDPKYGSQYAPQKVNADVDQGVHPEL,29,0,3490,1
4993,DAHGSGNAHKQQDINHLLD,19,0,3491,0
4994,MTEEMLYAALLSFGLIFVGWGLGVLLLKIQGAEKE,35,0,596,7
4995,GFLGSLLKTGLKVGSNLL,18,1,3492,7
4996,SGCGTCDGKTCCGRCECIWGNCRCRPW,27,1,3493,2
4997,YGCCSYPPCFATNSDYC,17,1,35,5
4998,GCGYLGEPCCVAPKRAYCHGDLECNNIAMCVN,32,1,1402,8
4999,MRKEFHNVLSSGQLLADKRPARDYNRK,27,1,3494,5
5000,EAEAEVEADPKKYASKAAFAVRDFDPNEATEK,32,0,3495,2
5001,QYECPVGLWCD,11,1,3347,0
5002,QQAQEVVVRIQQDAKITKLMETEQRLNV,28,0,3496,1
5003,SFSESLAAAR,10,0,3497,2
5004,GKIALPIAKAALPVAAGLVG,20,1,3498,2
5005,KLMPGEKEVAENPR,14,0,3499,0
5006,IFALLILYAPSHKQWP,16,0,3500,2
5007,ILGIITSLLKSL,12,1,721,7
5008,GHDDMPGQPAPSRGESLWAHAEGSISE,27,0,3501,6
5009,MTATILVADDDAAIRTVLNQALSRAG,26,0,3502,4
5010,GSLVKLVSTLLSLVPSLMKG,20,1,3503,4
5011,FLSLIPHAINAVSALAKHF,19,0,53,1
5012,CCRRGYMGCIPCCF,14,1,3504,7
5013,NIFNAISAAGLGNQIKVSTAIDTGVLGTSYPPSK,34,0,3505,2
5014,QSHISKARRPYIL,13,0,2288,1
5015,RKRHPDCDKAADTRI,15,1,3506,3
5016,GLSRSCFGVKLDRIGSMSGLGC,22,0,3507,8
5017,GGCCSDPRCNYDHPEICGLPET,22,1,35,5
5018,GCCSDPRCNYDHPEICGVGVGV,22,1,35,9
5019,ITGQVTGSLAPIAFLRTK,18,0,1101,8
5020,MVNWQVIGQLVSTGAIMLLGPAIIILLALKKGNL,34,0,1472,0
5021,SGADTTFLTK,10,0,3508,7
5022,DDCLGMFSSCDPNNDKCCPNRKCSRKDQWCKYQLW,35,1,282,2
5023,QQGEGGPYGGLSPLRFS,17,0,3509,0
5024,FCCPVIRYCCW,11,1,3510,5
5025,RCCPASACNGACGCCE,16,1,3511,9
5026,LQLDNSVQSLQYRVFAIFFATVLP,24,0,3512,6
5027,AFGTILKALAKIAAKVVKKLATKPGATYMLKQNLQ,35,1,1305,7
5028,GCCSDPRCNYDHPEICGKGKGK,22,1,35,5
5029,GILDTLKQLGKAAAQSLLSKAACKLAKTC,29,1,3513,1
5030,IGALQGAVDRVLTQPTQSIVRNVAVVNSLYK,31,0,3514,2
5031,LVYEFDENFKPLKRYYLGNADEIAAKAAA,29,0,3515,4
5032,RICPRIWMECKRDSDCMAQCICVDGHCG,28,0,2913,4
5033,LDSLSFSYNNFEEDD,15,0,3516,9
5034,KNLRRITRKIIHIIKKYG,18,1,3421,5
5035,VRDAYIAEDYDCVYHCARDA,20,1,3517,0
5036,LLPPWLRPRNG,11,1,3518,7
5037,GIGGALLNVGKVALKGLAKGLAEHFAN,27,1,126,0
5038,DEPPQTPWDRVKDLVTVYVE,20,0,3519,1
5039,MNLELIGQLVTVALVVGAGPIIIGALFARGGNL,33,0,3520,1
5040,ESDRNGRCCHPACARKYNCGR,21,1,7,0
5041,DYMGWMDF,8,0,1640,0
5042,NGVCCGYKLCHPC,13,1,30,5
5043,ECTPPGGACGLPTHCCGFCDTANNRCL,27,1,3521,1
5044,ECCRYVDCRRGCTPCC,16,1,3522,1
5045,NAGTTGVSMVEGRISAGVVVGNGS,24,0,3523,3
5046,MDLTLVGQLISLFAVVAAGPLVIVFLSARRGAL,33,0,3524,7
5047,CKGKGAKCSRLMYDCCTGSCRSGAC,25,1,14,9
5048,GVFKDALKQFGAALLDQAANALKPK,25,1,3525,6
5049,LAASGSCNRTVPGNKSKGRSLIGNVDNSPVVA,32,0,3526,8
5050,GAGEALNAKRQQDVNHLLDLIYDHLHY,27,0,3527,0
5051,EMLKKKKEVKMERKT,15,1,3528,9
5052,LLGMLPVALSALSALSKL,18,0,853,1
5053,VTCAIQVENWTKFALKTPYCRSIVGSLPQLLLA,33,1,2277,8
5054,SCGEEGEGCYTRPCCPGLKCIGTAHGGLCREE,32,1,2809,0
5055,GNVRSYSGYINFPPNSMRE,19,0,3529,2
5056,RCCRWPCPRKIDGEYCGCCL,20,1,2177,4
5057,GLLDVVKGAAKNLLASALDKLKCKVTGC,28,0,1620,5
5058,GCCSNPVCHLEHSNLC,16,1,35,9
5059,TNEKLFFGSGTQLSVL,16,0,3530,3
5060,QAHFRVGISVGKKIGN,16,0,3531,5
5061,MSDINATCLPAWLALCPCVGDDVNPTLTRGGT,32,1,412,5
5062,ECRRRGQGCTQSTPCCDGLRCDGQRQGGMCVDS,33,1,3532,7
5063,QYGCPPGLWCH,11,1,3347,0
5064,VMNKNGVQLLIDSMSYQYLVGAEIDYK,27,0,3533,8
5065,ISDDIQSIIQGIF,13,0,3534,5
5066,GLWSTIKQKGKEAAIAAAKAAGQAVLNSASEAL,33,0,638,5
5067,LINTRCCPGQPCCRI,15,1,650,6
5068,LCGSHLVEALYLVCGERGFFYTPKAG,26,0,3535,0
5069,YLPKVLHQTPGHLKP,15,1,3536,8
5070,DCLPIGSLCHSSEQCCSGWCSPKRVC,26,1,3537,8
5071,VGRYDDVADTFVPEV,15,0,3538,2
5072,VRDAYIAQNYNCVYTCFKNDYCND,24,1,3539,9
5073,IVRPPIRCKAAFC,13,1,2283,6
5074,MKRISTTITTTITTTITITITTGNGAG,27,0,3540,0
5075,GYCYHRYYCCSRACKLTTKRCL,22,1,474,2
5076,INLKAIAAFAKKLI,14,1,305,7
5077,AQVPLGCGLAFAQRYRKEAAVTFDLYGDGAAN,32,0,3541,5
5078,FLFSLIPSVIAGLVSAIRN,19,1,575,7
5079,GVYVIEEDVATYTIK,15,0,3542,7
5080,QDTYLNAKKYIEFYLVVDNGMFKYSFTV,28,1,3543,8
5081,TKKDGEEKVA,10,0,3544,1
5082,ATSNRPCKPKGRKCFPHQKDCCNKTCTRSKCP,32,1,3545,7
5083,GVCCGPKLCHC,11,1,30,6
5084,KREALENVLIPYTEDENKKMIKDAGFSHCETIF,33,0,3546,9
5085,AANLMALLQESLCPPGCYPSCTDCRYMFP,29,1,2153,1
5086,RSCCPCYWGGCPWGQNCYPEGCSGPKV,27,1,3547,8
5087,TLLGQSMAVWSLALFVFCLLVLAAKL,26,0,3548,4
5088,QWCQPGYAYNPVLGICTITLSRIEHPGNYDY,31,1,3549,8
5089,LPLL,4,1,290,2
5090,LLSLALAALPKLFCLIFKKC,20,1,2380,5
5091,LKGASKLIPHLLPSRQQ,17,1,3550,8
5092,LHHP,4,0,3551,2
5093,ALWKTMLKKLGTMALHAGKAALGAAADTISQGTQ,34,1,500,0
5094,LNPFRWVINKYREWKNKKDS,20,1,1301,9
5095,GVFDIIKDAGKQLVAHATGKIAEKV,25,1,388,1
5096,NYYAYPARPENSWWT,15,1,953,3
5097,VVVTLASGLEMCDTTTDGGGWTIFQ,25,0,3552,9
5098,TDVGFDGWR,9,0,3553,4
5099,GIPCGESCVFIPCISTVIGCSCKNKVCYRN,30,0,159,1
5100,ECREKGQGCTDTALCCPGLECEGQSQGGLCVDN,33,1,639,6
5101,GFLVAGGLMLSSLAPNIYFLFFSYG,25,0,3554,2
5102,ARALQQAPPCKRDVDC,16,0,3555,7
5103,IDHKFDLMYAKRA,13,0,3556,6
5104,AGVCCGYKLCHC,12,1,30,2
5105,GAREILTIKVLGGSGRKFANIGDVIVA,27,0,3557,2
5106,QGCCSYPACAVSNPDICGG,19,1,35,3
5107,RKCNFLCKLKEKLRTVITSHIDKVLRPQG,29,1,3558,6
5108,SEAENDLMNKLFTAYNPKVRPAEK,24,0,3559,9
5109,GMASKAGTIAGKIAKTAIKLAL,22,0,3560,7
5110,YHECCKNPPCRNKHPDLC,18,1,35,6
5111,MSALIGYILLMTLMFSLAAGLYFGLRSIRLI,31,0,3561,3
5112,KGNHNFSSFRAKCCQS,16,0,3562,5
5113,SGRGKTGGKARAKAKTRSSRAGLQFPVGRVHRLLR,35,1,3563,3
5114,RYIRF,5,0,3564,9
5115,CTDPGGACGNPGHCCSKFCITTSSTCN,27,1,1835,8
5116,VIGGVECDINEHRFL,15,1,972,1
5117,MEVNILAFIATALFILVPTAFLLIIYVKTISQSD,34,0,153,2
5118,MKQGINGFARRGRL,14,0,3565,0
5119,IKFEPPLPPKKAHKKFWEDDGIYYPPNHNFP,31,1,3566,0
5120,GCCSDPRCRYRCR,13,1,39,9
5121,ESCKTTLGWKYEQAFET,17,0,3567,4
5122,MMDGRVKTLHPKVHGGILGRRGQDDGI,27,0,3568,8
5123,EDCEAGGRFCGFPKIGEPCCSGWCFFVCA,29,1,779,4
5124,NVSCTTSKECWSVCQRLHNTSRGKCMNKKCRCYS,34,1,178,8
5125,MLGEGASKVELQQLRTEHDSLKVQIRKDQKSI,32,0,3569,8
5126,NTDPEQCKVMCYAQRHSSPELLRRCLDNCEKEHD,34,0,3570,9
5127,GSIPACGESCFKGKCYTPGCTCSKYPLCAKN,31,0,1690,6
5128,SSCWFCSTGFNKCCESTGDCMTYPSEYNASCPEA,34,1,3571,4
5129,GVCCGIKLCHC,11,1,30,2
5130,SVGRNIAVDDRGIFSTLFHAHCCANPICKNTPGC,34,1,3333,1
5131,GLVPCGETCFTGKCYTPGCSCSYPICKKN,29,0,51,9
5132,SAIWFWMTPQSPK,13,0,3572,9
5133,QLTFSPDW,8,0,3573,6
5134,LFGFLIKLIPSLFGALSNIGRNRNQ,25,1,3574,3
5135,GFGEDIAMKQHQVNSLLDILFVF,23,0,3575,8
5136,RGSLTILPLRNIRDIFYVG,19,0,94,5
5137,AANKKASDLMALTVRGCCVYPPCAVNHPDICG,32,1,331,2
5138,GCCCNPACGPNYGCGTSCSRTL,22,1,941,4
5139,MSELSAAPLRPGKTQESEKGIYYAREGCVS,30,0,3576,1
5140,NVTELIGNTPLVELI,15,0,3577,8
5141,AGKTEADPDDGEDDGS,16,0,3578,6
5142,ELAARRALEQGMRQIEVLVRGPGSGRETAI,30,0,3579,4
5143,GVTQPKLDKVTGETG,15,0,3580,1
5144,GFLDVLKGVGKAALGAVTHLINQGEQ,26,1,2637,4
5145,MVCPKILMKCKHDSDCLLDCVCLEDIGYCGVS,32,0,3581,9
5146,PPNITALNTTRARTYVF,17,0,3582,4
5147,RDCCSNPPCAANNPDC,16,1,35,5
5148,YPAIAISDVSHISCVGNDFGFNDI,24,0,3583,3
5149,DIIMSTNTFSEEAEALLKEALETYLKEFA,29,0,3584,8
5150,RDCATKKCKDRQCKQRACA,19,1,766,6
5151,MIGINVAIFTNVQRRTVS,18,0,3585,7
5152,LPSDATLVLDQTGKELDARL,20,0,3586,7
5153,RGCCNGRGGCSSRWCRDHARCC,22,1,1037,8
5154,GVCCGVSFCYPC,12,1,1143,9
5155,SCADAYKSCDSLKCCNNRTCMCSMIGTNCTCRKK,34,1,3587,6
5156,QLILYHYTDLQKDKDIVLMTAEM,23,0,3588,2
5157,CCPKKPYCCPG,11,1,3589,2
5158,ECLEADYYCVLPFVGNGMCCSGICVFVCMAQKY,33,1,2334,9
5159,MKNPRVHEIATAMIDAVRKVLVDHQ,25,0,3590,0
5160,EYKNLIVNPSEHFKISVNEDNLTEWDVILKGPPDT,35,0,3591,8
5161,GCCSDPRCRYRCGAA,15,1,39,7
5162,CCGKPNAACHPCVCNGSCS,19,1,1564,2
5163,ACSKKWEYCIVPILGFVYCCPGLICGPFVCV,31,1,136,1
5164,LRSKMDIPCTFQIEVMYEDEPLKDYYT,27,0,3592,9
5165,GVCCGYKLCPC,11,1,30,2
5166,TSPPEASECCPMNRCKLPWCECCL,24,1,3593,9
5167,MFAGLPSLSHEQQQKAVERI,20,0,3594,8
5168,VHNMHISTYEQGNRFNHDPLRTRKLLLHKKEIE,33,0,3595,5
5169,LGRVDIHVWDAVYIRGR,17,1,2553,4
5170,SIAVAFVYNTNSATNLVYADGPKKAAA,27,0,3596,1
5171,APSMGFQGMR,10,0,309,3
5172,IRNQCCSNPACRVNNHVC,18,1,35,7
5173,SATAAREEYQRKRSQFIEIG,20,0,3597,5
5174,MGYILPALSQQTCCVRPWCDGACDCCVDS,29,1,3598,2
5175,NLNGKNYHGKEALKRFLKQNESDQEELMKKLQD,33,0,3599,6
5176,FIGAALGALTAIPSIIKLFK,20,1,2888,8
5177,LDFAKHVIGIASKL,14,0,3600,4
5178,GLWQLIKDKIKDAATGFVTGIQS,23,0,1031,8
5179,GIPCAESCVYIPCLTSIGCSCKSKVCYRN,29,0,3601,3
5180,SSPFDFNRFLDLMAKHL,17,0,3602,1
5181,RILTMTKRVKMPQLYKQIVCRLFKTC,26,1,3603,2
5182,GCCDDPSCRAENPFLCSWM,19,1,3604,7
5183,DVNMLWYVR,9,0,3605,7
5184,VGKTWIKVIRGIGKSKIKWQ,20,1,3606,9
5185,NLLQFNKMIKIMTKKNAFPFYTS,23,1,1963,5
5186,KNKPYPKSRFCRGVPDAKIRIFDLGRKKAK,30,0,3607,4
5187,RCCTGKKGSCSGRACKNLKCCA,22,1,2857,6
5188,QPWIPFV,7,0,2709,7
5189,QSPGCCWNPACVKNRC,16,1,287,7
5190,GWINEEKIQKKIDEP,15,1,3608,9
5191,TCCTACNIPPCKCCA,15,1,1206,4
5192,FFGTKGIFSKVEPIFCKISHSC,22,1,3609,3
5193,INWKKIAEIGKQVLSAL,17,0,3610,0
5194,AHFLPPLL,8,1,2654,1
5195,VCLAYFTSGFNTAAVDHEADGSTNNGIFQINS,32,0,3611,1
5196,LLEAAASGHASQSSSSQK,18,0,3612,6
5197,VDKPDYRPRPWPRPNM,16,0,3613,3
5198,GLPVCGESCFGGTCNTPGCACDPWPVCTRD,30,0,51,0
5199,DAPLSKAEKERQKSEADETREAGERRK,27,0,3614,3
5200,MLFTLGWASLAAMFSFSIAMVVWGRNGDGTLNF,33,0,62,7
5201,GSSGLIPMGRV,11,0,188,3
5202,SQRATNGGLLIAEATVISPTAQGYP,25,0,3615,8
5203,YKNTHAGLLFSFLGFVLNTPAMSISGPPTTFILYR,35,0,3616,0
5204,MIHIQHQVQLKPFNTLNLDVVASHYIKVQSVNE,33,0,3617,5
5205,KDGYLVGTDGCKYGCFTRPGHFCANEECL,29,1,3618,1
5206,AKKRAGNGCFGLKLDRIGSMSGLGC,25,1,3619,6
5207,NGWNDNKNFVLFGAAAWIGLVLLVGTLYYFVV,32,0,2327,7
5208,AVYGDCGGERCRFGCCKTDDGEEKCQHFGCP,31,1,3620,2
5209,ALWKTMLKKLGTMALHAGKAAFGAAADTISQ,31,1,500,1
5210,KKWRWWLKALAKK,13,1,1390,7
5211,FIGDIWSGIQG,11,0,3159,1
5212,QKIVCDQEEMFCTIDGECCLHECCLGKCSSPCIP,34,1,3621,6
5213,MEQVADFDTIYQAMIQISVVLCFALGIIAGGQR,33,0,3622,1
5214,ARCENFADSYRQPPISSSQT,20,0,3623,3
5215,VVSCADILTLAAR,13,1,3624,3
5216,LLPIVGNLLKSLL,13,1,155,3
5217,IDCTRFVYAPICRGVAA,17,1,448,5
5218,GCGMMRVTVQQPLSPEALSWTPNCNVS,27,1,3625,1
5219,ACCDPHWCDAGCYDGCC,17,1,902,8
5220,SLWENFKNAGKKFILNILDKIRCRVAGGCRT,31,1,3134,6
5221,DGRCCHPACAKHFNC,15,1,7,4
5222,GLFGKLIKKKGRKAISYAVKKARGKH,26,1,845,5
5223,AEGAVMEIDAATRRNLELAETLSGERR,27,0,3626,2
5224,LLVWKHFGRVAPHGKEWKWMMENVLGV,27,0,3627,5
5225,SCNLSTCATHNLVNELNKFDKSKPSSGGVGPESF,34,0,1020,3
5226,SVDMVMKGIKLWPL,14,1,3628,8
5227,VDIHVWEGV,9,1,1890,9
5228,ALPCPYGCPLRCCHMTDGVCLRNKQGC,27,1,3629,2
5229,STEQEDP,7,0,3630,0
5230,ECRKKGQGCTNTALCCPGLECEGQSQGGLCVDN,33,1,639,1
5231,LKCNKLVPLFYKTCPAGKNL,20,1,2892,1
5232,PARNKDQEQEVLTI,14,0,3631,1
5233,IRDECCSNAACRVNNPHVC,19,1,35,8
5234,DDDDDDHTIEHFETF,15,0,3632,8
5235,FNWRCC,6,1,3633,6
5236,CCEAPFCNAGCTCCNP,16,1,2148,2
5237,HSQGTFTSDYSKHLDSRYAQEFVQWLMNT,29,0,245,5
5238,SIKDKICKIIQAQCGKKLPFT,21,1,3634,5
5239,FALGAVTKVLPKLFCLITRKC,21,1,1155,7
5240,MPNISEIIDSINRRSMAEIIT,21,0,3635,0
5241,NLFQFAEMIVKMTGKEAVH,19,1,3636,7
5242,GVLDAFRKIATVVKNVV,17,0,3637,4
5243,AGGKSTCCPCAMCKYTAGCPWGQCAHHCGCS,31,1,84,1
5244,ACLPNSCVSKGCCCGSGYWCRQCGIKYTC,29,0,3638,9
5245,LSKKQCGADGQFCFLPGLGLNCCSGLCLIVCVPT,34,1,764,9
5246,KRFKKFFKKLKNSVKKRAKKFFKKPKVIGVTFPF,34,1,1823,1
5247,CCSLRRCEPHCHCCVQRH,18,1,370,5
5248,RAADEAKRGKMFGFFVGQAMKASKGKA,27,0,3639,9
5249,GRGREFMSNLKEKLSGVKEKMKNS,24,1,3640,6
5250,AVPCGQVSSALSPCMSYLTGGGDDPEARCCAGV,33,0,3641,8
5251,MIINHNMSAINANRVLGT,18,0,3642,1
5252,FITGLISGLMKAL,13,1,2033,3
5253,MSDINATRLPIWGIGCNPSVGDEVTALLTSGEA,33,1,346,3
5254,MLTLTSYFGFLLAALTITSALFIGLNKIRLI,31,0,291,9
5255,QDVDHVFLRF,10,0,986,9
5256,GLVNGLLSSVLGGGQGGGGLLGGIL,25,1,3643,0
5257,MDILSLGWAALMTMFTFSLALTVWARNGF,29,0,233,3
5258,SKEISEGRLSLIHSNFQNLIKELNL,25,0,3644,6
5259,ACAEFGHSCISATCCPGVTCVEIDEPVCLWD,31,1,3645,3
5260,NAAANDKASGVNGCCSNPACHVDHAELC,28,1,3646,4
5261,AAKVKYSNTPEECCPNPPCFATHSEICGVRR,31,1,1361,9
5262,GFVLTCVAYPTSDVTI,16,0,3647,1
5263,AWTCLLLDKACAYTTFATTVAAAQACVVALDG,32,0,3648,7
5264,FLPAIFRMAAKVVPTIICSITKKC,24,0,138,0
5265,FIGALLGPLLNLLK,14,1,3649,6
5266,GIPCGESCVFIPCLTTVAGCSCKNKVCYRN,30,1,159,5
5267,CQVVERGLDAA,11,1,3650,2
5268,GLFDIIKKVASVIGGL,16,0,599,3
5269,HVGGDECNINEHRSLVAIFVFTEFF,25,1,972,5
5270,CYISNCPIG,9,0,391,5
5271,NLLQFNKMIKVETGKNAIPFYAF,23,1,1963,0
5272,VLELIKVNMSETGMPPTRAEIAQKLGFKSANAA,33,0,3651,9
5273,GWTLNSAGYLLGPHAIDNHRSFHDKHGLA,29,0,2234,4
5274,FENKVAEKQKLFQADNGLPVLK,22,0,3652,2
5275,CFTCNGGECCGSCMCSWDKDDCICV,25,1,3653,9
5276,GVIPCGESCVFIPCISTLLGCSCKNKVCYRN,31,1,159,4
5277,AVLNVEDHGTQLALFYV,17,0,3654,6
5278,MDIVSLAWAALMVVFSFSLSLVVWGRSGL,29,0,233,6
5279,SKTPIRVAVTGAAGNIGYHLLFRIA,25,0,3655,9
5280,QGVCCGYKLC,10,1,30,7
5281,GCPADCPNTCDSSNECSPNFP,21,1,3656,2
5282,KLGVEEIDATGEFDPNLHNAVMHIEDEE,28,0,3657,1
5283,DDESECIINTRDSPVGKCCRTRMV,24,1,1441,5
5284,WWEGDCRTWDAPCNPAVECCFGVCRHRRCVLW,32,1,3658,0
5285,MKYINCVYNINYKLKPHSHYK,21,0,3659,2
5286,GADQLATVAEAHIRGERIDEALVVEQIAPCFI,32,0,3660,4
5287,TGPQTTCQASTCEAGCKQIGKSMKSCQGDTCECA,34,1,3661,7
5288,CLGGGEVCDIFFPQCCGYCILLFCT,25,1,41,9
5289,NCCPIDEESCCS,12,1,3662,3
5290,SSPCLLQANLSSDYYTKTCPEFEETLVQIV,30,0,3663,7
5291,RKNSPRIVQSNDLTEAAYSLSRDQKRM,27,0,3664,7
5292,HWAVTDRAHPT,11,0,3665,1
5293,ADCSTYCFGMGICQSGCYCGPGHACMPN,28,1,3666,4
5294,GCCHPSTCHVRKGCSRCCP,19,1,2820,5
5295,MITDSQIFFALCIALTAAVLAIGLGRQLYV,30,0,3667,2
5296,FLPLIASVAANLVPKIFCKITKKC,24,1,138,4
5297,DHPGVRDGTNIVLKILPWGDEAYAAGG,27,0,3668,7
5298,RIKIGLFDQLSKL,13,1,3669,0
5299,DAPGGASDAQKQ,12,0,3670,4
5300,KDGYLPGNEGCKY,13,1,3671,8
5301,IGIFYGSSSGVTGKV,15,0,3672,2
5302,EAGEECDCGTPENPCCDAAT,20,1,3673,1
5303,GNALSWATSGGSG,13,0,3674,1
5304,GFLEKLKTGAKDFASAFVNSIKGT,24,1,449,8
5305,IVDRCCNKGNGKRGCSRWCRDHSRCC,26,1,3675,7
5306,PSAIFGTQMERHVGKRLDIPCGVIA,25,0,3676,0
5307,DSSQGSEYDYVIFTQTTETAHSCNVNRFNVAITR,34,0,3677,3
5308,LCPPMCRSCSNC,12,1,3678,6
5309,GLTILAEEARNLSDASAQE,19,0,3679,1
5310,MLSKGVLSARLFNLIYG,17,0,3680,2
5311,FLGALVNALRGLL,13,0,3681,5
5312,AVDLAKIANKVLSSLF,16,1,3682,7
5313,CKCPSCNFNDVTENCKCCIFRQP,23,1,3683,4
5314,SILSTLKDVGISAIKSAGSGVLSTLLCKLNKNC,33,1,798,5
5315,GPDSAFLRL,9,0,2917,2
5316,VPPGFTPFRVD,11,1,113,9
5317,VSVELGTLNHTALTLEALT,19,0,3684,5
5318,MRLVLLGPPGSGKGTQAAQMKETLQIP,27,0,3685,1
5319,MFNWNIVAQLLSLALVTLSGPAVIFLLYFKRGNL,34,0,3686,6
5320,VSIWFCASRTCSAPADCNPCTCESGVCVDWL,31,1,506,5
5321,RIISSVAVAVAGTA,14,0,3687,2
5322,ECENPACGNHTSK,13,1,7,7
5323,RRGCFRVCYRGFCFQRCR,18,1,1705,8
5324,RGCPRILMRCKRDSDCLAGCVCQKNGYCG,29,0,281,9
5325,CRWRWKCCKK,10,1,3688,8
5326,FLPVIASVAAKVLPKVFCFITKKC,24,1,138,2
5327,IENEEIVDMHNALRRAVRPTASNMLQM,27,1,3689,4
5328,MPLSDTQVFTALFVALITGILSLRLGTQLYK,31,0,3690,0
5329,SVKSEVDNFDKHLKAESAPFNNE,23,0,3691,8
5330,TPSQCTAAQANKCCTGLTNGILNLNVLPALNP,32,0,3692,8
5331,SYNSPLHFGNGTRLTVT,17,0,3693,0
5332,FNGRSAAADQNAPGLIAQVVRGGCCSDPRCAWRCG,35,1,3694,7
5333,TALPQLRLPATSRILCAGVLEGGIDTCNR,29,1,3695,4
5334,MIFTKINVIFIKNPNRKKKKCKIVNVNITMGF,32,0,3696,9
5335,GCCSYPPCYATNPDC,15,1,35,0
5336,AGGTSGLYAFPRV,13,0,280,9
5337,MTITSTQVYIALLTALIPAFFALKLGKELSK,31,0,3697,3
5338,APKNIVLFGATGMTGQVTLGQALE,24,0,3698,2
5339,GKADEVILRFGNEMPLQMEYMIRDE,25,0,3699,0
5340,CKSKGAKCSKLLYDCCSGSCSGTVGRC,27,1,14,6
5341,LFGFLIPLLPHLIGAIPQVIGAIR,24,1,3700,3
5342,GFLWWNASPAKIFMGDTGSLA,21,0,3701,5
5343,RAPEVVEEQRSSDGTIKWAIAVG,23,0,3702,5
5344,YCKSKGAKCSKLMYDCCSGSCSGTVGRC,28,1,14,0
5345,AFIEGSRGYFQRELKRTDLDLLEKFNFEAALAT,33,0,3703,1
5346,MLTITSYFGFLLAALTITSALFIGLSKIRLI,31,0,291,7
5347,MLQMRATLAFLGQTLTYNTSCQRRQK,26,0,3704,1
5348,MEPSQSINLIILGLIVVMHAGVLALRLGISLARI,34,0,3705,4
5349,MNLIIILVWHSMKHSKGYVLEAQDDELSR,29,0,3706,4
5350,MDSVTIAWAALMAISTFSLSLVVRGRSGL,29,0,233,5
5351,ARRRRRHASTKLKRRRRRRRHGKKSHK,27,0,3707,9
5352,METNYLGLLATILVILVPSIFLVILYVQTSSKSES,35,0,3708,6
5353,AEYDVSDADIEAFYQ,15,1,1480,7
5354,IWSASEKVEKAVS,13,0,3709,0
5355,STNIGSAVAALNGFR,15,0,3710,2
5356,CEDGGVPSASCRANTEDYRYCNACYLQEVIGK,32,1,3711,9
5357,GTSGLISFPRT,11,0,188,6
5358,ASENGKCNLLCLVKKKLRAVGNVIKTVVGKIA,32,1,3712,9
5359,YGNFPTCSETGEDCSAMHCCRSMTCRNNICAD,32,1,3713,6
5360,SVFAFQDESTSTIAQARLFI,20,0,2321,7
5361,SLSPGTKANYTRLWANSTSSW,21,0,3714,7
5362,TTPLLTTSSGAKMGKSAKGAVWLNGDLFSP,30,0,3715,7
5363,AEEQSFSSTKFSTDQPNLILQGDA,24,0,1309,6
5364,SIYERCELARELINR,15,0,3716,7
5365,CTPAGGACDATTECCILFCNLATKKCQVPTFP,32,1,2284,8
5366,LKLLGIVKKVLGAI,14,1,3717,8
5367,VSDRLRWCVPSGEVCRRYEFVGCCSGKCFFVCS,33,1,3718,6
5368,LQPKLEYQYKYHGIVALGIPSYKTQFYDAH,30,0,3719,7
5369,PCCSGWCFFACA,12,1,3720,7
5370,ASLDEECNEYCKQRTKNCCGKTNEEPVCARRCL,33,1,1925,6
5371,PQVGLIPFPRV,11,0,188,2
5372,HRHQGPIFDTRPSPFNPNQPRPGPIY,26,1,915,3
5373,GYEEDREIAETVRELEEAGK,20,1,629,8
5374,PTSPCKHTRIRLFDNN,16,0,3721,6
5375,MKNRVYESLTTVFSVLVVSSFLYIWFATY,29,0,3722,4
5376,MADEALQHTFFA,12,0,3723,5
5377,VFCRFNGQQCTSDGQCCYGKCRTAFMGKICM,31,1,894,6
5378,VWPLGLVICKALKIC,15,1,3724,8
5379,ALWKSLLKGAGQLVGGVVQHFMGSQGQPES,30,0,3725,7
5380,MITDFQVYIALMAALLASVLAIRLGATLYQ,30,0,3726,5
5381,ACPGPNPGRP,10,1,3727,2
5382,EDDHHHHHHHHHGVGGGGGGGGGG,24,0,3728,3
5383,GIMDTLKNLAKTAGKGALQSLLNHASCKLSGQC,33,0,186,3
5384,RWRDRFVFCAEAIYKS,16,0,3729,6
5385,FLSTALKVAANVVPTLFCKITKKC,24,1,138,9
5386,CTYWLGPCIVDSECCFNSCEERFCGLW,27,1,3730,6
5387,ALFATDGERVE,11,0,3731,2
5388,FLKPSVAGFLLQKIGVIESLLEKFAVGTESIAK,33,0,3732,7
5389,SLVNMFVRGCW,11,0,3733,4
5390,QHWSYGLQPG,10,0,1514,1
5391,MATGGFGCLLLLIREIDLSVKRQI,24,0,608,5
5392,DGIPASFTSAKSVFSSKALVK,21,0,3734,2
5393,GVPVLDLDYAEDSVAE,16,0,3735,4
5394,EGKTRSWKKAVVT,13,0,3736,5
5395,MKNSVAEH,8,0,3737,0
5396,VMQLRYYNWIDCCHDGDCC,19,1,2368,5
5397,VVGGDECNINEHRFLVALYY,20,1,972,2
5398,MLTITSYFGFLLAALTITSALFIGLTKIRLI,31,0,291,9
5399,KVYCCLGVRDDWCCAGQIQI,20,1,3738,8
5400,GMATKAGTIVGKIAKVALNAL,21,0,86,6
5401,APGDLLWSDEFDGAAGSAPNP,21,0,3739,8
5402,HHDDWEGVNTICHTID,16,0,3740,0
5403,GLWSTIKNVAAAAGKAALGAL,21,1,3741,1
5404,MTSDYRVSPIKKSRPAMSK,19,0,3742,9
5405,WVRIRLVKDDLIILPA,16,0,3743,0
5406,HEPCGESCVFIPCITTVVGCSCKNKVCYN,29,0,159,5
5407,ACGSCRKKCKGPGKCINGRCKCY,23,1,3744,9
5408,GIWGTALKWGVKLLPKLVGMAQTKKQ,26,1,3745,9
5409,MDYLITFYHSPQTNS,15,0,3746,8
5410,ILRRRKDQVLKHLP,14,0,3747,3
5411,NNSKAKCGDLAGWSKLTFKSADECTKTGQKS,31,0,3748,3
5412,GFSPNLPGKGLRIS,14,1,3749,4
5413,CCHWPYCAPPPLGCRCC,17,1,3011,3
5414,KKDGYPIQENGCKY,14,1,3750,0
5415,MVPVPVHHMADELLRNGPDTVI,22,0,3751,7
5416,FLPLLILGSLLMTPPVIQAIHDAQR,25,1,3752,3
5417,PECYNCFPNDDGHCVGTCCGEDSCKGGIRGCGCV,34,1,3753,2
5418,MSDINTARLPLFLPPVRMPPCVGDDIEMVLTRGE,34,1,3754,9
5419,GICACRRRFCLNFEQFSGYCRVNGARYVRCCSRR,34,0,3755,1
5420,MSKGYVWVVDDDSSIRWVMEKTSPLPT,27,0,3756,5
5421,SKQCCHLPACRFGCTPCCW,19,1,320,6
5422,MEAIVYTFLLVGTLGIIFFAIFFREPPRIAK,31,0,164,0
5423,TESYFVFSVGM,11,1,3757,3
5424,CTPPGGACGVYYHCCSNYCITISSTCR,27,1,1835,7
5425,WGRRCCGWGPGRRYCRRWC,19,1,2640,1
5426,GIGGALLSFGKSALKGLAKGLAEHF,25,1,126,7
5427,VDKPDYRPRPWPRPN,15,1,3613,5
5428,CFCKRPVCDSGETQIGYCRLGNTFYRLCCRQ,31,0,3758,2
5429,GCCSHPACTVNHPELC,16,1,35,8
5430,RCCPGWELCCEWDDGCK,17,1,951,6
5431,CTPSGGACGFYYHCCSNYCITISSTCR,27,1,1835,9
5432,QNWPSPKVPP,10,1,52,0
5433,FLPGLIKAAVGIGSTIFCKISRKC,24,1,1707,3
5434,IYIVSIISSEYGANKILSKYPFIYLFTVTIDP,32,0,3759,2
5435,EDCCALHACWMYC,13,1,2322,4
5436,VGRPRF,6,1,2408,0
5437,ALPTYTPESPADATR,15,0,3760,9
5438,MWKKPAFIDLRLGLEVTLYISNR,23,0,640,1
5439,DNLKKRRRCADDD,13,0,3761,2
5440,TETTEGDFIAEGGGVR,16,0,253,6
5441,CKSKGAPCRRTSYDCCTGSCRSGRC,25,1,14,2
5442,DASNAQKQHDVNFLL,15,0,3762,6
5443,AAGMGFFGAR,10,1,3763,9
5444,DLARNLGLVDIDDEYDEDSDKEKPIFNV,28,0,3764,8
5445,QCSPVGGSCSHHYNCCSLYCNKNIGQCLATSYP,33,1,664,8
5446,CNNRGGGCSQHPHCCSGTCNKIFGVCL,27,1,3122,5
5447,GFCWYVCVYRNGVRVCYRRCN,21,1,3765,5
5448,RAGLQFPVGRVHRRK,15,1,1579,2
5449,ARAAEEAAQKAAEEARV,17,0,3766,0
5450,SLWETIKNAGKGFILNILDKIRCKVAGGCKT,31,1,3134,9
5451,AQNVIAPNTLSNSIRMLGSQSPLIQAYG,28,1,3767,4
5452,RDCPPWCPTSHCNAGTC,17,1,2401,8
5453,YFDPFSLDVWDPFQA,15,0,3768,6
5454,GRLQAFLAKMKEIAAQTL,18,1,3769,5
5455,FKGRMITHKEIGAKVLAEFAEKTQDI,26,0,3770,8
5456,FSGLEAAIVLIAFVVVAAVFSYVMLGAGFFAT,32,0,3771,0
5457,DCLKFGWKCNPRNDKCCSGLKCGSNHNWCKLHI,33,1,3772,0
5458,FLPLVRGAAKLIPSVVCAISKRC,23,0,3773,9
5459,TLFNGFMHLAAGL,13,0,3774,9
5460,CADGGDLCDPSSDNCCSECIDEGGSGVCAIVADVV,35,1,3775,1
5461,ILGPVLGLDGNALGGLIKKI,20,1,29,3
5462,FLPIIAKLVSGLL,13,0,155,6
5463,AIGGTCCPIPSCASTFPRLC,20,1,3776,7
5464,FLPLVLGALSGILPKIL,17,1,969,9
5465,GIVCECCKHHCTKEEFTEYCH,21,1,3777,6
5466,METLVYTFLLIGTLAVLFAAVFFRDPPRIAKK,32,0,164,7
5467,EENLLKDKPLKSPVIHLLPEQKGIKD,26,0,3778,8
5468,VIGGQECARDSHPWQAAVYHFSDIECGGVLV,31,0,3779,0
5469,FPQLCALGISGESELEE,17,0,3780,3
5470,CKGKGAKCSR,10,1,1342,8
5471,LRPAVIVRTKGK,12,0,1130,9
5472,SEQQGRDVGGAL,12,0,3781,3
5473,KAYSMPRCKYLFRAVLCWL,19,1,658,7
5474,QGGWPRNPIPP,11,1,274,9
5475,MGKGDRRTRRGKIWRGTYGKYRPRKKK,27,0,3782,6
5476,CYINNCPVG,9,0,391,5
5477,MTMGCTHPGGACGGHYHCCSQSCNTAANSCN,31,1,673,3
5478,VASPEQVSVLRDMALQINQVLIDHF,25,0,3783,4
5479,MRAKWRKKRMRRLKRKRRKMRARSK,25,0,522,7
5480,ARGEEECSEAIGRK,14,1,3784,7
5481,RDVAVGSFLPPS,12,0,3785,7
5482,CKLKGQSCRKTSYDCCSGSCGRSGKC,26,1,1649,2
5483,HKVIYDCMMEGMSYRAISLHLGISRETV,28,0,3786,2
5484,LKDGPCPSYMDTCCLSPDRR,20,0,3787,1
5485,SVTLKMHPSLQEIKDLLCSYGAAGALMSGS,30,0,3788,1
5486,YPVQVVIGAYTAMSAGAAPFTGVHLTLGVGIF,32,0,3789,0
5487,DSLEVSTKCRGLWWECVT,18,0,3790,9
5488,LFCNGYGGCRG,11,1,3791,9
5489,WDVDQCIYYCLNGVVGYSYTECQTMCT,27,1,1362,6
5490,RNDLFEALKLEGEEQYEGL,19,0,3792,3
5491,MNILHICVTSKWFNIDNKIVDHRP,24,0,3793,1
5492,GLKDWWNKHKDKIIDVVKEMGKAGLQAA,28,1,1831,9
5493,VPPGFTPFRQS,11,1,113,2
5494,VTCFCKRPVCDSGETQIGYCRLGNTFYRLCCRQ,33,0,3758,1
5495,MIINHNMSAMFAQRTLGVTNNAIGKDME,28,0,3794,7
5496,TLQSLWMTRGCCPGNVLCC,19,1,3795,0
5497,DNPNHSR,7,0,3796,7
5498,FIGAILPAIAGLVGGLINR,19,0,3797,4
5499,APVENQGSFPKMFPRGSHWAVGHLM,25,0,3798,2
5500,EVERPSRQVDIYSLIRLDGDTALNQSNPTFQLE,33,0,3799,8
5501,GLLGTLGNLLNGLGL,15,0,3014,2
5502,SFCPTVNLDKLWTLVSEQT,19,0,3800,8
5503,GTITIIR,7,0,3801,0
5504,RIRKPIFAFPRF,12,1,3802,6
5505,CIEQFDPCDMIRHTCCVGVCFLMACI,26,1,3803,8
5506,CRATDNQWLSTSCSKTH,17,0,3804,7
5507,GIGGKILGGLKTALKGAAKELASTYLH,27,1,3086,1
5508,SLVSLNEPKDEIYMESQP,18,0,3805,8
5509,GAPMFV,6,0,3806,4
5510,IAGSEEYGKHCFKGAVADAYLAKH,24,0,3807,7
5511,MINWQVIAQLVSLGVIVLVGPAVIILLSLKRGNL,34,0,1472,8
5512,GEEEYTKDVRKI,12,1,499,4
5513,SMLSVLKNLGKVGLGFVACKINKQC,25,1,2182,8
5514,DTTPCGESCVWIPCVSSIVGCSCQNKVCYQN,31,0,159,7
5515,QEFRKFDLNSPWEAFPVYRQPPESLKLEAG,30,0,3808,8
5516,IVLLSCAVAALA,12,0,3809,0
5517,WNETSDKDLYTDSR,14,1,817,3
5518,QCCDWQWCDGACDCCA,16,1,1147,2
5519,FVPIWM,6,0,3810,5
5520,RNSDTPKYRCGSEIPNSYIDLCFR,24,1,327,2
5521,GCCSHPACNVNAPHIC,16,1,35,0
5522,MSDINATRLPIWGIGCDPCVGDDVTALLTRGEALC,35,1,346,7
5523,KGFLSSIVGNLGTVGNLVCSVCCQITKSCCPED,33,1,3811,5
5524,AFEIINDIK,9,1,3812,9
5525,KSTDFDYNNKKANYD,15,0,3813,3
5526,PALKLATHRVVV,12,0,3814,0
5527,GFGSLFKFLAKKVAK,15,1,3815,8
5528,QQDYGTGWFDF,11,0,3816,1
5529,GCCSNPPCIAKNPHMCGGRR,20,1,3817,5
5530,TQDHTLASLTSSWIDPSNFCCCGGSCTDDCVDC,33,1,3818,2
5531,YLMKILTERGYSFTTSAEREIVRDVKEKLA,30,0,3819,8
5532,DAQEKRQPWLPFG,13,0,2239,9
5533,SGGGDGSGMWFGPRL,15,0,145,3
5534,TQDDSPVAQISSWIDDSQFCCCTQDCTSICDDCS,34,1,3820,3
5535,LVVGDQLCYRVLIKCLMNK,19,1,3821,1
5536,CATYGKPCGIQNDCCNTCDPARKTCT,26,1,1066,3
5537,ENFAGGCIPGYMRTADGRCKPTY,23,0,502,2
5538,FWGALAKGALKLIPSLFSSFSKKD,24,1,1177,3
5539,LNPLIKAGIFILKHRRPIGRGIEITGRGIKKFFSK,35,1,3822,7
5540,QDVVHSFLRF,10,0,986,1
5541,QDGKSSFQKEGGGVR,15,0,3823,9
5542,GCCSNLACAGNNLHIC,16,1,35,2
5543,MEALVYTFLLVSTLGIIFFAIFFREPPKVPDKGGK,35,0,164,9
5544,TGCCEFPYCAENIPELCG,18,1,3824,1
5545,ECRWFLGGCSGGQTCCEHLVCHRKHQWCVWDWSF,34,1,3825,2
5546,TVSQECCLDTRCAGKNLDEC,20,1,3826,1
5547,QKIQEIDLQTYLQPQ,15,0,3827,3
5548,MIKSELVQIVAARNPHLYHRDVENIVNAFL,30,0,3828,0
5549,AELTSCFPVG,10,1,3829,6
5550,CDTWRDPCTYEHECCWQYHCGFRTCE,26,1,3830,3
5551,VCCPFGRCHQICQCCER,17,1,576,5
5552,PLRPRDMSALFAL,13,0,3831,1
5553,VSCTGSKDCYAPCRKQTGCPNAKCINKSCKCAGC,34,1,1227,3
5554,SKEVMKQMTINFAKPMEACKQELNVPDAVVQDFFN,35,0,3832,2
5555,MPRRRRSSSRPVRRRRRARVSRRRRRRGRRRRR,33,0,71,1
5556,IPALESSHALAHALKMMRENPEKEQ,25,0,3833,2
5557,KLKNFAKGVAQSLLNKASCKLSGQC,25,1,789,9
5558,CVISAGWNHKIRCKLTGNC,19,1,3834,8
5559,KCCMRPICTCPCCIG,15,1,1587,5
5560,ADNRRPIWVM,10,1,2172,8
5561,TVKQLSMVLDLNKEIGGQTTAA,22,0,3835,5
5562,NSMERVEELRKKLQD,15,0,3836,8
5563,FLFSLIPSAIAGLVSAIRN,19,1,575,2
5564,GRPMGHQAIETGLNIFRGLFKGKKKNKKTK,30,1,3837,9
5565,MNIELIVQLTSLALITLAGPLIVALLFLKQGNL,33,0,3334,6
5566,FDIMGLIKKVAGAL,14,1,75,2
5567,CCDDSECDYSCWPCCIFS,18,1,142,9
5568,GWKDWLKTAGGWLKKKGPSILKAVVGAATQ,30,1,724,9
5569,MDLIFPLVGSLLLVICVMVGVAFLTLL,27,0,3838,7
5570,FPFSLIPHAIGGLISAIK,18,1,575,7
5571,RDCQWGCEGCHNRAGCCCGDQVCVDNNRCEP,31,1,3839,7
5572,ENAEEDIVLMENLFCSYIVGSADSFWT,27,1,3840,6
5573,VRHKGGGHAQKYRLIDFCRNKDGIDAVV,28,0,3841,6
5574,KKIDTRTGKTMEKTEKKIELSLKNMKTAT,29,0,3842,2
5575,GIMDTIKDTAKTVAVGLLNKLKCKITGC,28,0,1620,0
5576,VNDGYLDNGLQEGDFE,16,0,3843,0
5577,DYCCRRPPCTLIC,13,1,3844,0
5578,MLMILWFFNQIARCRVNFTGGDGYKPIILYHVIH,34,0,3845,5
5579,GVWDECCKDPQCRQNHMQHCPAR,23,1,3846,4
5580,GIGKFLHSAGKFGKAFIGEIMKS,23,1,1775,7
5581,VAHYAGATVAQMN,13,0,3847,6
5582,GEKGSTDICVNGAAAHLVTPGDLVIIASFTQILEE,35,0,3848,3
5583,MKYNPRVSSNRRKS,14,0,3849,8
5584,LILVIILVIVNFWVKSQIGSLQTNG,25,0,3850,1
5585,VSCTGSKDCYAPCRKQTGCPYGKCMNRKCKCNRC,34,1,1227,0
5586,NVNQSLLELHGAPKYGMAEYLFDKHTLGESDN,32,1,3851,4
5587,LAGGLTEPRPADTEIQEIANKVKPQLEEKTNKKYD,35,0,3852,3
5588,FLGLLGSLL,9,1,1394,7
5589,LTPETASFPR,10,1,3853,5
5590,EQKLEGMNEVIKMMD,15,0,3854,7
5591,GCCSHPACHLDHPELC,16,1,35,8
5592,IYEPEIA,7,0,3855,9
5593,VAAIQTVLG,9,0,3856,7
5594,EQLIELVGPWKTVYIVHFNGET,22,0,3857,1
5595,FKAVRGERLVYSVKWEGGGKITTRIL,26,0,3858,1
5596,DHLPHDVYSPRL,12,0,3275,8
5597,VSTLLPVVAAEEPA,14,0,3859,5
5598,LGPYFRHTFEFDNDKYTIF,19,0,3860,8
5599,FALESFWDGKGNASAHAMEMTK,22,0,3861,4
5600,FGGFGTSQSTGFGGGAFGSTFGKPAN,26,0,3862,6
5601,AIAGLTPPKESKAFAKEKN,19,0,3863,5
5602,AESKKGFLPVIDKKDGYTFLYPFGGQEVSI,30,0,3864,7
5603,VLSHNNESSYSDTSSCTSQ,19,0,3865,3
5604,ALGTLLKGVGSAVATVGKMVADQFGKLLQAGQG,33,1,76,8
5605,FANTIRLLINKVREWKNKQSS,21,1,1301,7
5606,LCCWSEMCHARCKCC,15,1,855,6
5607,MSDINATRLPIFWFIYFPCVGDNVDNTLTRGER,33,1,3866,0
5608,ISDFDEYEPLNDADNNEVLDF,21,0,3867,2
5609,GIPCGESCVWIPCLTSAVGCPCKSKVCYRN,30,1,159,5
5610,MFTLKILVYTVVIFFV,16,0,3868,2
5611,MRLKELFDAQMEYFGEVFEKTEWPYW,26,0,3869,4
5612,ECRYLFGGCKTTADCCKHLGCKFRDKYCAWDFTFS,35,1,1504,7
5613,MTSISDSQIIVILLSVFITSILALRLGKELYQ,32,0,3870,4
5614,CLAGSARCEFHKPSSCCSGHCIFWWCA,27,1,277,8
5615,QVHHQK,6,0,3871,1
5616,GASCDCHPFKGTYWFGTSNCPSGHGYRKKCDSFF,34,1,3872,9
5617,DWVNHAHPQPNSIWS,15,1,3873,9
5618,IPIVCSLLCKAGISIPIFCNCT,22,1,3874,5
5619,KLLKLLLKLLKLLLKLLLKLLK,22,1,3875,7
5620,SKAEADKV,8,0,3876,8
5621,GGCCSHPVCNLNNPQMCR,18,1,35,6
5622,YLDRMDIERERGITIKAQNVR,21,0,3877,0
5623,VALGGCLPTVQLGR,14,1,3878,7
5624,HGGYKPTDK,9,1,3879,7
5625,EVVTEECEEYCKEQNKTCCGLTNGRPRCVGVCF,33,1,3880,5
5626,FGETSGETKGMWFGPRL,17,0,145,2
5627,IIMMAALTECCAAGMCHGGCKCCC,24,1,3881,2
5628,DGKFSTDILMDWQRRFVDAYDVEIQD,26,0,3882,0
5629,RSVTPVTRELLEGSPVR,17,0,3883,7
5630,KFSGVNKKGCDPKWTICNNDAECCFPYSCENSNCQ,35,1,3210,7
5631,TRCKGKGAPCRKTMYDCCSGSCGRRGKCG,29,1,1649,8
5632,QGRHPPIPPAP,11,1,2761,6
5633,LFGFLIPLLPHIIGAIPQVIGAIR,24,1,3700,0
5634,GECDGKKDCITNDDCTGCLCSDFGSYRKCA,30,1,3884,8
5635,QKLCERPSGTWSGVCGNNNACKNQCIN,27,1,3885,2
5636,MLDGVVARPQEAARYYAAGY,20,0,3886,0
5637,LNKRSCLPLDWFCGFNIIGAFLCCSGYCLVVCM,33,1,3887,2
5638,FLGMIPGLIGGLISAFK,17,1,575,4
5639,GCCSHPACNVNNPHICG,17,1,35,2
5640,LPDPKFGSELLAKFVNVVMVD,21,0,3888,0
5641,DAADVKPVARQNEGPGRDPAPCCQHPIETCC,31,1,2722,1
5642,CKGAGAKCSRLMYDCCTGSCRSGKCG,26,1,14,1
5643,QKKDKKDKFYGLM,13,0,2502,2
5644,QQDYGTGWMDF,11,0,3816,6
5645,CEMQCEQKKKHCCRVKRRKDPMCP,24,1,3889,2
5646,DCYRRFEKGVEKGQKCWCIETGVTFSK,27,0,3890,2
5647,IHLKLGCCIMFTCCM,15,1,3891,2
5648,RVCYAIPLPIC,11,1,425,8
5649,KSSKNYAVIKAMAFQE,16,0,3892,7
5650,CTAPGGACYADNTCCSNACNLNTKKCVLS,29,1,3893,2
5651,MSDINATRLPAWLVDCPCVGDDINRLLTRGEK,32,1,412,6
5652,DCLKFGWKCNPRNDKCCSGLKCGSNHNWCKLHL,33,1,3772,7
5653,SPALDDERNDNFIRL,15,0,184,9
5654,YGVPIPRGKAAFTVEEAK,18,0,3894,0
5655,NDKGCCFPWSCVCWSQT,17,0,3895,4
5656,YWTECCGRIGPHCSRCICPGVVCPKR,26,1,2353,7
5657,KEGYVQISNIFLETAENERMHAKRFFKFLSEGL,33,0,3896,2
5658,MLTITSYFGFLLTALTITSALFIGLSKIRLI,31,0,291,5
5659,DNETVCCERGALCCFV,16,1,3897,3
5660,CVKYLDPCDMLRHTCCFGLCVLIACI,26,1,3898,4
5661,VAQVAGVMAAKKTADLIP,18,0,3899,9
5662,YMFHLMN,7,0,1813,5
5663,GLMDTIKGVAKNVAASLLEKLKCKVTGC,28,1,1620,9
5664,GLPWILLRWLFFRG,14,1,3900,0
5665,VTCAIQVENWTKFALKTPYCRSMVGSLPQLLLT,33,1,2277,9
5666,MNLEIVFQLTSLVLILAAGPLVVVLLSARGGNL,33,0,3901,4
5667,RDVQYHPFKQLVLHVD,16,0,3902,9
5668,QNAHPSPK,8,1,372,1
5669,DSPTPNTYNIYYGTAASAN,19,0,3903,2
5670,MLADGQIFTALAVALVPGILALRLALELYKF,31,0,3904,4
5671,CPEMCNEGSGGVACSCSKRRDVVSSFV,27,1,3905,7
5672,FLPVLAGIAAKVVPALFCKITKKC,24,1,138,2
5673,GTLGNLPAPFPG,12,0,3906,3
5674,GEEEVAKFIELARENIAKGCKVNCYP,26,1,173,7
5675,RDACCYHPTCNMSNPQIC,18,1,35,3
5676,GHKLGEFAPTRTFRGHKKEDKKVKR,25,0,3907,0
5677,GKPRPYSPRPTSHPRPIRV,19,1,3908,3
5678,DVNDLKNLCAKTHNLLPMCAMFGKK,25,1,3129,9
5679,INKYREWKNKKN,12,1,3909,4
5680,MASEIFGIAAVFWVLIPVGLAGGALLLKLQKD,32,0,691,6
5681,QHWSHGLSPG,10,0,1514,6
5682,VPATIPLTITNDSGG,15,0,3910,4
5683,CIKNGNGCQPDGSQGNCCSRYCHKEPGWVAGYCR,34,0,1141,9
5684,SDPKIGDGCFGLPLDHIGSVSGLGCNRPVQNRPKK,35,1,3430,7
5685,LAVGKGRILENGTVLPLDVKVGDTVIFAEGYGTKT,35,0,3911,1
5686,CSYFGADCLPDSHDCCSGECFGFPDMGLCT,30,1,328,0
5687,GEEEYQKMLEKSKRSRS,17,1,103,7
5688,AANAKLSERLDPCCRDPPCASTHIDRCG,28,1,1042,2
5689,NDPCEEVCIQHTGDVKACEEACQ,23,1,2672,9
5690,GLPTCGETCFKGKCYTPGCSCSYPICKKD,29,1,51,5
5691,LKEAKVAEI,9,0,3912,2
5692,CGYKLCHPC,9,1,30,4
5693,DTTGVALAAALKADECQIYTDVDGV,25,0,3913,5
5694,GKGASRAIRREGLVPAVIYGDKTPAMGITVDHIA,34,0,3914,8
5695,MLFTFAWASLAAIFTFSIAMVVWGRNGDGTIDF,33,0,62,3
5696,MLTLTSYFGFLLAALTITSALFIGLSKIRLI,31,0,291,0
5697,DKFTYLNYVSDIRIPYP,17,0,3915,7
5698,SDCSGMSDGTSCGDTGVCQNGLCMGAGS,28,1,3916,7
5699,EKIVVGLAADSG,12,0,3463,4
5700,VGCEECPMHCKGKKALPTCDYGCECND,27,1,3917,7
5701,YLGIDCCRIPSCFAKYGSKCSKI,23,1,3918,0
5702,EINSLFIRSDELLHNV,16,1,3919,9
5703,ETFTVKMGGDAGTLQ,15,0,3920,5
5704,KYLEQIEELYEDFNVVRMPLLVEEVR,26,0,3921,8
5705,CCAFQWCGAGCIVCC,15,1,3922,0
5706,TEVPYGPLVWSTGVGPSSFVRSLDFP,26,0,3923,1
5707,GLKDMIKNLAKEAAVKLAGAVINKFSPQPQ,30,0,3924,4
5708,GETFDKLKEKLKTFYQKLVEKAEDLKGDLKAKLS,34,1,3925,0
5709,MTQRPWSKLQRKTHNIAALKIIARRSE,27,0,3926,4
5710,MEVNILAFIATALFILVPTAFLLIIYVKTVSQND,34,0,153,9
5711,EEICRYMCSRKIDYHMCTCPSKRDAISSRIV,31,1,3927,5
5712,GRCDHPACGNNTSK,14,1,7,1
5713,MSAWMSAGFS,10,0,3928,0
5714,LAEQAERYEEMVEFMEK,17,0,3929,4
5715,GMATKAGTALGKVAKAVIGAAL,22,1,3930,6
5716,SFLDKFKDVAIGVAKGAGTGVLKALLCKLDNSC,33,1,481,1
5717,SDNSVVLRYGDGEYSYPVVD,20,0,3931,4
5718,EDCGSDCAPCGGECCCEPNSCIDGTCHHESSPN,33,1,390,2
5719,GSFVNPTTPIR,11,0,3932,5
5720,YGEPKLDAGV,10,0,230,6
5721,GRCCEGPNGCSSRWCKDHARCC,22,1,1037,6
5722,PPESQQGLWGGEGLILG,17,0,3933,4
5723,PRRRRHAARPVRRRRRTRRSSRVHRRRRAVRRRR,34,0,71,5
5724,AGVDPAIPAYVKTNG,15,0,3934,8
5725,CIGSCDSTVWHRV,13,1,1238,6
5726,GVCCGYKPCHC,11,1,30,6
5727,CKGKGAKCSRLMFDCCTGSCRSGKC,25,1,14,1
5728,GCCSDPACNVNNPHIC,16,1,35,4
5729,VHMARNMVPPAD,12,0,3935,5
5730,ADPTPVSVSGGTIHFEGKLVNAAAVSSAD,29,0,3936,9
5731,PRRRRRSSSRPIRRRRRPRVSRRRRRGGRRRR,32,0,71,2
5732,TTCGGKSCPAECRSPCYCKADNSCWKWDYP,30,1,3937,6
5733,MEVNILGLTATALFIIIPTSFLLILYVKTASNEA,34,0,153,5
5734,DPPDPDRFYGMM,12,0,3938,3
5735,MTPPENKNLVQENKELIQEVLKA,23,0,3939,0
5736,MARVVHWQLAKRRAGTHKVKGMG,23,0,3940,0
5737,IGDIWSGIQG,10,0,3159,1
5738,LEDNGRTHWAVLVA,14,0,3941,5
5739,YFRVIGAGQVYGLSAR,16,0,3942,8
5740,GECCTDCAQTAAANYC,16,1,3943,6
5741,CKGKGASCRKTMYDCCRGSCRSGRC,25,1,14,0
5742,DIRPVRADVAGLIPCSQSDAFERRLK,26,0,3944,8
5743,PRRRRQASRPVRRRRRYRRSTAARRRRRVVRRRR,34,0,71,8
5744,VCWLGDPNHPQGICGPQVADIVEIRCEEKEAEQ,33,1,3945,6
5745,CANSTPCTECTSEGKTCQVQPGGKGTCGECVSN,33,1,3946,8
5746,STSSNTSGECSPFSITD,17,0,3947,9
5747,CNNRGGGCSQHPHCCSGTCNKTFGVCL,27,1,3122,2
5748,CCITFESCCEFDL,13,1,3948,9
5749,MVIEQTSRGERSYDIYSR,18,0,3949,3
5750,VDPGESTFIDEGATGR,16,0,3950,2
5751,ANTVKVTLIKSTNGRLANHKAVK,23,0,2838,0
5752,IMRDPRFDNIPLILETVNPDIWAEEIAWLKSQAEI,35,0,3951,2
5753,MSDINTARLPYVVFMSFIPPCVNDDIQVVLTRGE,34,1,3952,4
5754,VQTLYLRIWTMEETPESLKIL,21,0,3953,0
5755,DALTRIEMQQLIEGLWREHGFTVLL,25,0,3954,9
5756,IFCFLALVIAVASANKHGKNKDNAGP,26,0,3955,3
5757,FASSPVLSK,9,0,3956,9
5758,GCCSNPVCHLEHSNLCTNG,19,1,35,9
5759,SIQVIVVTDGERGLIYPPLSNIR,23,0,3957,4
5760,APFCLGYLSPKLKDMEPKPRG,21,1,3958,9
5761,DSTNTV,6,0,3959,0
5762,MEVNILAFIATALFVLIPTAFLIILYVKTESSSS,34,0,153,2
5763,GFKQFVHSMGKFGKAFVGEIINPK,24,0,3960,3
5764,QTQWVKRDALTSPLHCTVKTRYRHPDIQCQIYP,33,0,3961,2
5765,IVIKSLGKFLKNVGGFAG,18,1,3962,6
5766,WDVNDCIHFCLIGVVERSYTECHTMCT,27,1,1362,0
5767,NCFPNGKFCGLPKVGKPCCSGVCVFACV,28,1,3963,1
5768,QHSTDYDEVEDDRAKLHLDAR,21,0,1619,4
5769,SGSDGGVCPKILQRCRRDSDCPGACICRGNGYCG,34,0,3964,9
5770,GPCAEGLHENGVCCSDPL,18,0,3965,1
5771,SGCCSNPACRVDNPNIC,17,1,35,6
5772,DDEANIKINLISVS,14,0,3966,9
5773,GCCSHPACSVNHPQLC,16,1,35,9
5774,LSCCADPACKHTPGC,15,1,3967,6
5775,SLVQFEMMIMEVAKRSGLLWYSA,23,1,310,3
5776,GVFKDALKQLGAALLDKAANALKPK,25,1,3525,7
5777,CVEPGSPCSKYDNECCDACMLSHPNPPVCIE,31,1,541,2
5778,SQAKKHIKAWQPDVVLGMGGY,21,0,3968,4
5779,NILSSIANGINRALSFFG,18,1,3969,4
5780,GCCSHPPCNVNNPHICG,17,1,35,2
5781,MNHGSFFKATRPGLDHWFYWSKKNRWQTILL,31,0,3970,4
5782,MITVPHVVNLNLTGQWRENGGQI,23,0,3971,4
5783,GLASTIGSLLGKFAKGGAQAFLQPK,25,1,2039,1
5784,FYDTTCPK,8,1,3972,6
5785,SGSAKVAFSAIRSTNH,16,0,3973,6
5786,ADREPNHFVA,10,0,3974,5
5787,GLFLNTVKDVAKDVAKDVAGKLLESLKCKITGCKP,35,0,3975,3
5788,ALAQLLSLAR,10,0,3976,6
5789,SGGGEGSGMWFGPRL,15,0,145,0
5790,GFFALIPKIISSPLFKTL,18,1,3977,4
5791,GMATAAGTTLGKLAKFVIGAV,21,1,3930,7
5792,TFARSLGFTEEGIVF,15,0,3978,1
5793,TRLLEKNFFPFVELPEQ,17,0,3979,7
5794,VVGGEVARAHSWPWQISLQY,20,0,3980,4
5795,MASEIFGTAAIFWVLIPAGLLGGALLLKLQGE,32,0,691,5
5796,NEQSGKSQTVIVGPWGAQVST,21,0,1018,7
5797,KVTLEGDFEAGSITVPSRKFLD,22,0,3981,6
5798,PEEHGGLRYCINSAALKFIPFAEMESAGYGEYLKL,35,0,3982,7
5799,NLASLIRSWIDPSNFCCCGGSCTDDCVDC,29,1,3818,2
5800,FLGALLKIGAKVLPSVLCGIFKKC,24,1,138,1
5801,GIVCECCKNSCTYEEITEYCPPVTEGSG,28,1,3983,7
5802,CSPPGSYCFGPAACCSNFCSTMSDVCQENWSG,32,1,3984,6
5803,GSEIQPR,7,0,3985,9
5804,TMTFGLMYAYYAT,13,0,3986,4
5805,DLFQVIKEKLKELTGGVIEGIQGV,24,0,3987,6
5806,AELPQGLWVRPRL,13,0,3988,9
5807,TPFVYRRSHRLGGLF,15,0,3989,7
5808,ADNKFENSLRREIACGQCRDKVKCDPYFYHCG,32,1,3990,7
5809,MESFAYVLILTFAIATLFFAIAFRDPPKIGK,31,0,165,8
5810,FLPLFASLIGKLL,13,0,3991,8
5811,IEKMPMSPIISDYAEPDISVCSDVTA,26,0,3992,7
5812,GEEEVAKMAAEREREAGRLDLSKFP,25,1,2274,6
5813,KRRGSVTTRYQFLMIHLLRPKKLFA,25,1,3993,0
5814,GGCDKNMPGGMIALARTNVPGIYVYGGTIK,30,0,3994,0
5815,GLMSSIGKALGGLIVDVLKPKTPAS,25,0,3995,2
5816,YAEMSQTYPQFMFLTI,16,0,3996,3
5817,GCCSHPACSVNAPELC,16,1,35,4
5818,GLLSGILGAGKKIVCGLSGLC,21,1,365,6
5819,TRTDLEYVLPDGSKALRFDQIEFAAF,26,0,3997,9
5820,TRGCKTKGTWCWASRECCLKDCLFVCVY,28,1,3998,8
5821,RGCGTCDGKTCCGSCECPWGNCTC,24,1,3493,2
5822,IVDPKKLSDREKERLARGYIRAIYDVISPY,30,0,3999,4
5823,GDACGETCFTGICFTAGCSCNPWPTCTRN,29,1,4000,6
5824,LRQSQFVGSR,10,1,4001,6
5825,NEEEKVKWQPDVP,13,0,4002,4
5826,YGGSQGNLIFGKGTKLSVKP,20,0,4003,1
5827,MEALVYTFLLIGTLMVIFFAVFFRETPRILRK,32,0,164,3
5828,IWLTALKFLGKNAAKHFAKRQLSKL,25,1,4004,0
5829,GLTDQKSAPPGL,12,0,4005,1
5830,GADFQECMKEHSQKQHQHQG,20,0,4006,2
5831,GCCSNPPCIANNPDLC,16,1,35,4
5832,SSGAHGEEGSARMKALTYF,19,0,2333,2
5833,GCCPFPACTTHIICRCC,17,1,4007,8
5834,GWGGECRTWNAPCSFTSQCCFGRCANRRCIAW,32,1,4008,1
5835,HSEPGGAY,8,0,4009,3
5836,MPKSPSKSSPRKGSPRKASPKRGGKGAKRA,30,0,4010,2
5837,GLFGKLQKKFGRKAISYAVKKARGKH,26,1,845,1
5838,MNLEVIAQLTVLALIVISGPLVIALSAARKGNL,33,0,200,9
5839,VDDTTPLSEETMMRIGGYMV,20,0,4011,1
5840,MLFTFAWASLAAIFTFSIAMVVWGRNGDGTIDL,33,0,62,1
5841,GIMSSLMKKLAAHIAK,16,1,4012,2
5842,GLWSKIKDAAKTAGKAALGFVNEMV,25,1,1436,4
5843,LQLSYAQKSSELVIGGD,17,0,4013,2
5844,IPLDPVAGYKEPA,13,0,4014,1
5845,GKLNLFLSRLEILKLFVGAL,20,1,4015,5
5846,MGTTTMGVKLDDATRERIKSAASRID,26,0,4016,0
5847,IYVRPTKDELLYCGEFRELGQPDKKCRC,28,0,4017,5
5848,GENNELRLTRDAI,13,1,4018,5
5849,FLPVIAGLAAKVLPKLFCAITKKC,24,1,138,0
5850,MASEIFGTAAVFWVLIPVGLLGGAILLKLQGD,32,0,691,0
5851,RDPCCYHPTCNMSAPQIC,18,1,35,9
5852,FRLSPAARNILEKHSLDASQGTATGPR,27,0,4019,4
5853,CTTMNCLKGHCGCSPDCGSC,20,1,4020,9
5854,ADETCTDLTILTTQYIAGDFD,21,0,4021,6
5855,KKFGGFLI,8,1,4022,6
5856,CLAEHETCNIFTQNCCEGVCIFICVQAPE,29,1,4023,1
5857,AERHNLPVVIVANSFIAIPREAQRVERV,28,0,4024,0
5858,QKLCERPSGTWSGVCGNNNACKN,23,1,3885,3
5859,AGTADCFWKYCV,12,0,3352,3
5860,KSSAEVQQTQQASIPASQKANLGNQNNIMVAYQ,33,0,4025,2
5861,SNKKDYRKEIVDKHNALSRSVKPTASNM,28,1,4026,7
5862,RDACTKKCKDRQAKQRCCA,19,1,766,3
5863,QDYCAQEGQQEVQRKDLSDLERYLRQSRQR,30,0,4027,0
5864,KSYITGEFGHMRLPVDALT,19,0,4028,7
5865,LSSDNLTMQPPTDDRLPLSPLCPTCRICSSKLPSV,35,0,4029,6
5866,GSAFCGETCVLGTCYTPDCSCTALVCLKN,29,0,4030,3
5867,PVSPEGRLAAAWD,13,0,4031,1
5868,MDFIIDIIKKIVGLFTGK,18,1,4032,7
5869,GIKHILFMAKTKLPRATCTAEIKENCDRKK,30,1,4033,7
5870,NEVDIVGALNADLTQFL,17,0,4034,9
5871,SNTALRRYNQWATGHFM,17,0,4035,0
5872,YTRSNQNTCINQMPCVSL,18,0,4036,8
5873,CFISDCAPG,9,1,4037,6
5874,LPTGPNNPTTLDNSSII,17,0,4038,3
5875,GCCRWPCPSICGMARCCSS,19,1,1338,3
5876,RLGERDVKSRTIG,13,0,4039,7
5877,MGHLVLVRHYVLVLLLIELMQLLLGSLGLS,30,0,4040,2
5878,YGSSAG,6,1,4041,0
5879,QVNFTPNWGT,10,0,1695,4
5880,GLPVCGETCFGGTCNTPGCICDPWPVCTRN,30,1,51,6
5881,ILGKIWEGIKSLF,13,1,454,6
5882,GTFPCGESCVWIPCISKVIGCACKSKVCYKN,31,1,159,1
5883,AQQELKQRQRAEIYALNRVMTEL,23,0,4042,3
5884,MKATFVLHGWWRTS,14,0,4043,6
5885,GCTPRNGFCRYHSHCCSNFCHTWAIMCL,28,1,2973,7
5886,CKAESEACNIITQNCCDGKCLFFCIQIPE,29,1,1109,6
5887,ERGCPRILKQCKQDSDCPGECICMAHGFCG,30,0,281,3
5888,RQRRRRIKARRRIKRWRRRRIERRRWIEHATADR,34,0,4044,5
5889,GGGSSGETNGMWFGPRL,17,0,145,0
5890,VILDLNTYRHSISRAHPALSYNKVY,25,0,4045,9
5891,SIMSTLKQFGISAIKGAAQNVLGVLSCKIAKTC,33,1,4046,7
5892,GSSGLISMTRV,11,0,188,9
5893,ENFAGGCTPGYQRTADGRCKATF,23,0,502,9
5894,SMQLVEKSSDSEAAAKASTSLNEVYVVPAFTGL,33,0,4047,5
5895,DWWDDGCSVWGPCTVNAECCSGDCHETC,28,1,4048,3
5896,RLSKKPGKVKE,11,0,4049,6
5897,FFGSIIGALAKGLPSLISLIKK,22,0,355,1
5898,TNVKESEFIAEGAAGR,16,0,4050,2
5899,FLWGLIPGAISAVTSLIKK,19,1,4051,8
5900,QCPAPCYPNCEEC,13,1,4052,3
5901,YESGIEPIGDAWLQFRIRYYMFA,23,0,4053,8
5902,CKGKGAACSRLMYDCCTGSCRSGKC,25,1,14,4
5903,MRIISFALKQWGCCDTGWCDAGCGCCV,27,1,4054,7
5904,QSSRCSRATLFGHRAP,16,0,4055,5
5905,CLEFGELCNFFFPTCCGYCVLLVCL,25,1,41,4
5906,MEPSQSINLIILGLIVVMHAGVLALRLGISLART,34,0,3705,1
5907,ARRRRSSSRPIRRRRPRRRTTRRRRAGRRRR,31,0,71,5
5908,KPRPHQFFGLM,11,0,2184,4
5909,CCIGPKCMEECYCCV,15,1,4,9
5910,RGSALTHLP,9,1,4056,9
5911,IWLTALKFLGKNLGKHLAKQQLAKL,25,1,4004,2
5912,KLRMVNAGAMRAASFNEEMYEDLRDI,26,0,4057,5
5913,INVLGILGLLGKALSHL,17,0,4058,3
5914,DNWWPKPPHQGPRPPRPRPKP,21,1,4059,7
5915,RFRLPFRRPPIRIHPPPFYPPFRRFL,26,1,4060,8
5916,FIGMIPGLIGGLISAFK,17,1,575,6
5917,RPECCTHPACHVSNPELCS,19,1,35,3
5918,QWPFQQWAPCTGHWDCPGDRCCFAGYCLETTPSCD,35,1,4061,0
5919,IDALEIDEDAYEQAVENFEASPWGD,25,0,4062,7
5920,SKITDILAKLGKVLAHV,17,0,1575,4
5921,SLGGKPDLRPCHPPCHYIPRPKPR,24,1,368,0
5922,MEALVYTFLLVTTLGILFFSIIFRDPPRINQ,31,0,164,7
5923,CLAKGDVCNLIDQDCCVGICFISAHKLP,28,1,4063,2
5924,AANNKATDLMALTVRGCCDDPPCRARYPFLCI,32,1,1843,3
5925,GLIVDAFVQPNLILQGDAKVEDNGL,25,0,4064,4
5926,SFYACTNGCWVKPGGGCQC,19,1,4065,7
5927,VIVGDCCDNYCTDERLKGYCASLLGL,26,1,4066,3
5928,MEVNILGLIATALFIIIPTSFLLILYVKTASQQN,34,0,153,1
5929,TRGCKSKGSFCWNGIECCGGNCFFACIY,28,1,4067,3
5930,GCCSYPPCFATNPDC,15,1,35,4
5931,QCLPQYHPCIIGNEECCPHLECKCLPKP,28,1,4068,6
5932,RCCPPEIWCC,10,1,4069,1
5933,AVETSEIKKSDVVLEVGPGFGFLTDEL,27,0,4070,8
5934,GIMDSVKGLAKNLAGKLLDSLKCKITGC,28,1,1620,5
5935,DVLELTDENFESRVSSDTG,19,0,4071,9
5936,KSGRFRSSEELERLYDF,17,0,4072,7
5937,SKCRIGKDGFYSVTCTEKENLCFTQF,26,1,4073,4
5938,GLWNTIKEAGKKFAINVLDKIRCGIAGGCKT,31,1,3134,3
5939,SKEVMKSLSINFSKPLEVKQEMGLQDAVMQDFYN,34,0,4074,9
5940,IIGPVLGLVGSALGGLLKKIG,21,0,29,8
5941,ASFAWVGAHECYSTGTFCGFNGGLCCSNLCLFSCA,35,1,4075,8
5942,RWCVYAYVRVRGVLVRYRRCW,21,1,4076,6
5943,NYTIGNDNVLTEPLSEIKTAGLMYKMGVQ,29,0,4077,0
5944,ADVPGNYPLDSYGNCYPCTILGDNQYCI,28,1,4078,4
5945,LPASVDWRKEGAVLPIRHQGQCG,23,0,4079,2
5946,KERSSSAEHKQKEELKEDSKPREKERD,27,0,4080,0
5947,LEDKKAIVAEVNEAAKAGLSAVVADARG,28,0,4081,5
5948,RATRAKTEKQRSDYARELEELSERLEEAGGVT,32,0,4082,9
5949,CVQQNKKSRSARDMSDALE,19,0,4083,7
5950,VCCPFGGCHELCQCCE,16,1,576,6
5951,ADSLDWREKGVVNSIKDQAQGS,22,0,4084,7
5952,ILGPVLGLVSDTLDDVLGIL,20,1,29,9
5953,GKEKDVFMDKLRDAGAAGIDYLKHFTHHIVKKKN,34,1,4085,5
5954,SETGNTVTVKGFSPLR,16,1,4086,7
5955,FPPWM,5,0,4087,8
5956,MLTITSYFGFLLAALTITSALLIGLNKIRLI,31,0,291,8
5957,GTIPCGESCVYIPCLTSALGCSCKNKVCYRN,31,0,159,8
5958,MFFKIDLKNHPYLIRLKKQEE,21,0,4088,6
5959,RGSLTILPLRNMRDIVY,17,0,94,6
5960,CKSKGAKCSKLMYDCCSGSCSGAVGRC,27,1,14,0
5961,INLRAIAAFAKKLL,14,1,305,7
5962,CDETHDPCTYDDECCDGYCNGIYCW,25,1,4089,2
5963,KVIDVKCTSPKQCLPPCKAQFGD,23,1,4090,1
5964,NLLNDALGTVNGLLGRS,17,1,4091,2
5965,HVGGHNPPVIVIHGNQVSRLPNSYKRY,27,0,4092,0
5966,SIGSALKKALPVAKKIGKIALPIAKAALP,29,1,4093,4
5967,GCCARAACAGIHQELCGGRR,20,1,4094,8
5968,MFTAISYLGILVGALLFVTITFLTLRTIQLL,31,0,4095,5
5969,CKSPGSSCSPTSYNCCRSCNPYTKRCY,27,1,1493,8
5970,GFWKKVGSAAWGGVKAAAKGAAVGGLNALAKHIQ,34,1,4096,2
5971,GFLGPLLKLAAKGVAKVIPHLIPSRQQ,27,1,2775,2
5972,GCCSNPACAGSNAHIC,16,1,35,3
5973,NKFLNFLKKIHIFKTLI,17,0,4097,2
5974,FLPFVGNLLKGLL,13,1,155,1
5975,MSLLVQVISLVVISVVVIIIPPCGAALGRIKA,32,0,2758,8
5976,GEEEYQKIVGKI,12,1,499,1
5977,DVQDCQVSTPGSKWGRCCLKY,21,1,4098,2
5978,AAKFKAPALMERNVWEKCCLDPRCSGKHQNKCG,33,1,2607,9
5979,NYYLYPARPENAWWT,15,1,953,6
5980,DTLKSEKNADFKDLY,15,0,4099,1
5981,FTCCRRGTCSQHC,13,1,4100,1
5982,NMYLPPVPPPPVVPTF,16,0,4101,5
5983,VFCRFNGQQCTSDGQCCYGKCRTAFLRMICMGG,33,1,894,0
5984,CHIGAGSVLAGVIEPPSAKPVVVEDD,26,0,4102,6
5985,GCTPRNGACGYHSHCCSNFCHTWANVCL,28,1,2973,6
5986,KVPCCLGVRDDWCCAGQIQI,20,1,3738,7
5987,THLHGSLFEFRCSICSKPWRDDGDYPREPVERLAP,35,0,4103,7
5988,ITGQASSVSVLDAMEILGPDLTRYRLRQ,28,0,4104,6
5989,GCCSHPACNVNNPAIC,16,1,35,6
5990,INWLKLGKKVSAIL,14,1,540,1
5991,MPTITSYFGFLLAASTITSALLIGLSKIRLI,31,0,291,7
5992,QVIAITGSASGIGAA,15,0,4105,0
5993,GCCPPQWCGPGCTSPCC,17,1,558,5
5994,MNREEMHCDVVKI,13,0,4106,9
5995,ENFVGGCTPGYQRTADGRCKPTF,23,0,502,4
5996,TVDEECNEYCEDRDQNCCGKTNGEPRCAGICL,32,1,1925,9
5997,MNSEKQSRQWAHGADMVVGQLEAQGVKQVFGI,32,0,4107,2
5998,GCLPDEYFCGFSMIGALLCCSGWCLGICMT,30,1,4108,3
5999,EEEEGAEEEEAAKDESEDAKEEEGGEGEEEDTKES,35,0,4109,7
6000,TPEQAEMIKNRFIEML,16,0,4110,2
6001,RGLRRLGRKIAHGVKKYGPTVLRIIRIA,28,1,2106,5
6002,MTKKITIIGAGNVGATAAAASKDLGDIV,28,0,4111,4
6003,LKGIPTDEEQATGLEEYA,18,0,4112,3
6004,MLPRKYKPAYKKQAHRVKSNPQPAYTFQ,28,0,4113,8
6005,DCCDPKEPCCFI,12,1,4114,8
6006,GWCGDPGATCGKLRLYCCSGFCDCYTGTCKDKSSA,35,1,50,6
6007,MTDCRYLIKRVIKIIIAVLQLILLFL,26,1,4115,6
6008,ILGPVLGLVGSALGGLI,17,1,29,9
6009,STLAGKLCQMAINELRQKTGNESLQFIAVRLP,32,0,4116,4
6010,CTDEGEYCTDDLQCCKLQCCRASCSDICRFP,31,1,4117,9
6011,YVHDNCYGDAETKHKCNPKTQSYSYKL,27,0,4118,3
6012,LCKHYVYASLYACLFCNLNEGSPKDYLDND,30,0,4119,2
6013,GEEEYQKMLGKY,12,1,499,9
6014,AAKVKYSLTPAECCPNPPCFAQHSNLCGA,29,1,1361,5
6015,ECRYLFGGCKTTADCCKHLGCRTDLYYCAWDGTF,34,1,1504,1
6016,PQTETKASVGFKAGVK,16,0,4120,9
6017,FLGSIIGALAKGLPSLIALIKK,22,0,355,5
6018,NCDKIVPGMIMGALR,15,0,4121,5
6019,GRNGKSQSIIVGPWGDRVTN,20,0,2942,0
6020,RLCRIVVIRVCR,12,1,4122,6
6021,GILLPALRKFCCDSNWCNISDCECCY,26,1,2710,7
6022,VSEQTFICQYNGNCDVNKNIRCACRHC,27,0,4123,7
6023,SAISCGETCFKFKCYTPRCSCSYPVCK,27,1,51,8
6024,VERYAFGL,8,0,4124,3
6025,VCCPFGGCHELCLCCD,16,1,576,6
6026,VRTPVTVQTKVDNIKY,16,1,4125,0
6027,LLDFYKIAVEDVLVIYDD,18,0,4126,4
6028,MEALVYTFLLVSTLGIIFFAIFFREPPKVPTKKVK,35,0,164,6
6029,MALSDTQILAALVVALLPAFLAFRLSTELYK,31,0,4127,6
6030,VVQNPNFFGAV,11,0,4128,7
6031,GASGLISFPRV,11,0,188,2
6032,GEEEYQKDVGKSKRSRS,17,1,103,7
6033,GLKDMIKNLAKEAAVKLAGAVINRFSPQPQ,30,0,3924,2
6034,FPVDEEFQSPFGSRSRGYFLFRPRN,25,0,223,9
6035,KGAAKGLLEVASCKLSKSC,19,0,4129,5
6036,AVWQFREMIKCTIPPSDDLLDF,22,0,4130,3
6037,GVGDLIRKAVSVIKNIV,17,1,4131,9
6038,LQGAKSIVEKLVSLPFQKVAHRITTLDA,28,0,4132,9
6039,GMFTNMLKGIGKLAGKAALGAVKTLA,26,1,1331,6
6040,KKMKDTDSEEEIREAFRVFDKDGNGFI,27,0,4133,7
6041,VVGGDECNINEHPFLV,16,1,972,2
6042,DVSLLSQAARAEWSNASFASDSDD,24,0,4134,1
6043,FLPLLASLFSRLF,13,1,4135,7
6044,GLFDVIKKVASVIGGL,16,1,599,2
6045,MSDTATRVQKIVVEHLGVESDKVTQE,26,0,4136,4
6046,DCWPQYWFCGLQRGCCPGTTCFFLCF,26,1,4137,2
6047,MTTSMLNAKLLPTAPSAAVVVVRVVVVVGNAP,32,0,4138,1
6048,GCCSYPPCFATNPDCGGAGGAG,22,1,35,1
6049,DSMGAVKLAKLLIDKMKCEVTKAC,24,1,4139,1
6050,ECREKGQGCTNTALCCPGLECEGQGQGGLCVDN,33,1,639,1
6051,RPECCSHPACNVDHPEIC,18,1,35,4
6052,DYDCEPPGNFCGMIKIGPPCCSGWCFFACA,30,1,779,1
6053,MRDLKTYLVAPV,12,0,4140,8
6054,MTTKFVFDLLAPDDILHPSNHVNLIIRPI,29,0,80,7
6055,YVDGVGDTLDLVVMGAYSGVGKRTG,25,0,4141,8
6056,AFCCPSGWSAYDQNCY,16,1,4142,8
6057,QNWPHPPMPPAP,12,1,52,9
6058,AEVYNKDGNKLDIYGKAVGLHYFS,24,0,4143,2
6059,ADDINPKEECFFEDDYYEFE,20,1,4144,4
6060,RALATQLPVIPRSQVTFLAPVTRPEK,26,0,4145,0
6061,ALLDEVVTVPGTGGVLL,17,0,4146,7
6062,GVCCGYKLCRC,11,1,30,5
6063,ISILASLSTFQQMWISKQEYDESGPSIVHRKCF,33,0,4147,0
6064,ALWKNMLKGIGKLAGQAALGAVKTLVGA,28,0,1331,3
6065,ASWKVFLKNIGKAAGKAVLNSVTDMVNQ,28,1,1733,5
6066,NAAAKAFGLITPTVRKGCCSNPACMLKNPNLC,32,1,4148,0
6067,CLGSREQSVRDTSCCSMSCTNNICF,25,1,22,5
6068,CCDDSECDYNCWPCCIF,17,1,142,8
6069,VEVATVKNCGKKLLATPR,18,0,4149,7
6070,QERRAMGFVGMR,12,0,4150,5
6071,GLWSKIKEVGKEAAKAAAKAAGKAALGAVSEAV,33,1,638,4
6072,GCCSHPACSGANPYFC,16,1,35,4
6073,GLMDVFKGAAKNLLASALDKIRCKVTKC,28,1,1620,0
6074,MLKSEVSKQISMPLTAPAF,19,0,4151,3
6075,FLSLIPSLVSGAVSLVKK,18,0,4152,1
6076,NLMQFELLIMKVAGRSGIVWYSDY,24,0,310,7
6077,VKMELDGGVASNSR,14,0,4153,8
6078,FWGTLAKWALKAIPAAMGMKQNK,23,1,4154,4
6079,QGKRPWIL,8,1,4155,1
6080,KTFSDG,6,0,4156,8
6081,RVEKNDLVITADIPLAAEVIEKG,23,0,4157,5
6082,RCCHPACGKKFNC,13,1,7,7
6083,CCGPTACVAGCKPCC,15,1,320,7
6084,GLLPKVKLVPEQISFILSTRENR,23,1,4158,1
6085,SCTDDFEPCEAGFENCCSKSCFEFEDVYVC,30,1,4159,1
6086,ESAPAPEVSGDAVFSAIQNGLKNLGNAFFW,30,0,4160,0
6087,QNCCSIPSCWEKYKCS,16,1,4161,3
6088,FLSALLGMLKNL,12,0,4162,5
6089,SECCIRNFLCC,11,1,615,3
6090,FFPIVGKLLFGLL,13,1,155,3
6091,GLWSKIKAAGKEAAKAAAKAAGKAALNAVSEAV,33,1,638,6
6092,AFCNLRKCQLSCRSLGLLGKCIGDKCECVKH,31,1,604,5
6093,NKTVQTHQEIDKVTDN,16,0,4163,5
6094,DEPEYAEAIREYQLKYGKI,19,1,1693,6
6095,RLSITDVCNFRCT,13,0,4164,3
6096,TEFGPSQPFKGAK,13,0,4165,3
6097,GYEVIDTIK,9,1,4166,9
6098,MELRGCNNSGCDSVCRALGFNHGRCVSADTCRCYN,35,1,4167,9
6099,QCCSNPPCAHEHCR,14,1,2365,5
6100,CVPYEGACNWLTQNCCDAVCVVFFCL,26,1,4168,5
6101,VDLFKEKHMVPEFCSLEEGLPYLDMVIA,28,0,4169,8
6102,SIFFNKTKLISLNF,14,0,4170,8
6103,ESETSESDDDSP,12,0,4171,8
6104,GLPVCGETCFGGTCNTPGCSCTDPICTRD,29,0,51,1
6105,GGPAGKQNAVNQLLVLIYDPKSYKD,25,0,4172,0
6106,RCCRYPCPDSCHGSCCY,17,1,1853,7
6107,LQCYSCINQVDCTSVINCTNQDACLY,26,1,4173,0
6108,GCCSDPRCAWRC,12,1,39,0
6109,NEVCPPGRCEPYCCDPRKCKCLSIDFYGLVCNCDS,35,1,3423,1
6110,ENFAGGCATGYLRTADGRCKPTF,23,0,502,3
6111,GGSIPCIETCVWTGCFLVPGCSCKSDKKCYLN,32,0,4174,6
6112,DCQALWDYCPVPFLSSGDCCIGLICGPFICIGW,33,1,4175,0
6113,EETLSEERVYL,11,0,4176,4
6114,CCDPDWCDAGCYDGCC,16,1,902,2
6115,SFPFFPPGICKRLKRC,16,1,4177,2
6116,MDPTVGWIALLAFFVVSIALVVWGRNGF,28,0,4178,0
6117,FLPFFAACAITRKC,14,1,4179,8
6118,ILSAIWSGIKSLF,13,1,454,3
6119,AANAKLFDVGQSCCSAPLCALLYMVICG,28,1,1552,8
6120,TDEPEEHNELDGNECCRNPDCTSHRCD,27,1,4180,1
6121,YIINVPPRCPPGSKFVKNKCRVIVP,25,0,4181,7
6122,AASDKASELMALAVRGCCSHPACAGNNPDICG,32,1,331,8
6123,MNLLVKCAGKIPALALTWTCRP,22,0,4182,0
6124,GLLDFFKGAGKELLTHLASQI,21,1,4183,1
6125,MDSVSVNQIL,10,0,4184,4
6126,RKVMDEVAPKYAERPGGYTRILRVGTRRG,29,0,4185,6
6127,QRVLQTCKIGNNIKLYIETHVNRDN,25,0,4186,7
6128,SELLILDHIYRQVVHGKEGSIFLV,24,0,4187,9
6129,ECKYLWGTCEKDEHCCEHLGCNKKHGWCGWDGTF,34,1,1706,5
6130,ISIVSLFKAITDMLLTEQIYANYFSTPRLRFYPI,34,0,4188,2
6131,MLLHRLSKFCKIERDIVYIS,20,0,4189,2
6132,ADLIQRRQRSEFQSDIKGILYTVIKKNPDL,30,0,4190,2
6133,GVLDILKNAAKNILAHAAEQI,21,0,322,8
6134,AGPVSKLVSGIGL,13,0,4191,6
6135,NLDTPYCFYSGDYGG,15,0,4192,3
6136,ASAAGAVRAGDDETLLNPVLNSLDNLVSGL,30,0,1859,1
6137,METFCYMKWPVRHHKSRRVSH,21,0,4193,9
6138,WDAYDCIQFCMRPEMRHTYAQCLSICT,27,1,4194,3
6139,EMICNRNEEKGGYCSLTKVKMN,22,0,4195,3
6140,MTRVQFKQHHHHHHPD,16,0,4196,6
6141,CHMDCSKMTCCSGICCFYCGRPMCPGT,27,1,919,9
6142,KRNDTSYLQAITYKNINVSLMRTLA,25,0,4197,2
6143,AAAAPPRRGPSGPDA,15,0,4198,4
6144,LGSAPITEEAIATPPSAETKLVPVGYGIKK,30,0,4199,1
6145,QDECRIGLWCLVRIFN,16,1,4200,0
6146,HAGDLGNIVAGSDGV,15,1,4201,6
6147,MEVNILAVIATALFVLIPTAFLLILYVKTESAGS,34,0,153,7
6148,VTPDGKNTATNA,12,0,913,8
6149,YEGLDWLSNQIRNQKANCNGTMLLWL,26,0,4202,9
6150,DPDCSCSTGGSCT,13,0,4203,2
6151,CCVVCNAGCSGNCCS,15,1,4204,2
6152,GRTSKQELCTWERGSVRQADKTIAG,25,1,4205,6
6153,WRATRGCAATCPEAKPRETVECCATDKCNL,30,1,4206,4
6154,LLGMIPLAISAISSLSKL,18,1,853,4
6155,ATDYDEEEDDRVKVRLDAR,19,0,1619,5
6156,MISDTQIFVALILALFSFVLAIRLGTSLY,29,0,4207,4
6157,TGRVVSDKMDKTIVVAVETKVRHKLYGKRV,30,0,4208,0
6158,TDTKESDFLAEGGGVR,16,0,253,3
6159,KIKWFKTMKSIAKFIAKEQMKKHLGGE,27,1,2004,7
6160,VSAKPARTPT,10,0,398,5
6161,SESEVPGMWFGPRL,14,0,593,3
6162,RLTCGNRKGLLVPSSTTD,18,0,4209,4
6163,SYPNKQPYGPSGFWM,15,0,4210,0
6164,DCPTRCPTTCANGWECCKGYPCVNKACSGCTHGK,34,1,2833,4
6165,NNNTFKNGVIKECADIAYDPNFLRNLDENNYL,32,0,4211,9
6166,GLLQTIKEKLKEFAGGVVTGVQS,23,0,809,6
6167,LLKELWTKIKGAGKAVLGKIKGLL,24,1,4212,9
6168,GECIWDAIFHGAKHFLHRLVNP,22,1,4213,4
6169,CIVGTPCHVCRSQSKSCNGWLEKQRYCGYC,30,1,271,5
6170,MSAGVITGVLLVFLLLGYLVYALINAEAF,29,0,4214,0
6171,CKGKGASCSRTMYNCCTGSCNRGKC,25,1,14,0
6172,DPCCSNPSCAQTHPEIC,17,1,35,1
6173,SHDVNINIQFGFENPQQVVD,20,0,4215,5
6174,KRNGCCNCSSKWCRDHSRCCGR,22,1,2799,0
6175,DLWELAKMILKETGKNPLPSYGAYGCYCGWGG,32,1,4216,5
6176,WPELKTPNDLIGII,14,0,4217,5
6177,VIPIVSGLLSSLL,13,1,4218,1
6178,MAKEIFSIAAVFWILIPIGLVGGALLLKFQGD,32,0,691,3
6179,IIGDTINGAITTADNIVGRIGII,23,0,1722,8
6180,IRCQGSNQCYGHCREKTGCMNGKCINRVCKC,31,1,3420,4
6181,GFDVIDTIK,9,1,4166,0
6182,CSCADMTDKECLYFCHQDVIW,21,1,4219,6
6183,VMIGVESARDAYIAKPHNCV,20,1,4220,2
6184,THSGGACNSHDQCCNAFCSTATRTCV,26,1,444,2
6185,GTLKGIPTDDEQATGLERRT,20,0,4112,3
6186,SLIQFETLIMKVAGQSGMFSYSA,23,1,4221,4
6187,LAAGKVEDSD,10,0,4222,2
6188,AQTVRDIPHHEYAAGG,16,1,2052,6
6189,KCPWSPWC,8,1,356,8
6190,GFCRCLCRRGVCRCICTR,18,1,4223,6
6191,SIRDKIKTIAIDLAKSAGTGVLKTLICKLDKSC,33,1,481,2
6192,GPCCFSNPYCCNL,13,1,4224,8
6193,IRDECCSNPACRVANPHVC,19,1,35,7
6194,ASVHEFLVK,9,0,4225,7
6195,IIPLPLGYFAKKP,13,1,706,0
6196,VSYIQDNTSIPVLGHTE,17,0,4226,1
6197,GMNLVFVGAEVAPWSKTGGLGDVLA,25,0,4227,9
6198,CKGKGAKSRLMYDCCTGSRSGKCGS,25,1,4228,2
6199,MGAEAIKKRLEGFDMQA,17,0,4229,2
6200,CCILCWKCTYNCCRAW,16,1,4230,3
6201,MNNPVCLDDWLIGFKSLCCTLAVIALLII,29,0,4231,3
6202,PASPQKRAASPRRSPKKSPRKSPKKSPRKRSASP,34,0,4232,4
6203,ADDDLEGFSEEDLKAIKEHRAGLAA,25,1,4233,3
6204,DIKNNPEYSSFFGVMGAS,18,0,4234,0
6205,FVDLKKIANIINSIFGK,17,1,2748,9
6206,GHSKTMMAAFI,11,0,4235,7
6207,DRVYIHPFHLLVYS,14,0,4236,0
6208,GDCGCSGASSCTCASGQCTCSGCGK,25,1,4237,8
6209,AKVIGIDLGTTNSVAVMEG,19,0,4238,3
6210,KFLSGGFKEIVCHRYCAKGIAKEFCNCPD,29,1,4239,5
6211,STATVQMIGAIGLSALLFVAGAQALAGR,28,0,4240,8
6212,DDNGKPYVLPSVRTCGFDFTGAVEDISK,28,0,4241,9
6213,GCPGLWC,7,1,4242,2
6214,YVMGHFRWDKF,11,0,4243,2
6215,LIHGSDCQPCGQYVCCPPWKYAEY,24,1,4244,4
6216,KGVFALGAGVDAILDQERRHPGTLPAGV,28,0,4245,1
6217,AAQEGETLTVEETV,14,0,4246,8
6218,CIATDDFCGLPGIGWNCCTGVCIIVCV,27,1,4247,9
6219,MLIYYLQSEKVLFFLYIFLLNFKLRIL,27,0,4248,3
6220,SCGHSGAGCYSRPCCPGLHCSGTHAGGMCV,30,1,4249,1
6221,KVFFEERFEDGWENRWVKKD,20,0,4250,5
6222,GVCCGYLLCHC,11,1,30,6
6223,CCGVPNAACHPCVCKNTC,18,1,1564,8
6224,GCCSAPACSVNHPELC,16,1,35,5
6225,GDACSLLNGDDCGPGELCCTPSGDHQGTCETSCW,34,1,592,6
6226,CPWDPWC,7,1,356,9
6227,GVCCGYKRCHC,11,1,30,2
6228,MERSTQELFINFTVVLITVLLMWLLVRSYQY,31,0,4251,8
6229,VLLIAFLAFLYFSVMKHNERIEK,23,0,4252,0
6230,MPRRRRASRRIRRRRRPRVSRRRRRGGRRRR,31,0,71,4
6231,MEALVYVFLLTGTLMVIFFAIFFREPPRIAK,31,0,164,1
6232,AAEDHALEHLRGQGLRLLARNWRCK,25,0,4253,4
6233,GLLLDTVKGAAKNVAGILLNKLKCKMTGDC,30,1,4254,2
6234,ARTQPGNIAPVGDFTLYPNAPRQGHIVA,28,1,4255,7
6235,GFLDIVKGVGLVALGAVSKS,20,0,4256,7
6236,RCCPMPGCFAGPFCPCCPV,19,1,242,4
6237,GKMKEYFKKFGASFKRRFANLKKRL,25,1,298,8
6238,KKCLTKYSAGLQTSQTCPAGQKICFKKW,28,1,4257,5
6239,ERTGRGMLCIYIDQPAGISLEDCEKVTRQLQHV,33,0,4258,0
6240,CCPPVACNMGCKPCC,15,1,320,9
6241,LAPDYDALDVANKIGI,16,0,4259,1
6242,YHECCKHPPCRNTRPDLCG,19,1,35,8
6243,FDFEPKDHLELGESLGLIDME,21,0,4260,2
6244,PRRRRSSSRPVRRRRARRVSRRRRRRGGRRRR,32,0,71,6
6245,CCKVQCESCTPCC,13,1,1068,7
6246,MSQITTKHITVLFRRWMAIICCLIIKIAYLAY,32,0,1581,8
6247,ALTVETKKRPIGSKPALRRVGFILNAPY,28,0,4261,4
6248,QTAPVPKAISK,11,0,4262,8
6249,MPDPAKTAPKKGSKKAVTKA,20,0,4263,7
6250,GAGGALFVHRD,11,0,4264,9
6251,SKKIGLFYGTTGKTESVAEIIDEFGDEVVTLDID,34,0,4265,4
6252,NVCHGSDSVESANKEIDLWFK,21,0,4266,8
6253,GVPCGESCVFIPCITGVIGCSCSSNVCYLN,30,1,159,1
6254,AIRSLQAAGLEVTLIKDVTPIPHNGCRPPK,30,0,4267,6
6255,MEVNIYGLTATALFIIIPTSFLLILYVKTASTQD,34,0,153,2
6256,MLNIALHGYSLSKSAMDSRLTRKQSKSCT,29,0,4268,0
6257,MVSSITQAEIFIALVVAAHAGVLAVRLCVSLYRA,34,0,4269,0
6258,HTFGNPCMAKAAK,13,0,4270,1
6259,MSDINATRLPIWGIGCNPCVGDEVAALLTRGEALC,35,1,346,7
6260,SLWENFKNAGKQFILNILDKIRCRVAGGCRT,31,1,3134,8
6261,LRRSALAATKDRCVTLEKSTQTVQGPFSAACGLFC,35,0,4271,9
6262,MEVGKLGKPYPLLNLAYVGV,20,0,4272,0
6263,CCHPACGRKYNC,12,1,7,9
6264,MATVLLALLVYLGALVDAYPIKPEAPGEDAFLG,33,0,4273,5
6265,ACRKKWEYCIVPILGFVYCCPGLICGPFVCV,31,1,136,4
6266,FLPAVIRVAANVLPTVFCAISKKC,24,1,138,4
6267,EGPEIEDDYHNFEALNIPE,19,0,4274,5
6268,GCCSHPACNVANPHIC,16,1,35,9
6269,LPYPVNCKTECECVMCGLGIICKQCYYQQ,29,1,4275,2
6270,QGGLPRPGPEIPP,13,1,4276,8
6271,GCCSHPACSGNNPYFC,16,1,35,2
6272,MVELKFLIAFFLAFTAGILAIKLGQALYDC,30,0,4277,8
6273,PTHKNLYVLGGLGSRGLCSGPLAAEA,26,0,4278,6
6274,DWNGCCVKKAGCCPW,15,1,1779,7
6275,RTPKIPEKDVKSDDLILA,18,0,4279,8
6276,KLGVRTIDIAKRLL,14,0,4280,0
6277,DAAEPWQLGFQDAATPIMQGIIDLHH,26,0,4281,2
6278,NEPTHLLKAFSKAGFQ,16,1,4282,8
6279,EDVDHVFLRF,10,1,986,9
6280,GICCSKHPPCCSQFQ,15,1,4283,9
6281,LEVILEGEDVSGEIRTQEVANAAS,24,0,4284,0
6282,ASFIGTSLSSFILKRSVKLALAGAPLILAVSALVL,35,0,4285,7
6283,VFQFLGRIIHHVGNFVHGFSHVF,23,1,2864,4
6284,SVDFDSESPR,10,1,4286,4
6285,GIPCGESCVFIPCTITALLGCSCKDKVCYKN,31,0,493,6
6286,GLLSGLGL,8,0,4287,2
6287,GLWEKVKEKANELVSGIVEGVK,22,0,1370,8
6288,SVDFNSESTRREEKQKEIVDLHNLRDV,27,1,247,9
6289,GINTLKKVIQGLHEVIKLVSNHE,23,0,1321,8
6290,LGFGVVWWSIATVLTPLAAKIGLPF,25,0,4288,8
6291,GCCSYPPCFATNADC,15,1,35,1
6292,VDSEDLIEAFKIYVEDDNEHLQGSVD,26,0,4289,5
6293,GCCSDPRCNYDHPEICGGAAGG,22,1,35,6
6294,DYQHNMVSDRVEHVDFYAVEESVPLR,26,0,4290,5
6295,NPSWVMLYQYGNPANTDSHY,20,0,4291,6
6296,AKITFTNNHPRTIWP,15,0,4292,4
6297,YYICESCWTCESCAGSTESSCVSACNACDLCPNK,34,1,4293,7
6298,IPCGESCVWIPCITAIAGCSCKNKVCYT,28,1,159,7
6299,GLPTCGETCTLGKCNTPKCTCNWPICYKD,29,1,51,3
6300,MSPLKAVAVLTGADVKGVVQFT,22,1,4294,8
6301,TTKPVPSGSPWYGPDRVKNRELEVIHSR,28,0,4295,6
6302,CDLEGMFCMYDFECCLSECCMGICAFGCT,29,1,4296,5
6303,RDPCCAHPTCNMSNPQIC,18,1,35,2
6304,GMLGGSSDVDNP,12,0,4297,7
6305,MSSVTLRNVSKAYGETIISKNINLEIQEGEF,31,0,4298,5
6306,KFGKVLKFLAKTLAKHLAKKQAQS,24,1,4299,0
6307,KRFDEAIYNVIFISL,15,0,4300,3
6308,ILGTILGLLKSL,12,1,721,2
6309,LGRPVDIASWRHAEQLPALFNGTPI,25,0,4301,0
6310,AEVLMDFPQLTMTLPDGREESVMKRTTLVA,30,0,1512,4
6311,MTIAIDYFLLVGFCFAFTSGLYLGLKSIKLI,31,0,2930,0
6312,GSNTECFWKYCV,12,0,3352,6
6313,DCCPIAGCPFGCTICC,16,1,4302,9
6314,NFRTGIVVEEGAEILLAP,18,0,4303,8
6315,TLEEVVVE,8,0,4304,0
6316,MIIGAVEAGGTKFVDGVGNEKGEIFER,27,0,4305,6
6317,MEALVYTFLLVGTLGIIFFAIFFREPPRIIAKTKK,35,0,164,4
6318,SPALADEHNDNFLRF,15,0,184,1
6319,GGNDFMRF,8,0,160,2
6320,MLTITSYFGFLLAALTITSVLFIGLNKIRLI,31,0,291,9
6321,MSRLFFVCRKVR,12,0,4306,5
6322,GLMDIFKVAVNKLLAAGMNKPRCKAAHC,28,1,4307,6
6323,SELTDMINEVDVNSDGSIDFPEFLTM,26,0,4308,8
6324,WLRMASGLTDYR,12,0,4309,8
6325,HPYAYVPFSAGPRNCIGQK,19,0,4310,0
6326,MKLCWQKSIHGS,12,0,4311,9
6327,LKCNKLVPLFYKTCPAGKDLCYKMYMVATP,30,1,3157,7
6328,GLPTCGETCFGGTCNTPGCSCSSWPICTRN,30,1,51,9
6329,LPPCCTPPKRLCPAPACKYKPCCKS,25,1,2940,5
6330,CFLGNCPDS,9,1,156,0
6331,GIWCDPPCPEGETCRGGECSDEFNGDL,27,1,1196,4
6332,TCTGNCRLCGAICCCEPKVCRNNQCIYD,28,1,4312,5
6333,TRTFHFLRSYGHDGWRNDGRNDERKAD,27,0,4313,0
6334,FDLLGLVKSVVSAL,14,1,75,4
6335,TRRTAFLFDELSLWHSASQYALILPVGG,28,0,4314,4
6336,DGAAQAAQGKSDKLPVFPQPLVSFSQL,27,0,4315,6
6337,SIGAKILGGVKTFFKGALKELAFTYLQ,27,1,3086,5
6338,GLWSKIKETGKEAAKAAGKAALDKIAEAV,29,0,621,3
6339,SCGEEGEGCYTRPCCPERLKCIGTAHGALCREE,33,1,4316,7
6340,GLMRSVARDYGPQGVRANA,19,0,4317,8
6341,GLTRPSKRCLAGSAPCEFHRGYTCCSGHCLIWVCA,35,1,277,9
6342,HAKDVVFGGEARARMVEGVNILANA,25,0,4318,2
6343,FLPIIGQLLSGLL,13,1,155,0
6344,MFDDQDLGFFANFLGIFIFIMVIAYHFVVAEPKFE,35,0,4319,2
6345,CASYGKPCGIQNDCCNACDPA,21,1,1066,1
6346,CLAGSARCEFHKPSTCCSGHCIFWWCA,27,1,277,6
6347,KEGYPKNSEGCKITCLFNDPYCKGLCINLSTQADY,35,1,4320,4
6348,FNWRC,5,1,3633,7
6349,QGGPPRPQIPP,11,1,274,1
6350,DCRGYDAPCSSGAPCCDWWTCSARTNRCF,29,1,1892,8
6351,ESEEDQYFYCPACGLQFSYEEAMGY,25,0,4321,6
6352,CYCRIPACIAGERRYGTCIYQGRLWAFCC,29,1,783,1
6353,KVIGIDEDGKLRE,13,0,4322,4
6354,GLGNNAFLGVR,11,0,4323,8
6355,AQVESVCPGVVSC,13,1,4324,1
6356,NHVIGAVKEIRETTDLKICCCLGFLNED,28,0,4325,6
6357,TLCMNQQCPTQCRPPCYCSADNQCWKFDIN,30,1,4326,2
6358,KPRPGQFFGLM,11,0,2184,3
6359,GKPFYPPPIYPEDM,14,0,4327,1
6360,APPGFTPFRS,10,1,113,5
6361,GCTPPGGACGGHAHCCSQSCNILASTCNA,29,1,673,1
6362,KLGEFSPTRTYRGHNKKDKKMQKK,24,0,4328,9
6363,GLWSKIKEAGKAAVKAAGKAALGAVANSV,29,0,621,4
6364,TSTRRMMMRVADKLVHQIGALAIVN,25,0,4329,1
6365,GEPPVAKMAAPLARPNIAKGCKVNCYP,27,1,173,5
6366,ALWKSLLKNVGKAAGKAALNAVTDMVNQ,28,1,1733,1
6367,GTYPPVVLATLRTH,14,0,4330,3
6368,CSYPSKLCNNHRANVNQQRMQQKLIRQQMVER,32,0,4331,3
6369,MDILSLGWAALMAMFTFSIAMVVWGRNGF,29,0,233,5
6370,VYGMLFKFL,9,1,4332,9
6371,ICCYPNVWCCD,11,1,4333,4
6372,IHPCPKSREGMTEAESRRYSPEFAAGFPLRWFA,33,0,4334,6
6373,GIALQRLAEEDPTFKVS,17,0,4335,3
6374,GLPVCGESCFGGSCYTPGCSCTWPICTRD,29,0,51,2
6375,ISSRVSLTIHPLRNIMDML,19,0,4336,5
6376,CCRIEFCDEDCGCC,14,1,4337,5
6377,KYKADYTNTFRSLTLDTLENTP,22,0,4338,2
6378,DTEQDCYQALDIVH,14,0,4339,7
6379,ESVSSGVPFLPARIAWFLQEL,21,0,4340,0
6380,TLKSTPGARVEKHRVG,16,0,4341,9
6381,QGRPPHPPIPPAP,13,1,274,8
6382,SGLQLLDLSNNREVEML,17,0,4342,1
6383,NCCRRAICC,9,1,250,4
6384,DCTPPGGACGFYYHCCSNYCITISSTCN,28,1,1835,4
6385,SKQCCHLAACRFRCTPCCW,19,1,320,1
6386,NCCHRQICC,9,1,250,1
6387,GLWSKIKEAAKTAGKAAMGFVNEMV,25,0,1436,4
6388,QCSPNGGSCSRHYHCCSLWCNKDSGVCVATSYP,33,1,664,4
6389,CSNLSTCVLSAYWKDLNNYHRFSGMGFGPETP,32,0,790,7
6390,AQIQPGRMIYEIEGIPEDIAREAFRLAA,28,0,4343,5
6391,GFLDIINKLGKTFAGHMLDKIKCTIGTCPPSP,32,1,4344,2
6392,VTDIAGTTRDTIEEYVN,17,0,4345,2
6393,GGCLPHNRFCNALSGPRCCSGLTCKELNIWASKCL,35,1,4346,3
6394,TVIMHNCCTRSFCKRIYPDLCS,22,1,4347,0
6395,GFGSLFKFLAKKVAKTVAKQAAKQGAKYVANKHME,35,1,662,5
6396,WSTIVKLTICPTLKSMAKKCEGSIATMIKKKCDK,34,1,4348,7
6397,GCVLYPWC,8,1,356,4
6398,GLFGVLAKVAAHVVPAIAEHF,21,0,2981,2
6399,IALIATRECCANPQCWAKNC,20,1,89,7
6400,TKFDFFTLALQPAF,14,0,4349,6
6401,LENRVAEKQKLFQEDNGLPVHLKGGATDN,29,0,4350,0
6402,RCCISPACHEECYCCQ,16,1,4,1
6403,FLSLLPHIASGIASLVSKF,19,1,905,7
6404,DCLGAGQFCAAHSWIGVGCCNSFCIVIC,28,1,4351,3
6405,AVMTRTNGRFAEKVLGPDELRVYHAR,26,0,4352,4
6406,NYPTQDSTMDKTFANNL,17,1,1790,5
6407,MQFITDLIKKAVDFFKGLFGNK,22,1,4353,6
6408,MDILTLGWVSVLTLFTYSIAMVVWGRHGM,29,0,233,7
6409,RVCPRILMECKKDSDCLAECVCLEHGYCG,29,0,281,3
6410,APPGFTPFRSK,11,1,113,7
6411,AASDKASELMALAVRGCCSNPTCAGNNGNICG,32,1,331,6
6412,AKQIVADGGTAIHVPVDVSDEDSAKAM,27,0,4354,2
6413,EGCCSNPPCRHTHPEVC,17,1,35,4
6414,DVIGPQAQVTLANQD,15,0,4355,4
6415,ASCTERKHDCTKDRHSCCRG,20,1,4356,4
6416,MIKVPLPDVIFVAHRNKHTRQGNITQTKY,29,0,4357,4
6417,VCCSFGSCDSLCQCRD,16,1,4358,6
6418,SDWFAWVIHSCCSNPPCAHVNC,22,1,4359,8
6419,EQQQQQQPQNRRFRE,15,0,4360,0
6420,MKKSIRRSGGKSKGARLWYVGGTQY,25,0,4361,0
6421,CLGIGSCNDFAGCGYAIVCFW,21,1,3020,4
6422,ECREKGQGCTNTALCCPGLECEGRGSKELC,30,1,639,7
6423,KKPVQVPAGITASVDG,16,0,4362,1
6424,GLWETIKNFGKKFTLNILHNLKCKIGGGC,29,0,1999,7
6425,DIGGSRQGCVA,11,1,4363,2
6426,AEIKVRDGYIVYPNNCVYHCGLDPYCNDLCTGA,33,1,4364,5
6427,KCCMRPICMCPCC,13,1,1587,1
6428,LLPILGNLLNGLL,13,0,155,0
6429,QPTTLSMPLLMVSLVSCGKSSSGKLN,26,0,4365,9
6430,MTRVQFKHHHHHHHPD,16,0,4196,6
6431,CIDGGEICDIFFPNCCSGWCIILVCVYCKLP,31,1,1624,0
6432,FKTWKRPPFQTSCWGIIKE,19,1,4366,1
6433,EKLNNSPGSIIEFDKI,16,0,4367,3
6434,PLEALNVQLYNVEVTNDKGEADPGEIQ,27,0,4368,5
6435,SCTPPGGPCGYYNNCCSHQCNINRNKCE,28,1,4369,9
6436,GKCGEINGSCDECYGGSVTCDCY,23,1,4370,9
6437,EWEPVQNGGSSYYMVPRIWA,20,0,4371,9
6438,CKSPGTPCSRTMRDCCTSCLSYSKKCR,27,1,1773,6
6439,ETLFDPCSTQDIKKVGV,17,0,4372,7
6440,LLVRRARTQWE,11,0,4373,3
6441,TWMESTLAPEHPPTTFPKWLG,21,0,4374,4
6442,HSEGTFSSDYSKYLDSRRAKDFVQWLMST,29,0,245,1
6443,NGCCRAGDCCS,11,1,4375,0
6444,GWCGDPGATCGKLDLYCCSGFCDCYTKTCKDKSSA,35,1,50,7
6445,LAKRADICQPGKTSQRACET,20,1,4376,8
6446,ILGPVISTIGNALGGLLKNL,20,1,29,6
6447,MNGRPSVFTSQDYLSDHLWRALNA,24,0,4377,6
6448,HSDGTFTSELSRLRDSARLQRLLQGLV,27,0,1388,1
6449,GILDIAKKLVGGIRNVLGI,19,0,1319,7
6450,GIPCAESCVYIPCITAALGCSCKNKVCYRN,30,0,159,7
6451,AADDVTVVIGSAAPMSGPQ,19,0,4378,4
6452,PGGGVSGALSSLVQSLVR,18,0,4379,4
6453,DCCHNTQLPFIYKTCPEGCNL,21,1,4380,6
6454,FLPGLIKVAVGVGSTILCKITKKC,24,1,1707,8
6455,FVGPVLKIAAGILPTAICKIYKKC,24,1,138,6
6456,GWCGDPGATCGKLRLYCCSGFCDSYTKTCKDKSSA,35,1,50,3
6457,QNEGPGRDPAPCCQHPIETCC,21,1,1814,3
6458,GAVGEIQILLNNIASQLNGDQKKADKV,27,0,4381,5
6459,QCCTGSCLNCWPCC,14,1,3222,5
6460,GLPICGETCVGGTCNTPGCTCSWPVCTRN,29,0,51,8
6461,RGSLTTLPLRNIMDMLHMGITIGTP,25,0,3356,4
6462,ECCELEWCDGACDCCD,16,1,1147,8
6463,YGCSNAGAFCGIHPGLCCSELCLVWCT,27,1,495,2
6464,KCCSIPKCYKNNKKCVADDAGAHSCHQNNQDMC,33,1,4382,3
6465,MATRRFSCLLLSTSEIDLSVKRRI,24,0,608,8
6466,GRADYNFGYGLGRGTRKFFNGIGRWVRKTF,30,0,4383,9
6467,DVDCVGWSSYCGPWNNPPCCSWYTCDYYCKL,31,1,4384,3
6468,FLGAIAAALPHVINAVTNAL,20,1,337,4
6469,QMEGALVWNRNDTAKMKNDLKKVALSPS,28,0,4385,8
6470,AKKSKMDAQRGKIF,14,0,4386,1
6471,GCGYLGEPCCVAPKRAYCHGDLECNNVAMCVN,32,1,1402,8
6472,SCQKWMWLCDEERKCCEDMVCKLWCK,26,1,524,2
6473,CLERGEPCIMPIVGLFACCSSVCIIVCI,28,1,4387,6
6474,SDGKSAAAKAKPSHLTAPFIRDECCSDSRCGKNCL,35,1,4388,2
6475,QKRPPGFSPFRK,12,1,113,2
6476,GLFGKSSVWGRKYYVDLAGCAKA,23,1,4389,9
6477,LSATPGNKLEAIQ,13,0,4390,9
6478,ATRAEYGPQQILKGARIAGSLHMTIQT,27,0,4391,1
6479,MGFNGGILEGEEKAVVTINP,20,0,4392,5
6480,GLFKVLGSVAKHLLPHVAPIIAEKL,25,0,557,8
6481,SSLGVQLMDQGEKTRWI,17,0,4393,7
6482,GLKEIFKAGLGSLVKGIAAHVAN,23,1,4394,7
6483,AVERPRQDGQVHEPPGRERKAGCKNFFWKTFTSC,34,0,4395,6
6484,LGPQLNKGCATCSIGAACLVDGPIPDEIAG,30,0,4396,4
6485,ECREKGQGCTNTAFCCPGLECEGQSQGGLCVDN,33,1,639,3
6486,NLYQFKNMIEEAATGT,16,1,4397,1
6487,GLFLDTLKGAAKDVAGKLLEGLKCKIAGCKP,31,0,4398,2
6488,GLGSLLGSLFKFIPKLLPSIQQ,22,0,4399,5
6489,SMGRYRSVNGGPGSPDLA,18,0,4400,4
6490,FFPFVINELAKLPSLISLLKK,21,0,4401,6
6491,QMRGSVRTVEEAIASG,16,0,4402,0
6492,ARAVGIDLGTTNVAV,15,0,4403,2
6493,VIGGAEENINEHRSL,15,1,972,6
6494,ADTGEGEFLAEGGGVR,16,0,253,5
6495,VLADVYNVEPETLR,14,0,4404,2
6496,EDDLEDFNPTIA,12,0,4405,3
6497,WCVHHEGELWCANAFYLFDAQNVALYLLTDDK,32,0,4406,9
6498,LRPDDLSDT,9,1,2636,2
6499,NRTFKTNTKCHVKNQCNFLCQ,21,0,4407,2
6500,FGGFTGARKSARKLANQ,17,0,4408,4
6501,VRIWFCASRTCSAPADCNPCTCESGVCVDWL,31,1,506,1
6502,MRRVKLLCTALMLLASHGALAVSYPLPPEGSRLVG,35,0,4409,0
6503,LGAEISSLTLEEAR,14,0,4410,1
6504,FKTTFAKSNLFSIQKNRTQKIQYLQG,26,0,4411,0
6505,CCSDSDCNANHPDMCS,16,1,2304,4
6506,INLKAIAASAKKLL,14,1,305,5
6507,FLGLIGSLL,9,1,1394,4
6508,AWVYYTESPWTRDARF,16,0,4412,9
6509,MKLMLSALRQQTCCEPSTCDGGCYHCC,27,1,459,7
6510,ALWKTLLKNVGKAAGKAALNAVTDMVNQ,28,1,1733,6
6511,GLMDVLKGAAKNLFASALDKLKCKVTGC,28,0,1620,4
6512,CTHPGGACGGHHHCCSLFCNTAANACN,27,1,673,5
6513,YNPASNQCQGF,11,0,4413,7
6514,GCCCNPACGPKYSC,14,1,7,8
6515,CMHPEGGCRFSYECCSKICYTPSFTCYPS,29,1,4414,3
6516,MLNERFSILVLLLILLTFSLG,21,0,4415,2
6517,CCQTFYWCCGQ,11,1,3417,5
6518,CLAPQRWCSMHDDSLHDDNCCKTCIILWCS,30,1,4416,9
6519,ACQFWSCNSSCISRGYRQGYCWGIQYKYCQCQ,32,1,4417,1
6520,AILTTLANWARKFL,14,1,4418,8
6521,GGETSGETKGMWFGPRL,17,0,145,5
6522,AIPWSIWWRLLFKG,14,1,4419,9
6523,NGRRYTTYGCSPPVT,15,0,4420,5
6524,IRDECCSAPACRVNNPHVC,19,1,35,2
6525,NWRKILGQIASVGAGLLGSLLAGYE,25,1,4421,2
6526,VGCEECPAHCKGKNAIPTCDDGVCNCNV,28,1,2854,7
6527,AVILKAIKNPKK,12,0,4422,2
6528,AADGKPSDWISLVTPECCSNPPCNLQNCR,29,1,3193,6
6529,MEVNILAVIATALFIIIPTSFLLILYVKTASQADS,35,0,153,2
6530,ADDDCLPRGSKCLGENKQCCKGTTCMFYANRCVGV,35,1,4423,2
6531,GLGSVLGKILKMGANLLGGAPKGA,24,0,4424,4
6532,LKVPDLPLPESYALNLAD,18,1,4425,6
6533,DLVQFGQMILKVAGRSLPKSYGAYGCYCGWGGRGK,35,1,4426,7
6534,LMCTHPLDCSN,11,1,4427,5
6535,KIKTREVCWNEEECENWE,18,1,734,9
6536,NLYQFKNMIHCTVPSRPWWHFADYGCYCGR,30,1,4428,3
6537,RTCIPIPPVCF,11,1,4429,0
6538,MSDINATRLPHLVRYPPYVGDGTDLTLNRGEK,32,1,4430,1
6539,AAGLFQFPRV,10,0,188,2
6540,DNVQDSPSQD,10,0,4431,8
6541,SFLWFLNMAGIKSYAIERSPDNLQDQTL,28,0,4432,7
6542,TSSLFPHPRL,10,0,4433,5
6543,HLTPVALAVATVFMLAGCEKSDETVS,26,0,4434,6
6544,RCCVHPACHDDCICCID,17,1,4,3
6545,NFLDTLINLAKKFI,14,1,3059,3
6546,GIFGKILGVGKKVLCGLSGMC,21,1,365,4
6547,FLFVGDL,7,0,4435,8
6548,YCQKWMWTCDSERKCCEGYVCELWCKYNL,29,1,524,7
6549,GWCGDPGATCGKLRLYCCSGFCDCYAKTCKDKSSA,35,1,50,3
6550,PQCCSHPACNVDHPEICD,18,1,35,0
6551,YSREQAELEPIVTKFREYKRILKQIEEAEEMIKSG,35,0,4436,5
6552,TCRGIGFVSNDVGLDADHCKVLVNIEQQSP,30,0,4437,2
6553,GEEEYTKDVRKY,12,1,499,9
6554,GAVSGLLTNLGL,12,0,4438,8
6555,MKFNNAGAQGRDRGYIYSEPEFGRTRQVFY,30,0,4439,3
6556,GLPVCGETCTLGTCYTQGCTCSWPICKRN,29,1,51,8
6557,AARCCTYHGSCLKEKCRRKYCC,22,1,4440,6
6558,LTAELNDALSRIPNIPFDDVPVGKDEHDNVVTR,33,0,4441,6
6559,CRRLCYRNRCVTYCRGR,17,1,4442,4
6560,RCCRWPCPRYVDDEYCGCCL,20,1,2177,8
6561,GVCCGYKLCYC,11,1,30,6
6562,MKEVVIASAVTAG,13,0,4443,9
6563,DLWSWGQMIQETGLLPSYTTY,21,1,4444,3
6564,RSLCSNGCRPKPFGGCSC,18,1,4445,9
6565,IRDECCSNPTCRVNNHVC,18,1,35,0
6566,GVACGESCVYLPCFTVGCTCTSSQCFKN,28,0,3424,6
6567,RLASIILGVKLGMEPKEAISKVKTLSDV,28,0,4446,2
6568,RGVCCGYKLCHC,12,1,30,6
6569,NLMQFETLIMKVAGRSGVWYYGS,23,1,310,0
6570,PAWLVDCPCVGDDVNFILTRGQK,23,1,412,6
6571,YLPT,4,0,3139,8
6572,QVKPCRKEHQLCDLIFQNCCRGWYCLLRPCI,31,1,1244,6
6573,DAPSTTPPQDEKKAAEFQKTFTEQNQLANK,30,0,4447,6
6574,GIHELAKSVCCTATGISICC,20,1,1313,5
6575,MKLFYKAGACSLSPHIVLRELGLDFTAKVD,30,0,4448,2
6576,DDECEPPGDFCGFFKIGPPCCSGWCFLWGCA,31,1,779,1
6577,TALSFSLTLVNATIDLISFSNILFTIY,27,0,4449,0
6578,NVQLDPFFQEQQQYYPQQQAFFLLQQQQN,29,0,4450,7
6579,DFTGVKFDNTIGCGKG,16,0,4451,8
6580,AVPDVAFNAYG,11,0,4452,5
6581,DDECEPPGDFCGFFKNWVRLCCSGWCFLWCA,31,1,4453,5
6582,TDSIKETIKETVNHQAEWPY,20,0,4454,7
6583,LRGWVVTGCLG,11,0,4455,6
6584,GLVGTLLGHIGKAILGG,17,1,4456,0
6585,KKIGKEGNYLFWKSGEL,17,0,4457,7
6586,RDWRREQERRQERR,14,0,4458,5
6587,YCQKWMWTCDEERKCCEGLVCRLWCKKKIEW,31,1,524,0
6588,CSGNPCSTERKCCKGYFCGEGKCLSRQRGTFRN,33,1,4459,1
6589,MGLILPALRQQSCCDIQWCYDNCDCCI,27,1,4460,8
6590,VGEAFWSAEEQK,12,0,4461,9
6591,AIKLTCCSELTCAGNYPNIC,20,1,4462,0
6592,AGQNTES,7,0,4463,7
6593,MPGLDSPAAVRRAAMDLLAR,20,0,4464,3
6594,QKKDRFLGLF,10,0,965,2
6595,KVYFEETFENGWKIWSKW,18,0,4465,8
6596,GTLPCGESCVWIPCISSVVGCSCKSKVCYKD,31,0,159,4
6597,GLGSVLGKILKMGVNLLGGAPKQ,23,0,4424,2
6598,IAVLVLWDLFGQLPLP,16,0,4466,9
6599,AEAAAAPAPAAAPA,14,0,4467,2
6600,NTATCSMHRLADFLGRSSNNFGAILSPTNVGS,32,0,4468,2
6601,KFCCDSNWCHISDCECCY,18,1,4469,8
6602,GILLDKLKNFAKGVAQSLLNKASCALSGQC,30,0,789,7
6603,FAKRYVELVIVA,12,1,4470,0
6604,TWTYLQGINQIFFENTSLQEKFKKDFIARELSK,33,0,4471,4
6605,RPLTQHKPHTPGDEHPHGAEPPGDTALAQIGD,32,0,4472,8
6606,GIHDILKYGKPS,12,1,4473,9
6607,VGTRVVRIEDQQLITQGGTYVEDL,24,0,4474,5
6608,GCCVKQGCWNVETCTCCPTDPYIPKPFPTRST,32,1,1326,3
6609,IRPGTIREVLQPLADNAVDIATL,23,0,4475,1
6610,GEEEYSKMAAELARENIAKGCKVNCYP,27,1,173,9
6611,GVGDLIRKAVAAIKNIV,17,0,4131,5
6612,MLMPKRTKYR,10,0,4476,9
6613,VICYRGYNYAQPCPPGENVCFTKTWCDARCYQLGK,35,1,4477,0
6614,NCCNGGCSSKWCRAYARCC,19,1,139,0
6615,FFPIVGKLLSGLL,13,1,155,9
6616,QGCCNVPNGCSGRWCRDHAQCC,22,1,1037,0
6617,GSSGLIPFGRT,11,0,188,1
6618,YAKLAEMQDLRMSATLNED,19,0,4478,4
6619,FLGPIIKIATGILPTAICKFLKKC,24,1,138,5
6620,RDPCCYAPTCNMSNPQIC,18,1,35,6
6621,IIGGDECNINEHRFL,15,1,972,4
6622,MCCRWPCPRHVDGKYCVCCL,20,1,2177,5
6623,SVALQVTVDAVSGSAKEKITAAGTVTELV,29,0,4479,5
6624,SDRELHRSKAAYFF,14,0,4480,0
6625,RCVCRRGVCRCVCRRGVC,18,1,4481,9
6626,GIGSMLLGLAKNVGMSLLNKAQCKISGKC,29,1,4482,5
6627,KDALVYGQMNEPPGARMRVGLKDGSITSIQAV,32,0,4483,0
6628,DLDEVAYLRFASVYRSFE,18,0,4484,5
6629,FLLFPLMCKIQGKC,14,1,4485,9
6630,MVPYRNPRHQHVASVLRSGG,20,0,4486,6
6631,DFPIANGERQSPVDIDTKAVVQDPA,25,0,4487,4
6632,ALTVSETTFGRDFNEALVHQVVVA,24,0,4488,1
6633,DPCCGYRMCVPC,12,1,1837,0
6634,HPEPNREDEPASKRTKID,18,0,4489,3
6635,AKKYKVRLLSEAEGIDVTIDSADDVYILDAAEE,33,0,4490,4
6636,GMWGDCKDGLTTCFAPSECCSEDCEGSCTMW,31,1,4491,3
6637,GTNFLIINIIGAGIFVSPKGVLQYSS,26,0,4492,8
6638,LDLGFTITPESMTEVELSPTMKETPT,26,0,4493,0
6639,IAIFNAYTPLPFAD,14,0,4494,4
6640,RDCCTKKAKDRQCKQRCAA,19,1,766,9
6641,GFGSLFKFLAKKVAKTVAKQAAKQGAKYIANKQTE,35,1,662,3
6642,KKWGWLAWVDPAYEFIKGFGKGAIKEGNKDKWKNI,35,0,4495,2
6643,CCPESPPCCHYF,12,1,4496,5
6644,KMADQISDAILDAILKEDPYARVACETLVKTGA,33,0,4497,0
6645,MEIDVLGWVALLVVFTWSIAMVVWGRNGL,29,0,233,7
6646,TVIDVKCTSPKQCLPPCAKQ,20,1,4090,9
6647,VYGMLFKFLAKKVAKKLISHVAKKQLQ,27,1,4498,1
6648,GEYCGESCYLIPCFTPGCYCVSRQCVNKN,29,1,4499,1
6649,NAYLYPARPENSWWT,15,1,953,6
6650,VDEQLPRTIMNIFEK,15,0,4500,1
6651,VIGGDECNINEHRSLALVY,19,1,972,1
6652,KDGYLVGSDGCKYSCLTRPG,20,1,4501,4
6653,IRDECCSNPACRVNNHQC,18,1,35,2
6654,MASKEYSMLPLCSPSIVSHTSGGSIVLKGSS,31,0,4502,0
6655,ERIYFSEENKYAEEDRG,17,0,4503,0
6656,PRRLCC,6,1,743,8
6657,FDDLMLLLCCRQGPVCFIPLNEWPCSRM,28,1,4504,3
6658,KDVCCGFRMCHPC,13,1,4505,0
6659,ADDRNPLEEFRENNYEEFL,19,1,4506,6
6660,MAPRGFSCLLLSTSEIDLPVKRRA,24,0,608,0
6661,YNPVKGRKERLGRILQMHANQREEIKEV,28,0,4507,3
6662,NYYLYPARPEASWWT,15,1,953,9
6663,LNPFRWMINKYREWKNKKN,19,1,1301,2
6664,FLPLLLAGLPSFLCLVFKKC,20,1,2380,2
6665,SSPNTTIEILTPDFLRKEGAAEIIAN,26,0,4508,6
6666,FLPGLECVW,9,1,4509,2
6667,CTPRNGYCYYRYFCCSRACNLTIKRCL,27,1,474,6
6668,MESVAYILILTMALAVLFFAIAFREPPRIEK,31,0,165,0
6669,WLGSALKIGAKLLPSVVGLFKKKKQ,25,1,1177,6
6670,SFREQCVPGREITYECLNACAEYAVRQ,27,0,4510,7
6671,FLPLLLAGLPKLLCLFFKKC,20,1,2380,1
6672,DLLTAIKRVKESMKRRT,17,1,1295,8
6673,KRIYIPLPTAKGRAELLKINLREVELD,27,0,4511,0
6674,GCWLCLGPNACCRGSVCHDYCPS,23,1,1257,6
6675,IIGGDECNINEHPFLVALYDA,21,1,972,7
6676,GFLSTVKNLATNVAGTVIDTLKCKVTGGCRS,31,0,3247,5
6677,AGKARKQLSKNEDTKLKEQYID,22,0,4512,5
6678,ACYPPCFGSSVCYGGRCFFIGF,22,1,4513,2
6679,SLVELGKMILQETGKNPVTYGAY,23,1,4514,1
6680,GVCCGQKLCHC,11,1,30,5
6681,IPLRGAFINGRWDSQCHRFSNGAIACA,27,1,4515,9
6682,CTQSGELCDVIDPDCCNNFCIIFFCI,26,1,1082,0
6683,IVATKVALYEKSGDLEKAVNSLD,23,0,4516,8
6684,ASSAAAAAPSTPLA,14,0,4517,4
6685,ASMRRNYFTAEVSHCRATEYIM,22,0,4518,0
6686,GVDCVGLSSYCGPWNNPPCCSWYTCDYYCKF,31,1,4384,5
6687,TVTEECEEDCEDEEKHCCNTNNGPSCARLCF,31,1,1578,7
6688,TLIWEFYHQILDEYNKENKG,20,1,4519,3
6689,MLYANPNTESSPVGFRKKYDNFI,23,0,4520,7
6690,CCAIRLCNVYLCGSCC,16,1,4521,1
6691,DECSAPGAFCLIRPGLCCSEFCFFACF,27,1,4522,0
6692,MSNFHNEHVMQFYRNNLKTKGVFGRQ,26,0,4523,6
6693,RVSNLTIHPLRNIIDLRYVG,20,0,94,6
6694,EVLYIPVTTDA,11,0,4524,6
6695,ARRRRSRRASRPVRRRRPRRVSRRRRARRRR,31,0,4525,1
6696,FIGLLISAGKAIHDLIRRRH,20,1,4526,5
6697,MPRRRRASRRIRRRRRPRVSRRRRGGRRRRR,31,0,71,1
6698,MNRYQLKTFVVANRFF,16,0,4527,4
6699,YLTTLFKSYPVFAIADLTGFPTNQLQKLRKKL,32,0,4528,2
6700,KISTGFTPFAGNGFTITEYGP,21,0,4529,9
6701,ATDYEDEEFPGAVPPSVGAR,20,0,4530,0
6702,GWASSIGSILGKFAKGGAQAFLQPK,25,1,2039,3
6703,YCPALCSQSHGEPHCDCTRKRDMSSSWI,28,1,1565,4
6704,CCPIQGCILGCTPCC,15,1,4531,5
6705,GCCSPWNCIQLRACGCC,17,1,940,7
6706,KPRDVEAQLITTTPSSFPTKGMGVQFRN,28,0,4532,9
6707,VFINVKCRGSPECLPKCKEAIGKAAGKCVN,30,1,1948,1
6708,VVTEACEESCEDEEKTCCGLENGEPVCARFCL,32,1,119,8
6709,HPEMRFFHWFSKWRKLHRDQEYEVT,25,0,4533,3
6710,FLPFLASLLTKVL,13,0,1410,2
6711,FFPLALLCKVFKKC,14,1,4534,2
6712,VVIGQRCYASPDCYSACKKLVGKATGKCTNGRCDC,35,1,451,8
6713,VTVGHVF,7,0,4535,1
6714,IVGGQEASPGSWPQVGLFF,19,0,4536,5
6715,FLSLIPHAINAISAIAHHL,19,0,53,7
6716,CLTTGETCWLASSCCSFSCTNNICF,25,1,22,3
6717,GLIDVRCYDSSQCE,14,1,4537,2
6718,MTERKLLQLLRRPFISLSLFTALRACPLRPKSLIA,35,0,4538,5
6719,GPGSAICNMACRLEHGHLYPFCNCD,25,1,1803,3
6720,IPICAWKVCPPTPW,14,1,3401,3
6721,CKGKGASCRRTSYGCCTGSCRSGRC,25,1,14,4
6722,GKGALKKFLAKKVAKTVAKQAAKQGAKYVVNKQME,35,1,662,2
6723,NGAICWGPCPTAFRQIGNCGRFRVRCCRIR,30,1,4539,9
6724,WWDGECRSWSNKCEWPWHCCSNDCEDYCTLW,31,1,4540,2
6725,FLASPLRYGAGRIGDL,16,0,4541,6
6726,AANNKATDLMALTVRGCCAHLPCALMYTACSWGR,34,1,4542,6
6727,CCQWPCSHGCIPCCY,15,1,3135,1
6728,FLPPCAYKGTC,11,0,4543,4
6729,SPEFTV,6,0,4544,3
6730,CKGTGKPCSRIAYNCCTGSCRSGKCG,26,1,14,9
6731,SPAFNSWG,8,0,4545,3
6732,INWKALLDAAKKVL,14,1,1399,3
6733,MKGNREVINQLNQVLYHHLCAINQYFLHSRMND,33,0,4546,5
6734,MKRNDKILHYRGLN,14,0,4547,2
6735,SRYRRRRRRRSRYRSQRRRYRRHRRSGRRRRR,32,0,4548,0
6736,GFRSPCPPFC,10,1,635,6
6737,CTPPEGGCLSSYECCSKICWRPRCYPS,27,1,4549,2
6738,IYKMGHFRWGAPMDK,15,0,4550,6
6739,ACSQVGEACLPQKPCCPGCLCNHIGGMCHH,30,1,4551,2
6740,FDGRNAPADDKASDLIAQIVRRACCSDRRCRWRCG,35,1,4552,1
6741,GIGGALLSAGKAALKGLAKGLAEHFAN,27,1,126,5
6742,IWGIGCNP,8,1,4553,9
6743,YVASGVVHSDGKGELAHRLKDLHVGLA,27,0,4554,1
6744,NYDKPPVEKPPVYKPPVEKPPVYKP,25,0,4555,0
6745,MRTGTRCDLGELSHPRKTLPPRGMGILCNYTGN,33,0,4556,6
6746,EECCPNPPCFATHSEICG,18,1,4557,3
6747,GVFDIIKGAGKQLIAHAMGKIAEKVGLNKDGN,32,1,388,1
6748,KTGVNKPELLPKEETTVIDV,20,0,4558,6
6749,DADIAVWAPPVNAQN,15,0,4559,6
6750,TRSGGACNSHDQCCINFCRKATSTCM,26,1,444,5
6751,GVCCGYRLCHC,11,1,30,4
6752,GLFKTLIKGAGKMLGHVAKEFLGSEGEPES,30,0,2619,5
6753,MDTRLLIVLLPIIAAASWAIYNIGKILLLQLTKRS,35,0,4560,4
6754,MAGEIFTTAFLCFSLILVGIGLGYLLLKVAPD,32,0,4561,1
6755,IPLRVLVNSFQPSRSQRRAVKQH,23,0,4562,6
6756,ATPECSRAGCKNVPCCSGLKCTGPQNGPVCQPE,33,1,948,8
6757,GCCSNPTCAGNNGNIC,16,1,35,3
6758,SCVDFQTKCKKDSDCCGKLECSSRWKWCVYPSPF,34,1,2611,3
6759,ACYCRIPACFAGERRYGTCFYLGRVWAFCC,30,0,783,4
6760,SEASQNYSFQAEVAQ,15,0,4563,6
6761,SWASMAKKLKEYMEKLKQRA,20,1,4564,3
6762,ACCSDPRCRYRCR,13,1,39,8
6763,FVNTIRLLINKAREWNNKQSS,21,1,1301,0
6764,AYSAIGLWCLNGIKGG,16,0,4565,3
6765,ADSRKPI,7,1,538,7
6766,FIITGLVRGLTKLF,14,1,4566,9
6767,VIPFVASVAAEMMQHVYCAASKKC,24,1,1053,5
6768,GIPCAESCVWIPCTVTALVGCSCSDKVCYN,30,1,493,0
6769,APPGARPPPGPPPPGPPPPGP,21,1,4567,1
6770,LPNGQRPDFGHGPRGGKQTNGAKTKNKK,28,0,4568,7
6771,QMLRTNAAAQAGNCAASGMMGGKENDLR,28,1,151,1
6772,AANDKASNLMALRDECCPNPPCKASNPDLCDWRS,34,1,4569,1
6773,LPEQDFMRF,9,0,160,6
6774,FLSLALAALPKLFCLIFKKC,20,1,2380,0
6775,ASVIGVNARDLKTLEVDRTVFSRIAPGLPSNV,32,0,4570,4
6776,KGFMTPERAAEFNFR,15,0,4571,6
6777,GVTFNALKGVAKTVAAQLLKTAR,23,1,4572,5
6778,ASLALWDFLVLFF,13,0,4573,8
6779,GCCTGQGCWNVPICECCV,18,1,4574,6
6780,AALVRTSVPPMHPAGLPFVGASLAVA,26,0,4575,5
6781,HLGVVGLGGLGHVAVQEAIENLADEFLI,28,0,4576,4
6782,MESVAYILVLTMALAVLFFAIAFREPPRIEK,31,0,165,6
6783,LGLALSLYDEIVVETVDSGLTVTVEGEGAGQVALD,35,0,4577,8
6784,KYNQELPGLERP,12,0,4578,3
6785,FLPALAGIAGLLGKIF,16,1,4579,3
6786,FIIWPLRYRK,10,1,4580,4
6787,QKALREYQQAELE,13,0,4581,6
6788,GLFGVLGSIAKHVLPHVVPVIAEKL,25,1,557,1
6789,RQRHRDCDKPPDKTN,15,1,2949,1
6790,GMASKAGQVLGKLAKVAIGAA,21,0,86,3
6791,KVPAYCKLPPDSGPCKGHFPAFYYDPVSSYCQKFI,35,1,4582,0
6792,PEHEYFYDPQYLTTANER,18,0,4583,7
6793,RGGGLCYCRRRFCVCVGR,18,1,410,1
6794,TNTPEDDRYLQDYVYI,16,1,4584,8
6795,PDYLQLARA,9,0,741,6
6796,SENTGAIGKVFPRGNHWAVGHLM,23,0,4585,7
6797,GYGDRNFLRF,10,0,4586,3
6798,TTFRGDERGAFQAAM,15,0,4587,7
6799,QGGWPRPGPEIPP,13,1,4276,4
6800,GCCADPSCSILMPYFCI,17,1,1964,9
6801,GLLGSIFGAGKKIACALSGLC,21,0,365,4
6802,AINPKSVQSLL,11,1,3269,8
6803,QGVCCGYKL,9,1,30,3
6804,ADDRNPLEECFRETDYEEFLEIAKNGLSTT,30,1,1519,9
6805,GYKLCHPC,8,1,30,2
6806,AFQTSFVFQRFYETN,15,0,2600,6
6807,FFPLLFGALSSHLPKLF,17,1,969,5
6808,APAHRSSTFPKWVTKTERGRQPLRS,25,1,4588,7
6809,RDCGEGCGTCGGGCCCIPDSCVDSQCQSRVRPN,33,1,1820,2
6810,CCDWEWCDELCSCCW,15,1,895,1
6811,GIGGALLSVGKLALKGLANVLADKFAN,27,1,126,4
6812,RRNLLRYYQKKNLEAY,16,0,4589,5
6813,SYSGYPVTQK,10,1,4590,1
6814,DCLGFLWKCNPSNDKCCRPNLVCSRKDKWCKYQI,34,1,4591,7
6815,CSDNIGATCSDRFDCCGSMCCIGGQCVVTFAECS,34,1,4592,7
6816,TPDHQRYVELFIVVDHGMYTKYNGD,25,1,4593,4
6817,MESVAYILIFTLTIGTLFFAVAFREPPRIERKEK,34,0,3080,5
6818,TVTEACEESCEEEEKHCCHVNNGVPSCARICW,32,1,1694,4
6819,CCSVSICQPPPVCECCA,17,1,1168,3
6820,ECREKGQGCTNTALCCPGLECEGQSQGGWCVDN,33,1,639,0
6821,VVLMPSFVNIGAYVGEGTMVDTWATVG,27,0,4594,7
6822,ILGPVISTIGGVLGGLLKNL,20,1,29,1
6823,AYAKAAAGKNINL,13,0,4595,0
6824,RICPRILMECKADSDCLAQCICEESGFCG,29,0,281,2
6825,GIRCPKSWKCKAFKQRVLKRLLAMLRQHAF,30,1,4596,3
6826,GIFDVVKGVLKGVGKNVAGSLLEQLKCKLSGGC,33,1,3375,5
6827,GIGAILKVLATGLPTLISWIKNKRKQ,26,1,2187,9
6828,SESYTPISGPNGYVDVK,17,0,4597,0
6829,CCHPACGKYFKC,12,1,7,9
6830,KDLHRDDKT,9,0,4598,5
6831,INLAVVGHVDNGKSTL,16,0,4599,1
6832,NCCRQICC,8,1,250,9
6833,FLFSLIPHAIGGLISAFK,18,1,575,1
6834,CCHWNWCDHLCSCCGS,16,1,895,5
6835,QNGTNSTEKFSAGPDSSSKEPSMETTVQ,28,0,4600,8
6836,MKAIFVLKGWWRTS,14,0,4043,4
6837,IVTEECEEYCEDEEKDCCGLQNGQPFCAPFCL,32,1,119,0
6838,QWFGPYPPVNYIN,13,0,4601,5
6839,CCEPQWCDGACDCCS,15,1,1147,8
6840,YGGFMTSEKSQTPLVTLFKNAIIKNAHKKGQ,31,0,4602,0
6841,GCCSHPACAGNNPHIC,16,1,35,7
6842,YCSDSGGWCGLDPELCCNSSCFVLC,25,1,4603,7
6843,SCNNSCQNHSDCASHCICTFRGCGAVN,27,1,4604,7
6844,GWVYHAHPEPNSFWT,15,1,921,4
6845,ASGKLQWIGASESGAEFGQGNLPGVVGTDYTFP,33,0,4605,1
6846,DGQNTGNFLTDRPSTKVH,18,0,4606,8
6847,FCSDPSCRFGNPELCDWRR,19,1,1327,1
6848,MPTLTSYFGFLLAALTITSALFIGLSKIRLI,31,0,291,8
6849,AAKPLDKSSSSLHHGYSKVHVP,22,0,4607,4
6850,GLHKVMREVLGYERNSYKKFFLR,23,1,4608,6
6851,CGPCFTTDPYTESKCATCCGGRGKCVGPQCLCNRI,35,1,857,5
6852,AQRSPSLRLRF,11,0,3313,5
6853,GCCSFPACRKYRPEMCG,17,1,4609,4
6854,GCCSHPACSVEHPELC,16,1,35,5
6855,GIFGKILGAGKKVLCGLSGLC,21,1,365,9
6856,CKLKGQSCSRLMYDCCSGSCGRSGKC,26,1,1649,7
6857,GSIPCGESCVFIPCISAIIGCSCSNKVCYKN,31,1,159,2
6858,FPRPRICNLACRAGIGYKYPFCHCR,25,1,72,1
6859,IWLTALKFLGKHAAKHLAKQQLSKL,25,1,4004,4
6860,CCKYGWTCLLGCSPCGC,17,1,4610,0
6861,MWTKPSFTDLRLGFEVTLYFANR,23,0,640,8
6862,NGVCCGYKLCHPCAG,15,1,30,0
6863,SIVPIRCRSNRDCRRFCGFRGGRCTYARQCLCGY,34,0,4611,2
6864,IAAVGGMLAPALI,13,0,4612,7
6865,AAVSLLQNKLAYDGFLSK,18,0,4613,0
6866,GCCSNPVCHVEHSYMC,16,1,35,9
6867,VPYPRPFPRPPIGPRPLPFPGGGRPFQS,28,0,4614,7
6868,ALCCYGYRFCCPIF,14,1,4615,8
6869,TRLCSTMCCARADCTCVYHTWRGHGCSCVM,30,1,4616,0
6870,KAKFKAP,7,1,384,5
6871,GLVTSLIKGAGKLLGGLFGSVTGGQS,26,1,3067,2
6872,ALWKEVLKNAGKAALNEINNLVQ,23,1,2495,2
6873,GRCCHPACGENTSC,14,1,7,5
6874,CLDAGEMCDSFNSKCCSGWCIILVCA,26,1,1624,7
6875,YECYLLVHFCGINGGLCCSNLCLFFVCLTFS,31,1,1311,8
6876,AEMTMEGMYDSSGDWAYKVGLPGKSGVG,28,0,4617,2
6877,LEQELESLKAVLEIKNEKLHQQDV,24,0,4618,3
6878,CYIQNCPRGGKRSYPDTAVPQCIPCGP,27,0,4619,8
6879,PNPKVFFDMTIGGQSAGRIVMEEYA,25,1,4620,5
6880,GKWMSLLKHILK,12,1,4621,9
6881,SIEPLALSVFDEP,13,0,4622,5
6882,CDPPGDSCSRVYNDCCSNYCILRQSGPTC,29,1,4623,9
6883,YFNDLKHRNGSIFSLKRDLVAANHV,25,0,4624,2
6884,SVDMVMKGLKIWPL,14,1,3628,3
6885,AISDMEIDDCEETTLHDVNIEDE,23,0,4625,1
6886,INLLKIAKGIIKSL,14,1,4626,5
6887,IEFEGKQQMVYKHAISTVMPLR,22,0,4627,3
6888,GCCPIGPCLQSVCSPCCP,18,1,4628,8
6889,NLPNSVDWWKKGAVAAVKNQRCGSCAFSSIKTS,33,0,4629,5
6890,CIPAANPCRGNARCCGNYVCKNGRCLPRS,29,1,4630,7
6891,LDLAKHVIGIASKL,14,0,3600,3
6892,VDFALEAQRHGNLTPQE,17,0,4631,4
6893,GLWKSLLKNVGKAAGKAALNAVTDMVNQA,29,0,1733,9
6894,GCCSHPACAVNNPHIC,16,1,35,7
6895,PLGSGALAGTTFP,13,0,4632,9
6896,EDAQVTDLPDHEQEHLAHKIAPLAEFAY,28,0,4633,5
6897,GIPCGESCIFIPCITTVVGCSCSNKVCYDN,30,1,159,4
6898,RSSSPWDYNITRDPHRFPSEIAEAQCRHSGCINAQ,35,0,4634,7
6899,SNCGKPCRESGDCSYNCSFCTHLSKCM,27,1,4635,3
6900,DCGRCGLGQICDAGACRPSTMM,22,1,4636,8
6901,MFTVISYFGFLLVALAFTLVTYLGLRAIQLI,31,0,4637,5
6902,ILSDLYLQILQYIEMHKTTLTDIIINDRESVL,32,0,4638,3
6903,CCGPTACMAGCRPCC,15,1,320,0
6904,GEEEYTKDVRKSKRSRS,17,1,103,4
6905,MSPPSSMCSPVPLLAAASGQNRMTQGQHFLQKV,33,0,4639,2
6906,LNKRIICFPDYMFCGVNVFLCCSGNCLLICVP,32,1,4640,2
6907,LYKLVKVVLNM,11,0,4641,6
6908,CKAAGKSCSRIAYNCCTGSCRSGKC,25,1,14,9
6909,MFGQYEVFVQLLLLALIVLAGPAVILLLYLRGADM,35,0,1027,9
6910,EQVKVYLQDPDGRDTVEL,18,0,4642,1
6911,GPSTDLVIGNKGFDGGIDSAILR,23,0,4643,3
6912,FLSLIPHVISAIPHVVNALSNL,22,1,4644,8
6913,MGQLNVLTGSKGEIR,15,1,4645,1
6914,MRQIMAGKGNDDSSV,15,0,4646,7
6915,SIRDKIKTIAIDLAKSAGMGILKTLICKLDKSC,33,1,481,0
6916,MDIVSLAWASLMVVFTFSLSLVVWGRSGL,29,0,233,0
6917,GFKNVALSTARGF,13,0,4647,0
6918,KEIWIFHDN,9,0,4648,4
6919,FIFHVIKGLFHAGKMIHGLVTRRRH,25,1,28,2
6920,AYYLYPARPENSWWT,15,1,953,8
6921,MKKTFLPIFLVILLASYALANPQVTFSRDWGPGKK,35,1,1830,2
6922,FWGTLAKWALKAI,13,1,1111,0
6923,MEITTTQVLGILLIALIPGILAYRLANELAK,31,0,4649,0
6924,WREGNCTPWLATCTNAPQCCTGVCYKRAYCALWE,34,1,1567,3
6925,MDIGLDTGDMLSIATLP,17,0,4650,4
6926,FGPVIGLLSGILKSLL,16,1,4651,9
6927,GCCSHPACSVNHPEIC,16,1,35,0
6928,AQGDNPDKDTDGN,13,0,4652,4
6929,IDNRVLALAGVVQA,14,0,4653,7
6930,ALVLIAFAQVLQQCP,15,1,4654,2
6931,EDLPEK,6,0,4655,5
6932,QQDYTGAHFDF,11,0,4656,6
6933,VAPFPHGKLVTYKYIADVKAGVDPSLV,27,0,4657,1
6934,FLPLILGKLVKGLL,14,0,4658,9
6935,MLSWLKGHKRYCRFKDCTCEKCILIIERQRV,31,0,4659,5
6936,RDPCCSNPACNVNNPQ,16,1,35,1
6937,LLKELWTKMKGAGKAVLGKIKGLL,24,1,4212,5
6938,GDEEYSKFIEREREAGRLDLSKFP,24,1,2016,7
6939,RVRQPLGNLLDALSDFTP,18,0,4660,7
6940,QCKPKGDICEEDEECCPSLECECDSLPTCITNKRC,35,1,4661,1
6941,MSDINATRLPGMEPPSPMPCVGDADNFTLTRG,32,1,4662,0
6942,DIPTQNIRIVGTATLRTATNVDVFLE,26,0,4663,3
6943,GCTPPGGACGYHGHCCDFCDTFGNLC,26,1,4664,7
6944,DLAQRHTGFTLAPSAQSPRLLALTFTA,27,0,4665,1
6945,TTEECHEYCEDQNKNCCGLTDGEPRCAGMCL,31,1,4666,3
6946,GCCSHPACSVNNPDIC,16,1,35,4
6947,ALWKNMLKGIGKLAGKAALGAVKKLVGAES,30,1,1331,7
6948,NHQLTQENERLTQK,14,0,4667,1
6949,GGCLPHNRFCNALSGPRCCSGLKCKELSIWDSRCL,35,1,4346,4
6950,KCGVSIPYKISPSTDCSSVK,20,0,4668,6
6951,KWCFRVCYRGICYRKCR,17,1,1705,0
6952,MWTKPAYTDLRIGFEVTMYFASR,23,0,640,0
6953,AWKLFDDGV,9,1,4669,2
6954,QKTDTKGKKERKPT,14,0,4670,7
6955,RPFFSDLRAAIAALDARGMHPRMLFLEASDDALIR,35,0,4671,1
6956,TEVVADSVQFLEPKNNNKQNNQQHN,25,0,4672,3
6957,VEANALAGGKRVIAKLESRIRDV,23,0,4673,1
6958,ECREKGQGCTNTALCCPGLECEGRSQGGLCVDN,33,1,639,2
6959,KVPVDDQFRRVNNGGATDTR,20,0,4674,6
6960,MMKHVIILVILLVISFQAY,19,1,4675,4
6961,PCCYHPTCNMSNPQIC,16,1,35,5
6962,NLYQFKNMIQCTVPNR,16,1,4676,1
6963,CCQTFYWCCVQ,11,1,3417,9
6964,AAKFKAPALMELTVRDECCSDPRCAVKHQDLCG,33,1,2607,4
6965,IVGGQEATPHTWVHQVALFI,20,0,4677,3
6966,SYVITTPKMWVMPYGCGEQNMVNFAPNIFIME,32,0,4678,9
6967,VIDDLKKVAKKVRRELLCKKHHKKLN,26,0,4679,8
6968,DKAILVETLKNKLQALA,17,0,4680,1
6969,SIPEAVRQQECIRNNNNRPWCP,22,1,4681,4
6970,SCRNEGAMCSFGFQCCKKECCMSHCTDFCRNPD,33,1,587,9
6971,QRLGHQWAVGHLM,13,0,2263,8
6972,FPSPGNRWINNRLSTIQLWLLHLITK,26,0,4682,6
6973,AVHPGTVSAAFIPL,14,0,4683,8
6974,FLPLLAGLAANFLPTIICKISYKC,24,1,138,2
6975,APPGFTPFR,9,1,113,8
6976,GILRNGVCCGYKLCHPC,17,1,30,7
6977,EILPEWYLYPVFQILRIVPNKLLGIVLQSMIP,32,0,4684,0
6978,FFGPLIKIATGVLPNLICKALGKC,24,1,138,8
6979,GLWSKIKEAAKTAGLMAMGFVNDMV,25,1,1436,2
6980,DDECEPPGDFCGTFLKIGPPCCSGWCFLWCA,31,1,4453,5
6981,DCKHQNDSCAEEGEECCSDLRCMTSGAGAICVT,33,1,4685,8
6982,CCSRDCWVCIPCCPNGSA,18,1,470,2
6983,HTIQECCMDPVCRLIIEKFGKDFAAALDFRRLPYR,35,1,4686,8
6984,SLNTKNDFMRF,11,0,4687,9
6985,DDKKKDTKKYPESTDTESG,19,0,4688,3
6986,RRYWDWENFKDPFKIIKGC,19,0,4689,3
6987,GLGSVLGKILKMGANLLGGAPKQ,23,0,4424,0
6988,GLLRASSVWGRKYYVDLAGCAKA,23,1,4389,4
6989,FIGAIARLLSKIF,13,1,2985,6
6990,AANNKATDLMARTVRRFCSDPPCRISNPESCGWEP,35,1,1843,7
6991,MEALVYTFLLVSTLGIIFFAIFFREPPKVPTKNTK,35,0,164,8
6992,GLVASIGRALGGLLADVVKSKEQPA,25,0,846,3
6993,GGVCCGYKLCHC,12,1,30,5
6994,RTCCSRPTCRMEYPELCG,18,1,4690,1
6995,MDTVSIAWAALMVIFTFSISLVVWGRNGL,29,0,233,5
6996,MNLEVIAQLTVLALIVASGPLVIALLAARKGNL,33,0,200,6
6997,RDCQEKAEYCIVPILGFVYCCPGLICGPFVCV,32,1,136,1
6998,ACVPVYKECWYPQKPCCEDRVCQCSFGMTN,30,1,4691,4
6999,RIKKPIFAFPRF,12,1,3802,2
7000,DSTNY,5,0,4692,5
7001,AQIDCDKECNRRCSKAYCGICCEKCHCVPPGT,32,0,4693,2
7002,GCLGDKCDYNNGCCSGYVCSRTWKWCVLAGP,31,1,4694,4
7003,GVIPCGESCVFIPCISAAIGCSCKNKVCYRN,31,1,159,2
7004,YSLRARPRF,9,0,4695,9
7005,GVGYKVVVTTTAAADDDDVV,20,0,4696,6
7006,VCCRPMQDCCS,11,1,95,9
7007,MPRRRRASRPVRRRRRPRVSRRRRRGGRRRR,31,0,71,2
7008,GSAQPYKQLHKVVNWDPYG,19,1,4697,0
7009,QDLIDVSKIEKPSLDDQQIEEMDILVSEALEF,32,0,4698,3
7010,WWRWGGCMAWFGLCSRDSECCSNSCDVTC,29,1,4699,8
7011,LVRGCWTKSYPPKPCFVR,18,1,607,9
7012,YKLPDKAPIRV,11,1,366,5
7013,SISCGESCVYIPCTVTALVGCTCKDKVCYLN,31,0,493,3
7014,SKQLTKKKREELYIKISEICDVKKI,25,0,4700,5
7015,HDRPKFCYLPADPGECLAHMRSF,23,0,2592,4
7016,GCCSNPVCHLEHSNMC,16,1,35,2
7017,GILDTFKGVAKGVAKDLAVHMLENLKCKMTGC,32,1,1343,5
7018,SNQPQHFGDGTRLSIL,16,0,4701,8
7019,GFLDIVKGVGKVALGAVSKLF,21,1,4256,6
7020,ELRLPEIARPVPEVLPARLPLPALPRNKMAKNQ,33,1,4702,2
7021,QVSWWCGKPEATCGKLYLKCCSGMCNKANWKCL,33,1,4703,7
7022,ALWKDVLKKIGTVALHAGKAALGAVADTISQ,31,0,500,4
7023,AADIFAKFKTSMEVK,15,0,4704,4
7024,FLAKKVAKTVAKQAAKQGAKYIANKQTE,28,1,662,4
7025,KCAAAGEACVIPIIGNVFCCKGYCLFVCIS,30,1,2632,3
7026,AASDKASELMALAVRGCCSHPACAGSNAHICGRRR,35,1,331,1
7027,VTIGKEGTLT,10,0,4705,4
7028,NFDEIDRSGFGFN,13,0,4706,4
7029,LLPIVGNLLNSLL,13,0,155,2
7030,FLKGCWTKWYSLKPKCPF,18,1,4707,4
7031,GSVCCKVDTSCCSN,14,1,4708,4
7032,GLWSTIKQKGKEAAIAAAKAAGKAALNAASEAL,33,0,638,2
7033,MYDCCT,6,1,4709,4
7034,CAGIGSFCGLPGLVDCCSGRCFIVCLP,27,1,1280,5
7035,FITLLLRKFICSITKKC,17,0,4710,9
7036,KYVTEYKYNKDDKKTKVV,18,0,4711,1
7037,QSCCATPSCARLYEKVY,17,1,4712,0
7038,MSDINVIRAPLLILSILPCVGDDIEVLRRGEGLS,34,1,4713,5
7039,FFTTFDKDNDDQQNDN,16,0,4714,6
7040,NYYLYPARPENSWAT,15,1,953,1
7041,FLSLIPSLVGGSISAFK,17,1,575,0
7042,MNKNELVSAVAERAGL,16,0,4715,1
7043,FLKHIKSFWRGAKAIFRGARQGWREHR,27,1,4716,3
7044,LLRGGAGDPVELLLTNEKKKAKKGD,25,0,4717,8
7045,MEALVYTFLLVGTLGIIFFAIFFREPPRIIK,31,0,164,2
7046,MEVNILAFIATALFILVPTSFLLIIYVKTVSQNN,34,0,153,6
7047,INLKAIAALGKKLL,14,1,305,7
7048,KNNFCQVLYVWLLRLGKQCFVKFSKDVET,29,1,4718,7
7049,RRWCFRVCYRGFCYRKCR,18,1,1705,8
7050,MTNLPSFFVPFVGLILPAIAMASLSLHIQKNKIF,34,0,4719,6
7051,GCCSHPACSGNNPEFCRQ,18,1,35,1
7052,MNLEVIAQPIVLGLIVASGPLVIVSLAARRGNL,33,0,200,6
7053,ASGENQAELKLATHNVYML,19,1,4720,9
7054,NLVSDIIGSKKHMEKLISIIKKCR,24,0,4721,1
7055,PFLPHGLGHPLGLQVHDTAGFMQDDKGTNL,30,0,4722,5
7056,ILGPVISKIGGVLGGLLKNL,20,1,29,3
7057,LFSLVLAG,8,0,4723,6
7058,MELLTFGWAALLAVFTFSLAMVVWGRNGDGSIGF,34,0,62,5
7059,ALWKDILKNVGKAAGKAVLNTVTDMVNQ,28,0,1733,8
7060,FCKSLPLPLSVK,12,0,4724,7
7061,NYYLYPARPENSWWA,15,1,953,2
7062,EYDAVATTHSWVPKRNR,17,0,4725,4
7063,CKGAGAKCSRLPYDCCTGSCRSGAC,25,1,14,6
7064,ADDKNPLEECFCEDDDYCEG,20,1,4726,4
7065,CTPPSGYCYHPYYCCSRACNLTRKRCL,27,1,474,2
7066,CCKYGWTCWLGCSPCC,16,1,4610,6
7067,KEKLKLKCKAPKCYNDKLACT,21,1,4727,3
7068,MTLAQFAMIFWHDLAAPILAGIITAAIVSWWRNRK,35,1,4728,9
7069,GLFDIVKKIAGHIASSI,17,0,3310,6
7070,ALAGTIIAGASLTFKILDEV,20,1,4729,7
7071,ALFSILRGLKKLGNMGQAFVNCKIYKKC,28,0,1968,9
7072,YDKKVDSIILFGVNG,15,0,4730,6
7073,ADCLAHLKLCKKNNDCCSKKCSRRGTNPEQRCR,33,1,4731,5
7074,GSPMFV,6,0,3806,7
7075,SLFELGKMILQETGKNPAQSYGAYGCNC,28,1,4732,6
7076,YDKSVYFDLEDKGNTGQY,18,0,4733,3
7077,IRDECCSNPACRVNNHYC,18,1,35,0
7078,YMRF,4,0,99,8
7079,SPSPRFVSRLTRNTLVLILAGGRGS,25,0,4734,8
7080,MLQVFDIIGPIMIGPSESITAGAVRIKI,28,0,4735,5
7081,ESGINLQGDATLANN,15,0,4736,3
7082,MEALVYTFLLVSTLGIIFFAIFFRDPPKVPNEGRK,35,0,164,9
7083,WYRGRDVYPQAAPVADDVLVTFQHQPIGLA,30,0,4737,5
7084,LTLGLIYEWIEGG,13,0,4738,8
7085,CIDGGEMCDPFSSDCCSGWCIFFCI,25,1,2724,0
7086,MITPIIAGNKLVNTISEE,18,0,4739,1
7087,MKIIGLIGGIGSGKTTVAQLFVDEGFPLVD,30,0,4740,6
7088,GLKDIFKAGLGSLVKGIAAHVAN,23,1,4394,2
7089,GIFLNALKNFAKTAGKGVLQSVLNTASCKLSKQC,34,0,4741,0
7090,PDGRGASAALGVLARMDVVMGTFSKSFASVGGFIA,35,0,4742,5
7091,ASAAKGEHGGGAATLRFL,18,0,4743,5
7092,GLFKVLGSVAKHLLPHVAPVIAEKL,25,1,557,6
7093,GCPWHPWC,8,1,356,1
7094,GIGGALLSAGKAALKGLAKVLV,22,1,126,6
7095,GVVDILKGAAKDLAGHLATKVMDKL,25,1,93,8
7096,GCCSHPACHLEHPELC,16,1,35,3
7097,TCSIPYEYSNGKLKRTLYYSNGVYANSFTENN,32,1,4744,0
7098,CIGGGDPCEFHRPYTCCSGYCIVFVCA,27,1,277,2
7099,KGKGAKCSRLMYDCTGSCRSGKCGS,25,1,4745,4
7100,AASDKASELMALAVRGCCSHPACAGNNPHICGRRR,35,1,331,9
7101,IRDECCSNPACRVNNPHVCRRR,22,1,35,7
7102,GVCCGYKLCLC,11,1,30,0
7103,DCPTSCPTTCANGWECCKGYPCVRQHCSGCNH,32,1,2833,0
7104,SRVLIALIRVY,11,0,4746,2
7105,KYCYNDDDCKSECMVVKYCQQGTCYCKGN,29,1,4747,4
7106,VAEQLLAQGKAYYA,14,0,4748,8
7107,MTIDKNWLNRSNKDPGRSLRFTHQPV,26,0,4749,7
7108,MIYVEKKSQKGILIGKQ,17,0,4750,0
7109,QTCCGSKVFCC,11,1,4751,4
7110,SVPAFGHYLPAP,12,0,4752,3
7111,ADCCSNPPCAHNNPDC,16,1,35,2
7112,MHSNNSRQILIPHQNENMFLTELY,24,0,4753,9
7113,GIPCAESCVWIPCTVTALLGCSCKDKVCYLD,31,0,493,0
7114,GNVLLTGGVLMLIQLV,16,0,4754,6
7115,CKTYSKYCPADSPCCTPQCVRSYCTLF,27,1,4755,1
7116,MSDINATRLPHPFPLGLQPCAGDVDNLTLTKGEG,34,1,4756,2
7117,CCMRPVCTCPCCS,13,1,1587,4
7118,RKVAVMGAAGGIGQPLSLLLKLSPQVTELSKY,32,0,4757,9
7119,GVDSSFLRL,9,0,2917,7
7120,GPPYQPLVPR,10,1,4758,2
7121,ECTRSGGACYSHNQCCDDFCSTATSTCI,28,1,444,0
7122,MSALSYFFAAYCIGWVISHSILVFKKLSEVST,32,0,4759,3
7123,LLKVGTVDLILRMIEAGVIMRDMRMENP,28,0,4760,9
7124,FLRFIGSVIHGIGHLVHHIGVAL,23,1,4761,1
7125,DFFPAVAANNHPKGNIDVAYYSYTYSSL,28,0,4762,8
7126,QFAIAFGREGKAIFLDTETLDYEYLPF,27,0,4763,8
7127,STHTSDFLKL,10,0,4764,9
7128,GIWGTLAKIGIKAVPRVISMLKKKKQ,26,1,4765,4
7129,DCKADGAFCGIPFVKNWMCCSNLCIFACVPE,31,1,4766,0
7130,CTSPDGACNTPPQCCSKYCISISTTCN,27,1,4767,1
7131,GCCSDPRCAYRCR,13,1,39,8
7132,KSLRPRCWIKIKFRCKSLKF,20,1,336,9
7133,PDTLDNLIESFVLREGTDYGEHERSLEQKVADV,33,0,4768,6
7134,GLGDILGLLGL,11,0,4769,3
7135,FSTKTRNWFSEHFKKVKEKLKDTFA,25,1,4770,7
7136,KWKVFKKIEKMGRNIRNGIVKAGPAIAVLGEAKAL,35,1,1869,9
7137,VIPFVASVAAEMQHVYCAASRKC,23,0,4771,8
7138,KKCVKCLQKTVKDSYHIMCRPC,22,0,4772,6
7139,MFKMKFGDTLPRSDFGTGGNKQAPGLELG,29,0,4773,9
7140,VFFAGP,6,1,4774,1
7141,MIYRELNRALAIL,13,0,4775,1
7142,TGEKLFECNECGKSFSQKENLLTHQKIHTGEKPFE,35,0,4776,0
7143,VSCADILTMATRQFDNVYYKNLQQGK,26,1,4777,8
7144,CTHPGGACGFYYHCCSNYCITISSTCN,27,1,1835,3
7145,LWQNTWCCRDHLRCC,15,1,4778,5
7146,EEDQILAIGSGGNYALSAARALVEN,25,0,4779,0
7147,DSPAGVSDAQKQ,12,0,3670,0
7148,GCIKTGSGCTLSKGCCTKNCGWNFKCNPPNQ,31,1,181,3
7149,DKKEKDFSLRSNPLKKH,17,0,4780,1
7150,MEALVYTFLLVGTLGIIFFSIFFRDPPRMIK,31,0,164,9
7151,NGGTYRGSVYSDGANYN,17,0,4781,0
7152,FTILKKLKSFIK,12,1,4782,4
7153,GCCSDPPCRNKHPDLCM,17,1,35,8
7154,IEEDCGYVPCEFGCCRIIDGKEKCREIDCQ,30,1,4783,6
7155,LSVKAFTGIQLRGVCGIEVKARG,23,1,4784,5
7156,KTCQRRWDFCPGSLVGVITCCGGLICFLFFCV,32,1,1686,0
7157,CCTACRMPPCKCCA,14,1,1206,7
7158,PEDPQRRYQEEQRRE,15,0,4785,0
7159,FIGTLIPLALGALTKLFK,18,1,4786,8
7160,DVVASSTAHKQQDINHLLDK,20,0,3491,6
7161,KSPEAEEKFKEINEAYAV,18,0,4787,8
7162,GWCGDAGATCGKLRLYCCSGFCDCYTKTCKDKSSA,35,1,50,1
7163,SVTITNSFFQNEHHSSWT,18,0,4788,2
7164,VINFCANNYLGLANHPDLIAAAKAG,25,0,4789,7
7165,YQCGQGG,7,1,4790,4
7166,ADECCSNPACRVNNPHVC,18,1,35,8
7167,DFDCPPDWSAYDQCYYAF,18,1,4791,1
7168,MCLLVIKSVMLSIVISLRRLLDYLDLTLQVL,31,0,4792,6
7169,GLLDFVTGVGKDIFAQLIKQI,21,1,4793,3
7170,FFGHLFKLATKIIPSFFRRKNQ,22,1,802,5
7171,RIKIGLFDQLSRL,13,1,3669,2
7172,KLYEYARQGLSIERSFATV,19,0,4794,4
7173,MHLDLISITWGCLMATFTASLALVIWARNGL,31,0,4795,0
7174,IINWCCLTFYQCC,13,1,2556,4
7175,CYITNCPRG,9,1,391,4
7176,AENRERVMVQGEEENTKELTGIEFENGFISCMQN,34,0,4796,9
7177,LELRGGVDTDELDSNV,16,0,4797,5
7178,GVTMGGLNTRVSS,13,0,4798,0
7179,PECCSDPRCNSSHPELCG,18,1,4799,7
7180,KCLPPGKPCYGATQKIPCCGVCSHNKCT,28,1,4800,6
7181,KIANGSGSEQDIAEAKI,17,0,4801,5
7182,NLVQLGKMIFQETGKNPATSYGL,23,1,4802,7
7183,DDEEYAEFI,9,1,226,9
7184,AAKFKAPALMKRTVSQECCLDTRCAGKNLDECG,33,1,2607,5
7185,TIINVKCTSPKQCSKPCKEL,20,1,4803,2
7186,CDAPTHYCTNYWECCSGYCEHSHCW,25,1,4804,5
7187,ITKDFDALMKYIKRI,15,0,4805,7
7188,MTIISDSQIVVALISALVTGILALRLGRELYR,32,0,3870,1
7189,GMWGECKDGLTTCLAPSECCSEDCEGSCTMW,31,1,4491,6
7190,CVEDGDFCGPGYEECCSGFCLYVCI,25,1,4806,3
7191,FLPKLFAKITKKNMAHIR,18,1,4807,2
7192,TIIHPLLASSSAPNYR,16,0,4808,2
7193,CYRPPVC,7,1,4809,6
7194,FLPLIAGLFGKIF,13,1,415,9
7195,INLKAIAALAKKLF,14,1,305,4
7196,RGQCEEKPSRC,11,0,4810,6
7197,QIDRDPCCSYPDCGANHPEICGGKR,25,1,4811,0
7198,RSVCSNGCRPKPFGGCSC,18,1,4445,9
7199,EVVLDSDGEMLRNGGKYYLSPASPIGGGA,29,1,4812,1
7200,CKSKGAQCSKLMYDCCSGSCSGTVGRC,27,1,14,8
7201,MAVRGCCSHPACAGNNPHICGRRR,24,1,4813,6
7202,NSDTPKHRCGSELADQYVQLCH,22,1,1299,2
7203,DQPGDVKTHKQYDVNYLFFKI,21,0,4814,2
7204,LAVRGCCSHPACAGNNPHICGRRR,24,1,4813,1
7205,NMFGKLSQLCISNDFGQ,17,0,4815,9
7206,QDKPFWDPPIYPV,13,0,677,2
7207,CYIQSCPIG,9,0,391,1
7208,MDILTLGWVSILALFTWSIAMVVWGRNGF,29,1,233,3
7209,NGRCCHPACGAKYFKCG,17,1,1121,7
7210,CCDLPCNAGCVPCC,14,1,316,6
7211,FLGALIKGAIHGGRFIHGMIQNHH,24,1,4816,3
7212,ANKRPIWIMGHMVNAIYQIDEFVNLGANSIETDVS,35,1,4817,3
7213,FIGSALKVLAGVLPSIVSWVKQ,22,0,4818,7
7214,MGSMILDITGNSMSAIVKVVSNIIRPLVLKNFII,34,0,4819,9
7215,GLMDTIKGVAKTVAASWLDKLKCKITGC,28,1,1620,2
7216,YDCEPPGNFCGMIKVGPPCCSGWCFFACA,29,1,779,4
7217,EPFKISIHL,9,1,3261,2
7218,ELINAAEFKYADGISVVRSVRKKYPQAQVSRV,32,0,4820,3
7219,GCCSHPACSGNHQELCD,17,1,35,8
7220,GLMGTLISKQMKK,13,1,4821,3
7221,CTPAGDACDATTECCILFCNLATKECQVPAFP,32,1,2284,6
7222,VIGGDECNINEHRFLVALYDF,21,1,972,8
7223,VCSCRLVFCRRTELRVGNCLIGGVSFTYCCTRV,33,1,4822,9
7224,FLFSLIPSAISGLISAFK,18,1,575,5
7225,YAIAGRPRF,9,0,2408,1
7226,GLLASLGKVLGGYLAEKLKP,20,0,882,5
7227,VVGGKPAKLGAWPWMVALGF,20,0,4823,4
7228,ITPVPGGVGSLTTTLL,16,0,4824,9
7229,KALGGGVMPIGATIATEEVFSVLFDNP,27,0,4825,7
7230,VNEPADARFTYDYGLVVGLIVAAVL,25,0,4826,1
7231,CFESWVACESPKRCCSHVCLFVCT,24,1,4827,3
7232,QPSQDFMRF,9,0,160,7
7233,AIPWIWIWWLLRKG,14,1,4419,5
7234,GCGYLGEPCCVAPKRAYCHGDLECNSVAMCVN,32,1,1402,3
7235,RHAGSAHTF,9,0,4828,9
7236,GLLGKILGAGKKVLCGVSGLC,21,1,365,7
7237,AECCSNPACRVNNPHVC,17,1,35,7
7238,MFTLLSYFAFLMLALTFTLALFVGLNKIQIL,31,0,4829,5
7239,GLAGAISSVLDKLKQSQLIKNYAKKLGYPR,30,0,4830,3
7240,LILP,4,1,4831,0
7241,GCCARLTCCV,10,1,1993,8
7242,ALWKTMLKKLGTVALHAGKAALGAAADTISQGA,33,0,500,6
7243,CQGRGASCRKTMYNCCSGSCRSGRC,25,1,14,2
7244,APNVKDSKASGSCCDNPSCAVNNRHC,26,1,332,1
7245,DDCCPDPSCRQNHPELCA,18,1,35,5
7246,KIPCGESCVWIPCVTSIFNCKCENKVCYHD,30,0,159,9
7247,KLGAHIATIPDPLF,14,0,4832,9
7248,WWLGECDEWDWLCDQPSECCSATCSLWC,28,1,4833,0
7249,VEYASKVDENFDCVEADDVEGKI,23,0,4834,8
7250,ATVQGGIYRMP,11,0,4835,7
7251,LLGPVLGLVSNVLGGLL,17,1,29,9
7252,GCCSDPPCIANNPDLC,16,1,35,3
7253,SPANSVWS,8,1,4836,3
7254,GPANIPIVSRREWGALASESANL,23,0,4837,6
7255,DCPSDWSPYEGHCYK,15,1,4838,0
7256,VTIGPVCELPKEVGGPCRGHIIPRY,25,0,4839,6
7257,CLGSGETCWLDSSCCSFSCTNNVCF,25,1,22,8
7258,EEDRKCPKILMRCKRDSDCLAKCTCQESGYCG,32,0,281,0
7259,AGIGKIGDFIKKAIAKYKN,19,1,4840,9
7260,RSTRCLPDGTSCLFSRIRCCGTCSSILKSCVS,32,1,4841,3
7261,CLTTGEYCWLASSCCSYSCTDNVCF,25,1,22,0
7262,ALWFTMLKKLGTMALHAGKAALGAAANTISQGTQ,34,1,500,7
7263,STDCNGVPCQFGCCVTINGNDECRELDC,28,1,1223,5
7264,FIAGWLFVSTGLAY,14,0,4842,5
7265,RGSLTILPLRNISD,14,0,94,5
7266,MLTVIAYLGLLASVLIGTIVIYLGLVKVKLI,31,0,4843,5
7267,AAMGSQGNLSA,11,0,4844,8
7268,IDGNVITVKGPKGTLTREIHPEMIVKIE,28,0,4845,6
7269,NLINFMEMIRYTIP,14,1,4846,0
7270,ACSGRGSRCPPQCCMGLTCGREYPPRC,27,1,3162,7
7271,YRWWRWARRWYRWWRWARRW,20,1,4847,6
7272,LWSG,4,1,4848,4
7273,DCLGWFKSCDPKNDKCCKNYTCSRRDRWCKYDL,33,1,282,5
7274,NECCWNPDCTSHRCD,15,1,4849,3
7275,VPELTFFYDNSLVEGM,16,0,4850,5
7276,DLYANSCAALLHNKTL,16,0,4851,9
7277,CCPGWELCCEWDDWW,15,1,951,5
7278,NRNFLRF,7,0,4852,2
7279,AKEKIHINIVVIGHV,15,0,4853,5
7280,CLASGETCWRDTSCCSFSCTNNVCF,25,1,22,5
7281,MSKRVEVLLTQLPRPTA,17,0,4854,5
7282,MNKQRFLFAAKISGIHFLLSLTVAALLAGL,30,0,4855,7
7283,GTRCARCARTCRTACAT,17,1,4856,8
7284,APPQPSDNFIRF,12,0,4857,7
7285,MRNISLTTTIITTTDTTGNGAG,22,0,2580,5
7286,AANDKASDLMALRGGCCSRPPCILKHPEICGRRR,34,1,755,1
7287,KIFTKCELARKLRAEGMDGF,20,0,4858,9
7288,DYENSSLWGELEEL,14,0,4859,3
7289,GHGGASNYVRL,11,0,1658,8
7290,FLSTLLNVASKVVPTLFCKITKKC,24,1,138,2
7291,MLFEIFEELEINREIRNLAYEFVKKMVYCQMTL,33,0,4860,0
7292,CCSTNCAVCIPCCP,14,1,470,4
7293,CKSKGAKCSKLMYDCCSGSCSGTVGRC,27,1,14,7
7294,GCCSHPACSVAHPELC,16,1,35,7
7295,TVTEECEESCEDEEKHCCNTNNGPSCARICF,31,1,1578,7
7296,FCCDSNWCNISDCECCY,17,1,4469,2
7297,CKGKGACSRLMYKCC,15,1,4861,1
7298,SLLELGKMILQETGKMPSKSYGAYGCNCGVLGR,33,1,4732,1
7299,AFEALRQAGRPLRRPDRTLAVPDHNVPT,28,0,4862,6
7300,GCCIEPLCYQYDCDCCRYL,19,1,1618,7
7301,MSQSKYRQL,9,0,4863,2
7302,GCCGAWACMAGCRPCC,16,1,320,9
7303,CCHPACGKNYSC,12,1,7,7
7304,RCCGYKFCHIC,11,1,30,8
7305,DCCVMPWCDGACDCCVSS,18,1,4864,0
7306,THDFMRF,7,0,4865,9
7307,LVDTFPGQSIDFFGALREGPPTFEQPAMTIEK,32,0,4866,5
7308,GMWSKIKNAGKAAAKAAAKAAGKAALDAVSEAI,33,1,638,9
7309,MVYVMSMVSLLKRLLTVTRWKLQITG,26,0,4867,3
7310,DFEDSSEQCPELCREGNSDPFCFCERKRDVAFSWI,35,1,4868,6
7311,TTEECCPFIVGCCS,14,1,4869,3
7312,FKGGGPYGQGVTRG,14,0,4870,1
7313,GDLPVCGETCFGGTCNTPGCVCAWPVCTR,29,0,51,3
7314,RCCSIHDNSCCGL,13,1,1785,7
7315,GSSGMISFPRT,11,0,188,9
7316,GLKDWWNKHKDKIVKVVKEMGKAGINAAGK,30,1,1831,7
7317,NNNARLMFGDGTQLVVKP,18,0,4871,4
7318,GSSGIIPFPRV,11,0,188,1
7319,CCMALCSRYHCLPCC,15,1,824,5
7320,EGANSNEAKGMWFGPRL,17,0,145,4
7321,GLFDIIKKIAESI,13,0,4872,3
7322,VSCGEYCGDYGDCPSSCPTCTSNLLKCM,28,1,4873,9
7323,MDSRAFRMAWPEGTRLFEVDTPAPLEFKA,29,0,4874,6
7324,NTAAKVKYSKTQEECCPNPPCFAVNSALCGA,31,1,1361,9
7325,VKKKQCCNPACGPKYSCGH,19,1,4875,7
7326,SGNPKLNWAGAEVFSGLS,18,0,4876,6
7327,GGCCSHPACAANNQDYC,17,1,35,4
7328,QKKDKKDRFYGLF,13,0,2502,0
7329,NECCDNPPCKSSNPDLCDWRS,21,1,306,3
7330,MRFEHENLPQRIFG,14,0,4877,9
7331,TNSACCLFEFYDCLYRAEIKLEEGTVPVQE,30,1,4878,0
7332,CCSRHCWVCIPCCPNGSA,18,1,470,4
7333,TLQMLRTNAAAQAGNCAASGMMGGKGK,27,1,151,0
7334,KIHETDTGSPEVQVAIL,17,0,4879,7
7335,CFPPGIYCTPYLPCCWGICCGTCRNVCHLRI,31,1,1449,8
7336,GNFFRF,6,0,4880,0
7337,MLTITSYFGFLLVVLIITSSLFIGLSKIRLI,31,0,291,5
7338,ELLESQNYPSQIEEWI,16,0,4881,6
7339,NDCCHNAPCRNNHPGIC,17,1,4882,5
7340,SAALAGTIIDGASLGFDILNKV,22,1,4883,7
7341,MTRCISKKMLLEVDALSLIYSPHLYMS,27,0,4884,2
7342,GFPCGESCVYIPCFTAAIGCSCKSKVCYKN,30,1,159,3
7343,IFSAIAGLLSNLL,13,1,4885,1
7344,CCAIRLCNVYLCGSCCP,17,1,4521,1
7345,QQIGEYFADKGHQV,14,0,4886,9
7346,IDPPRYCNHIICYEDSECSQWCTAGCNSITSKCDT,35,1,4887,9
7347,FKVQNQHGQVVKIFHH,16,1,4888,6
7348,ECCHRQLLCCLRFV,14,1,4889,1
7349,PKPPDRG,7,0,4890,0
7350,DEQARDEVTEDGREGNEVDNSGRRKQRSN,29,0,4891,1
7351,WERDIALVFLGLMVLFNIGQV,21,0,4892,1
7352,GWCGDPGATCGKLRLYCCSGFCDCYTKTCKKKSSA,35,1,50,0
7353,CQWQFISPSRAGCIGP,16,1,4893,0
7354,TQGIDESQNLAKQGVR,16,0,4894,8
7355,PIDRVLACHTSSLQTPT,17,0,4895,7
7356,GSIPCAESCVYIPCFTGIAGCSCKNKVCYYN,31,0,159,1
7357,GGSVPCGESCVFIPCITSLAGCSCKNKVCYYD,32,1,159,0
7358,CCIWPECGSCVCCL,14,1,465,0
7359,GCPQTPRCTNYAEKGQCPPN,20,0,4896,7
7360,TNSACCLFEFYDCFIE,16,1,4897,1
7361,CSTKVCGEDCCSSSSCECETVGSQDNEVGCSCPVF,35,1,4898,9
7362,ECRGKGQGCTNTALCCPGLECEGQSQGGLCVDN,33,1,639,6
7363,ECKYLWGTCSKDEDCCAHLGCNRKHDWCGWDYTF,34,1,1706,8
7364,MEALVYTFLLVSTLGIIFFAIFFREPPKVPTKKMK,35,0,164,1
7365,LKKKGAKKVLYACAGCF,17,0,4899,5
7366,MLMPKRVKYRREHRGRMKGRAKAVRI,26,0,4900,9
7367,DEGPYKMEHFRWGSPRKD,18,0,4901,3
7368,SKKSKPGDGIRGKGVRG,17,1,4902,5
7369,MDIISLGWAGLMTMFTFSLALVVWARNGF,29,0,233,6
7370,ECTPPGGACGLPTHCCGFCDMANNRCL,27,1,3521,2
7371,AATAATPATAATPATAARA,19,0,2252,6
7372,NDPCYEVCLQHTGNVKACEEACQ,23,1,2672,6
7373,FFPIGVFCKIFKTC,14,0,4903,6
7374,ISLEICIFHDN,11,0,4904,0
7375,CCPRKIWCCMIP,12,1,4905,7
7376,TQQEGMDISSSLK,13,0,4906,7
7377,GCCSYPPCFATAPDC,15,1,35,4
7378,CCSQDCRVCIPCCPN,15,1,470,3
7379,TDCDEGCMKCGSGCCCSPNSCIDSQCRGQVPPQ,33,1,4907,2
7380,GILELAKTVCCSATGISICC,20,1,1313,7
7381,VCPQNNGHEGREQPAEEASTLKRRSSSSSSSNPRH,35,0,4908,4
7382,ADGSDPVGGESLPDTGGAR,19,0,4909,1
7383,RCHFVICTTDCRRNSPGTYGECVKKEKGKECVCKS,35,1,3241,0
7384,ECREKGQSCTNTALCCPGLECEGQSQGGLCVDN,33,1,639,1
7385,GCCSAPPCFATNPDC,15,1,35,6
7386,GSVIKCGESCLLGKCYTPGCTCSRPICKKN,30,0,51,9
7387,VTEECEENCEEEEKHCCNTNNGPSCAPQCF,30,1,1578,5
7388,PSYSARISVFAKVSKGSVPPQFTLKDQD,28,0,4910,3
7389,VCCQFEFLNFCC,12,1,4911,3
7390,GDCSCEGQICKCGYRVSPGKSGCACTCRNAK,31,1,4912,5
7391,PYDRISSSAFSDF,13,0,317,0
7392,GRFKRFRKKFKKLFKKLSPVIPLLHLG,27,1,482,0
7393,SGAKGVVVGLSGGVDSTTTLYLLVRA,26,0,4913,2
7394,QSPKDAYPYDISELVKDAYPYDISELVK,28,0,4914,5
7395,GFGMALKLLKKVL,13,1,4915,8
7396,MSDINATRLPIWGIGCDPCVGDDVAALTTRGEA,33,1,346,8
7397,GLLDLLKGAGKGLLTHLASQI,21,1,4183,8
7398,YYVDLQNR,8,1,4916,3
7399,IFGAIWKGISSLL,13,1,454,1
7400,GSIIGMLILFVLLALQILPAKWVNPGCYVLIRYMA,35,0,4917,5
7401,SIRDKIKTIAIDLAKSAGTGVLKTLICKLNKSC,33,1,481,8
7402,FLPFVGKLLSGLL,13,1,155,8
7403,TARMVVRQPLELVDATE,17,0,4918,9
7404,QRTNDFIKACGRELVRVWVEICGSVSWGRTA,31,0,4919,8
7405,ENFAGGCTPGYQRTADGRCKPTF,23,0,502,5
7406,NSWENNKNIIFSGSLIWVFLLIIVGFLNYLVV,32,0,4920,8
7407,LDPCCRDPPCASTHIDRC,18,1,1735,3
7408,VPPGFTPF,8,1,113,6
7409,NVRFDLSGATSSSYKTFIKN,20,1,4921,8
7410,MKVFVLNGPNLGRLGKREPA,20,0,4922,7
7411,ADLTR,5,0,4923,9
7412,MILGAVFYIVFIALFFGIAVGIIFAIKSIKLI,32,0,4924,3
7413,LYGGTSAEREVSLSSGKGIMEALKANG,27,0,4925,7
7414,EIILHALGTRCCSWDVCDHPSCTCC,25,1,4926,5
7415,TQLEAACPNVVSCADILALAAR,22,1,4927,0
7416,MLGFLPLP,8,1,4928,3
7417,DNGVPGIDADCGGACACSTCHAYVD,25,0,4929,4
7418,VCCSFGSCDNLCQCCD,16,1,4358,3
7419,MWTKPAFEDIRLGFEITMYAAVE,23,0,4930,9
7420,IANVFAVDIHPAAR,14,0,4931,3
7421,KRLNSYAKMEI,11,0,4932,9
7422,MKIGIIGAMEEEVTLLRDKIENRQTITIGGSEIYT,35,1,4933,3
7423,QRRCPRIYMECKHDSDCLADCVCLEHGICG,30,0,281,9
7424,KASSSAPKGWTHHGSRFTFHRGSM,24,1,4934,3
7425,RPRPQQFFGLM,11,0,2184,9
7426,DCCSLSACVPPPACECC,17,1,1168,1
7427,ADNKNPLEECFRETNYEEFLEIAR,24,1,1519,8
7428,PRRRRASSGRPVRRRRRPKMSRRRRRGGRRRR,32,0,71,8
7429,GFKDWIKGAAKKLIKTVASAIANQ,24,0,2159,6
7430,INWKAIIEAAKQAL,14,0,4935,9
7431,IDQLNILHATMLAMQR,16,0,4936,1
7432,GCKLTFWKCKNKKECCGWNACALGICMPR,29,1,4937,7
7433,REQGAVVVDVRDPATFAALHISGSKHL,27,0,4938,0
7434,GIPCAESCVWIPCTVTALLGCSCKDKVCYLN,31,0,493,5
7435,IFGAIWNGIKSLF,13,1,454,3
7436,TVREACCSDPRCSGQHQEKC,20,1,35,9
7437,NCCRHQICC,9,1,250,5
7438,KVTVKQGIEQKQAKQLVAKLKEAKLKV,27,0,4939,4
7439,TSNQITRGVWDECCKDPQCRQNHMQHCPA,29,1,3846,8
7440,RRWYRWWR,8,1,2684,0
7441,DGCCSDPACSVNHPDICGG,19,1,35,7
7442,VKVGGELDVYTVPELEEVLTPMRQDGTRDIYVNLE,35,0,4940,4
7443,CLAPQRWCSMHDDNCCKTCIILWCS,25,1,4941,4
7444,GSPRQCAETCFIGKCYTEELGCTCTAFLCMKN,32,0,4942,7
7445,MASEIFGTAAIFWVLIPIGLVGGALLLKLEGD,32,0,691,2
7446,CCGPTACIAGCKPCC,15,1,320,3
7447,GVCCGYKLCHDC,12,1,30,7
7448,RVFSGREPPEPGEEEF,16,0,4943,3
7449,PIDPGV,6,0,4944,3
7450,VKVGINGFGRIGRLVTRAAFHGKKVEVVAIND,32,1,4945,6
7451,SEELNRILIILITFAG,16,0,4946,6
7452,GFCAEAGIKCNDIHCCGNLKCKAVGSNRV,29,1,4947,9
7453,AGLTDADLKTEKGFLSGLLNVAGSVCCKVDTSCC,34,1,4948,8
7454,NLFQFARMINKKLGAFFNYI,20,1,4949,5
7455,MSKRAMKKIIPLITLFVVTLVG,22,0,4950,9
7456,NLASLIRSWIDTTNFCCCGAGCTHDCVKCW,30,1,3818,6
7457,MTLISDSQIVVALVSAFVTGILALRLGRELYR,32,0,3870,5
7458,GPIPWQRRI,9,0,4951,5
7459,GVCCGYWLCHC,11,1,30,0
7460,MARKQKTLLCRNCRETKIAVDRVCPTCGCRLVPPY,35,0,4952,7
7461,MKRQDLPRSRSLRSCE,16,0,4953,6
7462,CIVGTPCHVCRSQSKSCNGWLGKQGYCGYC,30,1,271,7
7463,GAFGNFLKGVAKKAGLKILSIAQCKLFGTC,30,1,2324,8
7464,DWRVLVVLLPVLLAAGWAVRNILPYAVKQVQKLL,34,0,4954,0
7465,GFLDVVKHIGKAALGAVTHLINQ,23,1,2637,3
7466,GEFLKCGESCVQGECYTPGCSCDWPICKKN,30,1,51,4
7467,CCDRPCSIGCVPCCLP,16,1,316,8
7468,MSEARNLFTTFGILAILLFFLYLIYAVL,28,0,4955,8
7469,IVPPENFDDLLKITELIGFDEFA,23,0,4956,9
7470,AEIGAWMTERMSLFPGSSLEALAKITDAVDVV,32,0,4957,5
7471,MNRLLQRQLFLENLLVGVNSTFHQM,25,0,4958,2
7472,EKIQSLFIKSDLLHNV,16,1,4959,0
7473,CCRLLCLSCNPCC,13,1,4960,9
7474,IINDFTNLVNQVEPLK,16,0,4961,7
7475,FLRN,4,0,4962,1
7476,RARPRF,6,0,4963,4
7477,CDRSCTGVMGHPSCATCCACFTSAG,25,1,4964,7
7478,RICTAIPLPMCL,12,1,4965,9
7479,MTVAIDYFLLVGFCFAVTSGLWIGLKSIKLI,31,0,2930,0
7480,KKDGYIVDSNGCAPECFPTNGC,22,1,4966,3
7481,DCCGNSVTCDCYFTD,15,0,4967,8
7482,ADGSDPAGGEFLEAGGGVR,19,0,253,6
7483,MDIVSLAWAGLMVVFTFSLSLVVWGRSGL,29,0,233,4
7484,MSILPVIFLPIFFYSSFVQTFNASECIDKG,30,0,4968,2
7485,ALGDQLLSVFVDHTLVDEVA,20,0,4969,3
7486,EDFDSQCVPTADPGPCKAYIPMWWYNVLS,29,0,4970,7
7487,CKGAGAACSRLMYDCCTGSCRSGKC,25,1,14,4
7488,ALPNQQTVDYPSFKSNYNFEKPFLYLAR,28,0,4971,2
7489,IINWCCLIFYQCCL,14,1,2556,8
7490,AIGQPAAEAEAPFQISLMK,19,0,4972,5
7491,CKGKGAKCSRLAYDCCTGSCRSGKC,25,1,14,8
7492,GEWYNQTKDLQQKFYEIIMDIEQNNVQGKKGIQQL,35,1,4973,3
7493,VAIYGRDDRSDVCRQVQHNWLVCDTY,26,1,4974,2
7494,GSAIACGESCFKFKCYTPGCSCSYPICKKD,30,0,51,9
7495,MPNLQTVAQLISLFLILTSGPAIIVLIALRRGNL,34,0,4975,7
7496,CCMRPICMCPCCVN,14,1,1587,5
7497,MELTTTQIFVELILSLIPATLAFNLGKELTK,31,0,4976,6
7498,DDSYCDGCRCTILKKRFAHRLPAAGAHAEKSGHV,34,1,4977,6
7499,NGCNGNTCSNSPCPNNCYCDTEDDCHPD,28,1,4978,3
7500,GMWGKCKDGLTTCLAPSECCSGNCEQNCKMW,31,1,4491,7
7501,CKGTGKPCSRIAYNCCTGSCRSGKC,25,1,14,3
7502,RCCISPACHKDCYCCL,16,1,4,4
7503,MLFTVAWASLAAMFSFSIAMVVWGRNGDGTLNF,33,0,62,7
7504,CQGRGASCRKTMYNCCSGSCNRGRC,25,1,14,7
7505,GFFGKMKEYFKKFGASFKRRFANLKKRL,28,1,298,1
7506,MMCPRILMKCKHDSDCLPGCVCLEHIEYCG,30,0,3581,4
7507,GEEEYSEFI,9,1,226,0
7508,IVGGTAADISQFPHQLSLQTT,21,0,4979,7
7509,MKNLRNRSFLTLLDFSRQEVEFLLTLSEDL,30,0,4980,4
7510,ECCSDGWCCPA,11,1,48,0
7511,MAIVGTIIKIIKAIIDIFAK,20,1,4981,4
7512,CCSQNCLTCIPCCPY,15,1,470,5
7513,METITYVFIFACIIALFFFAIFFREPPRITKK,32,0,4982,3
7514,DCTPPDGACGFHYHCCSKFCITISSTCN,28,1,1835,4
7515,GAQFSSWG,8,0,712,0
7516,TCNTPTQYCTLHRHCCSLYCHKTIHACA,28,1,4983,1
7517,AVCNLKRCQLSCRSLGLLGKCMNGKCECVKH,31,1,604,0
7518,MTKHCTPPEVGCLFAYECCSKICWRPRCYPS,31,1,4549,5
7519,FLTQQSPRDFAKSVMQLLHYNWIDCCNYGVSDCCI,35,1,3316,9
7520,PICTRNGLPVCGETCFGGTCNTPGCTCTW,29,1,51,9
7521,GDVQEGEFIAEGGGVR,16,0,253,4
7522,LLRHVVKILEKYL,13,1,4984,1
7523,MVVRGGCCSHPVCYFNNPQMCRGRR,25,1,35,8
7524,FCCPFIRYCCW,11,1,3510,3
7525,MTLSLINRSTACIQAVEQKYCRVPLPENNR,30,0,4985,9
7526,AWLDKLKSLGKVVGKVALGVAQNYLNPQQ,29,1,4986,8
7527,ISALFDEYEPLNDAD,15,0,4987,6
7528,CYIQNCPVG,9,0,391,0
7529,GLAASVGFHIAAWQIGKHAL,20,1,4988,3
7530,VIGGDECNINEHRFLVALYDPDGFFCGGTL,30,1,148,8
7531,GVCCGRKLCHC,11,1,30,8
7532,CSNLSTCVLGKLSQELHKLQTYPRTDVGAGTP,32,0,2992,1
7533,MNIELIVQLGSLTLITIAGPLIVALLFLRQGNL,33,0,3334,4
7534,VRGNLESMFLQCPKPTLQQISHIAQQLG,28,0,4989,1
7535,DGVTDPLEVNVVK,13,0,4990,1
7536,TVDNVIDPKNDQIIKLKIQLAQLQEHERNT,30,0,4991,1
7537,DEAAPPPAATAPAATE,16,0,4992,6
7538,VTVYDAEGTKVQLDGSIRLVM,21,0,4993,5
7539,GEEECSEAI,9,1,226,4
7540,MISEYGVVVIADRDESSWDFVEKRIDFSEFPLIES,35,0,4994,9
7541,CCSQDCWVCIPCCPNGS,17,1,470,2
7542,AVNRTFTNAQGEREADFINVVVFKK,25,0,4995,3
7543,FFGHLFRGIINVGKHIHGLLSG,22,1,473,7
7544,LSLLGHDERVTPEPFDSVTAQNARGNQADVQSLPR,35,0,4996,4
7545,CRAEGTYCENDSQCCLNECCWGGCGHPCRHP,31,1,4997,7
7546,GKIEAMKIAKNNENT,15,0,4998,0
7547,QKKDKKDK,8,0,938,6
7548,GSSGGMIPFPRV,12,0,4999,0
7549,GIPTCGETCTLGTCNTPGCTCSWPICTKN,29,0,51,3
7550,IIEKLVNTALGLLSGL,16,0,5000,6
7551,RRSRFGRFFKKVRKQLGRVLRHSRITVGGRMRF,33,1,5001,9
7552,RLIWHNTELANTLSIPSSLFKN,22,0,5002,7
7553,QAVLSETGGGDTASCDEYLYQELAYVK,27,0,5003,1
7554,PAPESNFVRDP,11,0,122,0
7555,LPSCCSLNLRLCPVPACKRNPCCT,24,1,2940,3
7556,GCCSLPPCALSNPDYC,16,1,35,8
7557,FLPIIGKLLSGLL,13,1,155,6
7558,RYPKIKQWLSQVLGNFPVYAHMLGNFS,27,0,5004,5
7559,NFAEIFAAVNKLIKQGVVKG,20,1,5005,9
7560,ITCPQVTQSLAPCVPYLISG,20,0,5006,2
7561,CCDQCYGFCRLVDNCCNS,18,1,5007,6
7562,RDCQEAWEYCIVPILGFVYCCPGLICGPFVCV,32,1,136,9
7563,GIKELCNACAQTVCKKSGGPLCDTCQAACKALG,33,1,808,7
7564,FLQHIIGALGHLF,13,1,5008,0
7565,CARLNCVPKGTSGNTETCPCYASLHSCRKYG,31,1,5009,5
7566,RCCPPVIWCC,10,1,4069,4
7567,CLDGGEICGILCSTHKW,17,1,5010,4
7568,KCDVDIRK,8,0,5011,4
7569,ENFAVGCTPGYQRTADGRCKPTF,23,0,502,5
7570,GLKDIFKAGLGSLVKNIAAHVAN,23,0,4394,4
7571,TLQKLLNKTLLPNSATVL,18,1,2817,5
7572,GEEELQENQELIREKSN,17,1,74,2
7573,TAGAGIAYVPLMWVINEINRGELEILL,27,0,5012,0
7574,FVRTCKKLREEEAARL,16,0,5013,0
7575,AAAGDNFMRF,10,0,229,6
7576,RNCCRLQICCGRT,13,1,5014,7
7577,DLVALSGAHTIGQAR,15,1,1487,5
7578,GFVDLAKKVVGGIRNALGI,19,0,1319,0
7579,AVVNGVNYVGETTAA,15,0,5015,3
7580,GWCGDPGATCGKLRLYCCSGFCDCATKTCKDKSSA,35,1,50,3
7581,IPCGESCVWIPCISGMFGCSCKDKVCYS,28,1,159,2
7582,RVSMDMITVDLTPVPRAGMGSEVTLWGR,28,0,5016,2
7583,QTCCGFKFFCC,11,1,4751,6
7584,DDEEYSEAI,9,1,226,1
7585,QLASDDYGHMRF,12,0,5017,7
7586,DYAELVSEARQFLSGHS,17,0,5018,7
7587,MEALVYTFLLVGTLGIIFFAIFFREPPRVPVKDKK,35,0,164,1
7588,MEALVYTFLLVGTLGIIFFSIFFREPPRIIK,31,0,164,3
7589,MDKYVDLKERFLRYVKFN,18,0,5019,3
7590,KRGFLDVITHVGKAVGKAALNAVNEMVNQGEQ,32,0,3008,8
7591,SLGSFLKGVGTTLASVGKVVSDQFGKLLQAGQG,33,1,76,9
7592,MDILALGWVSVLALFTWSIAMVVWGRNGF,29,0,233,7
7593,DVPSANANANNQRTAAAKPQANAEASS,27,0,5020,1
7594,DECFSPGTFCGTKPGLCCSARCFSFFCISLEF,32,1,1071,3
7595,FGSFIPCAHKGEPCTICCRPLRCHEEKTPTCV,32,1,5021,6
7596,WWRELLKKLAFTAAGHLGSVLAAKQSGW,28,0,5022,5
7597,GIPVCGETCTLGTCYTAGCSCSWPVCTRN,29,0,51,2
7598,GCCSYPPCAATNPDC,15,1,35,2
7599,ARQVVAPGPVLDAIVAQFGAE,21,0,5023,3
7600,SCNNSCQSHSDCASHCICTFRGCGAVN,27,1,4604,1
7601,INWKGIAAMKKLL,13,0,305,9
7602,MVPVECVVRNRTAGSLVKRLGIE,23,0,5024,1
7603,AHMNMKEQLRAIQEASVVIGAH,22,0,5025,6
7604,IVLFLYRGYIYQ,12,0,5026,8
7605,DLLGTLGNLPLPFI,14,1,5027,8
7606,MGCCPFPCKTSCTTLCC,17,1,5028,7
7607,VFINVKCRGSPECLPKCKEAFGKAAGKCVN,30,1,1948,0
7608,VAILGAAGGIGQPLSLLMKDDLFNINAGIVK,31,0,5029,7
7609,VITEVCEGYCEVLRKHCCGTRDAIPVCNSACR,32,1,5030,3
7610,AQPSMRLRF,9,0,3419,1
7611,IPWKLPATFRPVERPFSKPFCRKD,24,1,5031,6
7612,GCVLLPWC,8,1,356,2
7613,SHGKQETDEEFDARWVTYFNKSDI,24,0,272,5
7614,HCCPIDLQCCPP,12,1,3427,6
7615,RDCQAKWEYCIVPILGFVYCCPGLICGPFVCV,32,1,136,5
7616,MALNLQDKQAIVAEVSEVAKGALS,24,0,699,7
7617,GIVEDCCYNDCTDEKLKEYCHTLQ,24,1,5032,9
7618,HGCCKGPEGCSSRECRPQHCC,21,1,5033,2
7619,LVPFLGRTLGGLLARL,16,0,875,7
7620,PETGLTQPGKTIVCGD,16,0,5034,9
7621,AYELPELPYAYDA,13,1,5035,8
7622,QGLIEILKKVSQQTEKTTTVKFNRRKVM,28,0,5036,6
7623,APCTYPGQQCKSDDECCHGTCKTAFIGRICMR,32,1,5037,1
7624,SGGGKEAAETFNRVESHPRPDA,22,0,5038,2
7625,DPLNEERRANRYGFGL,16,0,5039,9
7626,QDECEIGSWCQFCTALWC,18,1,5040,6
7627,HKQGDFVLRVGAASVVPNDS,20,0,5041,7
7628,VIGGDECDINEHRFLVFLTASGLACGGTLIN,31,1,5042,7
7629,MALKAVCVLKGAGETSGTVHFEQEDN,26,1,5043,9
7630,KLLQIDPGLKVIM,13,0,5044,3
7631,VKVGINGFGRIGRVFRA,17,0,5045,0
7632,QHWSYGWLPG,10,0,1514,4
7633,MLLAAVGDDELTDSEDESDLFHEELEDFYDLDL,33,0,5046,0
7634,GCCSDPRCRYRCGRRRRGGCCSDPRCRYRC,30,1,5047,1
7635,GLFKTLIKGAGKMLGHVAKEFLGSQGQPES,30,0,2619,3
7636,AGTEAGVTLGQPSLEQDSL,19,0,5048,9
7637,KDSDPPGPIDNSKVALTKSSGHVQLKQ,27,0,5049,6
7638,CCPPVIWCC,9,1,4069,1
7639,NVNCGGVPCKFGCCREDRCREIDCD,25,1,5050,2
7640,QVTVATSGYALHFIANNAQSLKMFDFIIFDECHVL,35,0,5051,2
7641,GLPVCKGKGAKCSRLMYDCCTGSCRSGKCTRG,32,1,14,6
7642,MELILNKEYRLVIIVLISVYYRYRFFLLLF,30,0,5052,8
7643,GCPPGLWC,8,1,3347,9
7644,GCCSYPPCFATNPDCGGAAGG,21,1,35,8
7645,IQADPTFQVIQDDN,14,0,5053,4
7646,MLTLKIFVYTVVTFFVSLFIFGFLSNDPGRNPNQR,35,0,61,2
7647,GIGGKILGGLRTALKGAAKELAATYLH,27,1,3086,4
7648,STRCQGRGASCRKTMYNCCSGSCNRGRCG,29,1,14,6
7649,CAGKGAKCSRLMYDCCTGSCRSGKC,25,1,14,8
7650,WWEGECRGWSNGCTTNSDCCSNNCDGTFCKLW,32,1,5054,2
7651,GCCEPDWCDSGCDDGCC,17,1,902,7
7652,DCCTLSACVPPPACSCCA,18,1,1168,4
7653,YDKVEFHITGTKDTYSAFIQSLRTHLS,27,1,5055,0
7654,CASYGKPCGIYNDCCNTCDPARKTCT,26,1,1066,7
7655,NEFLTHTFSWHPTWCPWC,18,1,5056,2
7656,CSDIGSYCRPATHLCCSGECFGIEDMGLCNS,31,1,328,2
7657,DQCSYCGIYCCPPKFCTSAGCRSP,24,1,453,9
7658,LSSARPKIANYPFT,14,0,5057,2
7659,NSDEQFDDYGYMRF,14,0,912,8
7660,FGRVGRVSMFHVSDSYSETHLEDFVPQ,27,0,5058,5
7661,AAAELSLVQLESLREVCEQ,19,0,5059,8
7662,QKCCGKGMTCPRYFRDNFICGCC,23,1,519,7
7663,TDAVADGVHAISGVVDT,17,0,579,2
7664,SKDVMHQMALKFGKPIKLLQQELGADDSVVKDFLD,35,0,5060,7
7665,GCCSYPPCFATNPAC,15,1,35,2
7666,IRCSGSRDCYSPCMKQTGCPNAKCINKSCKCYGC,34,1,1227,7
7667,FLQHIIGALSHFF,13,1,5008,9
7668,ILGAILPLVSGLLSNKL,17,1,2559,4
7669,CTPCGPDLCCEPGTTCDRVLHHTHFGEPSCSY,32,1,2193,8
7670,NRDSSNGYINKVHYWTV,17,0,5061,1
7671,QLKYGPSRERSIAGLR,16,0,5062,4
7672,TLCPEHCTNGCNMDMTCI,18,1,5063,0
7673,TCKQKGEGCSLDVECCSSSCKPGGPLFDFDC,31,1,5064,6
7674,QDAYRFLTHTYG,12,0,5065,7
7675,CIPFLHPCTFFFPDCCNSICAQFICL,26,1,2795,2
7676,VSCEDCPDHCSTQKARAKCDNDKCVCEPK,29,1,3066,8
7677,AVVFGNTVNWRGRLF,15,0,5066,1
7678,GDLKFKYRNREFWCRGY,17,0,5067,0
7679,VATVQGLSGTGSLRNLGLYAERQIGMFSFTGLNK,34,0,5068,4
7680,LVASIPR,7,0,5069,0
7681,LKIRLKRCGRKKQTSFKIVVMNNL,24,0,5070,1
7682,KEIHIFHDN,9,0,4648,1
7683,KNWAVLVAGSDGLPNYRHHADV,22,0,5071,0
7684,GILDTLKEFGKTAAKGIAQSLLSTASCKLAKTC,33,1,2460,2
7685,MNSVQFKNHHHHHHPD,16,0,4196,3
7686,EALYNSEDLYEETSDSDD,18,0,5072,3
7687,FFGSLLSLGSKLLPSVFKLFQRKKE,25,1,1468,5
7688,QGVCCGYKLCHC,12,1,30,9
7689,SGQYSFGL,8,0,2176,9
7690,GLPTCGETCFGGTCNTPGCTCDSSWPICTHN,31,0,51,4
7691,APDVHTRTQNGLPPGLPS,18,0,5073,9
7692,MFLAICDMPAFGPLNLILLLTMRLKSSVICSGTS,34,0,5074,0
7693,DWINNGKGPFSQSYVN,16,0,5075,9
7694,GEEEYQKMLENLKRKQES,18,1,5076,5
7695,KESIDVLRFVEANLAA,16,0,5077,0
7696,INENQVGVGMLNELRSWLDDMSAEQLA,27,0,5078,6
7697,DCQALWDYCPVPLLSSGDCCYGLICGPFVCIGW,33,1,4175,2
7698,KTEEGGDRGAPGLALARVRAPSDTT,25,0,5079,9
7699,MEALVYTFLLVGTLGIIFFAIFFREPPKVPSKGKK,35,0,164,0
7700,RVGDDCCVGNVGTCCS,16,1,1780,6
7701,SPYRNQRKKIRLMLGKINFLEVFVDTPLNICE,32,0,5080,4
7702,FFPIVGKLLFGLFGLL,16,1,155,2
7703,CKGKGAKCSRLMYNCCTGSCRSGKC,25,1,14,4
7704,HPDLFRPDNTASPKFEDPRLNP,22,1,5081,8
7705,GCCHDIFCKHNNPDIC,16,1,5082,0
7706,GVLDILKGAAKDLAGHVATKVINKI,25,0,93,3
7707,QAARPRF,7,0,4963,5
7708,DDFTRLKPVIAAAIHH,16,0,5083,9
7709,ILGKIWEGIKSIF,13,1,454,1
7710,VFRAMNIAKMAFELKRYYQAFLSYG,25,0,5084,2
7711,TVDEACNEYCEERNKNCCGRTDGEPVCAQACL,32,1,1925,5
7712,FTKIYGSRLQKVLGN,15,1,5085,2
7713,GCPRILMRCKQDSDCLAGCVCGPNGFCGSP,30,0,281,3
7714,EIILPALRVQSFIACTMGWC,20,1,5086,7
7715,AGTEIVTCYNAGTKVPRGPSAGGAIDFFN,29,0,5087,6
7716,WWGENDCRVFGSCTADEECCFNNCVQAYCFFV,32,1,5088,0
7717,MNFGMLKLLTVLIICYSNNFMRTRGGNGK,29,1,5089,8
7718,QFNEYGHMRF,10,0,912,5
7719,YLGTNPANDNNSFVDE,16,0,5090,1
7720,ATRVVYCNRRSGSVVGGDDTVYYEG,25,0,5091,7
7721,TIEEVLNLPPYVVAA,15,0,5092,1
7722,TGPQTTCQAAMCEAGCKGLGKSMESCQGDTCKCKA,35,1,3661,4
7723,FLPLLAGLAANFLPTIICKIARKC,24,1,138,3
7724,MQVNDLGFIATILFVLVPTVFLLILYIQTRKETEG,35,0,649,4
7725,LRWCIPSGELCFRSDHIGCCSGKCAFVCL,29,1,2178,0
7726,SCGHSGAGCYTRPCCPGLHCSGGQAGGLCV,30,1,4249,3
7727,LDLTYEMLSLQQVVKLNEY,19,1,5093,9
7728,GILLDTELPNEIPENDYIKYFAPDFS,26,0,5094,5
7729,ACVPVYEECGTPKKRCCEERPCK,23,1,5095,3
7730,CDSDGTSCTSNMECCGYGCCSGTCQTPCRFGP,32,1,5096,4
7731,ACANSGEGCHTRRCCGDLTCSGPRQAQVCHQS,32,1,5097,5
7732,MPRSLKKGPFIDLHLLKKVEKAVESGDKKPIR,32,0,5098,3
7733,APPGFTPFRIA,11,1,113,5
7734,FLGALFKVASKVLPSVFCAITKKC,24,1,138,3
7735,RGDKDIFTVHDILKARGEI,19,0,5099,8
7736,MKLRKILKSMFNNYCKTFKDVPPGNMFR,28,0,5100,5
7737,CGGTGHSCNEPAGELCCRRLKCVNSRCCPTTDGC,34,1,5101,0
7738,IWDAIFHGAKHFLHRLVNPGGKDAVKDVQQKQ,32,1,5102,2
7739,IIKVPLKKFKSMREVMRDHGIKAPVVDPATKY,32,1,5103,5
7740,GFFALIPKIISSPLFKTLLSAVGSALSSSGEQE,33,1,634,6
7741,GKPICGETCAKGKCYTPKCTCNWPICYKN,29,0,51,5
7742,DEPDGVPTRQKQ,12,0,1482,5
7743,SIRHGMRGHSSVFVTEQ,17,0,5104,7
7744,EDIHLAKASGAGNKVILYGART,22,0,5105,1
7745,DCGEQGQGCYTRPCCPGLGCRAGATGGGVCQQ,32,1,13,8
7746,GCCSHPACNFNNPHIC,16,1,35,0
7747,SLCCPEDAWCC,11,1,5106,1
7748,GFSSLFKAGAKYLLKSVGKAGAQQLACKAANNCA,34,0,5107,1
7749,TVTPEQDRYLQVKKY,15,1,5108,8
7750,SSGLGASLPTQSQSGSSSRNLT,22,0,5109,2
7751,CRVENKCPHTVCCDRSRCSCKLIRTRPLMYHVCVC,35,1,512,2
7752,KIPCGESCVYIPCISSVLGCSCSNKVCYKD,30,1,159,4
7753,GVGAQSAQTIFTDDVSLQTFMEHLMKLAVS,30,0,5110,7
7754,GLFDIIKKVASVVGLASP,18,0,599,8
7755,MDIVSLAWAALMVVFTFSLSLVVWGRSGL,29,0,233,8
7756,ERCADAVKEYGIKN,14,0,5111,9
7757,MMYLMPLLIVIVGCLALHCSDDDMPDGHA,29,0,5112,8
7758,WATIDECEETCNVTFKTCCGPPGDWQCVEACPV,33,1,5113,9
7759,YCQKFLWTCDTERKCCEDMVCELWCKLEK,29,1,524,0
7760,QGCCSDPACAVSNPDIC,17,1,35,0
7761,NLMQFELLIMKVAGRSGIVWYSD,23,1,310,4
7762,APQDLSGKMFIFPQETSTANVLTARSQDF,29,0,5114,1
7763,RDPCCSNPVCTVHNPQIC,18,1,35,5
7764,CTTSKECWSVCQRLHNTSRGKCMNKKCRCYS,31,1,178,6
7765,VEWTDAERKAIASL,14,0,5115,5
7766,TRWLWLLRGGLKAAGWGIRAHLNRNQ,26,1,5116,7
7767,LCPDYTEPCSHAHECCSWNCHNGHCT,26,1,1808,9
7768,CKTGWWPCTSDSECCSKRCQWTFFYCA,27,1,5117,6
7769,KCCMRPICTCPCCIGP,16,1,1587,0
7770,SLWSSIKDMAAAAGRAALNAVNGILNP,27,1,1744,5
7771,GCCSHPACSVNHPLC,15,1,35,7
7772,LNHDIVAPMVFGSGNYF,17,1,5118,9
7773,MFKPGYSEAKKPKITDEFSYKQT,23,0,5119,5
7774,GPCGYEHVLLHVKDAI,16,0,5120,2
7775,ACRQKWEYCIVPILGFVYCCPGLICGPFVCV,31,1,136,1
7776,CSGLSTCALMKLSQDLHRFNSYPRTNVGAGTP,32,0,2992,7
7777,KQATCSIPYEYSNGKFKRTLYYSNGVYANS,30,1,4744,6
7778,MGRTLAEKVWDDHVVRRAEGEP,22,0,5121,0
7779,RPKCCCVCGVVGRKCCSTWDKCHPVHLPCPSS,32,1,2634,4
7780,YDCCKTFECCHW,12,1,5122,9
7781,AEPLASQLKEPIAGGGWWAA,20,0,5123,8
7782,CCPNKPCCFI,10,1,5124,4
7783,YRRRRRRGRRGRRRRGRRRRSRGRRRAHGG,30,0,5125,7
7784,FLPILAGLAAKLVPKVFCSITKKC,24,1,138,2
7785,GDCPPWCVGARCRAEKC,17,1,5126,2
7786,NAVAFDTGFCHVERVMRNLFVRKLYLWPRF,30,0,5127,3
7787,FLGALLKIGAKLLPSVVGLFKKKQQ,25,1,1177,7
7788,LTVMSVDRYLA,11,0,5128,6
7789,AANAKLFDVRQSCCSTPPCALLYMEMCG,28,1,1552,9
7790,VPPKGVSM,8,1,5129,5
7791,ATYKVRLLSEAEGIDVTIDCADDVYILDAAEE,32,0,4490,7
7792,SYSMEHFRWGKPV,13,1,5130,2
7793,KRFKKFFKKVKKSVKKRLKKIFKKPMVIGVTIPF,34,1,1823,1
7794,DDCGGLFSGCDSNADCCEGYVCRLWCKYKL,30,1,5131,9
7795,KDKMKAGWER,10,1,5132,2
7796,EQFDDYGHMRF,11,0,912,6
7797,MASEIFGIAVVFWVLIPVGLAGGALLLKLQGD,32,0,691,7
7798,MISDSQIFVALLFALVSAVLAIRLGTDLYQ,30,0,4207,1
7799,MGKGRIRVEERIKAETDAEMQKATLLDQTQTKKGK,35,0,5133,0
7800,CISEESPCSSSGSCCQRSCCYGNCRFPCLQP,31,1,5134,4
7801,DKLVIRGGAFAGKALDVNGVKQL,23,0,5135,7
7802,GFGD,4,0,5136,7
7803,RGSNLTIHPLRNIRDIFYVGNITIG,25,0,94,2
7804,VTFVEGGPMKYSLIEGDALANK,22,0,5137,2
7805,FVFSVCSQKVRGTLMEKGVTFGSNELTILPPQN,33,0,5138,5
7806,MAGEIFTTAGLCIVLTLVGVALGYGILRVTQGGAE,35,0,2726,8
7807,SGWMTFLEVTGKICEMLFCPEAILLTRKDT,30,0,5139,1
7808,LCDSIENITHSLCTKEFQSRRS,22,0,5140,1
7809,TVDCGGVPCEFGCCRIIDGKEKCREIDCD,29,1,4783,2
7810,YGLAADNVLDAR,12,0,1389,9
7811,LKDGYPTNSKGCKISGCLPGENKFCLNECQ,30,1,5141,3
7812,DEDLDE,6,1,5142,9
7813,GIFSNMYRTPAGYFRGPGYN,20,0,5143,6
7814,MRRAVILVLDRAGPV,15,0,5144,0
7815,KFENTGISACL,11,0,5145,3
7816,FWGALAKGALKLIPSLVSSFTKKD,24,1,1177,3
7817,CSRLMEPCTQHPQCCSNTCSKFTTKCIS,28,1,5146,9
7818,CLNGGEICGILFPSCCSGWCIVLVCA,26,1,1624,9
7819,SFTFVDAEIKYGLFIQSI,18,0,5147,1
7820,GIFPIFAKLLGKVIKVASSLISKGRTE,27,1,5148,8
7821,GGCCSYPACSVEHQDLCD,18,1,35,1
7822,MERSTRELCLNFTVVLITVILIWLLVRSYQY,31,0,4251,4
7823,KKIRDNQKRVLLLDNLSEYIKPGMSIEEVQAIIA,34,0,5149,5
7824,GIPCGESCVWIPCLTSTVGCSCKSKVCYRN,30,1,159,8
7825,DDCCPDPACRQNHPEICPS,19,1,35,3
7826,QQDYTGSHFDF,11,0,4656,1
7827,DCTPPGGACGFYYHCCSNYCITISSTCR,28,1,1835,7
7828,CESYGKPCGIYNDCCNACDPAKKTCT,26,1,1066,6
7829,CCDWPCTIGCVPCCLP,16,1,316,1
7830,GGCCSHPVCYFNNPQMCR,18,1,35,0
7831,GLTQKDLVALSGAHTIGKAR,20,1,1487,2
7832,CCSWDVCDHPSCTCCG,16,1,1971,7
7833,CLGSREQCVRDTSCCSMSCTNNICC,25,1,22,9
7834,HFNYEELAGWYTMQVLKY,18,0,5150,3
7835,GLSLSFAPK,9,0,5151,5
7836,DSVGSTTAHKQQNINHLLDK,20,0,3491,1
7837,MLTVKIINGDGAIDKHLTLNEKEAFKKTI,29,0,5152,6
7838,EAIPIKVGGPPPLSGLPGTLNSDEARDLKLP,31,0,5153,4
7839,DGVDEIKTINPATETSLGV,19,0,5154,0
7840,AIVMKGIHQGRELGDEMARLTGIDNIK,27,0,5155,1
7841,NCCNGGCSSAWCAADAACC,19,1,139,4
7842,RDSVTIVPLRNMRDIVYVGITIGTP,25,0,5156,0
7843,TCNTPTRYCTLHRHCCSLHCHKTIHACA,28,1,4983,4
7844,KNWAVLVAGSNGWPNYRHHA,20,0,5071,5
7845,QDKPFWSPPIYPV,13,0,677,8
7846,GWGSIFKHGRHAAKHIGHAAVNHYL,25,1,5157,4
7847,KCFEVGEFCGSPMLLGSLCCYPGWCFFVCVG,31,1,3268,7
7848,SNGRNAAADAKASQRIAPFLRDYCCRRHACTLICG,35,1,5158,1
7849,DDLHPFNENNMYYGCKGLSNSNKFED,26,1,5159,1
7850,GVCCGYKSCHC,11,1,30,7
7851,DGDDYKFGHFRWSVPL,16,0,5160,1
7852,INPKSVQSLL,10,1,3269,0
7853,GVVDSAIDAETR,12,1,5161,8
7854,SKVENIVDELKTLTL,15,0,5162,9
7855,RDCGRDCVGCDNPANCCCGGQTCVNGNKCE,30,1,1888,5
7856,SIPLPSLNFEQFGNMIQCTI,20,1,5163,2
7857,KIPPVVKDTLKKVAKGVLSAVAGALS,26,1,550,4
7858,DDCGTLFSGCDTSKDCCEGYVCHLWCKYK,29,1,5131,4
7859,NGCCNCSSKWCRDHSRCC,18,1,2799,0
7860,GVWGIAKIAGKVLGNILPHVFSSNQS,26,1,5164,8
7861,QTSFTPRL,8,0,5165,0
7862,ATLFHVIDKDNCVIKCH,17,0,5166,4
7863,TRAKFNELTHDLVQRTLEPIKK,22,0,5167,7
7864,MSGCGCASTGTCHCGKDCTCAGCPHK,26,0,5168,2
7865,MSATDFDSLYQLIFNAGLVICFGLGVISGGQR,32,0,5169,3
7866,SPFVDRPRRPIQHNGPKPRIITNPPFNPNARPAW,34,1,5170,6
7867,PIGDKRVWLKMAHTNAQLALSQRIAQQA,28,0,5171,7
7868,ECLEADYYCVLPFVGNGMCCSGICVFVCIAQKY,33,1,2334,1
7869,SPALDDEHNDNFLRL,15,0,184,8
7870,FIVPSIFLLKKAFCIALKKC,20,1,5172,0
7871,CYDGGTSCDSGIQCCSGWCIFVCF,24,1,1283,7
7872,FFVLKFLLKWAGKVGLEHLACKFKNWC,27,1,5173,7
7873,FLGLIGPITSIAGKLCCTVSVSFCCNE,27,1,5174,0
7874,KIKWFKTMKSLAKFLAKEQMKKHLGE,26,1,2004,7
7875,RILRGVSRRIMRRILTGRR,19,1,5175,9
7876,VTVYDAEGTKVQIDGSLRVEL,21,0,4993,3
7877,GCCSHPACFVNNPHIC,16,1,35,8
7878,KAKFKAM,7,1,384,0
7879,AAKVKYSKTPEECCPNPPCFATHSNICG,28,1,1361,4
7880,GTVPCGESCVFIPCITGIAGCSCKNKVCYLN,31,0,159,1
7881,CCNVCVPSCMGKCC,14,1,5176,3
7882,AGQQFQYDDSGNTFFYQMAEVFEKEQSIAAE,31,0,5177,6
7883,DCLPDWFHYEGHCYRVFDEPKKWADAEKFC,30,1,980,0
7884,IIDDTINGAITTADNIVGRIGII,23,0,1722,6
7885,QQDYTGAHMDF,11,0,4656,8
7886,ADSAPVERLITHEKLA,16,0,5178,3
7887,FFLLPIPNDVKCKVLGICKS,20,1,5179,4
7888,MLKMSGWQRQSQNQSWNLRRECSRRKCIFIHHHT,34,0,5180,8
7889,QHWSLCHAPG,10,0,5181,3
7890,QSERFEQQMQGQDFSHDERFLSQAA,25,0,5182,4
7891,MPVNDLGAIATALFVFIPCVFLILLYAQTASRGS,34,0,5183,9
7892,KNLRRIIRKGIHIIKKYG,18,1,3421,3
7893,ACLGFGEKCNPSNDKCCKSSSLVCSQKHKWCKYGW,35,1,3445,4
7894,IIYDVGQCDKDFYRPELPR,19,0,5184,5
7895,EPAIYFKEQFLDGGFTDRIKEK,22,0,5185,0
7896,ECKGKGQGCTNTALCCPGLECEGQSQGGLCVDN,33,1,639,0
7897,GAFGNLLKGVAKKAGLKILSIAQCKLSGTC,30,1,2324,2
7898,NESECPWHPWC,11,1,356,2
7899,NEESLFSGR,9,0,1861,6
7900,GIMDTIKGAAKDLAGQLLDKLKCKITKC,28,1,1620,2
7901,GFLDTLKNIGKTVGGIALNVLT,22,1,369,3
7902,CMEPDRRCSEWSPERCCTKCDYYRSICV,28,1,5186,9
7903,PDLVMVDGHGIAHPRRL,17,0,5187,3
7904,GFFALIPKIISSPIFKTLLSAVGSALSSSGGQE,33,1,634,6
7905,GLVGTLLGHIGKAILS,16,1,4456,4
7906,TSPPEASECCPMNRCKSPWCQCCL,24,1,3593,8
7907,FIGPIISALASLFG,14,0,5188,2
7908,MAATVVSGAQVAIAFVVALIAGIAALLLSTALGK,34,0,5189,7
7909,CCGPTACLAGCKPCC,15,1,320,1
7910,ECTKLLGGCTKDSECCPHLGCRKKWPYHCGWDGTF,35,1,5190,6
7911,RGSNLTIHPLRNIKDLVYLGNMGIG,25,0,94,0
7912,GAGAAGGCCSDPPCRNKHPDLC,22,1,35,8
7913,LLGLVTGACCAVLKFSFCC,19,1,5191,6
7914,AAKFKAPALMELTVREGCCSDPRCSGKHQDLCS,33,1,2607,2
7915,AANNKATDLMALTVRGCCDDPSCSIHMPFFCF,32,1,1843,3
7916,CLGSGELCVRDTSCCSMSCTNNICF,25,1,22,1
7917,MNVSSRTVVLINFFAAVGLFTLISMRFGWFI,31,0,5192,5
7918,FLASIDNAALCEDCRRRMETNP,22,0,5193,2
7919,GIPCGESCVFIPCISSVIGCSCSSKVCYRN,30,1,159,0
7920,GLLSNVAGLLKQFAKGGVNAVLNPK,25,1,5194,1
7921,GCTPPGGACGGHAHCCSQSCDILASTCNA,29,1,673,2
7922,MFSSFNVLIILRGFVRLKKWFNIDSELAFFFPKK,34,0,5195,4
7923,QCTPHGGSCGLVSTCCGRCSVPRNKCE,27,1,5196,1
7924,RFSIEYVKYILESKDRAKAGKPVPAKGLCLEKVFY,35,0,5197,6
7925,TLQNASEQTLLPRLGIVLRV,20,1,2273,4
7926,QGCVCNANAKFCCGE,15,1,5198,3
7927,MTVREECCSDPRCSVGHQDMCR,22,1,5199,1
7928,ACSGRGSRCPPQCCMGLRCGRGNPQKCIGAHEDV,34,1,5200,0
7929,AMQHFSMREAFKADPTRF,18,0,5201,5
7930,CVPSGGSCSRTAYSCCHGSCSGGRC,25,1,5202,3
7931,GESWETPETGDEVE,14,0,5203,7
7932,QCLPPLHWCNMVDDECCHFCVLLACV,26,1,5204,5
7933,LIGLVSKGTSVLVKTVSKKVLKQ,23,1,64,7
7934,AVSCFKACMKKRGIPFVCSVDC,22,0,5205,7
7935,VCCRKEWCHARCTCC,15,1,855,7
7936,MEALVYTFLLVSTLGIIFFAIFFREPPKVPTKKTK,35,0,164,3
7937,CLDAGEICDFFFPTCCGYCILLFCA,25,1,41,7
7938,SGNIGNFNLGSGNGNV,16,0,5206,7
7939,FDWDSVLKGVEGFVRGYF,18,1,5207,3
7940,MSDINTTCLPAWLATCPCTGDDVNPTLTCGESLC,34,1,412,1
7941,ENFSGGCVAGYMRTPDGRCKPTFYQ,25,0,502,9
7942,CLGFGEVCNFFFPNCCSYCVALVCL,25,1,41,0
7943,NLKRFTESIFSCIALSTLLFLGGCQTLP,28,0,5208,5
7944,MALTDTQVYVALVIALLPAVLAFRLSTELYK,31,0,4127,4
7945,FFPMLADLVSKIF,13,1,5209,8
7946,DNGEAGRAAR,10,1,5210,8
7947,VIPFVASVAAEMMHHVYCAASKRC,24,1,1053,5
7948,QRCCNGRRGCSSRWCRDHSRCC,22,1,1037,2
7949,LFVFGTKGGAHVNL,14,0,5211,1
7950,WPPPKVSP,8,0,5212,1
7951,MNQKFEAVNAIDRNVTDVADANDR,24,0,5213,4
7952,INWLKLGKAVIDAL,14,0,540,4
7953,GLLDVVGNVLHSLGL,15,0,3014,8
7954,MNVQFTVNGRAASIDVPPNTLLVQ,24,0,5214,9
7955,FLPGLIAGIAKML,13,1,5215,2
7956,SHGKQETDEEFDANL,15,0,5216,1
7957,CCSQDCWVCIPCCPN,15,1,470,9
7958,CCKYGWTCVLGCSPCGC,17,1,4610,5
7959,IVKLLVDLGANIFHNENCAMMLASEYGHIEIVEYL,35,0,5217,6
7960,MVEYLVILSGMFGLALACFFGLRSIKLI,28,0,5218,1
7961,DDCCLVASCWQRYPERCGG,19,1,5219,2
7962,EYYDDTDEEERIVSTVDAR,19,0,5220,8
7963,ADLFLR,6,0,5221,7
7964,LVDERMSTEGTGLSLGLSNN,20,0,5222,9
7965,FVVETENQLMSQGGRYYILPVIYGKGGGLG,30,0,5223,1
7966,MHTYAAIFGVVAILLHLIENRRCVKLYVRETLRGV,35,0,5224,2
7967,VLDELTADR,9,0,5225,9
7968,NIYYAGVAESGGEFGVYSGSGTVLLPLTF,29,0,5226,5
7969,DVPASIDWREYGYVTEVKD,19,0,5227,9
7970,VGECVRGRCPSGMCCSQFGYCGKGPKYCG,29,1,5228,5
7971,VHYHDCFVR,9,1,5229,6
7972,QGVCCGYKLCHPC,13,1,30,2
7973,KVYSRELAKVLQDFGREAY,19,0,5230,9
7974,IHKGEKLGRFTINLFGEHNVLNSLAVI,27,0,5231,3
7975,SACEVAVLDLYEQSNIR,17,0,5232,3
7976,AEIHAANTSNNALFGINGDGPLG,23,0,5233,3
7977,IKIPAVVKDTLKKVAKGVLSAVAGALTQ,28,1,550,2
7978,EATVDMPLD,9,0,5234,3
7979,MVKAVTVLNSSEGPHGIVYFAQEGDGPTTV,30,1,5235,4
7980,VIGGDECDINEHPFL,15,1,972,3
7981,IMYDCCSGSCSGYTGRC,17,1,5236,4
7982,SHAKVETDEE,10,0,5237,3
7983,IKWKAILDAVKKVI,14,1,1399,9
7984,FLPLIGKVLSGIL,13,1,155,4
7985,GLLASLGKVFGGYLAEKLKPK,21,0,882,3
7986,DVKSIGSWDFTVWHRV,16,1,1238,3
7987,GFGFVTFGNEK,11,0,5238,2
7988,FIGALLRPALKLLA,14,1,3649,2
7989,GLKPNKSKNVVSYNRFMA,18,0,5239,2
7990,VEIHVWEGV,9,1,1890,9
7991,ECTRPGGACYYDSHCCRHVCHEVFNTCM,28,1,5240,1
7992,GWHYHPYQNPKPT,13,1,5241,0
7993,FFSMIPKIATGIASLVKDL,19,1,905,6
7994,PCKELY,6,1,5242,0
7995,CCSQDCRVCIPCCPH,15,1,470,0
7996,NVVGQIVARFEQAGLKVIAARMQQLSRT,28,0,5243,5
7997,MEVNILAFIATALFILVPTAFLLIIYVKTVSKSD,34,0,153,4
7998,QGCCSDPSCAVNNPDICSG,19,1,35,0
7999,APPGFTPFRID,11,1,113,5
8000,MSDINTARLPFYQFPDFKYPCVGDDIEMVLARGE,34,1,3754,3
8001,QQCVKKDELCIPYYLDCCEPLECKKVNWWDHKCIG,35,0,5244,1
8002,CTPPDGACGFHYHCCSKFCITVSSTCN,27,1,1835,1
8003,MPRRRRSSRRPVRRRRRPRVSRRRRRRGGRRRR,33,0,71,6
8004,GVCCGWKLCHC,11,1,30,0
8005,IPLDTIAGYKE,11,0,5245,0
8006,ASNWNTRIAYIGCCDIPDCYNKNREQCLDESS,32,1,5246,4
8007,ALWKDLLKNVGKAAGKAVLNKVTDMVNQ,28,1,1733,2
8008,MKYDSLADLVVQAEKQNVPLLIKDQAE,27,0,5247,4
8009,FAQLLNDLK,9,0,5248,6
8010,ACNPPCTGNAMCQGGKCGYIRF,22,1,3094,0
8011,AMWQECCADPPCRQNHMEHCPAN,23,1,5249,2
8012,GFLGPLLKLGLKGAAKLLPQLLPSRQQ,27,1,2775,5
8013,TPEHQRYIELFLVVDSGMFMKYNGNSDKI,29,1,5250,0
8014,SGSDGGVCPKILKKCRRDSDCPGACICRGNGYCG,34,0,3964,6
8015,KRFWQLVPLAIKIYRAWKRR,20,1,5251,4
8016,KDCERNHHEECPSGQECCTFPNAERGTCKVSC,32,1,5252,6
8017,AANDKASVQIALTVQECCADAACSLTNPLICGRR,34,1,703,0
8018,PSSEVPEQPSAQPLPGSPPRRAY,23,0,5253,8
8019,DSVPEFDARKPN,12,0,5254,2
8020,PCKKTGRKCFPHQKDCCGRACIITICP,27,1,5255,5
8021,KIAKVALKAL,10,1,5256,7
8022,ANKRPVWIMAHMVNAVAQIDEFVNLGANSIETD,33,1,4817,7
8023,GPNPGFSPFR,10,1,113,8
8024,FAVIIIILALIAFNYTEHTSVIQSVMLVFL,30,0,5257,5
8025,VIEVVYLRTPFSAGNATT,18,0,5258,1
8026,GLPICGETCVGGTCNTPGCSCSWPVCTRN,29,1,51,5
8027,AYERQFYPGATSVAENNIGH,20,0,5259,3
8028,TCESDASPHPQGVCGSPLAEAVEAACEL,28,1,5260,1
8029,RPPGFTPFRIY,11,1,113,5
8030,GSGASGSMPATTS,13,0,5261,7
8031,VGLVFNPYNR,10,0,5262,3
8032,HSDGLFTSEYSKMRGNAQVQKFIQNLM,27,0,5263,6
8033,MAIDNTQIFIALLTALIPAFFALKLGKELSK,31,0,3697,2
8034,GCLEFWWKCNPNDDKCCRPKLKCSKLFKLCNFSSG,35,1,2859,0
8035,GNLSSDAFAAKKEFLVKDLTEERHLAKAKQQGG,33,0,5264,3
8036,GTQTNAPWGLARLIS,15,0,5265,5
8037,TTPQEVLSRIKDQGIKLIDLKFI,23,0,5266,9
8038,GITCECCFNQCTYYELLQYCN,21,1,5267,2
8039,APDRPRKFCGILG,13,1,5268,5
8040,QLTFTPGWGY,10,0,5269,4
8041,TICYNHLTIRSEVTEICIICDDDYYF,26,1,5270,5
8042,FNWRCCLIPACRRNHKKFC,19,1,339,6
8043,MEALVYTFLLVSTLGIIFFAIFFREPPKVPDKGSK,35,0,164,6
8044,CCPKEWCNRDCSCCT,15,1,5271,5
8045,ARGEEEYSEAIGRK,14,1,3784,6
8046,IVDAKKFKSKG,11,0,5272,0
8047,TLQRLSIKYSCCPGIVSCCVIP,22,1,2271,1
8048,NVQLDPFFQEQQQYYQQQQAFFL,23,0,4450,8
8049,NRLSRCIPSGDLCFPSDHIQCCNAKCAFACL,31,1,2178,7
8050,GLWSTIKQKGKEAAIAAAKAAGKAVLNAASEAL,33,1,638,6
8051,FLPAVLRVAAKIVPTVFCAISKKC,24,0,138,6
8052,MGQGAVEGQLFYNVQ,15,0,5273,4
8053,HSDAVFTDNYSRFRKQMAVKKYLNSVLT,28,0,2015,2
8054,CCNWPCSFGCIPCCY,15,1,3135,6
8055,MRQPIEKSLRQRALEYLSKREYSAVELAQKL,31,0,5274,2
8056,MATPGFSCLLLSTSEIDLPMKRRV,24,0,608,1
8057,AIVEQQGAPGLGRIINKK,18,0,5275,0
8058,ILGPVLGLVGNALGGLIKKL,20,1,29,2
8059,GFWTTAAEGLKKFAKAGLASILNPK,25,1,5276,3
8060,PSPTRRSKSRSKSRSRSRSASAGKAAKRAKSKTAK,35,0,5277,1
8061,DECCEPQWCDGACDCCS,17,1,1147,9
8062,TDEPEEHQPDGNGCCRNPACTSHRC,25,1,5278,7
8063,KYASDLKDHNLFFEV,15,0,5279,3
8064,GKPNRPRPAPIQPRPPHPRL,20,0,5280,9
8065,GNGDEDKDDDEDGD,14,0,5281,6
8066,CHHEGLPCTSGDGCCGMECCGGVCSSHCGN,30,1,5282,4
8067,MKVLFVIYVMIQYNYPMFTYNLVNNIINMIQRSM,34,0,5283,5
8068,PVPDSSFLRDP,11,0,122,4
8069,MPVNNFGFLATLLFVAVPMLFLIGLYIQTNSNKS,34,0,5284,5
8070,MPTITSYFGFLLAALTITSVLFIGLSKIRLI,31,0,291,0
8071,MSDINATRLPIWGIGCDPCIGDDVTILLTRGE,32,1,346,8
8072,MYDPPFLEALMITASFFAIFIIIVVSVLLLEGGGD,35,0,5285,3
8073,MDAVLSVQGASAPVKKKSFFS,21,0,5286,3
8074,AGDDVLVVSGKDKGKMGKVIKVLKK,25,0,5287,8
8075,GIKSALLGIAKNVGMSLLQKAQCKLSGSC,29,1,4482,2
8076,PRCCSNPACGAGHPEICA,18,1,5288,8
8077,QKCCTGKKGSCSGRACKNLRCCA,23,1,2857,1
8078,FLPLLAASFACTVTKKC,17,0,5289,0
8079,PEDPQRRYQEQRERQQE,17,0,5290,9
8080,IMLLEESSPRQALTDF,16,0,5291,2
8081,PKGTRVFGAIAHELRELS,18,0,5292,1
8082,MRDVTVVATSKFNIVKNRIKAERWVKI,27,0,5293,9
8083,RHKPYAMDRINEYSH,15,0,5294,7
8084,NFRLALITSPAGYGKTTLISQWAAGKN,27,0,5295,6
8085,GCCRFPCPDSCRSLCC,16,1,3005,8
8086,MFDLTGKHVCYVADCGGIALETSVLMTKNIA,31,0,5296,3
8087,SDGRNAARKAFGCCDLIPCLERYGNRCNEVH,31,1,5297,8
8088,CKGKGASCRKTSYDCCTGSCRSGRC,25,1,14,8
8089,GVCCGYKLCHKC,12,1,30,4
8090,LAHVKREIGVPVLTD,15,0,5298,8
8091,GCCARAACAGIHQELC,16,1,4094,3
8092,LSLPMSILHIVRSGAR,16,0,5299,7
8093,CCDRPCSIGCVPCC,14,1,316,0
8094,FLAKKLAKHLAKKQAES,17,1,5300,1
8095,CCKFPMCSACSCCRM,15,1,5301,4
8096,GLPVCGETCVGGTCNTPGCGCSWPVCTRN,29,1,51,2
8097,MKHIQIRNSDMDWHIAANNLG,21,0,5302,2
8098,AALKGCWTKSIPPKPCFGKR,20,1,607,3
8099,SEPQGRDAGGAL,12,0,3781,3
8100,GLLGFVGSLLGGLGI,15,0,3014,8
8101,SCSDDWQYCEYPHDCCSWSCDVVCS,25,1,150,3
8102,MRELIRLVSSAGTGHFYT,18,0,5303,0
8103,KETAAAKFERQHMDPAPAAAQNYCNQMM,28,0,5304,6
8104,RRTVKSAPQ,9,0,5305,2
8105,VRIGPWSLDGLGLG,14,0,5306,5
8106,ECREKGQGCTNTALCCPAVECEGQSQGGLCVDN,33,1,639,3
8107,DCCWPGRPDCCAP,13,1,5307,4
8108,LQCNKLVPIASKTCPPGKNLCYKMFMVSD,29,1,3157,1
8109,FFPIVGKRLYGLL,13,1,155,4
8110,TKDPELKQCKKQQKKQQQYDDDDKK,25,0,5308,6
8111,GGSGSGETSGMWFGPRL,17,0,145,3
8112,NLLQFGFMIRCANKRRRPVWPYEESGC,27,1,5309,7
8113,GMSCECCKNSCDAEEILEYCPPLPSS,26,1,5310,1
8114,NQEGLFHGR,9,0,5311,3
8115,ATPGPASTAEPKVILIVGELAVGFGKLEMPFVMFD,35,0,5312,0
8116,SCNNSCQQHSQCASHCVCLLNKCRTVN,27,1,5313,5
8117,GFLDVLKGVGKAALGAVTHHINNLVNQQ,28,0,2637,6
8118,TLSEPEPTCSIEYFRYQAIEDCEYSISVK,29,0,5314,4
8119,MKKLAVILTLVGGLYYAFKKYQERVNQAPNIEY,33,0,5315,5
8120,LDEFRVYSDDANKYKISIPQD,21,0,5316,1
8121,IEELLKKAEEQQKKNEEELKKLE,23,1,2035,9
8122,GFGSLLGKALKIGTNLL,17,0,778,9
8123,HVDKKVADKVLLLKQLRIMRLLTRL,25,1,5317,8
8124,CIANRNGCQPDGSQGNCCSGYCHKEPGWVAGYCR,34,0,1141,9
8125,AACYSSDCRVKCRAMGFSSGKCIDSKCKCYK,31,1,5318,8
8126,CTHPGGACGGHSHCCSLSCNTAANSCN,27,1,673,3
8127,KIWRS,5,1,5319,3
8128,MRAKWRKKRVRRLKRKRRKTRARSK,25,0,522,5
8129,GVERFARVHRTPPDLEALKAALEKALE,27,0,5320,6
8130,GTIPCGESCVYIPCITSALGCSCKKKVCYKN,31,0,159,8
8131,MRKPSAFHACNIIFLPLVKCASATIMLN,28,0,5321,1
8132,MKLAILGAGCYRTDAASGI,19,0,5322,9
8133,LAQLDRALANFMLDIHTKEFGYSEIS,26,0,5323,1
8134,GFGALFKFLAKKVAKTVAKQAAKQGAKYVVNKQME,35,1,662,2
8135,TDPPIHIASLRS,12,0,2217,7
8136,SPTLDDEHNDNFVRL,15,0,184,0
8137,MKVSIEINGTTVSEVDRTL,19,0,5324,9
8138,FIIPGAVTIIMTVIGAILTSLVVAREWERGTMEAL,35,0,5325,6
8139,MAAYLDPTGQY,11,0,5326,0
8140,GMSGYIQGIPDFLKGYLHGISAANKHKKGRL,31,0,5327,8
8141,SRLLYD,6,1,1108,7
8142,MVKTVAVMVGSLRKDSLAHKLMKVLQK,27,0,5328,9
8143,ILGKILEGIKSLF,13,1,454,3
8144,FKCRRWQWRMKKLGAPSITCVRRAF,25,1,5329,5
8145,FLPLFLPKIICVITKKC,17,1,5330,2
8146,IFGAIAGLLKNIF,13,1,5331,5
8147,KWCFRVCYRGICYRRCR,17,1,1705,0
8148,MEVNILAFIATALFILVPTAFLLIIYVKTVSQNN,34,0,153,1
8149,DDESECIINTRDSPWGRCCRTRMC,24,1,1441,2
8150,AAKVKYSNTREECCPNPPCFATHSEICGGRR,31,1,1361,1
8151,NYYLYPARAENSWWT,15,1,953,9
8152,GLFSTLFHADCCENPACRHTQGC,23,1,5332,1
8153,GFFTLIKAANKLINKTVNKEAGKGGLEIMA,30,1,5333,2
8154,APIKVGDAIPVVFE,14,0,5334,3
8155,LLGMIPLAISAISALSKL,18,1,853,2
8156,MEALVYVFLLVGTLMVIFFAIFFRDPPRIAK,31,0,164,6
8157,MQKTKMIFTIGPASTEEMLVFI,22,0,5335,1
8158,ECREKGQGCNTALCCPGLECEGQSQGGLCVDN,32,1,5336,6
8159,ANQRLPPLSNDPDRCERAFVGNT,23,0,5337,4
8160,AKDVRFGADVRALMLQGVDVLADA,24,0,5338,5
8161,NKKNLYEFNSSPYETGYIKFIENNGNTF,28,0,5339,0
8162,MTDAQVFTILAIALVPAVMALLLGSALARS,30,0,5340,4
8163,GSFFATPDDRH,11,0,5341,4
8164,QSCCSAPLCALLYRVMC,17,1,5342,4
8165,VALPSYVIIMGGGAIINLGFCFIR,24,0,5343,9
8166,DVPACPEPPAPNPPENTNCENPVC,24,1,5344,7
8167,GLLSGTSVRGSI,12,1,5345,7
8168,SCGHVGTPCEKNWDCCKGKVCSPRWKLCAYESPF,34,1,5346,5
8169,FLNPFRWVINKYR,13,1,5347,3
8170,GCGGLMAGCDGKSTFCCSGYNCSPTWKWCVYARP,34,1,5348,2
8171,MAKEQQVQANDLQEKLIAVNRVAK,24,0,5349,5
8172,DGIVGKASSYAAL,13,1,5350,9
8173,VVAGGKCFGYLTGCGVVQR,19,0,5351,7
8174,RHHRKRIGHTVKQLAKLVKHIHEY,24,0,5352,4
8175,MNIELALTLVSLVLVVSAGPLVVVLLSARGGNL,33,0,3901,1
8176,ECTRSGGACNSHTQCCDDFCSTATSTCT,28,1,444,3
8177,KKYRYHLKPFSKK,13,1,5353,5
8178,DCGEQGEGCATRPCCEELSCVGSRPGGLCQ,30,1,1160,3
8179,ERLKRYVPGYQLVLPPTLDGNR,22,0,5354,1
8180,SIRDKGKTIAIDLAKSAGTGVLKTLMCKLDKSC,33,1,481,8
8181,APWTVVTATTNCCGITGPGCLPCRCTQTC,29,1,5355,2
8182,RAGNVFMVGNDPMVVQKT,18,0,5356,8
8183,RDCGEGCGTCGGGCCCIPDSCVDSQCQSLRGA,32,1,1820,9
8184,PLRTREQARRDIVEYGGHEAAAAW,24,0,5357,1
8185,EAFPGQST,8,1,5358,8
8186,CENTKCDNNRAYFFQLQIRSADEPMSTF,28,0,5359,0
8187,NEVGTVASVDTTGKYG,16,0,5360,8
8188,FWGHIWNAVKRVGANALHGAVTGALS,26,1,5361,4
8189,FPPHKGKFDKKFIELVIIVDHSTYK,25,1,5362,0
8190,MSVLVYSFASFVLGWCLRSGITYFTRLMETSS,32,0,5363,2
8191,GVLSGIMSNLGTVGNMVGGFCCTVYSGCCSE,31,1,5364,6
8192,MRREIDLERLFAEMPD,16,0,5365,0
8193,SGLDSLSGATFGGNR,15,0,5366,9
8194,KFHFKGGRRTMILSVLS,17,0,5367,5
8195,VHVVAASALLY,11,0,5368,7
8196,QGWCCKENIACCI,13,1,5369,2
8197,LPCCYIGWCSRRCNCGGYRP,20,1,278,4
8198,VDLRVK,6,0,5370,9
8199,DGDLTEADRQKERVEKQKRAALRSSVIQ,28,0,5371,4
8200,MDNLFRTLFSTFTHLRTSSTILLVGEQHWRNAL,33,0,5372,0
8201,MPGKVQDFFLCSLLLCIVSAGWCG,24,0,3337,6
8202,QGRLGTQWAVGHLM,14,0,2263,1
8203,GLASFLGKALKAGLKIGAHLLGGAPQQ,27,0,125,5
8204,FFTKGGGQWLEAMA,14,0,5373,3
8205,MLRNRARRLDYKIMR,15,0,5374,9
8206,YDTVLTMSALGTEICVIRHPEDDYYQQL,28,0,5375,7
8207,NLIQLSNMIKCAIPGSQPLF,20,1,5376,7
8208,VKVGINGFGRIGRLVTRAAFHGKKVEIVAIND,32,1,4945,1
8209,CNEAQEHCTQNPDCCSESCNKFVGRCLSD,29,1,5377,6
8210,FSGSVNQACSGFGWK,15,0,5378,7
8211,MVINNNISAINAQRTLKFRQVDLKK,25,0,5379,4
8212,TIFSYLEKNGYITRSG,16,0,5380,4
8213,HEERVCPKILMECKKDSDCLAECICLEHGYCG,32,0,281,4
8214,FLPIVENCSLVCWENNQKC,19,1,5381,9
8215,VDFDSESPRRPEIQ,14,1,5382,1
8216,DEDWVDCCHMPRCCVED,17,1,5383,5
8217,GWVYHANPEANSWWT,15,1,921,6
8218,HAPRFKATVTFNGETFDGPSNCTTLRQAE,29,0,5384,9
8219,QPWLVPSKITNCCGYNNMEMCPTCMCTYSCRP,32,1,5385,2
8220,QDSGDGWPQQPFVPRL,16,0,5386,1
8221,KPDEGDFIVAQGSFS,15,0,5387,4
8222,FIGAILPAIAGLVHGLINR,19,0,3797,0
8223,AMVVHGSGLDEVALHGSTQVAELKDGEIIEYQL,33,0,5388,5
8224,GCCSFAACRKYRPEMCG,17,1,4609,8
8225,FTAASQTLEAGR,12,0,5389,3
8226,CLTTGEYCWLASSCCGYSCTNNVCF,25,1,22,1
8227,MMMFITGYDINQKQKKRYGLRG,22,0,5390,7
8228,AAQLLLREDCTVTIAHSRTRDLPGMC,26,0,5391,4
8229,SAIACGESCVYIPCFIPGCSCRNRVCYLN,29,0,5392,0
8230,CRWTPVC,7,1,5393,7
8231,TNSKEGEFIAEGGGVR,16,0,253,8
8232,MIPGNPSPGADLAVSKHFFSLSWFCGLLLLESKQK,35,0,5394,3
8233,IGAGVGRDGTIAATKGKAKTLAELIMYDS,29,0,5395,4
8234,FENKVPEKQKLFQEDNGIPVVLKGGVADA,29,0,4350,2
8235,GLWSKIKNVAAAAGKAALGAL,21,1,3741,6
8236,VVSQYHELVVQARLSEQELEFR,22,0,5396,0
8237,GVIDIIKGAGKDLIAHAIGKLAEKV,25,1,388,0
8238,MENNNRFMPHIRRTTHIMMFAHRNSFDFHFFNAR,34,0,811,6
8239,FFFLPSLIGGLVSAIK,16,1,575,9
8240,FLPIAGKLLSGLSGLL,16,1,155,0
8241,GPVAGYIALAAVAIAGGMLIFGGELNDFARRLMYV,35,0,5397,6
8242,NLVQFELLIMKVAKRSGLLSYSA,23,1,310,8
8243,MGFDIHLIANFGALALITLAGPAVIFILFYRRGAL,35,0,2255,7
8244,SAIPILRTQKVVEIPI,16,0,5398,6
8245,MTPHDEEVDSSD,12,0,5399,3
8246,SLAQSVMSMASSQISTDTVSSMSGSYIA,28,0,5400,9
8247,EWYNQTKDLQQKFYEIIMDIEQNNVQGKKGIQQLQ,35,1,4973,8
8248,KISKKIMRTFLRR,13,1,5401,8
8249,KDDQKTIDFLVNHLGYKRWQANQIAYSIQH,30,0,5402,2
8250,GAVVDILKGAGKNLLSLALNKLSEKV,26,1,5403,8
8251,RDPCCYHATCNMSNPQIC,18,1,35,3
8252,TEASTSRKNQAKKEPSN,17,0,5404,8
8253,QKGTQYSCYCCKLSMKEGDPAVYAERAGYD,30,0,5405,1
8254,GLPVCGETCFGGTCNTPGCSCDPWPMCSRN,30,0,51,1
8255,LRWCIPSGDLCFRSDHIGCCSGKCAFVCL,29,1,2178,5
8256,AIPWIWIWRLLRKG,14,1,4419,4
8257,DYPKLTFTTS,10,1,5406,5
8258,PDFQGGAIGFLSYDYA,16,0,5407,5
8259,KAICCDVFPGTDCCM,15,1,5408,7
8260,HAAYYRPGGVYRDLPDAMPQYKASKIRN,28,0,5409,7
8261,IIDYYDEGEEDRDVGVVDAR,20,0,5410,2
8262,DCAGYMRECKEKLCCSGYVCSSRWKWCVLPAP,32,1,5411,8
8263,MEALVYTFLLVGTLGIIFFAIFFREPPRIVK,31,0,164,2
8264,RDCCTPPKKCKDRQCKPQRCCA,22,1,1702,4
8265,GGCCSHPVCYVNYPQICR,18,1,35,4
8266,RCCGYKFCYIC,11,1,30,7
8267,MEALVYTFLLIGTLVVIFFAIFFRDPPRIVKK,32,0,164,9
8268,DVNGGWSCATTVDAKFRPNGCTD,23,0,5412,8
8269,GLPLSCDVEMKLPFKPDQ,18,0,5413,3
8270,MKAIMVLFYVMTLTIIGSFSMLLQKAKERQ,30,0,5414,5
8271,EYCGESCYLIPCFTPGCYCVSRQCVNKN,28,0,4499,6
8272,SHLFQPSLVLDMAKVLLDNYFP,22,0,5415,4
8273,ECSSPDESCTYHYNCCQLYCNKEENVCLENSPEV,34,1,5416,0
8274,LDNCPDLVHASNSATS,16,0,5417,4
8275,GAKVPKDVKIQGIWYA,16,0,5418,4
8276,VCCSFGSCDSLCQCCD,16,1,4358,4
8277,ERFKSPPILPPHLLQVILNKDTNISCDPAL,30,0,5419,9
8278,SIGSAFKKAAHVGKHVGKAALGAAARRRK,29,1,963,2
8279,NVCDGDACPDGVCRSGCTCDFNVAQRKDTCFYPQ,34,1,5420,1
8280,FIGKDALLKQKEKGLGRKLVHFKMLEK,27,0,5421,3
8281,PTHIKWGD,8,0,5422,4
8282,FFPLVLGALGSILPKIF,17,1,969,8
8283,MAILISYFCFLLIFFLFTLILFFGLNKIRLI,31,0,225,9
8284,NTVLNTPDDVWNSHYKT,17,0,5423,3
8285,NGCCSSPPCRQQNPKLCPSS,20,1,5424,3
8286,GWTLNSAGYLLGPHAVDNHRSFNDKHGFT,29,0,2234,5
8287,LLAQVLAGIQAPL,13,0,5425,5
8288,CKSPGTPCSRGMRDCCTSCLLYSNKCRRY,29,1,1773,9
8289,DDCIKPYGFCSLPILKNGLCCSGACVGVCADL,32,1,5426,7
8290,MAKRLLPVGLVVGEITKTDTINYRTFKPETGGL,33,0,5427,3
8291,VTCFCRRRGCASRERHIGYCRFGNTIYRLCCRR,33,1,656,3
8292,MEALVYTFLLVSTLGIIFFAIFFREPPKILTKKTK,35,0,164,4
8293,EGPVGLADPDGPASAPLGAP,20,0,5428,2
8294,CSPPGSYCFGPAACCSNFCSTLSDVCQESWSG,32,1,3984,9
8295,SVAVAGAIIKGAALTFNVLQ,20,1,733,1
8296,IGTQIVNMKSIKNIQKITKAMKMV,24,0,5429,7
8297,EVPLDDTGL,9,0,5430,4
8298,FISAIASFLGKFL,13,1,516,5
8299,GLFDIAKKVIGVIGSL,16,0,599,1
8300,IWSFLIKAATKLLPSLFGGGKKDS,24,1,5431,4
8301,MAWTKPAYTDLRIGFEVTMYFASR,24,0,640,5
8302,SVQTIARIIKNSR,13,0,5432,1
8303,MLTKFETKSARVKGLSFHPKRPWIL,25,1,5433,7
8304,CCEWPCHHGCIPCCY,15,1,3135,2
8305,GWLAEEEIDPVSLLKR,16,0,5434,1
8306,TPFKISIHL,9,1,3261,4
8307,GCCSHPACRVHYPHVCY,17,1,35,6
8308,MEALVYTFLLIGTLGIIFFAIFFREPPRIVR,31,0,164,3
8309,FFHHIFRAIVHVPKTIHRLVTG,22,1,100,8
8310,SNSLFEEVRPIVNGMDCKLG,20,1,5435,0
8311,DCCKEEWCDGGCYCCV,16,1,5436,1
8312,SRETRLKISIKSSRKRGPRGPRGKT,25,0,5437,8
8313,CTSPKQCLPPCKAQFGQSAGAKCMNGKCKC,30,1,5438,9
8314,KNNDKKKDNGELWGWFTWIFIFLVLF,26,0,5439,1
8315,SCKVPFNECKYGADECCKGYVCSKRDGWCKYHIN,34,1,5440,7
8316,VSVVGTVR,8,0,5441,5
8317,DISVVGGTGDFLMAR,15,0,5442,2
8318,CCKVQCESCTSCC,13,1,1068,4
8319,GTSCALDCGAGIG,13,0,5443,4
8320,FMPIIGRLMSGSL,13,1,5444,6
8321,LVQRGVAYVAQDHVLFSP,18,0,5445,7
8322,LKCNKLVPLFYKTCPAGKNLCYKMFMVSNK,30,1,3157,5
8323,VPIVEVIEQYLNYIETLQVMKLEVAG,26,0,5446,8
8324,GLNTLKKVFQGLHEAIKLINNHVQ,24,1,1321,9
8325,GCCVKQGCWNVEVCECCPTDPYIIKPYPTEST,32,1,1326,3
8326,ARICPRILMKCKKDSDCLAECICQEHGFCG,30,0,281,1
8327,GSIPCGESCVFIPCISSVIGCACKSKVCYKN,31,1,159,1
8328,RGCCSYFDCRMMFPEMCGWR,20,1,5447,0
8329,PRRQACC,7,1,743,8
8330,LAHADWSASPDVDTAAGATDAAGAAHTAPV,30,0,5448,1
8331,MDTRLLVVLLPVATAAAWALFNIGRLALQQLKRMS,35,0,5449,4
8332,RRTDDWMDGRRSRHTDDTD,19,0,5450,1
8333,ALWKNMLKGIGKLAGKAALGAVK,23,0,1331,8
8334,DANVENGEDAEDLTDKFIGLMG,22,1,5451,1
8335,CTGGATCCGGRTGRCAVARYTTRTANCC,28,1,5452,8
8336,TGVNYGQLGNNLP,13,0,5453,0
8337,RVLEPGEDPDVGEPAGEYEHHLLE,24,0,5454,7
8338,FNWRCCLAPACRRNHKKFC,19,1,339,0
8339,IAIQGGGYLQPGDGYKYA,18,0,5455,5
8340,QWGQHPNIPP,10,1,5456,9
8341,STSDLESVQGSIQRAAARLEAAEKLANN,28,0,5457,5
8342,RCLPAGKTCVRGPMRVPCCGSCSQNKCT,28,1,5458,5
8343,QQECCDPDWCDGACYNCC,18,1,1147,7
8344,GLMSTLKGAATNVAVTLLNKLQCKLTGTC,29,0,692,3
8345,VVVATDDSRIADVVSGFGGEVQMTRAD,27,0,5459,1
8346,MAFKDGVKKCNPVLLE,16,0,5460,4
8347,HEIYDIIPNKTQEIKSPDFLIVEGINV,27,0,5461,1
8348,MKKLAVILTLVGGLYFAFKKYQERVNQAPNIEY,33,0,5315,7
8349,NYYLYPARPNSWT,13,1,5462,5
8350,RKSAGKPKN,9,0,5463,7
8351,DSAAGAVRAGDDETLLKPVLNSLDNLVSGL,30,0,1859,4
8352,WLEDQLINKKATLDE,15,0,5464,3
8353,AGDISVDWGAILFKGLTLKGIYGRE,25,0,5465,7
8354,TPWKKWFNEYKYRSVKIF,18,0,5466,3
8355,VRTVRELGFPGLVTGVL,17,0,5467,0
8356,KQKLSLIDKILLTLAISRITLIWEIYAWFKSL,32,0,5468,8
8357,KDGYLMGADGCKLCVLTAPYDYCACE,26,1,5469,4
8358,FLSLIPHIATGIAALAKHL,19,1,905,4
8359,NCCRRQICC,9,1,250,1
8360,ECREKGQGCANTALCCPGLECEGQSQGGLCVDN,33,1,639,3
8361,MEAFTYTLLMTLGVVTLFFAVAFRDPPKFDK,31,0,165,7
8362,NQDCLSDWSFYEQYCYKVF,19,0,2996,4
8363,MDITSIAWGALMVVFTFSLSLVVWGRSGL,29,0,233,8
8364,AESGFQPVVDRKGD,14,0,5470,2
8365,GFPTCGETCTLGTCNTPGCTCSWPICTRD,29,0,51,9
8366,GLLDIVKKVVGAFGSL,16,0,599,9
8367,MLNWQVIVQLVFLALIITTGPVIIVYLSTRERNLL,35,0,5471,7
8368,DGDDGDGD,8,0,5472,9
8369,FENEDEGYFQDPEDCS,16,0,5473,6
8370,KRIRFFERIRDRLRDLGNRIKNRIRDFFS,29,1,5474,7
8371,GGCCSHPACAVNHPELC,17,1,35,6
8372,VGCEECPMHCKGKHAVPTCDDGVCNCNV,28,1,2854,0
8373,NLYQFKEMIRYTIP,14,1,4846,9
8374,GLFDIIKKIAESF,13,1,4872,1
8375,GLLDTLKNMAINAAKGAGQSVLNTLSCKLSKTC,33,0,2189,6
8376,LFFLDLQTLRSGD,13,0,5475,6
8377,GLVGTLLGHIGKAILG,16,1,4456,8
8378,MDIVSIAWAALMVVFTFSLSLVVWGRSGL,29,0,233,6
8379,MYHYYSPDALRTN,13,0,5476,0
8380,SCNCVCGFCCSCSP,14,0,2841,3
8381,GAAGGCCSDPPCRNKHPDLC,20,1,35,1
8382,LTKPVEAETKGAGPATFSISSMLTITESDWLSQSL,35,0,5477,0
8383,QHLADYDEVDDDRAKLHLDAR,21,0,1619,8
8384,KDGVLTTSIAKYDYPE,16,0,5478,1
8385,FCTMIPIPRCY,11,1,5479,1
8386,FDKNQPWGVIRDLNVVNFKR,20,0,5480,8
8387,SFLTTVKKLVTNLAALAGTVIDTIKCKVTGGCRT,34,1,5481,0
8388,CTPCGPDLCCEPGTTCDTVLHHTRFGEPSCSY,32,1,2193,7
8389,KKDLTEVTHKVYFDVEIDGKPAGRIVMGLF,30,0,5482,9
8390,ADENGDLGPVYGAQWRSWPKPGGGHID,27,0,5483,6
8391,GIKDYLKKLLQKAINKIKSLRKKQDA,26,1,685,4
8392,AGQDGFMRF,9,0,5484,2
8393,AVDFSKVPTATAGPCKG,17,0,5485,9
8394,VPPGFTPFRQ,10,1,113,2
8395,QTCCGYRMCIPC,12,1,1837,3
8396,AYCCHPACGPNYSCGTSCS,19,1,5486,4
8397,GKYTCGETCFKGKCYTPGCTCSYPICKKD,29,1,51,0
8398,PPCRGIFCRRVGSSSAIARPGKTLSTFITV,30,1,5487,4
8399,GCMPEYCAGQCRGKVSQDYCLKNCRCIR,28,1,2681,6
8400,FKSWSFCTPGCAKTGSFNSYCC,22,0,5488,8
8401,MDLLSLGWSSLMVMFSFSLALVVWGRNGF,29,0,233,1
8402,GDCPPWCVGARCRAGKC,17,1,5126,8
8403,GVIPCGESCVFIPCISSVVGCTCKNKVCYRN,31,0,159,1
8404,MESFAYVLILTLAIATLFFAIAFRDPPKIGK,31,0,165,8
8405,PPGCCNNPACVKHRCG,16,1,287,1
8406,VYINKLTPPCGTMYYACEAV,20,0,5489,1
8407,IVGGVEAVPGVWPYQAALFIIDMYFCGGSLI,31,0,5490,4
8408,DCCDDPACTVNNPGLCT,17,1,5491,4
8409,AAKVKYSNTREECCPNPPCFATNSDICGGRR,31,1,1361,1
8410,GWCGDPGATCGDLRLYCCSGFCDCYTKTCKDKSSA,35,1,50,1
8411,MEVNILAFVATALFILIPTAFLLILYIQTAAQNNG,35,0,153,4
8412,CIANNPLC,8,1,5492,4
8413,AGNWKMNLNHLEAIALVQKIAFSLPEK,27,0,5493,4
8414,CKGAGAKCSRLLYDCCTGSCRSGKC,25,1,14,7
8415,TRGRWGRFKRRAGRFIRRNRWQIISTGLKLIG,32,1,5494,4
8416,DDIKLSQQYDVLDLFKYMHQ,20,0,5495,4
8417,SCCPSPTSCCPW,12,1,5496,0
8418,INWKGIAAMAKKLL,14,1,305,8
8419,MISILTYFGILFGILTITVIIFVALNKIQLI,31,0,5497,6
8420,KLLLKLLKLLLKLLLKLLK,19,1,3875,7
8421,PRRQCC,6,1,743,4
8422,SGLQFAVMDGQGFLPFPRV,19,0,350,5
8423,AKLYGASACGVKVKDTIKVIAEDGFSKDTLKRE,33,0,5498,1
8424,YVGEDVESILLKLLQAAN,18,0,5499,8
8425,DINGGGATLPQALQITGVIT,20,0,5500,6
8426,GVPICGETCTLGTCYTAGCSCSWPVCTRN,29,1,51,7
8427,GSGGSGEANGMWFGPRL,17,0,145,5
8428,DNSCTPKPSCFF,12,1,5501,9
8429,ESECPWKPWC,10,1,356,1
8430,SMELNILYSYVIEVLICLHTRVLEKLP,27,0,5502,4
8431,GFRDVLKGAAKAFVKTVAGHIAN,23,1,3290,8
8432,GVGCSSGCHKVGGQCRCG,18,1,5503,8
8433,MTWTTPAYTELRLGFEITMYIANR,24,0,640,4
8434,GMASTAGSVLGKLAKVAIGAL,21,0,86,6
8435,AAKVKYSNTPEECCPNPPCFATHSEICGV,29,1,1361,2
8436,AREKSFFRQGSGRPC,15,0,5504,9
8437,GCNNSCQEHSDCESHCICTFRGCGAVN,27,1,4604,1
8438,GVFCGEPCIKASCSIPGCECIAGLCYKN,28,0,2676,4
8439,AFNLRNRNFLKLLDFTPREIQYMIDLAIDL,30,0,5505,8
8440,CYPEGEYCEYNYQCCESSCCVNYCRYPCR,29,1,1882,8
8441,DEENNVAVVVQINLRDVMVIDLSELK,26,0,5506,7
8442,ALASIAAIAHVEMKTKQDQEE,21,0,5507,5
8443,VEEGAPAVVPVLPV,14,0,5508,4
8444,MWYLLWFVGILLMCSLSTLVLVWLDPRLKS,30,0,5509,6
8445,MESIEQRVKKIVAEQLGVAEAEIKA,25,0,5510,5
8446,QCEDVWMPCTSNWECCSLDCEMYCTQI,27,1,5511,8
8447,DSIIGLFLTVALALIFSYFQAFEYIH,26,0,5512,4
8448,IRCQGSNQCYGHCREKTGCPNGKCID,26,1,3420,7
8449,SLHGMEDPEREVLEWRF,17,0,5513,6
8450,SIGSAFKKALPVAKKIGKAALPIAKAALP,29,1,4093,8
8451,MDIVSLAWAALMIVFTFSLSLVVWGRSGL,29,0,233,8
8452,CFPPGVYCTRHLPCCRGRCCSGWCRPRCFPRF,32,1,33,6
8453,PGLGFY,6,1,5514,9
8454,INLKAIAALVKKV,13,1,305,1
8455,GLWNTIKEAGKKFALNLLDKIRCGIAGGCKG,31,1,3134,4
8456,MPNLQTVAQLLALFVIITSGPAIIILIALRRGNL,34,0,4975,3
8457,TPLGDTTFFSLNMTTRGEDFLYKSSGAI,28,0,5515,3
8458,GCCSHPACSTNHPELC,16,1,35,6
8459,DCCPSKLLCCNP,12,1,1000,2
8460,MSDINVTRLPGFVPILFPCVGDDVNTALTRGE,32,1,5516,7
8461,MIDDSQIFVALLFALVSAVLAIRLGKELYQ,30,0,4207,2
8462,SSCGYLGQQCCIVPKRAYCHGDLECNPVAMCVA,33,1,1402,0
8463,RCCLIPACRRNHKKFC,16,1,339,2
8464,TDPLWQLPGAHLEQYLS,17,0,5517,9
8465,MKKRFDWCLILIDIIEKLLNEADLSILIIVIC,32,0,5518,5
8466,GCCSLPPCALNNPDYC,16,1,35,1
8467,KLSPSLGPVSKGKLLAGQR,19,1,5519,3
8468,PAWLVDCPCVGDDVNRLLTRGER,23,1,412,4
8469,QGCCGEPNLCFTRWCRNNARCCRQQ,25,1,5520,0
8470,KPENENEEALHE,12,0,5521,9
8471,SVDLPAVYAPGACVFHFCC,19,1,5522,4
8472,AAKVKYSLTPAECCTNPPCFAQHSDLCGA,29,1,1361,4
8473,ESQKVQGDVIGVDLGTTYSCVA,22,0,5523,3
8474,GLLDGLLGTLGL,12,0,1210,0
8475,NYITESGKIVPSRITGT,17,0,5524,8
8476,GCCARAACAGIHQELCG,17,1,4094,2
8477,ASKTPVGFIGLGNMGNPMAKNLMKHGYPLIIYDVF,35,0,5525,8
8478,AIGFDGLNDPDIVAR,15,0,2303,3
8479,ILGKFCDEIKRIV,13,0,5526,5
8480,NLIQFANMIGCANHGSR,17,1,5527,5
8481,HLSQLGELSGYYCV,14,0,5528,0
8482,FVDDYRKVVRKDTKGLIARWKYFWMSV,27,0,5529,2
8483,PSHVRRKIMSWPLSKELRQKYSVRSMPIRKDDE,33,0,5530,3
8484,ALWKDLLKNVGIAAGKAVLNKVTDMVNQ,28,0,1733,6
8485,ATLTGAAKTALGNDYHALFSFDDALAGR,28,0,5531,3
8486,GFCCPSGWSSYDR,13,1,5532,5
8487,PALIPSFGEHPPLVDITYESFIKILTRK,28,0,5533,7
8488,GFFALIAKIISSPLFKTL,18,1,3977,0
8489,MLTEREMEILLLIAKG,16,0,5534,9
8490,MSHTVKIYD,9,0,5535,2
8491,IEMAEGGNDNIGNESIK,17,0,5536,5
8492,FLPPSPWKETFRTT,14,1,1935,0
8493,GRCVKDGDACVFPVVGSVFCCSGFCVFVCI,30,1,5537,3
8494,LSLHEYMSMELLQEAGVSIP,20,0,5538,4
8495,MSDINTARLPCIGFLGIPSVGDDIEMVLRHG,31,1,5539,1
8496,DCTTCAGEECCGRCTCPWGDNCSCIEW,27,1,5540,5
8497,ACQGYMRKCGRDKPPCCKKLECSKTWRWCVWNPWE,35,1,5541,4
8498,VAVYYFPPYYLVYDKE,16,0,5542,2
8499,GIPCGESCVFIPCVTTVIGCSCKDKVCYNN,30,0,159,9
8500,KEICFPRLGCFSDDAPWAGIAQRPL,25,0,5543,7
8501,MAPRGFSCLLLLTSEIDLPVKRRA,24,0,608,4
8502,GAKEDRNNAEAVRERLEEI,19,1,5544,2
8503,GCCSWNCIQLRACGCC,16,1,940,7
8504,FCGQACSSVKCPKKCFCHPEEKVCYREMRTKERD,34,1,5545,5
8505,SCKRECSGSKRQK,13,1,5546,1
8506,FLGGLIGPLMSLIPGLLK,18,1,5547,2
8507,VTVYDAEGTKVQVDGSLRLVE,21,0,4993,6
8508,MKIADQFHDELCRLAAINFEAHVLHG,26,0,5548,6
8509,IQLFPNSNALVIQEFRISRYQV,22,0,5549,2
8510,MVALPEDRWHVLTC,14,0,5550,5
8511,KNILTVEQPDSSSSDGIFYYDEASKRVQISALAL,34,0,5551,3
8512,ASLVTSFEEA,10,0,5552,0
8513,TDEPEEHDELGGNGCCGNPDCTSHSCD,27,1,4180,1
8514,SNSKCPDGPDCFVGLM,16,0,523,5
8515,VLNQYLTELYYQVEANNKSYASNNELAVFPDQR,33,0,5553,6
8516,SKLLYD,6,1,1108,2
8517,SAGVDSKDLSKRGESLIRQ,19,0,5554,6
8518,MLPSISFDYIKRPNIVLFSNVLSLSSNI,28,0,5555,5
8519,FLPLIAGVAANFLPKIFCLISKKC,24,1,138,3
8520,TCLAHKQQAVNRLLYRIYSPIF,22,0,5556,2
8521,GCCSNPACMLKNPNLC,16,1,35,2
8522,GECLGWSNYCTSHSICCSGECILSYCDIW,29,1,5557,2
8523,TQSTGTSQTVEVGLWGGPDN,20,0,2673,5
8524,CVPKRKVSPSRNMRAHDLT,19,0,5558,7
8525,GILDSLKNFAKDAAGILLKKASCKLSGQC,29,0,789,5
8526,AKLDETLTMLKALTDAKGVPGNEREARDVM,30,0,5559,6
8527,MPIILSYSGFLLAAPIPASAPFTGLNKIRLI,31,0,5560,6
8528,KNSLTDTTITMDEVKPADSFPNTFVPGRNLFFL,33,0,5561,8
8529,DDCCPNPSCRQNHPERC,17,1,35,8
8530,ESCPWHPWC,9,1,356,5
8531,VVGGDECNINEHRSL,15,1,972,7
8532,YKPVTSSTRHRVVIDYKSVITKTEPEKSLLAP,32,0,5562,8
8533,APWLVPSTITTCCGYNPGTMCPPCRCDNTC,30,1,243,0
8534,GLKEVLHSTKKFAKGFITGLTGQ,23,1,5563,5
8535,KGCLPRNRFCNALSGPRCCSGLRCKELSIWASKCL,35,1,4346,0
8536,GSSGLIAMPRV,11,0,188,6
8537,VIGGAKCNINEHRSIVLLYSSRLFGHTLINKEWVL,35,1,5564,6
8538,TPPAGPDVGPR,11,1,5565,8
8539,SCGGSCFGGCWPGCSCYARTCFRD,24,1,5566,1
8540,VEGICDLCGSPVVQRKDD,18,0,5567,6
8541,GCCSVPPCIANHPELC,16,1,35,7
8542,DPDELPIILPDDVDFEEPKNIGDMMIS,27,0,5568,4
8543,FLISIPYSASIGGTATLTGTA,21,0,5569,5
8544,FLSTLLKVAFKVVPTLFCPITKKC,24,1,138,5
8545,MEALVYTFLLVSTLGIIFFAIFFREPPKVPTKKAK,35,0,164,9
8546,AATEECEEYCEDEEKTCCGLEDGEPVCATTCL,32,1,119,5
8547,VFCRSNGQQCTSDGQCCYGKCMTAFMGKICMR,32,1,894,4
8548,VAGRSVVKIAEGYL,14,0,5570,2
8549,SNVMLIDPKTGEPTRVGYEVKGD,23,0,5571,9
8550,GFMGDTLKGIARNAALALMNAAQCKLSGKC,30,1,5572,9
8551,TAFGLRKCCKRHHGCHPC,18,1,823,8
8552,RSMRLSFRARGYGFR,15,1,5573,9
8553,NMKGIEVNNADVAASFQ,17,0,5574,7
8554,DYSIRTRLHQESSRNVF,17,1,5575,1
8555,TTAIEPFISLGDK,13,0,5576,6
8556,GCCSHPACNVHNPHIC,16,1,35,4
8557,NGVCCGYK,8,1,30,2
8558,CCYETPGCCVI,11,1,5577,0
8559,CSKGGVGRGYGIG,13,0,5578,9
8560,FLSLIPKIAGGIASLVKNL,19,1,905,1
8561,CAPPGSSCNHTDNKCCISACCFGACVLPCQVP,32,1,5579,2
8562,FLSLIPHAINAVSAIAKHN,19,1,53,2
8563,CLDGGEICGILFPSCCSGWCIVLVCA,26,1,1624,3
8564,MLHLIGFDKLYSYNMVKLALLEKGVPFTEV,30,0,5580,9
8565,MLTLKIFVYTVVTFFVSLFVFGFLSNDPGRNPSR,34,0,61,5
8566,EDDLSDFNPKV,11,0,5581,8
8567,LPSFLYAEMVGYNIL,15,0,5582,1
8568,GSIPCGESCVYIPCISSIVGCACKSKVCYKN,31,0,159,7
8569,QVSWSAPPGLRLPWDREDLLEMLGNLLDNACKW,33,0,5583,5
8570,QPLYDGSIQVMVLGQLKTD,19,0,5584,0
8571,EASGETFVAENDACKCGSDCKCNPCTCK,28,0,5585,2
8572,LAERRKARGVKLNYPE,16,0,5586,1
8573,CCSQDCSVCIPCCPW,15,1,470,8
8574,GILSSIKGVAKGVAKNVAAQLLDTLKCKITGC,32,1,1343,1
8575,QPSYDYDEEEDDRAKLRLDAR,21,0,1619,2
8576,CAGNEEACTVASDCCGSFNCCNGYCDAPCRQP,32,1,5587,1
8577,GLKEIFKAGLGSLVKGIAAHVAS,23,1,4394,4
8578,IDIIRRAISAPVKQIAQNAGQDGAVVA,27,0,5588,4
8579,DDEVEIIVL,9,1,5589,3
8580,CFNDGDDCEIGDDCCSGSCIFDEGDSFCEISY,32,1,5590,5
8581,MEALVYTFLLVSTLGIIFFAIFFREPPKISTKK,33,0,164,9
8582,IAQHPQLQLWLNTL,14,0,5591,8
8583,EREQLRDQVYDAMAE,15,0,5592,4
8584,ARYGKSPYLYPLGY,14,0,5593,7
8585,SAEVAGAVIEGAKLTFNVLQ,20,1,733,4
8586,FVDRNRIPRSNNGPKIPIISNP,22,0,5594,5
8587,GWCGDPGATCGKLRLYCCSGFCDCYTDTCKDKSSA,35,1,50,4
8588,SGLLMNFGEQHVNVAQ,16,0,5595,7
8589,FDVMGIIKKIAGAL,14,0,75,7
8590,IVRAEHVAECPTTALVVDDPYYAYAAVA,28,0,5596,8
8591,GLWSTIKNVAAAAGKAAIKL,20,0,3741,0
8592,GLFLNTVKDVAKDVAKDVAGKLLESLKCKITGCKS,35,0,3975,1
8593,CCSQDCLVCIPCCPNGSA,18,1,470,1
8594,LNKRCQEFGEVCNFFFPDCCGYCVLLLCI,29,1,41,1
8595,ATIAISNVMLASKW,14,0,5597,4
8596,ITDDQIEVTNATELVQ,16,0,5598,6
8597,RPKPQQFFGLM,11,1,2184,3
8598,CIEQFDPCEMIRHTCCVGVCFLMACI,26,1,3803,9
8599,GRCDHPACGQNTSK,14,1,7,6
8600,DAQEKRQPWLPFV,13,0,2239,6
8601,QWPRPTPQIPP,11,1,302,5
8602,KHEYLRF,7,0,5599,1
8603,FLKGIIDTVSNWL,13,1,5600,6
8604,TFDSGGISIKPSEGMDEMK,19,0,5601,1
8605,GVIELTKMIVQEMGKNALTSYSL,23,1,5602,1
8606,FLPLLAGLAANFLPKIPCKITKKC,24,0,138,3
8607,FQPSLVLDMAQVLLDNYTFPENLM,24,0,2345,9
8608,AQLQNPVGYELQHK,14,0,5603,3
8609,QGCCSDPACAVSNPDICSG,19,1,35,2
8610,SGTTPDRDHSCGGELVDRLVKLCPSN,26,1,5604,7
8611,GDAQTIQEVFEMFALDSDGCCWHPACGRHYC,31,1,5605,1
8612,YRSQIEPISMAYLIVEPGGTVGWVGDAKLI,30,0,5606,6
8613,FLVKVFKTFSDSPIFRVVRMFLDLAEAAS,29,0,5607,0
8614,SLCDKPHHNCIDGQTCYHTCCQNGLKCVRYP,31,1,5608,1
8615,DGGEPAAPLWFGPRV,15,0,5609,5
8616,TDPDADKGEFLAEGGGVR,18,0,5610,2
8617,CLFSGEYCWLDTSCCSKSCTNNVCF,25,1,22,7
8618,PYDRISGSAFSDF,13,0,317,2
8619,LINTRCCPGQPCCRM,15,1,650,1
8620,SCCPTILSCCFV,12,1,5611,5
8621,GLPGYFGVN,9,0,5612,7
8622,EVQRDMKLLPYKIVSKNNKPYVVVKV,26,0,5613,9
8623,MFSHFEVSENRPRKQPRRKRISLGMINTVVSLDR,34,0,5614,0
8624,METNDLGFVATLLFVLVPAIFLIILYIQTNSREG,34,0,1199,8
8625,FLSTLLNVASNVVPTLICKITKKC,24,1,138,9
8626,ANDPQCLYGNVAAKF,15,0,5615,6
8627,CRTWNAPCSFTSQCCFGKCAHHRCIAW,27,1,4008,5
8628,LSEIDGVEGLENVIVIGASNREDMIDP,27,0,5616,7
8629,VLLDGNGEVVQNGGTYYLLP,20,0,5617,1
8630,CKGKGAKCSRLMYDCCTGSCRSGKC,25,1,14,1
8631,GIPCGESCVWIPCISAAIGCSCKSKVCYRN,30,1,159,2
8632,FLPLIAGVAASILPKIFCFITKKC,24,1,138,5
8633,GVVEHCCKRACSNAEFMQFCGNS,23,1,70,7
8634,RCAHGTYYSNDSQQCLLNCCWWGGGDHCCR,30,1,5618,4
8635,MGLRPDGIIGHSLGEVARAYYNGRISQEEAILSAY,35,0,5619,4
8636,GVVDILKGAAKDLAGHLATKVMNKL,25,1,93,2
8637,SNKSNDFNFNNYNGLVNQSSNELSRW,26,0,5620,4
8638,AFAACMAGLRAVRGEKIIGQRLAGGRPV,28,0,5621,0
8639,CKAENELCNIFIQNCCDGTCLLICIQNPQ,29,1,5622,7
8640,RPPGWSPFR,9,1,113,4
8641,GLKDWWNKHKDKIIAVAKEMGKAGLQAA,28,1,1831,5
8642,GLEEELEEYVREI,13,1,5623,2
8643,MTPRGFSCLLLPTSETDLPVKRRT,24,0,608,0
8644,CKGKGASCHRTSYDCCTGSCNRGKC,25,1,14,9
8645,MDIVSLTWAALMVVFTFSLSLVVWGRSGL,29,0,233,3
8646,FLTGLIGGLMKALGK,15,1,2033,0
8647,MEAITYTFILFLTLGLLFFAVAFRETPRITKK,32,0,2656,6
8648,GIPCGESCVWIPCISSAIGCSCKSKVCYRN,30,1,159,0
8649,MRTYNPNSLLPSQMQKCTCNSLHLAFDLCGGEA,33,0,1886,7
8650,GLGSLLGKALKFGLKAAGKFMGGEPQQ,27,1,125,1
8651,FRPALIVRTKGTRL,14,1,5624,7
8652,FIPLVSGLFSRLL,13,1,5625,5
8653,FLALALIQEAIAKLK,15,1,5626,8
8654,GDCLPHLKRCKADNDCCGKKCKRRGTNAEKRCR,33,1,4731,3
8655,GHGRELFQYMLQKERV,16,0,5627,7
8656,GEIIQVNKEIITASPYNFF,19,0,5628,3
8657,MKEPKSNIRKLIDIGGLIGR,20,0,5629,3
8658,GFLDVIKHVGKAALGVVTHLINQ,23,1,2637,8
8659,TFDVCYEQLFFVGGNWK,17,0,5630,3
8660,GYNRSFLRF,9,0,5631,1
8661,AKIIGIDGLTTNSWVAVLESDKVHV,25,0,5632,1
8662,FLSGLVGALAKMF,13,0,5633,1
8663,VLDIYEQKLGQTRVLDIYEQK,21,0,5634,9
8664,MINFPSIFVPLVGLVFPAIAMASLFLHVQKNKIF,34,0,4719,8
8665,GAYFDGFDVPCVPRRDDC,18,1,5635,1
8666,NTEAFFGQGTRLTVV,15,0,5636,5
8667,GFGSLFKFL,9,1,3232,5
8668,DCLGFMRKCIPDNDKCCRPNLVCSRTHKWCKYVF,34,1,4591,6
8669,HLLQFNKMIKFETGKNAIPFYAF,23,1,1963,9
8670,HSEGTFSNDYSKYLETRRAQDFVQWLKNS,29,0,245,7
8671,MSTIISYFGFLLASIIFTLILFISLSKIQLI,31,0,291,6
8672,GIMSIVKDVAKTAAKEAAKGALSTLSCKLAKTC,33,1,5637,2
8673,KIKIPWGKVKDFLVGGMKAV,20,1,5638,9
8674,LADNLQSALAPILADHHFPAMLTAEQ,26,0,5639,8
8675,RNGCIVDPRCPYQQCRRPLYCRRR,24,1,5640,2
8676,NAAIRGMITAVSHLVTV,17,0,5641,4
8677,LIQRGRFGRFLGRIRRFRPRINFDIRARGSIRLG,34,1,5642,1
8678,SYGISSGCFGLKLDRIGTMSGLGCWRLLQDSP,32,1,601,6
8679,ELCCPMERSS,10,1,5643,6
8680,MPRRRRSSSRPVRRRRRPRVSRRRRRRGGRRRR,33,0,71,0
8681,GVFDIIKDAGKQLVAHAMGKIAEKV,25,1,388,4
8682,GVIDAAKKVVNVLKNLF,17,1,5644,1
8683,GWLKKIGKKIERVGQHTRGLGIAQIAANVAATAR,34,1,5645,8
8684,VDIR,4,0,5646,0
8685,AKQDGIYDETEKRREMAKN,19,0,5647,2
8686,TAAALRAIEIEASVLLMAK,19,0,5648,0
8687,DIFCGETCAFIPCITHVPGTCSCKSKVCYFN,31,0,5649,6
8688,GNVAELTEVR,10,0,5650,5
8689,KKLQQSLGITFIFVTHDQGEALSMSDR,27,0,5651,5
8690,FLPLLLSALPSFLCLVFKKC,20,1,2380,5
8691,CCSELCCEESSLPEEEQRRRRAGRENGNKI,30,0,5652,5
8692,GPVGLLSSPGSLPPVGGAP,19,0,5653,4
8693,PAWLVDCPCVGDDISRLLTRGEK,23,1,412,3
8694,IDASTATGDSPVFTATIK,18,0,5654,8
8695,DCIPEGSHCGISSDCCKSTCCMETCEDPCRYTW,33,1,5655,8
8696,GRRTVDKVRNAGRKVAGFASKACGALGH,28,1,5656,4
8697,DINGGGATLPQKLYQTSGVLT,21,0,5657,2
8698,QPPCPWQPSWC,11,1,5658,7
8699,SNQGRYYEPYYAAGPSYGGRSEGDTA,26,0,5659,5
8700,FFSMIPKIATGIASLVKNL,19,1,905,3
8701,TLNKVYKFDRDRRFL,15,0,5660,5
8702,KVPEACEESCEEEEKHCCNTSNGLSCVRHCL,31,1,1578,7
8703,IIGLVSKGTCVLVKTVCKKVLKQ,23,1,64,3
8704,LAALVNHDSYNFSHRIDHLSFGELVPG,27,0,5661,7
8705,SSDTERESHIKRFRQALDATGMTVP,25,0,5662,5
8706,MLTITSYFGFLLAALTITPALFISLNKIRLI,31,0,291,8
8707,KGKGAKSRLMYDCTGSRSGKCGS,23,1,5663,7
8708,IAYKPE,6,0,5664,3
8709,ANVPVSFGVLTTDTLEQ,17,0,5665,2
8710,GIPCGESCVWIPCISAAIGCSCKNKVCYRN,30,0,159,2
8711,GKPICGETCFKGKCYTPGCTCSYPICKKN,29,1,51,3
8712,TPEHQRYVELFIVVDHGM,18,1,5666,6
8713,MEALVYVFLLIGTLMIIFFAIFFREPPRIAKK,32,0,164,1
8714,GIVEVCCDNPCTVATLRTFCH,21,1,5667,5
8715,ATFDIQNKTYTVWAAAWAPSYPGGKQLD,28,0,5668,9
8716,PGAGSQEERMQGQMEGQDFSHEERFLSMVRE,31,0,5669,1
8717,IVGGYECEAYSKPYQVSINLGY,22,0,5670,5
8718,SDAVANGVHAISGVVDS,17,0,579,2
8719,CCISPACHEECYCCQ,15,1,4,3
8720,LLLDPGDK,8,0,5671,4
8721,MDVAEYAAHDATGLAELIREGQVSACEV,28,0,5672,4
8722,IQSGVPIYPMTDLRTQLEEQQIQVAILT,28,0,5673,9
8723,CCRRQICC,8,1,250,2
8724,SVTPIVCGETCFGGTCNTPGCSCSWPICTK,30,0,51,4
8725,VVGGAECKIDGHRCLALLY,19,1,5674,2
8726,RSCIDTIPKSRCTAFQCKHSMKYRLSFCRKTCGTC,35,1,5675,6
8727,MNFPSIFVPLVGLVFPAIAMASLFLYVQKNKIV,33,0,4719,4
8728,FRVYASSDRFGVELGGA,17,0,5676,1
8729,MEVNILAFIATALFILVPTAFLLIIYVKTVSQSD,34,0,153,9
8730,DVDFNSESTRRKNKQKEIVDLHNSLKKTV,29,1,247,9
8731,DTRPPGFTPFR,11,1,113,5
8732,GVPICGETCVGGTCNTPGCSCSWPVCTRN,29,0,51,6
8733,NLYQFKNMIECAGTRTWIAYVKYGAYTYAYT,31,1,5677,5
8734,MEALVYTFLLVSTLGIIFFAIFFREPPKVPTKRMK,35,0,164,4
8735,FMGGLIKAATKIVPAAYCAITKKC,24,0,1308,1
8736,GCISTGSFCTLSKGCCTKNCGWNFKCNPPNQ,31,1,181,2
8737,MVKIGINEFGRIGRLAFRRIYEL,23,0,5678,2
8738,GIMDTLKNLAKTAGKGALQSLLNKASCKLSGQC,33,1,186,6
8739,IQLRRARQTEDIPIILVGNKS,21,0,5679,2
8740,FLPFLIPALTSLISSL,16,1,5680,4
8741,MWGLNRWLTFTMLILLITSHCCYWNKR,27,0,5681,2
8742,LHGYDVFLLAQGLGSFNAK,19,0,5682,9
8743,CPDASLEDARKEGPYDV,17,0,5683,7
8744,VIGGDEDINEHRSLALMYSWSHRFIGLI,28,1,5684,6
8745,CYDSGTSCNTGNQCCSGWCIFVSCL,25,1,1283,4
8746,GVYMEIGRCREARRRKEAV,19,0,5685,9
8747,WYQLIRTFGNLIHQKYRKLLEAYRKLRD,28,1,5686,9
8748,SLFSLIKAGAKFLGKNLLKQGAQYAACKVSKEC,33,0,5687,4
8749,KPCCSIHDNSCCGL,14,1,1785,7
8750,KVSEELNECCRIPPCLLDHADECES,25,1,5688,7
8751,TFDVDVKSNKTEVKDAL,17,0,5689,5
8752,GKPICGETCFKGKCYTPGCTCSYPVCKKN,29,0,51,0
8753,IEAIKFFNSKGWR,13,0,5690,7
8754,SDIGISEPNFLRF,13,0,5691,6
8755,YTATRDNCCILDERFGSYCPTTCG,24,0,5692,7
8756,AVDKREKIDDEEYRSL,16,0,5693,3
8757,DQGFNSWG,8,0,5694,4
8758,WLNALLHHGLNCAKGVLA,18,1,1069,9
8759,MQDIMIFTIGPA,12,0,5695,4
8760,IPACMVEDGGCWDPLGEAFNSATQRAETLRNL,32,0,5696,1
8761,RDWERREFERRQNELRREQEQRREELL,27,0,5697,8
8762,MTDTPLSAAEF,11,0,5698,5
8763,MNERVKQVASALVDAIQKTLTEQRV,25,0,5699,3
8764,SIVVRPGVGAADVRTLAAFPVAAAQVRQWLTA,32,0,5700,8
8765,RDPCCYHPACNMSNPQIC,18,1,35,0
8766,MEALVYTFLLIGTLGIIFFAIFFREPPRMVK,31,0,164,7
8767,IRNECCSNPACRVNNHVC,18,1,35,9
8768,CCGLPCNGCVPCC,13,1,1988,4
8769,LKCNKLVPLFYKTCP,15,1,2892,8
8770,METTNESLGYTDQIIGPVLD,20,0,5701,0
8771,NGNFIKVSAERDPENIDWATDGVEIVL,27,0,5702,4
8772,MNLEVVAQLTVLALIVVSGPLVIGLLALRKGNL,33,0,200,3
8773,KSCCKNTLGRNCYNTCRFIKKPRKTCAGLCGCKIS,35,1,1571,1
8774,RDPCCYHPTCNMSNPAIC,18,1,35,3
8775,EKSLVPSVITTCCGYDPGTMCPPCRCTNSC,30,1,243,8
8776,METNILALMATALFIIIPTAFLIILYAQTNK,31,0,5703,1
8777,QQWPRDPAPIPP,12,1,5704,4
8778,RCCGEGASCPVYSRDRLICSCC,22,1,519,8
8779,KRFQNFFRELEKKFREFFRVYRITIGATIRF,31,1,5705,9
8780,MEVNILAFIATALFILIPTAFLLILYVQTAAQNN,34,0,153,5
8781,GCCSDPRCRYRCGAAGG,17,1,39,3
8782,MGEVFAGGFALLVVLFILLIIIGASWLY,28,0,5706,2
8783,CPCGRRRCCVRGLNVYCCF,19,0,5707,0
8784,THPSVLPFIKQLIGTMDSVRGLPR,24,0,5708,9
8785,ILSIFAIWNGGIAIYGGLITGAIVLYFF,28,0,5709,7
8786,CIPDHHGCGLLHHSRYCCNGTCFFVCIP,28,1,5710,6
8787,MSLFIGYIIFLVAFFGLATGLFLGLKAIKLI,31,0,2019,1
8788,GSASGLISMPRV,12,0,188,1
8789,RGSNLTIHPLRNTNDIDY,18,0,94,0
8790,NSFCNLPAVVGRCKGYFPRYFYNTEAGKCQRFIYG,35,1,5711,2
8791,SLGSFMKGVGKGLATVGKIVADQFGKLLEAGKG,33,1,76,4
8792,FFHHIFRPIVHVGKTIHRLVTG,22,1,100,0
8793,ILGPVLGLVGNALGGLIKKI,20,1,29,1
8794,MLTITSYVGLLFTALGFTLGLYFGLTKVVKLI,32,0,5712,6
8795,CLPGTATCNLYNNLCCNYCLIFWC,24,1,2240,4
8796,QGIGVGDNDGKRGKR,15,0,5713,4
8797,RTCIPIPLVMC,11,1,4429,4
8798,DQGTACTGEHAHSFCLNGGTCRHIQQLGE,29,1,5714,9
8799,INLKGLIKKVASLLT,15,1,424,8
8800,GLWSTIKQKGKEAAIAAAKAAGQAALGAL,29,1,638,6
8801,CLTTGEYCWLASSCCSYSCTNNVCF,25,1,22,4
8802,FSPAEVAVITLLLLRGAQTPGELRTRTNRMYE,32,0,5715,3
8803,GILDTIKNAAKTVAVGLLEKIKCKMTGC,28,1,1620,4
8804,TSSGCPNFESLVR,13,0,5716,9
8805,TGSCSRTDRIAKYNQLLRIEDQLVE,25,0,5717,2
8806,CTPAGDACDATTNCCILFCNLATKKCEVPTFP,32,1,2284,4
8807,MLLVIGSKNLSSTNM,15,0,5718,0
8808,IGPVLGLVGSALGGLLKKI,19,1,29,0
8809,AKHDENYMPPEAASALEQAAKAQKT,25,0,5719,0
8810,MNNSCLSQSTQWWWRAN,17,0,5720,6
8811,MKFGLFFQNFLSENQSSE,18,0,5721,0
8812,EEPCKERRQPCERNEECCNDSCNRFYC,27,1,5722,1
8813,SKNNAINIDVDRINFVHNGLKYNADVVF,28,0,5723,2
8814,KAVCCQVFPGSDCCPGF,17,1,5724,0
8815,AIGSILGALAKGLPTLISWIKNR,23,1,5725,0
8816,VNYGNGVSCSKTKCSVNWGIITHQAFRVTSGVASG,35,0,5726,2
8817,FLSLIPTAINAVSAIAKHF,19,0,53,9
8818,ELEDCAFPLLAGMV,14,0,5727,4
8819,RCCGIKSCYENNKDMC,16,1,5728,5
8820,FLPAIVGAAAKFLPKIFCVISKKC,24,0,138,2
8821,DLPECCSATELELDSGKQTS,20,0,5729,9
8822,GPGFDSVGV,9,0,5730,2
8823,TLDVLAKRPDGYHEVEMV,18,0,5731,7
8824,EITVEPVRHPKKDPSEAE,18,1,5732,7
8825,MDMVSLAWAALMVVFTFSLSLVVWGRSGL,29,0,233,1
