Metric,Honest_holdout,Old_v6_style_leaky,Gap
F1,0.9093369418132612,0.9113573407202216,0.0020203989069603745
AUC-ROC,0.966241824612509,0.9681401337652442,0.0018983091527352558
