Model,F1,AUC,Accuracy,Precision,Recall
Champion Ensemble v12,0.9045495093666369,0.9606841639343454,0.9029918404351768,0.8902546093064091,0.9193109700815957
