{"accuracy": 0.6600000000000001, "std": 0.11025425161870175}