Metric,Honest_holdout,Old_v6_style_leaky,Gap
F1,0.9068212215782434,0.9085820895522388,0.0017608679739954392
AUC-ROC,0.9656742634650902,0.9682806883723529,0.0026064249072627055
