Metric,Honest_holdout,Old_v6_style_leaky,Gap
F1,0.912568306010929,0.9107981220657277,-0.0017701839452012313
AUC-ROC,0.9660634599941313,0.9687927674380183,0.002729307443886997
