{
  "timestamp": "20260605_190445",
  "test": {
    "accuracy": 0.869762174405436,
    "f1": 0.8662790697674418,
    "auroc": 0.9407019978478598
  },
  "external": {
    "accuracy": 0.8925657298277425,
    "f1": 0.8913342503438789,
    "auroc": 0.9524654182239324
  },
  "n_features_selected": 1472,
  "base_models": [
    "RF",
    "XGB",
    "LGBM",
    "CAT"
  ]
}