{
  "timestamp": "20260520_085733",
  "val_accuracy": 0.8816863100634633,
  "val_f1": 0.879445727482679,
  "best_combo": [
    "RF",
    "XGB"
  ],
  "best_weights": [
    0.5,
    0.5
  ],
  "best_threshold": 0.5,
  "val_auc": 0.9455774205188355
}