Model,F1,AUC,Accuracy,Precision,Recall
Champion Ensemble v16,0.9015219337511191,0.957590318664419,0.900271985494107,0.8903625110521662,0.9129646418857661
