Model,F1,AUC,Accuracy,Precision,Recall
Champion Ensemble v13,0.8994136220117276,0.9600389278724717,0.8989120580235721,0.8949730700179533,0.9038984587488668
