Model,F1,AUC
Random Forest,0.897196261682243,0.9583995351012528
Logistic Regression,0.8293357933579336,0.9161028728210954
Fine-tuned ESM2,0.8526130358191427,0.9323909917928814
