Motif,p_value,p_value_corrected,significant
AC,3.646413701866978e-86,1.8596709879521587e-84,True
YG,8.910999921583192e-17,4.544609960007428e-15,True
KP,8.910999921583192e-17,4.544609960007428e-15,True
KD,1.3399999910890002e-08,6.833999954553901e-07,True
YW,1.3399999910890002e-08,6.833999954553901e-07,True
NC,1.3399999910890002e-08,6.833999954553901e-07,True
YP,1.3399999910890002e-08,6.833999954553901e-07,True
SW,1.3399999910890002e-08,6.833999954553901e-07,True
VC,1.3399999910890002e-08,6.833999954553901e-07,True
YE,1.3399999910890002e-08,6.833999954553901e-07,True
VG,1.3399999910890002e-08,6.833999954553901e-07,True
VL,1.3399999910890002e-08,6.833999954553901e-07,True
NE,1.3399999910890002e-08,6.833999954553901e-07,True
VN,1.3399999910890002e-08,6.833999954553901e-07,True
KY,1.3399999910890002e-08,6.833999954553901e-07,True
RC,1.3399999910890002e-08,6.833999954553901e-07,True
QI,1.3399999910890002e-08,6.833999954553901e-07,True
YH,1.3399999910890002e-08,6.833999954553901e-07,True
KN,1.3399999910890002e-08,6.833999954553901e-07,True
YC,0.0007550334379230516,0.03850670533407563,True
AK,0.055834479282910944,1.0,False
YD,0.09161180949843639,1.0,False
AN,0.10184292271407512,1.0,False
AF,0.16514159136234227,1.0,False
KC,0.287674570859659,1.0,False
FL,0.287674570859659,1.0,False
YK,0.3579193016505576,1.0,False
AD,0.4214356605527085,1.0,False
AA,0.4802655595726832,1.0,False
AT,0.6177088046932123,1.0,False
YR,0.6211107896229638,1.0,False
AR,0.6211107896229638,1.0,False
AG,0.6264514963784125,1.0,False
YQ,0.6295606206930409,1.0,False
AH,0.6562135959747388,1.0,False
AM,0.6562135959747388,1.0,False
AY,0.6562135959747388,1.0,False
KI,0.6562135959747388,1.0,False
YN,0.6562135959747388,1.0,False
KL,0.6562135959747388,1.0,False
AE,0.8310002434132019,1.0,False
AS,0.8595257952169771,1.0,False
AQ,0.8828201963416771,1.0,False
YV,0.8828201963416771,1.0,False
AP,0.9042571871870022,1.0,False
AW,0.96040577131395,1.0,False
YS,0.96040577131395,1.0,False
AV,0.96040577131395,1.0,False
YL,0.9867393667272872,1.0,False
AI,0.9922290717377134,1.0,False
AL,0.9949162113879794,1.0,False
