{"accuracy": 0.6711999999999999, "std": 0.1121185087307176}