{"accuracy": 0.8407999999999999, "std": 0.091648022346366}