Metric,Honest_holdout,Old_v6_style_leaky,Gap
F1,0.9054494643688868,0.9101796407185628,0.004730176349675985
AUC-ROC,0.965396853056323,0.9678064193179567,0.0024095662616338
